ID,Language_ID,Primary_Text,Analyzed_Word,Gloss,Translated_Text,Meta_Language_ID,LGR_Conformance,Comment,Media_IDs,Position,Audio_Start,Audio_End,graid,add_orthography,Text_ID,isnref,refind,refindFK
anv_0001,mcveraa,qōn̄ vōwal e ruwa mēn gunuruō,#	qōn̄	vō-wal	e	ruwa	mē	=n	gunu	-ruō,#	day	NUM-one	PERS.ART	two.people	DAT	=ART	spouse	-3DL,"One day, there was a married couple.",en,MORPHEME_ALIGNED,,anv_mp3 anv_wav anv_eaf anv_xml anv_tsv,,0,4396,##	np:other	rn	ln	np.h:pred	rn	=rn	rn_np.h	-rn_pro.h:poss,,anv,∅	∅	∅	∅	new	∅	∅	∅	∅,∅	∅	∅	∅	1001	∅	∅	∅	∅,∅	∅	∅	∅	1001	∅	∅	∅	∅
anv_0002,mcveraa,durum 'ogo 'ogo vaavan,#	duru	=m	'ōgo	'ōgo	va-van,#	3DL	=TAM1	stay	stay	RED-go,"The two lived on and on, and then",en,MORPHEME_ALIGNED,,anv_mp3 anv_wav anv_eaf anv_xml anv_tsv,,4396,6549,##	pro.h:s	=lv	v:pred	rv	other,,anv,∅	∅	∅	∅	∅	∅,∅	1001	∅	∅	∅	∅,∅	1001	∅	∅	∅	∅
anv_0003,mcveraa,n ren̄e 'anē ne wotoqtoqo ne visis ēn ni'i ren̄e,#	n	ren̄e	anē	ne	wotoqtoqo	#	ZERO	ne	visis	ēn	ni'i	ren̄e,#	ART	woman	DEM1.A	TAM2:3SG	pregnant	#	ZERO	TAM2:3SG	give.birth	ART	small	woman,the woman got pregnant and gave birth to a little girl.,en,MORPHEME_ALIGNED,,anv_mp3 anv_wav anv_eaf anv_xml anv_tsv,,6549,11086,##	ln	np.h:s	rn	lv-pro_h_s	v:pred	##	0.h:a	lv-pro_h_a	v:pred	ln	ln	np.h:p,,anv,∅	∅	bridging	∅	∅	∅	∅	∅	∅	∅	∅	∅	new,∅	∅	1002	∅	∅	∅	∅	1002	∅	∅	∅	∅	1003,∅	∅	1002	∅	∅	∅	∅	1002	∅	∅	∅	∅	1003
anv_0004,mcveraa,durum ... durum 'ēn gōr ēn ni'i ren̄e 'anē vaavan,#	duru	=m	#	duru	=m	'ēn	gōr	ēn	ni'i	ren̄e	anē	va-van,#	3DL	=TAM1	#	3DL	=TAM1	see	secure	ART	small	woman	DEM1.A	RED-go,"The two looked after the little girl, and then",en,MORPHEME_ALIGNED,,anv_mp3 anv_wav anv_eaf anv_xml anv_tsv,,11086,15242,#nc	nc_pro	nc	##	pro.h:a	=lv	v:pred	rv	ln	ln	np.h:p	rn	other,,anv,∅	∅	∅	∅	∅	∅	∅	∅	∅	∅	∅	∅	∅,∅	1001	∅	∅	1001	∅	∅	∅	∅	∅	1003	∅	∅,∅	1001	∅	∅	1001	∅	∅	∅	∅	∅	1003	∅	∅
anv_0005,mcveraa,ote mun e ni'i ren̄e 'anē ne ma',#	ote	mu-n	e	ni'i	ren̄e	anē	ne	ma',#	mum	POSS.GEN-CS	PERS.ART	small	woman	DEM1.A	TAM2:3SG	dead,the mum of the little girl died.,en,MORPHEME_ALIGNED,,anv_mp3 anv_wav anv_eaf anv_xml anv_tsv,,15242,17689,##	np.h:s	rn	rn	rn	rn_np.h:poss	rn	lv-pro_h_s	v:pred,,anv,∅	∅	∅	∅	∅	∅	∅	∅	∅,∅	1002	∅	∅	∅	1003	∅	∅	∅,∅	1002	∅	∅	∅	1003	∅	∅	∅
anv_0006,mcveraa,e duruk 'ēn ... en 'amagi ne 'ēn gōr ēn ni'i ren̄e 'anē vaavan,#	e	duru	=k	'ēn	#	e	=n	'ama	-gi	ne	'ēn	gōr	ēn	ni'i	ren̄e	anē	va-van,#	DISC	3DL	=TAM2	see	#	DISC	=ART	father	-3SG	TAM2:3SG	see	secure	ART	small	woman	DEM1.A	RED-go,"Her father looked after this little girl, and then",en,MORPHEME_ALIGNED,,anv_mp3 anv_wav anv_eaf anv_xml anv_tsv,,17689,22631,#nc	nc	nc	nc	nc	##	other	=ln	np.h:a	-rn_pro.h:poss	lv-pro_h_a	v:pred	rv	ln	ln	np.h:p	rn	other,,anv,∅	∅	∅	∅	∅	∅	∅	∅	bridging	∅	∅	∅	∅	∅	∅	∅	∅	∅,∅	∅	∅	∅	∅	∅	∅	∅	1004	1003	∅	∅	∅	∅	∅	1003	∅	∅,∅	∅	∅	∅	∅	∅	∅	∅	1004	1003	∅	∅	∅	∅	∅	1003	∅	∅
anv_0007,mcveraa,'en 'amagi 'anē ne ma',#	e	=n	'ama	-gi	anē	ne	ma',#	DISC	=ART	father	-3SG	DEM1.A	TAM2:3SG	dead,her father died.,en,MORPHEME_ALIGNED,,anv_mp3 anv_wav anv_eaf anv_xml anv_tsv,,22631,25175,##	other	=ln	np.h:s	-rn_pro.h:poss	rn	lv-pro_h_s	v:pred,,anv,∅	∅	∅	∅	∅	∅	∅	∅,∅	∅	∅	1004	1003	∅	∅	∅,∅	∅	∅	1004	1003	∅	∅	∅
anv_0008,mcveraa,'en ni'i ren̄e 'anē ne 'og'og birin̄ ēn marugi,#	e	=n	ni'i	ren̄e	anē	ne	'ōg'ōg	birin̄	ēn	maru	-gi,#	DISC	=ART	small	woman	DEM1.A	TAM2:3SG	RED:stay	with	ART	uncle	-3SG,"So then the little girl stayed with an uncle of hers,",en,MORPHEME_ALIGNED,,anv_mp3 anv_wav anv_eaf anv_xml anv_tsv,,25175,28485,##	other	=ln	ln	np.h:s	rn	lv-pro_h_s	v:pred	adp	ln	np.h:obl	-rn_pro.h:poss,,anv,∅	∅	∅	∅	∅	∅	∅	∅	∅	∅	bridging	∅,∅	∅	∅	∅	1003	∅	∅	∅	∅	∅	1005	1003,∅	∅	∅	∅	1003	∅	∅	∅	∅	∅	1005	1003
anv_0009,mcveraa,'og 'og 'og vaavan,#	ZERO	'ōg	'ōg	'ōg	va-van,#	ZERO	stay	stay	stay	RED-go,living like this on and on.,en,MORPHEME_ALIGNED,,anv_mp3 anv_wav anv_eaf anv_xml anv_tsv,,28485,30952,##	0.h:s	v:pred	nc	nc	other,,anv,∅	∅	∅	∅	∅	∅,∅	1003	∅	∅	∅	∅,∅	1003	∅	∅	∅	∅
anv_0010,mcveraa,'en ... n ... dim wotoqtoqo,#	e	=n	n	#	di	=m	wotoqtoqo,#	DISC	=ART	ART	#	3SG	=TAM1	pregnant,Then she got pregnant.,en,MORPHEME_ALIGNED,,anv_mp3 anv_wav anv_eaf anv_xml anv_tsv,,30952,35168,#nc	nc	nc	nc	##	pro.h:s	=lv	v:pred,,anv,∅	∅	∅	∅	∅	∅	∅	∅,∅	∅	∅	∅	∅	1003	∅	∅,∅	∅	∅	∅	∅	1003	∅	∅
anv_0011,mcveraa,dim ... 'en marugi 'anēm vus die,#	di	=m	#	e	=n	maru	-gi	anē	=m	vus	die,#	3SG	=TAM1	#	DISC	=ART	uncle	-3SG	DEM1.A	=TAM1	kill	3SG,"Her uncle killed her,",en,MORPHEME_ALIGNED,,anv_mp3 anv_wav anv_eaf anv_xml anv_tsv,,35168,39125,#nc	nc_pro.h	nc	##	other	=ln	np.h:a	-rn_pro.h:poss	rn	=lv	v:pred	pro.h:p,,anv,∅	∅	∅	∅	∅	∅	∅	∅	∅	∅	∅	∅,∅	1005	∅	∅	∅	∅	1005	1003	∅	∅	∅	1003,∅	1005	∅	∅	∅	∅	1005	1003	∅	∅	∅	1003
anv_0012,mcveraa,'ōn ... 'ōn di lēn 'ōnō 'ev'ē voruo' vus diē,#	'ō	=n	#	ZERO	'ō'	di	lē	=n	'ōnō	'ev'ē	voruo'	#	ZERO	vus	diē,#	carry	=ART	#	ZERO	carry	3SG	LOC	=ART	place	throw.away	rubbish	#	ZERO	kill	3SG,took her to the litter place and killed her.,en,MORPHEME_ALIGNED,,anv_mp3 anv_wav anv_eaf anv_xml anv_tsv,,39125,42965,#nc	nc	nc	##	0.h:a	v:pred	pro.h:p	adp	=ln	np:g	rn	rn	##	0.h:a	v:pred	pro.h:p,,anv,∅	∅	∅	∅	∅	∅	∅	∅	∅	new	∅	∅	∅	∅	∅	∅,∅	∅	∅	∅	1005	∅	1003	∅	∅	1006	∅	∅	∅	1005	∅	1003,∅	∅	∅	∅	1005	∅	1003	∅	∅	1006	∅	∅	∅	1005	∅	1003
anv_0013,mcveraa,'alē dirē ... dirēk van sagē dirēk 'og'og lēn vunuō,#	alē	dirē	#	dir	=ēk	van	sagē	#	dir	=ēk	'ōg'ōg	lē	=n	vunuō,#	INTERJ	3PL	#	3PL	=TAM2	go	up	#	3PL	=TAM2	RED:stay	LOC	=ART	village,"Then they went up and stayed in the village,",en,MORPHEME_ALIGNED,,anv_mp3 anv_wav anv_eaf anv_xml anv_tsv,,42965,46675,#nc	nc	nc	##	pro.h:s	=lv	v:pred	other:g	##	pro.h:s	=lv	v:pred	adp	=ln	np:l,,anv,∅	∅	∅	∅	∅	∅	∅	∅	∅	∅	∅	∅	∅	∅	∅,∅	∅	∅	∅	∅	∅	∅	∅	∅	∅	∅	∅	∅	∅	∅,∅	∅	∅	∅	∅	∅	∅	∅	∅	∅	∅	∅	∅	∅	∅
anv_0014,mcveraa,;ogo 'ogo vaavan,#	ZERO	'ōgo	'ōgo	va-van,#	ZERO	stay	stay	RED-go,"lived there on and on,",en,MORPHEME_ALIGNED,,anv_mp3 anv_wav anv_eaf anv_xml anv_tsv,,46675,48411,##	0.h:s	v:pred	nc	other,,anv,∅	∅	∅	∅	∅,∅	∅	∅	∅	∅,∅	∅	∅	∅	∅
anv_0015,mcveraa,'en en an... 'anti mun e ... 'ēi,#	'en	e	=n	an—	'anti	mu-n	e—	'ēi,#	NC	HES	=ART	NC	aunt	POSS.GEN-CS	PERS.ART	INTERJ,until the aunt of the ...,en,MORPHEME_ALIGNED,,anv_mp3 anv_wav anv_eaf anv_xml anv_tsv,,48411,52887,#nc	nc	nc	nc	nc	nc	nc	nc	nc,,anv,∅	∅	∅	∅	∅	∅	∅	∅	∅,∅	∅	∅	∅	∅	∅	∅	∅	∅,∅	∅	∅	∅	∅	∅	∅	∅	∅
anv_0016,mcveraa,vuvuluk mun e ... 'e ren̄e 'anēm 'ē van ma,vuvuluk	mun	e	#	'e	ren̄e	anē	=m	'e	van	ma,friend	POSS.GEN-CS	PERS.ART	#	HES	woman	DEM1.A	=TAM1	HES	go	hither,"a close friend of this woman came,",en,WORD_ALIGNED,,anv_mp3 anv_wav anv_eaf anv_xml anv_tsv,,52887,56823,nc	nc	nc	##	other	np.h:s	rn	=lv	nc	v:pred	rv,,anv,∅	∅	∅	∅	∅	bridging	∅	∅	∅	∅	∅,∅	∅	∅	∅	∅	1007	∅	∅	∅	∅	∅,∅	∅	∅	∅	∅	1007	∅	∅	∅	∅	∅
anv_0017,mcveraa,ne ... van rōw so ne 'ev'ēn voruo' ne 'ēn e tētē ne vōruōs kalkal 'i,#	ZERO	ne	van	rōw	#	ZERO	so	ne	'ev'ē	=n	voruo'	#	ZERO	ne	'ēn	e	tētē	ne	vō-ruō	#	ZERO	=s	kalkal	'i,#	ZERO	TAM2:3SG	go	down.there	#	ZERO	PROSP	TAM2:3SG	throw.away	=ART	rubbish	#	ZERO	TAM2:3SG	see	PERS.ART	baby	NUM.ART	NUM-two	#	ZERO	=SIM	RED:crawl	DEL,went down in order to throw away garbage and saw two babies crawling around.,en,MORPHEME_ALIGNED,,anv_mp3 anv_wav anv_eaf anv_xml anv_tsv,,56823,62758,##	0.h:s	lv-pro_h_s	v:pred	rv	##	0.h:a	other	lv-pro_h_a	v:pred	=ln	np:p	##	0.h:a	lv-pro_h_a	v:pred	ln	np.h:p	rn	rn	#rc	0.h:s	=lv	v:pred	rv,,anv,∅	∅	∅	∅	∅	∅	∅	∅	∅	∅	∅	new	∅	∅	∅	∅	∅	new	∅	∅	∅	∅	∅	∅	∅,∅	1007	∅	∅	∅	∅	1007	∅	∅	∅	∅	1008	∅	1007	∅	∅	∅	1009	∅	∅	∅	1009	∅	∅	∅,∅	1007	∅	∅	∅	∅	1007	∅	∅	∅	∅	1008	∅	1007	∅	∅	∅	1009	∅	∅	∅	1009	∅	∅	∅
anv_0018,mcveraa,tētē ne vōrus kalkal 'i di ne len 'erē tētē 'anē,#	tētē	ne	vo-̄ru	#	ZERO	=s	kal-kal	'i	%	di	ne	le	=n	'erē	tētē	anē,#	baby	NUM.ART	NUM-two	#	ZERO	=SIM	RED-crawl	DEL	%	3SG	TAM2:3SG	take	=ART	PL	baby	DEM1.A,"The two babies crawling around, she took these babies,",en,MORPHEME_ALIGNED,,anv_mp3 anv_wav anv_eaf anv_xml anv_tsv,,62758,66475,##	np.h:dt_p	rn	rn	#rc_rn	0.h:s	=lv	v:pred	rv	%	pro.h:a	lv-pro_h_a	v:pred	=ln	ln	np.h:p	rn,,anv,∅	∅	∅	∅	∅	∅	∅	∅	∅	∅	∅	∅	∅	∅	∅	∅	∅,∅	1009	∅	∅	∅	1009	∅	∅	∅	∅	1007	∅	∅	∅	∅	1009	∅,∅	1009	∅	∅	∅	1009	∅	∅	∅	∅	1007	∅	∅	∅	∅	1009	∅
anv_0019,mcveraa,'ilin̄ ba'a 'an kologi van sar mom 'an 'uvu woqe'enge ne vōwal,#	ZERO	'ilin̄	ba'a	ZERO	a	=n	kolo	-gi	#	ZERO	van	sar	#	ZERO	mom	ZERO	a	=n	'uvu	woqe'enge	ne	vō-wal,#	ZERO	hide	into	ZERO	LOC.SP	=ART	back	-3SG	#	ZERO	go	inland	#	ZERO	put	ZERO	LOC.SP	=ART	base	tree	NUM.ART	NUM-one,"hid them on her back, went up and put them next to a tree.",en,MORPHEME_ALIGNED,,anv_mp3 anv_wav anv_eaf anv_xml anv_tsv,,66475,70890,##	0.h:a	v:pred	rv	0.h:p	adp	=ln	np:g	-rn_pro.h:poss	##	0.h:s	v:pred	rv	##	0.h:a	v:pred	0.h:p	adp	=ln	np:g	rn	rn	rn,,anv,∅	∅	∅	∅	∅	∅	∅	bridging	∅	∅	∅	∅	∅	∅	∅	∅	∅	∅	∅	new	∅	∅	∅,∅	1007	∅	∅	1009	∅	∅	1010	1007	∅	1007	∅	∅	∅	1007	∅	1009	∅	∅	1011	∅	∅	∅,∅	1007	∅	∅	1009	∅	∅	1010	1007	∅	1007	∅	∅	∅	1007	∅	1009	∅	∅	1011	∅	∅	∅
anv_0020,mcveraa,'alē van sar sirēn gunugi tek so ei nom 'ēn sier ēn tētē ne vōruō sa rōwmanēn 'erē 'a'am̄an,#	alē	ZERO	van	sar	sirē	=n	gunu	-gi	#	ZERO	tek	so	#	ei	no	=m	'ēn	sier	ēn	tētē	ne	vō-ruō	sa	rōwmanē	=n	'erē	'a-'am̄an,#	INTERJ	ZERO	go	inland	for	=ART	spouse	-3SG	#	ZERO	speak	QUOT	#	INTERJ	1SG	=TAM1	see	realise	ART	baby	NUM.ART	NUM-two	EMPH	down.there	=ART	PL	RED-man,"Then, (she) went up for her husband and said: ""Hey, I've found two babies right down here, boys.""",en,MORPHEME_ALIGNED,,anv_mp3 anv_wav anv_eaf anv_xml anv_tsv,,70890,77371,##	other	0.h:s	v:pred	rv	adp	=ln	np.h:g	-rn_pro.h:poss	##	0.h:s	v:pred	other	##ds	other	pro.1:a	=lv	v:pred	rv	ln	np.h:p	rn	rn	other	other:l	=ln	ln	np.h:dt_p,,anv,∅	∅	∅	∅	∅	∅	∅	∅	∅	∅	∅	∅	∅	∅	∅	∅	∅	∅	∅	∅	∅	∅	∅	∅	∅	∅	∅	∅,∅	∅	1007	∅	∅	∅	∅	1005	1007	∅	1007	∅	∅	∅	∅	1007	∅	∅	∅	∅	1009	∅	∅	∅	1006	∅	∅	1009,∅	∅	1007	∅	∅	∅	∅	1005	1007	∅	1007	∅	∅	∅	∅	1007	∅	∅	∅	∅	1009	∅	∅	∅	1006	∅	∅	1009
anv_0021,mcveraa,'en ... so durum da sivie so,#	'e=n	#	ZERO	so	#	duru	=m	da	sivie	#	ZERO	so,#	HES=ART	#	ZERO	QUOT	#	3DL=TAM1	=TAM1	do	how	#	ZERO	QUOT,"""What about them, then?""",en,WORD_ALIGNED,,anv_mp3 anv_wav anv_eaf anv_xml anv_tsv,,77371,80128,#nc	nc	##	0.h:s	other:pred	##ds	pro.h:s	=lv	v:pred	other	##	0.h:s	other:pred,,anv,∅	∅	∅	∅	∅	∅	∅	∅	∅	∅	∅	∅	∅,∅	∅	∅	1005	∅	∅	1009	∅	∅	∅	∅	1007	∅,∅	∅	∅	1005	∅	∅	1009	∅	∅	∅	∅	1007	∅
anv_0022,mcveraa,durun milin̄sal ēk inin ēn bē 'am̄ēn wede olbaot lēn wovinqa lēn dudu n̄ar,#	duru	=n	milin̄sal	#	ē	ZERO	=k	inin	ēn	bē	'amē	=n	wede	olbaot	lē	=n	wovinqa	lē	=n	dudu	n̄ar,#	3DL	=ART	hunger	#	CC	ZERO	=TAM2	RED:drink	ART	water	ASS	=ART	rain	incorrectly	LOC	=ART	coconut.shell	LOC	=ART	leave	canarium,"""The two are hungry, drink rain water here and there, from coconut shells, from nangae leaves.""",en,MORPHEME_ALIGNED,,anv_mp3 anv_wav anv_eaf anv_xml anv_tsv,,80128,87637,##ds	pro.h:s	=ln	np:pred	##	other	0.h:a	=lv	v:pred	ln	np:p	rn	=rn	rn	rn	rn	=rn	rn	rn	=rn	rn	rn,,anv,∅	∅	∅	∅	∅	∅	∅	∅	∅	∅	new	∅	∅	∅	∅	∅	∅	new	∅	∅	new	∅,∅	1009	∅	∅	∅	∅	1009	∅	∅	∅	1012	∅	∅	∅	∅	∅	∅	1013	∅	∅	1014	∅,∅	1009	∅	∅	∅	∅	1009	∅	∅	∅	1012	∅	∅	∅	∅	∅	∅	1013	∅	∅	1014	∅
anv_0023,mcveraa,'alē e ... n marun e ren̄e am ma' nē ne tek so,#	alē	e	#	n	maru-n	e	ren̄e	#	a	ZERO	=m	ma'	%	nē	ne	tēk	so,#	INTERJ	HES	#	ART	uncle-CS	PERS.ART	woman	#	REL	ZERO	=TAM1	dead	%	DEM1	TAM2:3SG	speak	QUOT,So the uncle of that woman that had died said:,en,MORPHEME_ALIGNED,,anv_mp3 anv_wav anv_eaf anv_xml anv_tsv,,87637,92200,#nc	nc	nc	##	ln	np.h:s	rn	rn	#rc_rn	other	0.h:s	=lv	v:pred	%	rn	lv-pro_h_s	v:pred	other,,anv,∅	∅	∅	∅	∅	∅	∅	∅	∅	∅	∅	∅	∅	∅	∅	∅	∅	∅,∅	∅	∅	∅	∅	1005	∅	1003	∅	∅	1003	∅	∅	∅	∅	∅	∅	∅,∅	∅	∅	∅	∅	1005	∅	1003	∅	∅	1003	∅	∅	∅	∅	∅	∅	∅
anv_0024,mcveraa,ba wunva san ren̄e a dēm vus ēn ni'igi sa ne vōruō 'anē n varaba,#	ba	wunva	sa	=n	ren̄e	#	a	dē	=m	vus	ZERO	%	ēn	ni'i	-gi	sa	ne	vō-ruō	anē	n	varaba,#	but	probably	EMPH	=ART	woman	#	REL	1PL.IN	=TAM1	kill	ZERO	%	ART	child	-3SG	EMPH	NUM.ART	NUM-two	DEM1.A	ART	twin,"I think right this woman that we have killed, it's her two children, twins.",en,MORPHEME_ALIGNED,,anv_mp3 anv_wav anv_eaf anv_xml anv_tsv,,92200,97849,##ds	other	other	other	=ln	np.h:dt_poss	#ds_rc_rn	other	wpro.1:a	=lv	v:pred	0.h:p	%	ln	np.h:pred	-rn_pro.h:poss	other	ln	np.h:s	rn	ln	np.h:dt_s,,anv,∅	∅	∅	∅	∅	∅	∅	∅	bridging	∅	∅	∅	∅	∅	∅	∅	∅	∅	∅	∅	∅	∅,∅	∅	∅	∅	∅	1003	∅	∅	1015	∅	∅	1003	∅	∅	1009	1003	∅	∅	1009	∅	∅	1009,∅	∅	∅	∅	∅	1003	∅	∅	1015	∅	∅	1003	∅	∅	1009	1003	∅	∅	1009	∅	∅	1009
anv_0025,mcveraa,e 'ōn ... 'ō duru sarmanē nēn ren̄e 'anē ne da menteg sir duruō,#	e	'ō'=n	#	ZERO	'ō'	duru	sarmanē	#	nē	=n	ren̄e	anē	ne	da	menteg	sir	duruō,#	DISC	carry=ART	#	ZERO	carry	3DL	up.here	#	DEM1	=ART	woman	DEM1.A	TAM2:3SG	do	well	for	3DL,"Then took them right up there, and this woman cared well for them.",en,MORPHEME_ALIGNED,,anv_mp3 anv_wav anv_eaf anv_xml anv_tsv,,97849,103765,#nc	nc	nc	##	0.h:a	v:pred	pro.h:p	other:g	##	other	=ln	np.h:s	rn	lv-pro_h_s	v:pred	rv	adp	pro.h:obl,,anv,∅	∅	∅	∅	∅	∅	∅	∅	∅	∅	∅	∅	∅	∅	∅	∅	∅	∅,∅	∅	∅	∅	1015	∅	1009	∅	∅	∅	∅	1007	∅	∅	∅	∅	∅	1009,∅	∅	∅	∅	1015	∅	1009	∅	∅	∅	∅	1007	∅	∅	∅	∅	∅	1009
anv_0026,mcveraa,duruk ..e.. sor mē durun gogov men̄men̄ menteg duruō,#	duru	=k	e	sor	mē	duru	=n	gogov	#	ZERO	men̄men̄	menteg	duruō,#	3DL	=TAM2	HES	put.on	DAT	3DL	=ART	clothes	#	ZERO	RED:clean	well	3DL,The two put their clothes on and washed them well.,en,MORPHEME_ALIGNED,,anv_mp3 anv_wav anv_eaf anv_xml anv_tsv,,103765,108632,##	pro.h:a	=lv	nc	v:pred	adp	pro.h:g	=ln	np:p	##	0.h:a	v:pred	rv	pro.h:p,,anv,∅	∅	∅	∅	∅	∅	∅	∅	new	∅	∅	∅	∅	∅,∅	1015	∅	∅	∅	∅	1009	∅	1016	∅	1015	∅	∅	1009,∅	1015	∅	∅	∅	∅	1009	∅	1016	∅	1015	∅	∅	1009
anv_0027,mcveraa,duruk ...'ē .... 'anti muru 'anē ne 'ēn gōr duruō 'ēn gōr duruō vaavan,#	duru	=k	'ē	#	'anti	mu	-ru	anē	ne	'ēn	gōr	duruō	#	ZERO	'ēn	gōr	duruō	va-van,#	3DL	=TAM2	HES	#	aunt	POSS.GEN	-3DL	DEM1.A	TAM2:3SG	see	secure	3DL	#	ZERO	see	secure	3DL	RED-go,"Their aunt looked after them, looked after them, on and on",en,MORPHEME_ALIGNED,,anv_mp3 anv_wav anv_eaf anv_xml anv_tsv,,108632,113150,#nc	nc_pro.h	nc	nc	##	np.h:a	rn	-rn_pro.h:poss	rn	lv-pro_h_a	v:pred	rv	pro.h:p	##	0.h:a	v:pred	rv	pro.h:p	other,,anv,∅	∅	∅	∅	∅	∅	∅	∅	∅	∅	∅	∅	∅	∅	∅	∅	∅	∅	∅,∅	1009	∅	∅	∅	1007	1009	∅	∅	∅	∅	∅	1009	∅	1007	∅	∅	1009	∅,∅	1009	∅	∅	∅	1007	1009	∅	∅	∅	∅	∅	1009	∅	1007	∅	∅	1009	∅
anv_0028,mcveraa,nei duru man luwo wal e dirēk vanvan lēn ... n babara,#	nei	duru	man	luwo	wal	#	e	dir	=ēk	vanvan	lē	=n	NC	n	babara,#	now	3DL	PFV	big	quite	#	DISC	3PL	=TAM2	RED:go	LOC	=ART	HES	ART	shooting,and now the two had grown up. They went to a shooting contest.,en,MORPHEME_ALIGNED,,anv_mp3 anv_wav anv_eaf anv_xml anv_tsv,,113150,117639,##	other	pro.h:s	lv	v:pred	rv	##	other	pro.h:s	=lv	v:pred	adp	=ln	nc	nc	np:g,,anv,∅	∅	∅	∅	∅	∅	∅	∅	new	∅	∅	∅	∅	∅	∅	new,∅	∅	1009	∅	∅	∅	∅	∅	1021	∅	∅	∅	∅	∅	∅	1018,∅	∅	1009	∅	∅	∅	∅	∅	1021	∅	∅	∅	∅	∅	∅	1018
anv_0029,mcveraa,ē dirēk ..e..n uncle muru 'anē ne 'es murun vus,#	ē	dir	=ēk	#	eh	=n	uncle	mu	-ru	anē	ne	'es	mu	-ru	=n	vus,#	DISC	3PL	=TAM2	#	HES	=ART	uncle	POSS.GEN	-3DL	DEM1.A	TAM2:3SG	carve	POSS.GEN	-3DL	=ART	bow,Their uncle cut bows for them,en,MORPHEME_ALIGNED,,anv_mp3 anv_wav anv_eaf anv_xml anv_tsv,,117639,121283,#nc	nc	nc_pro.h	nc	##	nc	=ln	np.h:a	rn	-rn_pro.h:poss	rn	lv-pro_h_a	v:pred	ln	-rn_pro.h:poss	=ln	np:p,,anv,∅	∅	∅	∅	∅	∅	∅	∅	∅	∅	∅	∅	∅	∅	∅	∅	new,∅	∅	1009	∅	∅	∅	∅	1005	∅	1009	∅	∅	∅	∅	1009	∅	1019,∅	∅	1009	∅	∅	∅	∅	1005	∅	1009	∅	∅	∅	∅	1009	∅	1019
anv_0030,mcveraa,e len murun wō'iqē duruk van,#	e	ZERO	le	=n	mu	-ru	=n	wō'iqē	#	duru	=k	van,#	DISC	ZERO	transfer	=ART	POSS.GEN	-3DL	=ART	arrow	#	3DL	=TAM2	go,"and gave them arrows, and then the two went.",en,MORPHEME_ALIGNED,,anv_mp3 anv_wav anv_eaf anv_xml anv_tsv,,121283,124146,##	other	0.h:a	v:pred	=ln	ln	-rn_pro.h:poss	=ln	np:p	##	pro.h:s	=lv	v:pred,,anv,∅	∅	∅	∅	∅	∅	∅	∅	new	∅	∅	∅	∅,∅	∅	1005	∅	∅	∅	1009	∅	1020	∅	1009	∅	∅,∅	∅	1005	∅	∅	∅	1009	∅	1020	∅	1009	∅	∅
anv_0031,mcveraa,van suw 'asenē e ragak ..e... babarak kasem ba duru kasem ros e wo e ragak bor sa duru duruk rara,#	ZERO	van	suw	asenē	#	e	raga	=k	e	ba-bara	#	ZERO	=k	kasem	#	ba	duru	kasem	rōs	#	e	wo	e	raga	=k	borsa	duru	#	duru	=k	rara,#	ZERO	go	down	MAN.DEM1.A	#	PERS.ART	people	=TAM2	HES	RED-bow.shoot	#	ZERO	=TAM2	succeed	#	but	3DL	succeed	GEN.NEG2	#	DISC	and	PERS.ART	people	=TAM2	laugh	3DL	#	3DL	=TAM2	cry,"went down there, everybody shot and were succesful, but the two didn't succeed, so everybody made fun of the two, and the two cried.",en,MORPHEME_ALIGNED,,anv_mp3 anv_wav anv_eaf anv_xml anv_tsv,,124146,131583,##	0.h:s	v:pred	rv	other	##	ln	np.h:s	=lv	nc	v:pred	##	0.h:s	=lv	v:pred	##neg	other	pro.h:s	v:pred	rv	##	other	other	ln	np.h:a	=lv	v:pred	pro.h:p	##	pro.h:s	=lv	v:pred,,anv,∅	∅	∅	∅	∅	∅	∅	∅	∅	∅	∅	∅	∅	∅	∅	∅	∅	∅	∅	∅	∅	∅	∅	∅	∅	∅	∅	∅	∅	∅	∅	∅,∅	1009	∅	∅	∅	∅	∅	1021	∅	∅	∅	∅	1021	∅	∅	∅	∅	1009	∅	∅	∅	∅	∅	∅	1021	∅	∅	1009	∅	1009	∅	∅,∅	1009	∅	∅	∅	∅	∅	1021	∅	∅	∅	∅	1021	∅	∅	∅	∅	1009	∅	∅	∅	∅	∅	∅	1021	∅	∅	1009	∅	1009	∅	∅
anv_0032,mcveraa,e duru ... duruk van kel sarma vavavan 'e dē...,#	e	duru	#	duru	=k	van	kel	sarma	va-va-van	'e	dē,#	DISC	3DL	#	3DL	=TAM2	go	back	up.here	RED-RED-go	HES	NC,The two went back up ...,en,MORPHEME_ALIGNED,,anv_mp3 anv_wav anv_eaf anv_xml anv_tsv,,131583,135260,#nc	nc	nc_pro.h	##	pro.h:s	=lv	v:pred	rv	rv	other	nc	nc,,anv,∅	∅	∅	∅	∅	∅	∅	∅	∅	∅	∅	∅,∅	∅	1009	∅	1009	∅	∅	∅	∅	∅	∅	∅,∅	∅	1009	∅	1009	∅	∅	∅	∅	∅	∅	∅
anv_0033,mcveraa,duruk vanēk 'ēn'ēn kel sa a ote muru am ma' 'i bēne ē,#	duru	=k	van	#	ZERO	=ēk	'ēn'ēn	kel	sa	#	a	ote	mu	-ru	a	=m	ma'	'i	bēne	%	ē,#	3DL	=TAM2	go	#	ZERO	=TAM2	REDːsee	back	EMPH	#	REL	mum	POSS.GEN	-3DL	REL	=TAM1	dead	DEL	PRO.OBL	%	DEM3,the two went to see their mother again that had died.,en,MORPHEME_ALIGNED,,anv_mp3 anv_wav anv_eaf anv_xml anv_tsv,,135260,139155,##	pro.h:s	=lv	v:pred	##	0.h:a	=lv	v:pred	rv	other	#rc:p	other	np.h:s	rn	-rn_pro.h:poss	other	=lv	v:pred	rv	other:l	%	rn,,anv,∅	∅	∅	∅	∅	∅	∅	∅	∅	∅	∅	∅	∅	∅	∅	∅	∅	∅	∅	∅	∅	∅,∅	1009	∅	∅	∅	1009	∅	∅	∅	∅	∅	∅	1003	∅	1009	∅	∅	∅	∅	∅	∅	∅,∅	1009	∅	∅	∅	1009	∅	∅	∅	∅	∅	∅	1003	∅	1009	∅	∅	∅	∅	∅	∅	∅
anv_0034,mcveraa,duruk van rōw 'ēn ēn 'ili tōo ne vōwal ba,#	duru	=k	van	rōw	#	ZERO	'ēn	ēn	'ili	tōo	ne	vō-wal	#	ba,#	3DL	=TAM2	go	seawards	#	ZERO	see	ART	egg	fowl	NUM.ART	NUM-one	#	but,"The two went down and saw a chicken egg, and",en,MORPHEME_ALIGNED,,anv_mp3 anv_wav anv_eaf anv_xml anv_tsv,,139155,142275,##	pro.h:s	=lv	v:pred	rv	##	0.h:a	v:pred	ln	np:p	rn	rn	rn	#nc	nc,,anv,∅	∅	∅	∅	∅	∅	∅	∅	∅	new	∅	∅	∅	∅	∅,∅	1009	∅	∅	∅	∅	1009	∅	∅	1022	∅	∅	∅	∅	∅,∅	1009	∅	∅	∅	∅	1009	∅	∅	1022	∅	∅	∅	∅	∅
anv_0035,mcveraa,n kēlgin ... ban 'ili tōo ēn varaba,n	kēl-gi=n	#	ba	=n	'ili	tōo	ēn	varaba,ART	big-3SG=ART	#	but	=ART	egg	fowl	ART	twin,"It was a big one, and the chicken egg had twins.",en,MORPHEME_ALIGNED,,anv_mp3 anv_wav anv_eaf anv_xml anv_tsv,,142275,145954,nc	nc	##	other	=ln	np:s	rn	ln	np:pred,,anv,∅	∅	∅	∅	∅	∅	∅	∅	∅,∅	∅	∅	∅	∅	1022	∅	∅	∅,∅	∅	∅	∅	∅	1022	∅	∅	∅
anv_0036,mcveraa,duruk van 'ō sarma,#	duru	=k	van	'ō'	sar	ma	ZERO,#	3DL	=TAM2	go	carry	inland	hither	ZERO,The two went upwards with it.,en,MORPHEME_ALIGNED,,anv_mp3 anv_wav anv_eaf anv_xml anv_tsv,,145954,147885,##	pro.h:a	=lv	v:pred	rv	rv	rv	0:p,,anv,∅	∅	∅	∅	∅	∅	∅	∅,∅	1009	∅	∅	∅	∅	∅	1022,∅	1009	∅	∅	∅	∅	∅	1022
anv_0037,mcveraa,e e raga 'anēk tek son tōo me ma' nē,#	e	e	raga	anē	=k	tek	so	#	=n	tōo	me	ma'	nē,#	CC	PERS.ART	people	DEM1.A	=TAM2	speak	QUOT	#	=ART	fowl	FUT	dead	DEM1,"Then, everybody there said that the chickens will die.",en,MORPHEME_ALIGNED,,anv_mp3 anv_wav anv_eaf anv_xml anv_tsv,,147885,150962,##	other	ln	np.h:s	rn	=lv	v:pred	other	##ds	=ln	np:s	lv	v:pred	other,,anv,∅	∅	∅	new	∅	∅	∅	∅	∅	∅	bridging	∅	∅	∅,∅	∅	∅	1024	∅	∅	∅	∅	∅	∅	1025	∅	∅	∅,∅	∅	∅	1024	∅	∅	∅	∅	∅	∅	1025	∅	∅	∅
anv_0038,mcveraa,sirē dir 'ēn nē duruk tek so,#	sirē	ZERO	dir	'ēn	nē	#	duru	=k	tēk	so,#	because	ZERO	hatch	NY.NEG2	DEM1	#	3DL	=TAM2	speak	QUOT,"because it is not broken open, yet. Then the two saidː",en,MORPHEME_ALIGNED,,anv_mp3 anv_wav anv_eaf anv_xml anv_tsv,,150962,153180,##neg	other	0:s	v:pred	rv	other	##	pro.h:s	=lv	v:pred	other,,anv,∅	∅	∅	∅	∅	∅	∅	∅	∅	∅	∅,∅	∅	1022	∅	∅	∅	∅	1009	∅	∅	∅,∅	∅	1022	∅	∅	∅	∅	1009	∅	∅	∅
anv_0039,mcveraa,o me ēs,#	o	#	ZERO	me	ēs,#	no	#	ZERO	FUT	alive,"""No, they will be alive.""",en,MORPHEME_ALIGNED,,anv_mp3 anv_wav anv_eaf anv_xml anv_tsv,,153180,154608,##ds	other:pred	##ds	0:s	lv	v:pred,,anv,∅	∅	∅	∅	∅	∅,∅	∅	∅	1025	∅	∅,∅	∅	∅	1025	∅	∅
anv_0040,mcveraa,e duruk da gōr ēn 'ili tōo 'anē,#	e	duru	=k	da	gōr	ēn	'ili	tōo	anē,#	DISC	3DL	=TAM2	do	secure	ART	egg	fowl	DEM1.A,So the two looked after this egg,en,MORPHEME_ALIGNED,,anv_mp3 anv_wav anv_eaf anv_xml anv_tsv,,154608,157379,##	other	pro.h:a	=lv	v:pred	rv	ln	np:p	rn	rn,,anv,∅	∅	∅	∅	∅	∅	∅	∅	∅	∅,∅	∅	1009	∅	∅	∅	∅	1022	∅	∅,∅	∅	1009	∅	∅	∅	∅	1022	∅	∅
anv_0041,mcveraa,duruk ..e.. 'ēn ēn .. n tōo ne vōru ban 'erē 'a'am̄an,#	duru	=k	e	'ēn	ēn	n	tōo	ne	vō-ru	ba	=n	'erē	'a-'am̄an,#	3DL	=TAM2	HES	see	ART	ART	fowl	NUM.ART	NUM-two	but	=ART	PL	RED-man,"the two watched ... it was two fowls, males.",en,MORPHEME_ALIGNED,,anv_mp3 anv_wav anv_eaf anv_xml anv_tsv,,157379,161355,##	pro.h:a	=lv	nc	v:pred	ln	nc	np:p	rn	rn	other	=ln	ln	np:dt_p,,anv,∅	∅	∅	∅	∅	∅	∅	∅	∅	∅	∅	∅	∅	∅,∅	1009	∅	∅	∅	∅	∅	1025	∅	∅	∅	∅	∅	1025,∅	1009	∅	∅	∅	∅	∅	1025	∅	∅	∅	∅	∅	1025
anv_0042,mcveraa,e duruk tēk mēn ...en ren̄e as 'ēn'ēn gōr duru 'anē so,#	e	duru	=k	tēk	mē	=n	NC=en	ren̄e	#	a	ZERO	=s	'ēn'ēn	gōr	duru	%	anē	so,#	DISC	3DL	=TAM2	speak	DAT	=ART	HES=ART	woman	#	REL	ZERO	=SIM	RED:see	secure	3DL	%	DEM1.A	QUOT,Then the two said to this woman that was looking after them:,en,MORPHEME_ALIGNED,,anv_mp3 anv_wav anv_eaf anv_xml anv_tsv,,161355,165435,##	other	pro.h:s	=lv	v:pred	adp	=ln	nc	np.h:g	#rc_rn	other	0.h:a	=lv	v:pred	rv	pro.h:p	%	rn	other,,anv,∅	∅	∅	∅	∅	∅	∅	∅	bridging	∅	∅	∅	∅	∅	∅	∅	∅	∅	∅,∅	∅	1009	∅	∅	∅	∅	∅	1026	∅	∅	1026	∅	∅	∅	1009	∅	∅	∅,∅	∅	1009	∅	∅	∅	∅	∅	1026	∅	∅	1026	∅	∅	∅	1009	∅	∅	∅
anv_0043,mcveraa,von nōmadu ēn bēlēl tōo,#	ZERO	vo'	=n	nō	-madu	ēn	bēlēl	tōo,#	ZERO	weave	=ART	POSS.DOM	-1DL.EX	ART	basket	fowl,"""Weave us a chicken basket.""",en,MORPHEME_ALIGNED,,anv_mp3 anv_wav anv_eaf anv_xml anv_tsv,,165435,167518,##ds	0.2:a	v:pred	=ln	ln	-rn_pro.1:poss	ln	np:p	rn,,anv,∅	∅	∅	∅	∅	∅	∅	new	∅,∅	1026	∅	∅	∅	1009	∅	1027	∅,∅	1026	∅	∅	∅	1009	∅	1027	∅
anv_0044,mcveraa,'en ren̄e 'anēm vo mē duruō,#	'e	=n	ren̄e	anē	=m	vo'	mē	duruō	ZERO,#	DISC	=ART	woman	DEM1.A	=TAM1	weave	DAT	3DL	ZERO,"And this woman, weaved it for them.",en,MORPHEME_ALIGNED,,anv_mp3 anv_wav anv_eaf anv_xml anv_tsv,,167518,169680,##	other	=ln	np.h:s	rn	=lv	v:pred	adp	pro.h:g	0:p,,anv,∅	∅	∅	∅	∅	∅	∅	∅	∅	∅,∅	∅	∅	1026	∅	∅	∅	∅	1009	1027,∅	∅	∅	1026	∅	∅	∅	∅	1009	1027
anv_0045,mcveraa,duruk ... le ... ge 'ew'i ne len nōgi ge 'ew'i ne len nōgi duruk 'ēn gōr 'ēn gōr 'ēn gōr 'ēn gōr ēn tōo nōru vaavan,#	duru	=k	le	#	ge	'ew'i	ne	le	=n	nō	-gi	#	ge	'ew'i	ne	le	=n	nō	-gi	#	duru	=k	'ēn	gōr	ZERO	#	ZERO	'ēn	gōr	ZERO	#	'ēn	gōr	#	ZERO	'ēn	gōr	ēn	tōo	nō	-ru	va-van,#	3DL	=TAM2	take	#	DEICT	other	TAM2:3SG	transfer	=ART	POSS.DOM	-3SG	#	DEICT	other	TAM2:3SG	transfer	=ART	POSS.DOM	-3SG	#	3DL	=TAM2	see	secure	ZERO	#	ZERO	see	secure	ZERO	#	see	secure	#	ZERO	see	secure	ART	fowl	POSS.DOM	-3DL	RED-go,"One took his, and the other took his, and the two then looked after them, looked after them, looked after their fowls until",en,MORPHEME_ALIGNED,,anv_mp3 anv_wav anv_eaf anv_xml anv_tsv,,169680,176816,#nc	nc_pro.h	nc	nc	##	np.h:a	rn	lv-pro_h_a	v:pred	=ln	np:p	-rn_pro.h:poss	##	np.h:a	rn	lv-pro_h_a	v:pred	=ln	np:p	-rn_pro.h:poss	##	pro.h:a	=lv	v:pred	rv	0:p	##	0.h:a	v:pred	rv	0:p	#nc	nc	nc	##	0.h:a	v:pred	rv	ln	np:p	rn	-rn_pro.h:poss	other,,anv,∅	∅	∅	∅	∅	bridging	∅	∅	∅	∅	∅	∅	∅	bridging	∅	∅	∅	∅	∅	∅	∅	∅	∅	∅	∅	∅	∅	∅	∅	∅	∅	∅	∅	∅	∅	∅	∅	∅	∅	∅	∅	∅	∅,∅	1009	∅	∅	∅	1028	∅	∅	∅	∅	∅	1028	∅	1029	∅	∅	∅	∅	∅	1029	∅	1009	∅	∅	∅	1025	∅	1009	∅	∅	1025	∅	∅	∅	∅	1009	∅	∅	∅	1025	∅	1009	∅,∅	1009	∅	∅	∅	1028	∅	∅	∅	∅	∅	1028	∅	1029	∅	∅	∅	∅	∅	1029	∅	1009	∅	∅	∅	1025	∅	1009	∅	∅	1025	∅	∅	∅	∅	1009	∅	∅	∅	1025	∅	1009	∅
anv_0046,mcveraa,tōo 'anē ne luluwo wal,#	tōo	anē	ne	lu-luwo	wal,#	fowl	DEM1.A	TAM2:3SG	RED-big	quite,the fowls had become pretty big.,en,MORPHEME_ALIGNED,,anv_mp3 anv_wav anv_eaf anv_xml anv_tsv,,176816,178710,##	np.h:s	rn	lv-pro_h_s	v:pred	rv,,anv,∅	∅	∅	∅	∅	∅,∅	1025	∅	∅	∅	∅,∅	1025	∅	∅	∅	∅
anv_0047,mcveraa,'en ... n maruru ne tek mē duru so ēi,#	'e	=n	n	maru	-ru	ne	tēk	mē	duru	so	#	ēi,#	DISC	NC	ART	uncle	-3DL	TAM2:3SG	speak	DAT	3DL	QUOT	#	INTERJ,"Their uncle said to them: ""Hey,",en,WORD_ALIGNED,,anv_mp3 anv_wav anv_eaf anv_xml anv_tsv,,178710,181821,##	other	nc	ln	np.h:s	-rn_pro.h:poss	lv-pro_h_s	v:pred	adp	pro.h:g	other	##ds	other,,anv,∅	∅	∅	∅	∅	∅	∅	∅	∅	∅	∅	∅	∅,∅	∅	∅	∅	1005	1009	∅	∅	∅	1009	∅	∅	∅,∅	∅	∅	∅	1005	1009	∅	∅	∅	1009	∅	∅	∅
anv_0048,mcveraa,'en 'erē 'ili m̄ala wōl gēn ba 'amē nike kasem ga ... ga hard wal 'amē nike kasem,#	'e	=n	'erē	'ili	m̄ala	wōl	gēn	#	ba	'amē	nik	ē	kasem	ZERO	ga	#	ga	hard	wal	#	'amē	nik	ē	kasem	ZERO,#	HES	=ART	PL	egg	incubator.bird	DIR<wol>	DEM2	#	but	ASS	2SG	TAM2	reach	ZERO	STAT	#	STAT	hard	quite	#	ASS	2SG	TAM2	reach	ZERO,"there are some m̄ala eggs over there, but its very hard for you to get them.""",en,MORPHEME_ALIGNED,,anv_mp3 anv_wav anv_eaf anv_xml anv_tsv,,181821,188076,##ds	other	=ln	ln	np:pred	rn	ln	other:s	#nc	nc	nc	nc	nc	nc	nc	nc	##	lv	v:pred	rv	#cc:s	other	pro.2:a	lv-pro_2_a	v:pred	0:p,,anv,∅	∅	∅	∅	new	∅	∅	∅	∅	∅	∅	∅	∅	∅	∅	∅	∅	∅	∅	∅	∅	∅	∅	∅	∅	∅,∅	∅	∅	∅	1030	∅	∅	∅	∅	∅	∅	∅	∅	∅	∅	∅	∅	∅	∅	∅	∅	∅	∅	∅	∅	1030,∅	∅	∅	∅	1030	∅	∅	∅	∅	∅	∅	∅	∅	∅	∅	∅	∅	∅	∅	∅	∅	∅	∅	∅	∅	1030
anv_0049,mcveraa,'e duruk ... e duruk tek gēduk vanēk traem,#	'e	duru	=k	#	e	duru	=k	tēk	#	gidu	=k	van	#	ZERO	=ēk	traem,#	DISC	3DL	=TAM2	#	DISC	3DL	=TAM2	speak	#	1DL.IN	=TAM2	go	#	ZERO	=TAM2	try,"The two said: ""Let's go and try.""",en,MORPHEME_ALIGNED,,anv_mp3 anv_wav anv_eaf anv_xml anv_tsv,,188076,190929,#nc	nc	nc_pro.h	nc	##	other	pro.h:s	=lv	v:pred	##ds	pro.1:s	=lv	v:pred	##	0.1:s	=lv	v:pred,,anv,∅	∅	∅	∅	∅	∅	∅	∅	∅	∅	∅	∅	∅	∅	∅	∅	∅,∅	∅	1009	∅	∅	∅	1009	∅	∅	∅	1009	∅	∅	∅	1009	∅	∅,∅	∅	1009	∅	∅	∅	1009	∅	∅	∅	1009	∅	∅	∅	1009	∅	∅
anv_0050,mcveraa,'alē tek mēn ren̄e 'anēn ren̄e 'anē ne m̄ōn gorun dom,#	alē	ZERO	tēk	mē	=n	ren̄e	anē	#	=n	ren̄e	anē	ne	m̄ōn	go	-ru	=n	dom,#	INTERJ	ZERO	speak	DAT	=ART	woman	DEM1.A	#	=ART	woman	DEM1.A	TAM2:3SG	roast	POSS.EAT	-3DL	=ART	yam,"Told this woman about it, and the woman roasted some yams for them.",en,MORPHEME_ALIGNED,,anv_mp3 anv_wav anv_eaf anv_xml anv_tsv,,190929,194784,##	other	0.h:s	v:pred	adp	=ln	np.h:g	rn	##	=ln	np.h:a	rn	lv-pro_h_a	v:pred	ln	-ln_pro.h:poss	=ln	np:p,,anv,∅	∅	∅	∅	∅	∅	∅	∅	∅	∅	∅	∅	∅	∅	∅	∅	∅	new,∅	∅	1009	∅	∅	∅	1026	∅	∅	∅	1026	∅	∅	∅	∅	1009	∅	1031,∅	∅	1009	∅	∅	∅	1026	∅	∅	∅	1026	∅	∅	∅	∅	1009	∅	1031
anv_0051,mcveraa,'e duruk van 'ō gis ēn nōrun tōo 'anē duruk van,#	e	duru	=k	van	'ō'	ZERO	#	ZERO	gis	ēn	nō	-ru	=n	tōo	anē	#	duru	=k	van,#	DISC	3DL	=TAM2	go	carry	ZERO	#	ZERO	hold	ART	POSS.DOM	-3DL	=ART	fowl	DEM1.A	#	3DL	=TAM2	go,"The two went with them, took their fowls and went.",en,MORPHEME_ALIGNED,,anv_mp3 anv_wav anv_eaf anv_xml anv_tsv,,194784,198640,##	other	pro.h:a	=lv	v:pred	rv	0:p	##	0.h:a	v:pred	ln	ln	-ln_pro.h:poss	=ln	np:p	rn	##	pro.h:s	=lv	v:pred,,anv,∅	∅	∅	∅	∅	∅	∅	∅	∅	∅	∅	∅	∅	∅	∅	∅	∅	∅	∅	∅,∅	∅	1009	∅	∅	∅	1025	∅	1009	∅	∅	∅	1009	∅	1025	∅	∅	1009	∅	∅,∅	∅	1009	∅	∅	∅	1025	∅	1009	∅	∅	∅	1009	∅	1025	∅	∅	1009	∅	∅
anv_0052,mcveraa,vanēk re.. rem 'an baka,#	ZERO	van	#	ZERO	=ēk	re—	rem	a	=n	baka,#	ZERO	go	#	ZERO	=TAM2	NC	climb	LOC.SP	=ART	banyan,Went and then climbed onto a nambanga tree.,en,MORPHEME_ALIGNED,,anv_mp3 anv_wav anv_eaf anv_xml anv_tsv,,198640,200987,##	0.h:s	v:pred	##	0.h:s	=lv	nc	v:pred	adp	=ln	np:g,,anv,∅	∅	∅	∅	∅	∅	∅	∅	∅	∅	new,∅	1009	∅	∅	1009	∅	∅	∅	∅	∅	1032,∅	1009	∅	∅	1009	∅	∅	∅	∅	∅	1032
anv_0053,mcveraa,ge 'ew'i ne sibēnēn nōgin tōo ge 'ew'i ne sibēnēn nōgin tōo,#	ge	'ew'i	ne	sibēnē	=n	nō	-gi	=n	tōo	#	ge	'ew'i	ne	sibēnē	=n	nō	-gi	=n	tōo,#	DEICT	other	TAM2:3SG	shoulder	=ART	POSS.DOM	-3SG	=ART	fowl	#	DEICT	other	TAM2:3SG	shoulder	=ART	POSS.DOM	-3SG	=ART	fowl,"One hung his fowl over the shoulder, the other hung his fowl over the shoulder.",en,MORPHEME_ALIGNED,,anv_mp3 anv_wav anv_eaf anv_xml anv_tsv,,200987,204677,##	np.h:a	rn	lv-pro_h_a	v:pred	=ln	ln	-ln_pro.h:poss	=ln	np:p	##	np.h:a	rn	lv-pro_h_a	v:pred	=ln	ln	-ln_pro.h:poss	=ln	np:p,,anv,∅	∅	∅	∅	∅	∅	∅	∅	∅	bridging	∅	∅	∅	∅	∅	∅	∅	∅	∅	bridging,∅	1028	∅	∅	∅	∅	∅	1028	∅	1033	∅	1029	∅	∅	∅	∅	∅	1029	∅	1034,∅	1028	∅	∅	∅	∅	∅	1028	∅	1033	∅	1029	∅	∅	∅	∅	∅	1029	∅	1034
anv_0054,mcveraa,'alē duruk 'ar kirm̄ōn gaga baka ne vōwal,#	alē	duru	=k	'ar	kirm̄ō	=n	gaga	baka	ne	vō-wal,#	INTERJ	3DL	=TAM2	chop	broken	=ART	vine	banyan	NUM.ART	NUM-one,"Then the two cut off a nambanga vine,",en,MORPHEME_ALIGNED,,anv_mp3 anv_wav anv_eaf anv_xml anv_tsv,,204677,209423,##	other	pro.h:a	=lv	v:pred	rv	=ln	np:p	rn	rn	rn,,anv,∅	∅	∅	∅	∅	∅	∅	new	∅	∅	∅,∅	∅	1009	∅	∅	∅	∅	1035	∅	∅	∅,∅	∅	1009	∅	∅	∅	∅	1035	∅	∅	∅
anv_0055,mcveraa,'en lasbon ne vrig ... ne dam 'ow'ow,#	'e	=n	lasbon	ne	vrig	ne	dam	'ow'ow,#	HES	=ART	younger.sibling	TAM2:3SG	run	TAM2:3SG	swing	first,and the younger one swung first.,en,MORPHEME_ALIGNED,,anv_mp3 anv_wav anv_eaf anv_xml anv_tsv,,209423,213546,##	other	=ln	np.h:s	nc	nc	lv-pro_h_s	v:pred	other,,anv,∅	∅	∅	∅	∅	∅	∅	∅	∅,∅	∅	∅	1028	∅	∅	∅	∅	∅,∅	∅	∅	1028	∅	∅	∅	∅	∅
anv_0056,mcveraa,dam wōl ne 'irē,#	ZERO	dam	wōl	#	ZERO	ne	'irē,#	ZERO	swing	DIR<wōl>	#	ZERO	TAM2:3SG	stand,Swung over there and stood.,en,MORPHEME_ALIGNED,,anv_mp3 anv_wav anv_eaf anv_xml anv_tsv,,213546,215518,##	0.h:s	v:pred	other:g	##	0.h:s	lv-pro_h_s	v:pred,,anv,∅	∅	∅	∅	∅	∅	∅	∅,∅	1028	∅	∅	∅	1028	∅	∅,∅	1028	∅	∅	∅	1028	∅	∅
anv_0057,mcveraa,'alēn ... 'en fesbon ne dam ma 'anē,#	alē=n	#	'e	=n	fesbon	ne	dam	ma	anē,#	INTERJ=ART	#	HES	=ART	older.sibling	TAM2:3SG	swing	hither	DEM1.A,Then the older one was gonna swing over here.,en,MORPHEME_ALIGNED,,anv_mp3 anv_wav anv_eaf anv_xml anv_tsv,,215518,220196,#nc	nc	##	other	=ln	np.h:s	lv-pro_h_s	v:pred	rv	other,,anv,∅	∅	∅	∅	∅	∅	∅	∅	∅	∅,∅	∅	∅	∅	∅	1029	∅	∅	∅	∅,∅	∅	∅	∅	∅	1029	∅	∅	∅	∅
anv_0058,mcveraa,van ma 'anēm dam rēn e din̄ ros ē so ne m̄es va'anē,#	ZERO	van	ma	anē	#	ZERO	=m	dam	rēn	#	ZERO	e	din̄	rōs	#	ē	ZERO	so	ne	m̄es	va'anē,#	ZERO	go	hither	DEM1.A	#	ZERO	=TAM1	swing	stuck	#	ZERO	GEN.NEG1	reach	GEN.NEG2	#	DISC	ZERO	PROSP	TAM2:3SG	fall	TEMP.DEM1,"Came over, but just hung there and didn't make it, he was gonna fall now.",en,MORPHEME_ALIGNED,,anv_mp3 anv_wav anv_eaf anv_xml anv_tsv,,220196,223966,##	0.h:s	v:pred	rv	other	##	0.h:s	=lv	v:pred	rv	##neg	0.h:s	lv	v:pred	rv	##	other	0.h:s	other	lv-pro_h_s	v:pred	other,,anv,∅	∅	∅	∅	∅	∅	∅	∅	∅	∅	∅	∅	∅	∅	∅	∅	∅	∅	∅	∅	∅	∅,∅	1029	∅	∅	∅	∅	1029	∅	∅	∅	∅	1029	∅	∅	∅	∅	∅	1029	∅	∅	∅	∅,∅	1029	∅	∅	∅	∅	1029	∅	∅	∅	∅	1029	∅	∅	∅	∅	∅	1029	∅	∅	∅	∅
anv_0059,mcveraa,e lasbon ne tek so,#	e	lasbon	ne	tēk	so,#	PERS.ART	younger.sibling	TAM2:3SG	speak	QUOT,Then the younger one said:,en,MORPHEME_ALIGNED,,anv_mp3 anv_wav anv_eaf anv_xml anv_tsv,,223966,225856,##	ln	np.h:s	lv-pro_h_s	v:pred	other,,anv,∅	∅	∅	∅	∅	∅,∅	∅	1028	∅	∅	∅,∅	∅	1028	∅	∅	∅
anv_0060,mcveraa,dam mulumlum qe'i nok dam kel mulō duk van kel 'avalgi,#	ZERO	dam	mulumlum	qe'i	#	no	=k	dam	kel	mulō	#	du	=k	van	kel	aval-gi,#	ZERO	hang	calm	for.a.moment	#	1SG	=TAM2	swing	back	DIR<mul>	#	1DL.IN	=TAM2	go	back	other.side-3SG,"""Keep hanging there calmly for the moment, I'll swing over again, and both of us, we will get over to the other side again.""",en,MORPHEME_ALIGNED,,anv_mp3 anv_wav anv_eaf anv_xml anv_tsv,,225856,229697,##ds	0.2:s	v:pred	rv	other	##ds	pro.1:s	=lv	v:pred	rv	other:g	##	wpro.1:s	=lv	v:pred	rv	other:g,,anv,∅	∅	∅	∅	∅	∅	∅	∅	∅	∅	∅	∅	∅	∅	∅	∅	∅,∅	1029	∅	∅	∅	∅	1028	∅	∅	∅	∅	∅	1009	∅	∅	∅	∅,∅	1029	∅	∅	∅	∅	1028	∅	∅	∅	∅	∅	1009	∅	∅	∅	∅
anv_0061,mcveraa,e .... en lasbon ne dam kel mulō sir die,#	e	e	=n	lasbon	ne	dam	kel	mulō	sir	diē,#	e	DISC	=ART	younger.sibling	TAM2:3SG	swing	back	DIR<mul>	for	3SG,"So the younger one swung over again for him,",en,MORPHEME_ALIGNED,,anv_mp3 anv_wav anv_eaf anv_xml anv_tsv,,229697,233542,##	nc	other	=ln	np.h:s	lv-pro_h_s	v:pred	rv	other:g	adp	pro.h:g,,anv,∅	∅	∅	∅	∅	∅	∅	∅	∅	∅	∅,∅	∅	∅	∅	1028	∅	∅	∅	∅	∅	1029,∅	∅	∅	∅	1028	∅	∅	∅	∅	∅	1029
anv_0062,mcveraa,duruk dam kel 'avalgi,#	duru	=k	dam	kel	aval-gi,#	3DL	=TAM2	swing	back	other.side-3SG,the two swung over to the other side again.,en,MORPHEME_ALIGNED,,anv_mp3 anv_wav anv_eaf anv_xml anv_tsv,,233542,235650,##	pro.h:s	=lv	v:pred	rv	other:g,,anv,∅	∅	∅	∅	∅	bridging,∅	1009	∅	∅	∅	1036,∅	1009	∅	∅	∅	1036
anv_0063,mcveraa,'alē 'e lasbon so e no 'ow'ow,#	alē	'e	lasbon	so	#	e	no	'ow'ow,#	INTERJ	HES	younger.sibling	QUOT	#	PERS.ART	1SG	first,"Then the younger one said: ""Me first!""",en,MORPHEME_ALIGNED,,anv_mp3 anv_wav anv_eaf anv_xml anv_tsv,,235650,238661,##	other	nc	np.h:s	other:pred	##ds	ln	pro.1:s	other:pred,,anv,∅	∅	∅	∅	∅	∅	∅	∅	∅,∅	∅	∅	1028	∅	∅	∅	1028	∅,∅	∅	∅	1028	∅	∅	∅	1028	∅
anv_0064,mcveraa,'alē lasbon ne dam ma ne 'irē qē',#	alē	lasbon	ne	dam	ma	#	ZERO	ne	'irē	qē',#	INTERJ	younger.sibling	TAM2:3SG	swing	hither	#	ZERO	TAM2:3SG	stand	finish,"So, the younger one swung over here, stood, then",en,MORPHEME_ALIGNED,,anv_mp3 anv_wav anv_eaf anv_xml anv_tsv,,238661,241670,##	other	np.h:s	lv-pro_h_s	v:pred	rv	##	0.h:s	lv-pro_h_s	v:pred	rv,,anv,∅	∅	∅	∅	∅	∅	∅	∅	∅	∅	∅,∅	∅	1028	∅	∅	∅	∅	1028	∅	∅	∅,∅	∅	1028	∅	∅	∅	∅	1028	∅	∅	∅
anv_0065,mcveraa,ne ... 'e ... fesbon ne dam rek ma ne 'irē rek,#	ne	'e	#	fesbon	ne	dam	rek	ma	#	ZERO	ne	'irē	rek,#	TAM2:3SG	HES	#	older.sibling	TAM2:3SG	swing	also	hither	#	ZERO	TAM2:3SG	stand	also,"the older one swung over here, too, and stood , too.",en,MORPHEME_ALIGNED,,anv_mp3 anv_wav anv_eaf anv_xml anv_tsv,,241670,246713,#nc	nc	nc	##	np.h:s	lv-pro_h_s	v:pred	rv	rv	##	0.h:s	lv-pro_h_s	v:pred	rv,,anv,∅	∅	∅	∅	∅	∅	∅	∅	∅	∅	∅	∅	∅	∅,∅	∅	∅	∅	1029	∅	∅	∅	∅	∅	1029	∅	∅	∅,∅	∅	∅	∅	1029	∅	∅	∅	∅	∅	1029	∅	∅	∅
anv_0066,mcveraa,'alē duruk ... durum 'ēn ēn 'ili m̄ala 'anē duruk bobon 'ili m̄a... n 'i'ili m̄alan ... n lō... n lorum qōn̄ so duruk ..e.. gis taet ēn gagan mē'ēsalaruō,#	alē	duru	=k	duru	=m	'ēn	ēn	'ili	m̄ala	anē	#	duru	=k	bobo	=n	'ili	m̄a	n	'i-'ili	m̄ala	=n	#	n	lō	n	lo	-ru	=m	qōn̄	#	so	duru	=k	e	gis	taet	ēn	gaga	=n	mē'ēsala	-ruō,#	INTERJ	3DL	=TAM2	3DL	=TAM1	see	ART	egg	incubator.bird	DEM1.A	#	3DL	=TAM2	RED-pick.up	=ART	egg	NC	ART	RED-egg	incubator.bird	=ART	#	ART	NC	ART	inner	-3DL	=TAM1	night	#	CPL	3DL	=TAM2	HES	hold	tight	ART	vine	=ART	way	-3DL,"The two saw the m̄ala eggs and picked up the m̄ala eggs, and they forgot to hold tight the vine, their way.",en,WORD_ALIGNED,,anv_mp3 anv_wav anv_eaf anv_xml anv_tsv,,246713,258133,##	other	nc	nc	pro.h:a	=lv	v:pred	ln	np:p	rn	rn	##	pro.h:a	=lv	v:pred	=ln	nc	nc	nc	np:p	rn	nc	##	nc	nc	ln	np:s	-rn_pro.h:poss	=lv	v:pred	#cc:obl	other	pro.h:a	=lv	nc	v:pred	rv	ln	np:p	=ln	np:dt_p	-rn_pro.h:poss,,anv,∅	∅	∅	∅	∅	∅	∅	∅	∅	∅	∅	∅	∅	∅	∅	∅	∅	∅	∅	∅	∅	∅	∅	∅	∅	∅	∅	∅	∅	∅	∅	∅	∅	∅	∅	∅	∅	∅	∅	∅	∅	∅,∅	∅	∅	∅	1009	∅	∅	∅	1030	∅	∅	∅	1009	∅	∅	∅	∅	∅	∅	1030	∅	∅	∅	∅	∅	∅	∅	1009	∅	∅	∅	∅	1009	∅	∅	∅	∅	∅	1035	∅	∅	1009,∅	∅	∅	∅	1009	∅	∅	∅	1030	∅	∅	∅	1009	∅	∅	∅	∅	∅	∅	1030	∅	∅	∅	∅	∅	∅	∅	1009	∅	∅	∅	∅	1009	∅	∅	∅	∅	∅	1035	∅	∅	1009
anv_0067,mcveraa,en m̄alarōm row sirēn 'ili m̄ala 'an̄ vē'ēn gaga,#	e	=n	m̄ala	-ruō	=m	row	sirē	=n	'ili	m̄ala	#	ZERO	'an̄	vē'ē	=n	gaga,#	DISC	=ART	emotions	-3DL	=TAM1	flee	because	=ART	egg	incubator.bird	#	ZERO	move.hand	away	=ART	vine,They were so enthusiastic about the m̄ala eggs that they let go the vine.,en,MORPHEME_ALIGNED,,anv_mp3 anv_wav anv_eaf anv_xml anv_tsv,,258133,262033,##	other	=ln	np.h:s	-rn_pro.h:poss	=lv	v:pred	adp	=ln	np:obl	rn	##	0.h:a	v:pred	rv	=ln	np:p,,anv,∅	∅	∅	∅	∅	∅	∅	∅	∅	∅	∅	∅	∅	∅	∅	∅	∅,∅	∅	∅	∅	1009	∅	∅	∅	∅	1030	∅	∅	1009	∅	∅	∅	1035,∅	∅	∅	∅	1009	∅	∅	∅	∅	1030	∅	∅	1009	∅	∅	∅	1035
anv_0068,mcveraa,durum boobon 'ili m̄ala so,#	duru	=m	bo-bo'	=n	'ili	m̄ala	so,#	3DL	=TAM1	RED-pick.up	=ART	egg	incubator.bird	PROSP,"The two collected the m̄ala eggs, and then",en,MORPHEME_ALIGNED,,anv_mp3 anv_wav anv_eaf anv_xml anv_tsv,,262033,264950,##	pro.h:a	=lv	v:pred	=ln	np:p	rn	nc,,anv,∅	∅	∅	∅	∅	∅	∅	∅,∅	1009	∅	∅	∅	1030	∅	∅,∅	1009	∅	∅	∅	1030	∅	∅
anv_0069,mcveraa,sok mul kel me mul den sivie,#	ZERO	so	=k	mul	kel	#	ZERO	me	mul	den	siviē,#	ZERO	PROSP	=TAM2	go	back	#	ZERO	FUT	go	ABL	how,"then were gonna get back, but how would they get out of there?",en,MORPHEME_ALIGNED,,anv_mp3 anv_wav anv_eaf anv_xml anv_tsv,,264950,267602,#nc	nc	nc	nc	nc	nc	##	0.h:s	lv	v:pred	rv	other,,anv,∅	∅	∅	∅	∅	∅	∅	∅	∅	∅	∅	∅,∅	∅	∅	∅	∅	∅	∅	1009	∅	∅	∅	∅,∅	∅	∅	∅	∅	∅	∅	1009	∅	∅	∅	∅
anv_0070,mcveraa,so duruk row kel sirēn gaga,#	so	duru	=k	row	kel	sirē	=n	gaga,#	PROSP	3DL	=TAM2	jump	back	for	=ART	vine,The two then were gonna jump for the vine.,en,MORPHEME_ALIGNED,,anv_mp3 anv_wav anv_eaf anv_xml anv_tsv,,267602,269700,##	other	pro.h:s	=lv	v:pred	rv	adp	=ln	np:g,,anv,∅	∅	∅	∅	∅	∅	∅	∅	∅,∅	∅	1009	∅	∅	∅	∅	∅	1035,∅	∅	1009	∅	∅	∅	∅	∅	1035
anv_0071,mcveraa,'en fesbon ... 'e las... 'e lasbon so ē no 'ow'ow,#	'e	=n	fesbon	'e	las—	#	'e	lasbon	so	#	e	no	'ow'ow,#	HES	=ART	older.sibling	HES	NC	#	HES	younger.sibling	QUOT	#	PERS.ART	1SG	first,"The younger one said: ""Me first!""",en,MORPHEME_ALIGNED,,anv_mp3 anv_wav anv_eaf anv_xml anv_tsv,,269700,273039,#nc	nc	nc	nc_np.h	nc	nc	##	nc	np.h:s	other:pred	##ds	ln	pro.1:s	other:pred,,anv,∅	∅	∅	∅	∅	∅	∅	∅	∅	∅	∅	∅	∅	∅,∅	∅	∅	1029	∅	∅	∅	∅	1028	∅	∅	∅	1028	∅,∅	∅	∅	1029	∅	∅	∅	∅	1028	∅	∅	∅	1028	∅
anv_0072,mcveraa,'e fesbon so ē no,#	'e	fesbon	so	#	e	no,#	HES	older.sibling	QUOT	#	PERS.ART	1SG,"The older one said: ""Me!""",en,MORPHEME_ALIGNED,,anv_mp3 anv_wav anv_eaf anv_xml anv_tsv,,273039,274612,##	nc	np.h:s	other:pred	##ds	nc	nc,,anv,∅	∅	∅	∅	∅	∅	∅,∅	∅	1029	∅	∅	∅	∅,∅	∅	1029	∅	∅	∅	∅
anv_0073,mcveraa,'alē fesbon ..'e fesbon dam mulō 'asenēm mestem di 'anē,#	alē	fesbon	'e	fesbon	dam	mulō	asenē	#	ZERO	=m	mestem	di	anē,#	INTERJ	older.sibling	HES	older.sibling	swing	DIR<mulō>	MAN.DEM1.A	#	ZERO	=TAM1	fail	3SG	DEM1.A,"The older one, swung over like this, missed it,",en,MORPHEME_ALIGNED,,anv_mp3 anv_wav anv_eaf anv_xml anv_tsv,,274612,279311,##	other	nc	nc	np.h:s	v:pred	other:g	other	##	0.h:s	=lv	v:pred	pro:p	rn,,anv,∅	∅	∅	∅	∅	∅	∅	∅	∅	∅	∅	∅	∅	∅,∅	∅	∅	∅	1029	∅	∅	∅	∅	1029	∅	∅	1029	∅,∅	∅	∅	∅	1029	∅	∅	∅	∅	1029	∅	∅	1029	∅
anv_0074,mcveraa,m̄es qel wal 'an qaran̄a 'anē ne ma',#	ZERO	m̄es	qel	wal	a	=n	qaran̄a	anē	#	ZERO	ne	ma',#	ZERO	fall	downwards	at.once	LOC.SP	=ART	gorge	DEM1.A	#	ZERO	TAM2:3SG	dead,fell right down into this hole and died.,en,MORPHEME_ALIGNED,,anv_mp3 anv_wav anv_eaf anv_xml anv_tsv,,279311,282123,##	0.h:s	v:pred	rv	rv	adp	=ln	np:g	rn	##	0.h:s	lv-pro_h_s	v:pred,,anv,∅	∅	∅	∅	∅	∅	∅	bridging	∅	∅	∅	∅	∅,∅	1029	∅	∅	∅	∅	∅	1037	∅	∅	1029	∅	∅,∅	1029	∅	∅	∅	∅	∅	1037	∅	∅	1029	∅	∅
anv_0075,mcveraa,'e e lasbon so,#	'e	e	lasbon	so,#	HES	ART	younger.sibling	QUOT,The younger one said:,en,MORPHEME_ALIGNED,,anv_mp3 anv_wav anv_eaf anv_xml anv_tsv,,282123,284482,##	nc	ln	np.h:s	other:pred,,anv,∅	∅	∅	∅	∅,∅	∅	∅	1028	∅,∅	∅	∅	1028	∅
anv_0076,mcveraa,den so nok mul kel,#	den	so	no	=k	mul	kel,#	ABL	PROSP	1SG	=TAM2	go	back,"""To prevent that when I come home again",en,MORPHEME_ALIGNED,,anv_mp3 anv_wav anv_eaf anv_xml anv_tsv,,284482,286807,##ds	other	other	pro.1:s	=lv	v:pred	rv,,anv,∅	∅	∅	∅	∅	∅	∅,∅	∅	∅	1028	∅	∅	∅,∅	∅	∅	1028	∅	∅	∅
anv_0077,mcveraa,'e e ragam ... eragak keskes no,#	'e	e	raga=m	#	e	raga	=k	keskes	no,#	DISC	PERS.ART	people=TAM1	#	PERS.ART	people	=TAM2	RED:tease	1SG,everybody is giving me a hard time,en,MORPHEME_ALIGNED,,anv_mp3 anv_wav anv_eaf anv_xml anv_tsv,,286807,289486,#nc	nc	nc	nc	##ds	ln	np.h:a	=lv	v:pred	pro.1:p,,anv,∅	∅	∅	∅	∅	∅	new	∅	∅	∅,∅	∅	∅	∅	∅	∅	1038	∅	∅	1028,∅	∅	∅	∅	∅	∅	1038	∅	∅	1028
anv_0078,mcveraa,nok dōm kel nike ba,#	no	=k	dōm	kel	nikē	#	ba,#	1SG	=TAM2	think	back	2SG	#	but,I'll reconsider you.,en,MORPHEME_ALIGNED,,anv_mp3 anv_wav anv_eaf anv_xml anv_tsv,,289486,291447,##ds	pro.1:a	=lv	v:pred	rv	pro.2:p	##ds	other,,anv,∅	∅	∅	∅	∅	∅	∅	∅,∅	1028	∅	∅	∅	1029	∅	∅,∅	1028	∅	∅	∅	1029	∅	∅
anv_0079,mcveraa,nik wom ma' ba nok ma' rek,nik	wo	=m	ma'	#	ba	no	=k	ma'	rek,2SG	and	=TAM1	dead	#	but	1SG	=TAM2	dead	also,"If you are dead, then I'm gonna die, as well.",en,MORPHEME_ALIGNED,,anv_mp3 anv_wav anv_eaf anv_xml anv_tsv,,291447,293598,pro.2:s	other	=lv	v:pred	##ds	other	pro.1:s	=lv	v:pred	other,,anv,∅	∅	∅	∅	∅	∅	∅	∅	∅	∅,1029	∅	∅	∅	∅	∅	1028	∅	∅	∅,1029	∅	∅	∅	∅	∅	1028	∅	∅	∅
anv_0080,mcveraa,'e ba di ne row rek ē di ne ma',#	'e	ba	di	ne	row	rek	#	ē	di	ne	ma',#	HES	but	3SG	TAM2:3SG	jump	also	#	DISC	3SG	TAM2:3SG	dead,"Then he jumped, too, and he died.",en,MORPHEME_ALIGNED,,anv_mp3 anv_wav anv_eaf anv_xml anv_tsv,,293598,296633,##	nc	other	pro.h:s	lv-pro_h_s	v:pred	other	##	other	pro.h:s	lv-pro_h_s	v:pred,,anv,∅	∅	∅	∅	∅	∅	∅	∅	∅	∅	∅	∅,∅	∅	∅	1028	∅	∅	∅	∅	∅	1028	∅	∅,∅	∅	∅	1028	∅	∅	∅	∅	∅	1028	∅	∅
anv_0081,mcveraa,'en ... eraga 'anēk sik duruō sik duruō sik duruō sik duruō vaavan,#	'e=n	e	raga	anē	=k	sik	duruō	#	ZERO	sik	duruō	#	ZERO	sik	duruō	#	ZERO	sik	duruō	va-van,#	HES=ART	PERS.ART	people	DEM1.A	=TAM2	search	3DL	#	ZERO	search	3DL	#	ZERO	search	3DL	#	ZERO	search	3DL	RED-go,"Then everybody was looking for them, looking for them, looking for them, looking for them, on and on",en,MORPHEME_ALIGNED,,anv_mp3 anv_wav anv_eaf anv_xml anv_tsv,,296633,301511,##	nc	ln	np.h:a	rn	=lv	v:pred	pro.h:p	##	0.h:a	v:pred	pro.h:p	##	0.h:a	v:pred	pro.h:p	##	0.h:a	v:pred	pro.h:p	other,,anv,∅	∅	∅	new	∅	∅	∅	∅	∅	∅	∅	∅	∅	∅	∅	∅	∅	∅	∅	∅	∅,∅	∅	∅	1039	∅	∅	∅	1009	∅	1039	∅	1009	∅	1039	∅	1009	∅	1039	∅	1009	∅,∅	∅	∅	1039	∅	∅	∅	1009	∅	1039	∅	1009	∅	1039	∅	1009	∅	1039	∅	1009	∅
anv_0082,mcveraa,dirēk vanvan ma lēn wōm̄ōm̄ō' dirēk rōn̄ ēn tōos tōrtōrōk,#	dir	=ēk	vanvan	ma	lē	=n	wōm̄ōm̄ō'	#	dir	=ēk	rōn̄	#	ēn	tōo	=s	tōrtōrōk,#	3PL	=TAM2	REDːgo	hither	LOC	=ART	bush	#	3PL	=TAM2	hear	#	ART	fowl	=SIM	crow,"they went to the bush, and they heard fowls crowing.",en,MORPHEME_ALIGNED,,anv_mp3 anv_wav anv_eaf anv_xml anv_tsv,,301511,305078,##	pro.h:s	=lv	v:pred	rv	adp	=ln	np:g	##	pro.h:s	=lv	v:pred	#cc	ln	np:s	=lv	v:pred,,anv,∅	∅	∅	∅	∅	∅	∅	unused	∅	∅	∅	∅	∅	∅	∅	∅	∅,∅	1039	∅	∅	∅	∅	∅	1040	∅	1039	∅	∅	∅	∅	1025	∅	∅,∅	1039	∅	∅	∅	∅	∅	1040	∅	1039	∅	∅	∅	∅	1025	∅	∅
anv_0083,mcveraa,dirēk van din ̄man 'uvu baka 'anēk 'ēn sag ēn ... ēn tōo,#	dir	=ēk	van	din̄	ma	=n	'uvu	baka	anē	#	ZERO	=k	'ēn	sag	ēn	ēn	tōo,#	3PL	=TAM2	go	reach	hither	=ART	base	banyan	DEM1.A	#	ZERO	=TAM2	see	up	ART	ART	fowl,And when they came to that nambanga tree they saw fowls on top.,en,MORPHEME_ALIGNED,,anv_mp3 anv_wav anv_eaf anv_xml anv_tsv,,305078,309293,##	pro.h:a	=lv	v:pred	rv	rv	=ln	np:p	rn	rn	##	0.h:a	=lv	v:pred	rv	nc	ln	np:p,,anv,∅	∅	∅	∅	∅	∅	∅	∅	∅	∅	∅	∅	∅	∅	∅	∅	∅	∅,∅	1039	∅	∅	∅	∅	∅	1032	∅	∅	∅	1039	∅	∅	∅	∅	∅	1025,∅	1039	∅	∅	∅	∅	∅	1032	∅	∅	∅	1039	∅	∅	∅	∅	∅	1025
anv_0084,mcveraa,dirēk 'ēn'ēn suwō 'ēn'ēn qal ros duruō,#	dir	=ēk	'ēn'ēn	suwō	#	ZERO	'ēn'ēn	qal	rōs	duruō,#	3PL	=TAM2	REDːsee	down	#	ZERO	REDːsee	hit	GEN.NEG2	3DL,They kept looking downwards but didn't spot the two.,en,MORPHEME_ALIGNED,,anv_mp3 anv_wav anv_eaf anv_xml anv_tsv,,309293,312130,##	pro.h:s	=lv	v:pred	other:g	##neg	0.h:a	v:pred	rv	rv	pro.h:p,,anv,∅	∅	∅	∅	∅	∅	∅	∅	∅	∅	∅,∅	1038	∅	∅	∅	∅	1038	∅	∅	∅	1009,∅	1038	∅	∅	∅	∅	1038	∅	∅	∅	1009
anv_0085,mcveraa,'e dirēk sikē sikē vavan 'erē tōo 'anēk gav,#	'e	dir	=ēk	sikē	sikē	va-van	#	'erē	tōo	anē	=k	gav,#	HES	3PL	=TAM2	search	search	RED-go	#	PL	fowl	DEM1.A	=TAM2	fly,"They searched and searched, on and on, and the fowls started to fly.",en,MORPHEME_ALIGNED,,anv_mp3 anv_wav anv_eaf anv_xml anv_tsv,,312130,316009,##	nc	pro.h:s	=lv	v:pred	nc	other	##	ln	np:s	rn	=lv	v:pred,,anv,∅	∅	∅	∅	∅	∅	∅	∅	∅	∅	∅	∅	∅,∅	∅	1038	∅	∅	∅	∅	∅	∅	1025	∅	∅	∅,∅	∅	1038	∅	∅	∅	∅	∅	∅	1025	∅	∅	∅
anv_0086,mcveraa,gaagav gav din̄ wal rōw ēn naw ē mak gav kal 'a'ag man qorogi 'anē,#	ZERO	ga-gav	#	ZERO	gav	din̄	wal	rōw	ēn	naw	#	ē	ZERO	mak	gav	kal	'a-'ag	ma	=n	qoro-gi	anē,#	ZERO	RED-fly	#	ZERO	fly	reach	straight	down	ART	sea	#	CC	ZERO	IMM	fly	upwards	RED-follow	hither	=ART	hole-3SG	DEM1.A,"Flew and flew until they got down to the sea, and at once they flew landwards along this gorge,",en,MORPHEME_ALIGNED,,anv_mp3 anv_wav anv_eaf anv_xml anv_tsv,,316009,320784,##	0:s	v:pred	##	0:a	v:pred	rv	rv	rv	ln	np:p	##	other	0:a	lv	v:pred	rv	rv	rv	=ln	np:p	rn,,anv,∅	∅	∅	∅	∅	∅	∅	∅	∅	∅	unused	∅	∅	∅	∅	∅	∅	∅	∅	∅	∅	∅,∅	1025	∅	∅	1025	∅	∅	∅	∅	∅	1041	∅	∅	1025	∅	∅	∅	∅	∅	∅	1037	∅,∅	1025	∅	∅	1025	∅	∅	∅	∅	∅	1041	∅	∅	1025	∅	∅	∅	∅	∅	∅	1037	∅
anv_0087,mcveraa,gav kal ma gav kal ma vaavan,#	ZERO	gav	kal	ma	#	ZERO	gav	kal	ma	va-van,#	ZERO	fly	upwards	hither	#	ZERO	fly	upwards	hither	RED-go,"came flying inland, came flying inland, on and on,",en,MORPHEME_ALIGNED,,anv_mp3 anv_wav anv_eaf anv_xml anv_tsv,,320784,323349,##	0:s	v:pred	rv	rv	##	0:s	v:pred	rv	rv	other,,anv,∅	∅	∅	∅	∅	∅	∅	∅	∅	∅	∅,∅	1025	∅	∅	∅	∅	1025	∅	∅	∅	∅,∅	1025	∅	∅	∅	∅	1025	∅	∅	∅	∅
anv_0088,mcveraa,gav din̄ ma e ruwam m̄es bēne 'anē,#	ZERO	gav	din̄	ma	#	e	ruwa	=m	m̄es	bēne	%	anē,#	ZERO	fly	reach	hither	#	ART	two.people	=TAM1	fall	PRO.OBL	%	DEM1.A,reached the two that had fallen into it.,en,MORPHEME_ALIGNED,,anv_mp3 anv_wav anv_eaf anv_xml anv_tsv,,323349,326202,##	0:a	v:pred	rv	rv	#rc:p	ln	np.h:s	=lv	v:pred	other:l	%	rn,,anv,∅	∅	∅	∅	∅	∅	∅	∅	∅	∅	∅	∅	∅,∅	1025	∅	∅	∅	∅	∅	1009	∅	∅	∅	∅	∅,∅	1025	∅	∅	∅	∅	∅	1009	∅	∅	∅	∅	∅
anv_0089,mcveraa,tōo nōn e fesbon ne 'ēr wal ēn ni'i qe busun e ..'e.. fesbon,#	tōo	nō-n	e	fesbon	ne	'ēr	wal	ēn	ni'i	qe	busu-n	e	'e	fesbon,#	fowl	POSS.DOM-CS	PERS.ART	older.sibling	TAM2:3SG	pluck	at.once	ART	small	end	finger-CS	PERS.ART	HES	older.sibling,The fowl of the older one plucked off the top of the small finger of the older one.,en,MORPHEME_ALIGNED,,anv_mp3 anv_wav anv_eaf anv_xml anv_tsv,,326202,331038,##	np:a	rn	rn	rn_np.h:poss	lv-pro_a	v:pred	rv	ln	ln	ln	np:p	rn	nc	rn_np.h:poss,,anv,∅	∅	∅	∅	∅	∅	∅	∅	∅	∅	∅	bridging	∅	∅	∅,∅	1034	∅	∅	1029	∅	∅	∅	∅	∅	∅	1042	∅	∅	1029,∅	1034	∅	∅	1029	∅	∅	∅	∅	∅	∅	1042	∅	∅	1029
anv_0090,mcveraa,tōo nōn e lasbon ne 'ēr wal ēn ... ēn ni'i qe busun e lasbon e duruk gav,#	tōo	nō-n	e	lasbon	ne	'ēr	wal	ēn	ēn	ni'i	qe	busu-n	e	lasbon	#	e	duru	=k	gav,#	fowl	POSS.DOM-CS	PERS.ART	younger.sibling	TAM2:3SG	pluck	at.once	ART	ART	small	end	finger-CS	PERS.ART	younger.sibling	#	DISC	3DL	=TAM2	fly,"The fowl of the younger one plucked off the top of the small finger of the younger one, and the two flew.",en,MORPHEME_ALIGNED,,anv_mp3 anv_wav anv_eaf anv_xml anv_tsv,,331038,335747,##	np:a	rn	rn	rn_np.h:poss	lv-pro_a	v:pred	rv	nc	ln	ln	ln	np:p	rn	rn_np.h:poss	##	other	pro:s	=lv	v:pred,,anv,∅	∅	∅	∅	∅	∅	∅	∅	∅	∅	∅	∅	bridging	∅	∅	∅	∅	∅	∅	∅,∅	1033	∅	∅	1028	∅	∅	∅	∅	∅	∅	∅	1043	∅	1009	∅	∅	1025	∅	∅,∅	1033	∅	∅	1028	∅	∅	∅	∅	∅	∅	∅	1043	∅	1009	∅	∅	1025	∅	∅
anv_0091,mcveraa,gaagav lu kel 'a lo gav kal kel ma rem kal kel lēn baka 'anē qē' gav qel suwō sirēn 'erē 'an̄sara 'anē,#	ZERO	ga-gav	lu	kel	a	lo	#	ZERO	gav	kal	kel	ma	#	ZERO	rem	kal	kel	lē	=n	baka	anē	#	qē'	ZERO	gav	qel	suwō	sirē	=n	'erē	'an̄sara	anē,#	ZERO	RED-fly	out	back	LOC.SP	sea	#	ZERO	fly	upwards	back	hither	#	ZERO	climb	upwards	back	LOC	=ART	banyan	DEM1.A	#	finish	ZERO	fly	downwards	down	for	=ART	PL	person	DEM1.A,"Flew out to the sea again, flew up inland again, climbed up that nambanga tree again, then flew down to all these people.",en,MORPHEME_ALIGNED,,anv_mp3 anv_wav anv_eaf anv_xml anv_tsv,,335747,344012,##	0:s	v:pred	rv	rv	adp	np:g	##	0:s	v:pred	rv	rv	rv	##	0:s	v:pred	rv	rv	adp	=ln	np:g	rn	##	other	0:s	v:pred	rv	rv	adp	=ln	ln	np.h:g	rn,,anv,∅	∅	∅	∅	∅	∅	∅	∅	∅	∅	∅	∅	∅	∅	∅	∅	∅	∅	∅	∅	∅	∅	∅	∅	∅	∅	∅	∅	∅	∅	∅	∅	∅,∅	1025	∅	∅	∅	∅	1041	∅	1025	∅	∅	∅	∅	∅	1025	∅	∅	∅	∅	∅	1032	∅	∅	∅	1025	∅	∅	∅	∅	∅	∅	1038	∅,∅	1025	∅	∅	∅	∅	1041	∅	1025	∅	∅	∅	∅	∅	1025	∅	∅	∅	∅	∅	1032	∅	∅	∅	1025	∅	∅	∅	∅	∅	∅	1038	∅
anv_0092,mcveraa,'e duruk mom sur suwōn 'erē qe busun e ruwa 'anēk 'ē'ēr,#	'e	duru	=k	mom	sur	suwō	=n	'erē	qe	busu-n	e	ruwa	anē	#	ZERO	=k	'ē-'ēr	ZERO,#	HES	3DL	=TAM2	put	down	down	=ART	PL	end	finger-CS	PERS.ART	two.people	DEM1.A	#	ZERO	=TAM2	RED-pluck	ZERO,The two put down the top of the fingers of these two and plucked on them.,en,MORPHEME_ALIGNED,,anv_mp3 anv_wav anv_eaf anv_xml anv_tsv,,344012,347837,##	nc	pro:a	=lv	v:pred	rv	rv	=ln	ln	ln	np:p	rn	rn_np.h:poss	rn	##	0:a	=lv	v:pred	0:p,,anv,∅	∅	∅	∅	∅	∅	∅	∅	∅	∅	bridging	∅	∅	∅	∅	∅	∅	∅	∅,∅	∅	1025	∅	∅	∅	∅	∅	∅	∅	1044	∅	1009	∅	∅	1025	∅	∅	1044,∅	∅	1025	∅	∅	∅	∅	∅	∅	∅	1044	∅	1009	∅	∅	1025	∅	∅	1044
anv_0093,mcveraa,dirēk 'ēr'ēr ē wana e ruwa 'anē so,#	dir	=ēk	'ēr'ēr	ZERO	#	ē	wana	e	ruwa	anē	so,#	3PL	=TAM2	RED-pluck	ZERO	#	DEM3	and	PERS.ART	two.people	DEM1.A	QUOT,They were plucking at it and and then the two said ...,en,WORD_ALIGNED,,anv_mp3 anv_wav anv_eaf anv_xml anv_tsv,,347837,349984,##	pro:a	=lv	v:pred	0:p	#nc	nc	nc	nc	nc_np.h	nc	nc,,anv,∅	∅	∅	∅	∅	∅	∅	∅	∅	∅	∅	∅,∅	1025	∅	∅	1044	∅	∅	∅	∅	1009	∅	∅,∅	1025	∅	∅	1044	∅	∅	∅	∅	1009	∅	∅
anv_0094,mcveraa,'e.. e raga 'anē so 'o ba ..'e.. gēdēs siksik duruō ē duru man ma',#	'e	e	raga	anē	so	#	'o	ba	'e	gidē	=s	sik-sik	duruō	#	ē	duru	man	ma',#	HES	PERS.ART	people	DEM1.A	QUOT	#	INTERJ	but	HES	1PL.IN	=SIM	RED:search	3DL	#	DEM3	3DL	PFV	dead,"... these people said: ""Oh, but we are looking for the two, and the two are already dead.""",en,WORD_ALIGNED,,anv_mp3 anv_wav anv_eaf anv_xml anv_tsv,,349984,356310,##	nc	ln	np.h:s	rn	other:pred	##ds	other	other	nc	pro.1:a	=lv	v:pred	pro.h:p	##ds	other	pro.h:s	lv	v:pred,,anv,∅	∅	∅	∅	∅	∅	∅	∅	∅	∅	∅	∅	∅	∅	∅	∅	∅	∅	∅,∅	∅	∅	1038	∅	∅	∅	∅	∅	∅	1038	∅	∅	1009	∅	∅	1009	∅	∅,∅	∅	∅	1038	∅	∅	∅	∅	∅	∅	1038	∅	∅	1009	∅	∅	1009	∅	∅
anv_0095,mcveraa,ēk le kel ēn 'erē tōo nōru 'anē,#	ē	ZERO	=k	le	kel	ēn	'erē	tōo	nō	-ru	anē,#	DISC	ZERO	=TAM2	take	back	ART	PL	fowl	POSS.DOM	-3DL	DEM1.A,So they took the two's fowls again,en,MORPHEME_ALIGNED,,anv_mp3 anv_wav anv_eaf anv_xml anv_tsv,,356310,358857,##	other	0.h:a	=lv	v:pred	rv	ln	ln	np:p	rn	-rn_pro.h:poss	rn,,anv,∅	∅	∅	∅	∅	∅	∅	∅	∅	∅	∅	∅,∅	∅	1038	∅	∅	∅	∅	∅	1025	∅	1009	∅,∅	∅	1038	∅	∅	∅	∅	∅	1025	∅	1009	∅
anv_0096,mcveraa,dirēk mul 'ō kel,#	dir	=ēk	mul	'ō'	kel	ZERO,#	3PL	=TAM2	go	carry	back	ZERO,and went home again with them.,en,MORPHEME_ALIGNED,,anv_mp3 anv_wav anv_eaf anv_xml anv_tsv,,358857,360525,##	pro.h:a	=lv	v:pred	rv	rv	0:p,,anv,∅	∅	∅	∅	∅	∅	∅,∅	1038	∅	∅	∅	∅	1025,∅	1038	∅	∅	∅	∅	1025
anv_0097,mcveraa,wo ... n.. duruk ōn wal 'i kēnē ē qē',#	wo	n	duru	=k	ōn	wal	'i	kēnē	#	ē	qē',#	and	ART	3DL	=TAM2	lie	once	DEL	LOC.DEM1	#	DISC	finish,And the two would be lying there. That's it.,en,MORPHEME_ALIGNED,,anv_mp3 anv_wav anv_eaf anv_xml anv_tsv,,360525,367269,##	other	nc	pro.h:s	=lv	v:pred	rv	rv	other:l	##	other	v:pred,,anv,∅	∅	∅	∅	∅	∅	∅	∅	∅	∅	∅	∅,∅	∅	∅	1009	∅	∅	∅	∅	∅	∅	∅	∅,∅	∅	∅	1009	∅	∅	∅	∅	∅	∅	∅	∅
as1_0001,mcveraa,ok gēnē kaka neln̄ovu a gēnē,#	ok	gēnē	kaka	neln̄o	vu'	agēnē,#	ok	DEM2	story	voice	spirit	DEM2.A,"Ok, here, this customary story",en,MORPHEME_ALIGNED,,as1_mp3 as1_wav as1_eaf as1_xml as1_tsv,,0,3633,##	other	other	np:dt	rn	rn	rn_dem2,,as1,∅	∅	∅	bridging	∅	∅	∅,∅	∅	∅	2001	∅	∅	∅,∅	∅	∅	2001	∅	∅	∅
as1_0002,mcveraa,e ruwa mēn 'isiruō,e	ruwa	mē	=n	'isi-ruō,PERS.ART	two.people	DAT	=ART	same.sex.sibling-3DL,(is about) two brothers.,en,MORPHEME_ALIGNED,,as1_mp3 as1_wav as1_eaf as1_xml as1_tsv,,3633,5665,ln	np.h:pred	rn	=rn	rn_np.h,,as1,∅	new	∅	∅	∅,∅	2002	∅	∅	∅,∅	2002	∅	∅	∅
as1_0003,mcveraa,duru ga mōrōs nōru e raw ba duru ga 'ōg 'a Lēmērig,#	duru	ga	mōrōs	nō	-ru	'e	raw	#	ba	duru	ga	'ōg	a	Lēmērig,#	3DL	STAT	want	POSS.DOM	-3DL	PART	hermaphrodite.pig	#	but	3DL	STAT	stay	LOC.SP	Lēmērig,The two wanted an intra-sex pig for the two. The two lived at Lēmērig.,en,MORPHEME_ALIGNED,,as1_mp3 as1_wav as1_eaf as1_xml as1_tsv,,5665,9233,##	pro.h:a	lv	v:pred	ln	-ln_pro.h:poss	ln	np:p	##	other	pro.h:s	lv	v:pred	adp	pn_np:l,,as1,∅	∅	∅	∅	∅	∅	∅	new	∅	∅	∅	∅	∅	∅	new,∅	2002	∅	∅	∅	∅	∅	2003	∅	∅	2002	∅	∅	∅	2004,∅	2002	∅	∅	∅	∅	∅	2003	∅	∅	2002	∅	∅	∅	2004
as1_0004,mcveraa,durum 'ōg van 'a Lēmērig,#	duru	=m	'ōg	van	a	Lēmērig,#	3DL	=TAM1	stay	go	LOC.SP	Lēmērig,They lived in Lēmērig and,en,MORPHEME_ALIGNED,,as1_mp3 as1_wav as1_eaf as1_xml as1_tsv,,9233,10841,##	pro.h:s	=lv	v:pred	other	adp	pn_np:l,,as1,∅	∅	∅	∅	∅	∅	∅,∅	2002	∅	∅	∅	∅	2004,∅	2002	∅	∅	∅	∅	2004
as1_0005,mcveraa,duru ga mōrōs nōru e [CONSTRUCTION RESTART] nōrun raw,#	duru	ga	mōrōs	nōru	e	[CR]	nō	-ru	=n	raw,#	3DL	STAT	want	POSS.DOM-3DL	PART	NC	POSS.DOM	-3DL	=ART	hermaphrodite.pig,the two wanted an intra-sex pig.,en,WORD_ALIGNED,,as1_mp3 as1_wav as1_eaf as1_xml as1_tsv,,10841,13361,##	pro.h:a	lv	v:pred	nc	nc	nc	ln	-ln_pro.h:poss	=ln	np:p,,as1,∅	∅	∅	∅	∅	∅	∅	∅	∅	∅	∅,∅	2002	∅	∅	∅	∅	∅	∅	2002	∅	2003,∅	2002	∅	∅	∅	∅	∅	∅	2002	∅	2003
as1_0006,mcveraa,alē durum kalak anē,#	alē	duru	=m	kalak	anē,#	alright	3DL	=TAM1	get.up	DEM1.A,"Alright, the two got up",en,MORPHEME_ALIGNED,,as1_mp3 as1_wav as1_eaf as1_xml as1_tsv,,13361,15809,##	other	pro.h:s	=lv	v:pred	other,,as1,∅	∅	∅	∅	∅	∅,∅	∅	2002	∅	∅	∅,∅	∅	2002	∅	∅	∅
as1_0007,mcveraa,duruk van walē 'a Vatov ē,#	duru	=k	van	walē	a	Vatov	ē,#	3DL	=TAM2	go	NC	LOC.SP	Vatov	DEM3,and went to Vatov.,en,MORPHEME_ALIGNED,,as1_mp3 as1_wav as1_eaf as1_xml as1_tsv,,15809,18921,##	pro.h:s	=lv	v:pred	nc	adp	pn_np:g	rn,,as1,∅	∅	∅	∅	∅	∅	new	∅,∅	2002	∅	∅	∅	∅	2005	∅,∅	2002	∅	∅	∅	∅	2005	∅
as1_0008,mcveraa,van din̄ ma 'a Vatov,#	ZERO	van	din̄	ma	a	Vatov,#	ZERO	go	reach	hither	LOC.SP	Vatov,"Went to Vatov,",en,MORPHEME_ALIGNED,,as1_mp3 as1_wav as1_eaf as1_xml as1_tsv,,18921,20881,##	0.h:s	v:pred	rv	rv	adp	pn_np:g,,as1,∅	∅	∅	∅	∅	∅	∅,∅	2002	∅	∅	∅	∅	2005,∅	2002	∅	∅	∅	∅	2005
as1_0009,mcveraa,dutuk van din̄ ma 'ekēnē,#	duru	=k	van	din̄	ma	'ekēnē,#	3DL	=TAM2	go	reach	hither	LOC.DEM1,the two reached there.,en,MORPHEME_ALIGNED,,as1_mp3 as1_wav as1_eaf as1_xml as1_tsv,,20881,22921,##	pro.h:s	=lv	v:pred	rv	rv	other:g,,as1,∅	∅	∅	∅	∅	∅	∅,∅	2002	∅	∅	∅	∅	∅,∅	2002	∅	∅	∅	∅	∅
as1_0010,mcveraa,durum van ma 'ēnē e Dōl sag 'i,#	duru	=m	van	ma	'ēnē	#	e	Dōl	sag	'i,#	3DL	=TAM1	go	hither	DEM1?	#	PERS.ART	Dōl	sit	DEL,When they arrived they saw Dōl sitting there.,en,MORPHEME_ALIGNED,,as1_mp3 as1_wav as1_eaf as1_xml as1_tsv,,22921,25273,##	pro.h:s	=lv	v:pred	rv	other	##	ln	pn_np.d:s	v:pred	rv,,as1,∅	∅	∅	∅	∅	∅	∅	∅	new	∅	∅,∅	2002	∅	∅	∅	∅	∅	∅	2006	∅	∅,∅	2002	∅	∅	∅	∅	∅	∅	2006	∅	∅
as1_0011,mcveraa,so ba ruwa mēn 'isiruō kumruk vanvan 'a vie so,#	ZERO	so	#	ba	ruwa	mē	=n	'isi-ruō	kumru	=k	vanvan	a	vie	#	ZERO	so,#	ZERO	QUOT	#	but	two.people	DAT=ART	=ART	same.sex.sibling-3DL	2DL	=TAM2	RED:go	LOC.SP	where	#	ZERO	QUOT,"He said: 'Hey, you two brothers, where are you going?'",en,WORD_ALIGNED,,as1_mp3 as1_wav as1_eaf as1_xml as1_tsv,,25273,28097,##	0.d:s	other:pred	##ds	other	np.h:voc	rn	=rn	rn	pro.2:s	=lv	v:pred	adp	other:g	##	0.h:s	other:pred,,as1,∅	∅	∅	∅	∅	∅	∅	∅	∅	∅	∅	∅	∅	∅	∅	∅	∅,∅	2006	∅	∅	∅	2002	∅	∅	∅	2002	∅	∅	∅	∅	∅	2002	∅,∅	2006	∅	∅	∅	2002	∅	∅	∅	2002	∅	∅	∅	∅	∅	2002	∅
as1_0012,mcveraa,kamaduk siksik nōmadu e raw,#	kamadu	=k	siksik	nō	-madu	'e	raw,#	1DL.EX	=TAM2	RED:seek	POSS.DOM	-1DL.EX	PART	hermaphrodite.pig,'We are looking for an intra-sex pig for us.',en,MORPHEME_ALIGNED,,as1_mp3 as1_wav as1_eaf as1_xml as1_tsv,,28097,30978,##ds	pro.1:a	=lv	v:pred	ln	-ln_pro.1:poss	ln	np:p,,as1,∅	∅	∅	∅	∅	∅	∅	∅,∅	2002	∅	∅	∅	2002	∅	2003,∅	2002	∅	∅	∅	2002	∅	2003
as1_0013,mcveraa,alē di so nōk [CONSTRUCTION RESTART] ban nōk ēn raw 'ōg 'i rōwmanē,#	alē	di	so	nōk	[CR]	#	ba	=n	nō	-k	ēn	raw	'ōg	'i	rōwmanē,#	alright	3SG	QUOT	POSS.DOM-1SG	NC	#	but	=ART	POSS.DOM	-1SG	ART	hermaphrodite.pig	stay	DEL	seawards=hither=DEM1,"Alright, so he said: 'But I have one right down here.'",en,WORD_ALIGNED,,as1_mp3 as1_wav as1_eaf as1_xml as1_tsv,,30978,33481,##	other	pro.d:s	other:pred	nc	nc	##ds	other	=ln	ln	-ln_pro.1:poss	ln	np:s	v:pred	rv	other:l,,as1,∅	∅	∅	∅	∅	∅	∅	∅	∅	∅	∅	∅	bridging	∅	∅	∅,∅	∅	2006	∅	∅	∅	∅	∅	∅	∅	2006	∅	2008	∅	∅	∅,∅	∅	2006	∅	∅	∅	∅	∅	∅	∅	2006	∅	2008	∅	∅	∅
as1_0014,mcveraa,ba durus vanvan 'ō 'i anē 'ōn sōm sōm 'amigidē,#	ba	#	duru	=s	vanvan	'ō	'i	ZERO	%	anē	'ō'	=n	sōm	sōm	'amigidē,#	but	#	3DL	=SIM	RED:go	carry	DEL	ZERO	%	DEM	with	=ART	shell.money	shell.money	of.our.kind,"But the two who came here, they had money, shell money, our money in former days.",en,MORPHEME_ALIGNED,,as1_mp3 as1_wav as1_eaf as1_xml as1_tsv,,33481,36081,##	other	#rc:s	pro.h:a	=lv	v:pred	rv	rv	0:p	%	rn	adp	=ln	np:pred	np:dt_pred	rn,,as1,∅	∅	∅	∅	∅	∅	∅	∅	new	∅	∅	∅	∅	∅	∅	∅,∅	∅	∅	2002	∅	∅	∅	∅	2007	∅	∅	∅	∅	2007	2007	∅,∅	∅	∅	2002	∅	∅	∅	∅	2007	∅	∅	∅	∅	2007	2007	∅
as1_0015,mcveraa,alē durum le sur ēn sōm anē mē diē,#	alē	duru	=m	le	sur	ēn	sōm	anē	mē	diē,#	alright	3DL	=TAM1	transfer	down	ART	shell.money	DEM1.A	DAT	3SG,So then they gave the shell money to him.,en,MORPHEME_ALIGNED,,as1_mp3 as1_wav as1_eaf as1_xml as1_tsv,,36081,38641,##	other	pro.h:a	=lv	v:pred	rv	ln	np:p	rn_dem1	adp	pro.h:g,,as1,∅	∅	∅	∅	∅	∅	∅	∅	∅	∅	∅,∅	∅	2002	∅	∅	∅	∅	2007	∅	∅	2006,∅	∅	2002	∅	∅	∅	∅	2007	∅	∅	2006
as1_0016,mcveraa,durum wōl ēn raw anē den di va'anē le sur mē diē so ba gitōk,#	duru	=m	wōl	ēn	raw	anē	den	di	va'anē	#	ZERO	le	sur	ZERO	mē	diē	#	ZERO	so	#	ba	gitōk,#	3DL	=TAM1	buy	ART	hermaphrodite.pig	DEM1.A	ABL	3SG	TEMP.DEM1	#	ZERO	transfer	down	ZERO	DAT	3SG	#	ZERO	QUOT	#	but	good,"So the two had bought the intra-sex pig from him now, gave (it) to him. He said: 'That's good.'",en,MORPHEME_ALIGNED,,as1_mp3 as1_wav as1_eaf as1_xml as1_tsv,,38641,42433,##	pro.h:a	=lv	v:pred	ln	np:p	rn_dem1	adp	pro.h:obl	other	##	0.h:a	v:pred	rv	0:p	adp	pro.h:g	##	0.d:s	other:pred	##ds	other	v:pred,,as1,∅	∅	∅	∅	∅	∅	∅	∅	∅	∅	∅	∅	∅	∅	∅	∅	∅	∅	∅	∅	∅	∅	∅,∅	2002	∅	∅	∅	2008	∅	∅	2006	∅	∅	2002	∅	∅	2007	∅	2006	∅	2006	∅	∅	∅	∅,∅	2002	∅	∅	∅	2008	∅	∅	2006	∅	∅	2002	∅	∅	2007	∅	2006	∅	2006	∅	∅	∅	∅
as1_0017,mcveraa,den kumruk mul kēl ne qōn̄ gōr kumruō ba [CONSTRUCTION RESTART] 'erē 'ōg 'i gidōl mi'ir,#	den	kumru	=k	mul	kēl	#	ne	qōn̄	gōr	kumruō	#	ba	[CR]	ZERO	'erē	'ōg	'i	#	gidō'ōl	mi'ir,#	ABL	2DL	=TAM2	go	back	#	TAM2:3SG	night	block	2DL	#	but	NC	ZERO	PL	stay	DEL	#	1TL.IN	sleep,"To prevent you two get stuck in the dark while going back home, you should stay overnight here with me.",en,MORPHEME_ALIGNED,,as1_mp3 as1_wav as1_eaf as1_xml as1_tsv,,42433,45953,##ds	other	pro.2:s	=lv	v:pred	rv	##ds	lv-pro_s	v:pred	rv	pro.2:p	##ds	other	nc	0.2:s	other	vother:pred	rv	##ds	pro.1:s	v:pred,,as1,∅	∅	∅	∅	∅	∅	∅	∅	∅	∅	∅	∅	∅	∅	∅	∅	∅	∅	∅	bridging	∅,∅	∅	2002	∅	∅	∅	∅	∅	∅	∅	2002	∅	∅	∅	2002	∅	∅	∅	∅	2009	∅,∅	∅	2002	∅	∅	∅	∅	∅	∅	∅	2002	∅	∅	∅	2002	∅	∅	∅	∅	2009	∅
as1_0018,mcveraa,alē dir'ōl mi'ir va'anē dir'ōlm mi'ir anē mi'ir anē ne vavan ne maran,#	alē	dir'ōl	mi'ir	va'anē	#	dir'ōl	=m	mi'ir	anē	#	ZERO	mi'ir	anē	#	ne	va-van	#	ne	maran,#	alright	3TL	sleep	TEMP.DEM1	#	3TL	=TAM1	sleep	DEM1.A	#	ZERO	sleep	DEM1.A	#	TAM2:3SG	RED-go	#	TAM2:3SG	daylight,And so the three of them spent the night there. They were sleeping until daylight broke.,en,MORPHEME_ALIGNED,,as1_mp3 as1_wav as1_eaf as1_xml as1_tsv,,45953,50553,##	other	pro.h:s	v:pred	other	##	pro.h:s	=lv	v:pred	other	##	0.h:s	v:pred	other	##	lv-pro_s	v:pred	##	lv-pro_s	v:pred,,as1,∅	∅	∅	∅	∅	∅	∅	∅	∅	∅	∅	∅	∅	∅	∅	∅	∅	∅	∅	∅,∅	∅	2009	∅	∅	∅	2009	∅	∅	∅	∅	2009	∅	∅	∅	∅	∅	∅	∅	∅,∅	∅	2009	∅	∅	∅	2009	∅	∅	∅	∅	2009	∅	∅	∅	∅	∅	∅	∅	∅
as1_0019,mcveraa,maran ma anē,#	maran	ma	anē,#	daylight	hither	DEM1.A,Daylight came,en,MORPHEME_ALIGNED,,as1_mp3 as1_wav as1_eaf as1_xml as1_tsv,,50553,51465,##	v:pred	rv	other,,as1,∅	∅	∅	∅,∅	∅	∅	∅,∅	∅	∅	∅
as1_0020,mcveraa,e Dōl ne tēk mē duru so,#	e	Dōl	ne	tēk	mē	duru	so,#	ART	Dōl	TAM2:3SG	speak	DAT	3DL	QUOT,and Dōl said to the two:,en,MORPHEME_ALIGNED,,as1_mp3 as1_wav as1_eaf as1_xml as1_tsv,,51465,54001,##	ln	pn_np.d:s_ds	lv-pro_d_s_ds	v:pred	adp	pro.h:g	other,,as1,∅	∅	∅	∅	∅	∅	∅	∅,∅	∅	2006	∅	∅	∅	2002	∅,∅	∅	2006	∅	∅	∅	2002	∅
as1_0021,mcveraa,gidō'ōl van lēn 'ēqē',#	gidō'ōl	van	lē	=n	'ēqē',#	1TL.IN	go	LOC	=ART	garden,'Let's go to the garden.',en,MORPHEME_ALIGNED,,as1_mp3 as1_wav as1_eaf as1_xml as1_tsv,,54001,55449,##ds	pro.1:s	v:pred	adp	=ln	np:g,,as1,∅	∅	∅	∅	∅	new,∅	2009	∅	∅	∅	2010,∅	2009	∅	∅	∅	2010
as1_0022,mcveraa,dir'ōl van anē,#	dir'ōl	van	anē,#	3TL	go	DEM1.A,And so the three set off.,en,MORPHEME_ALIGNED,,as1_mp3 as1_wav as1_eaf as1_xml as1_tsv,,55449,57097,##	pro.h:s	v:pred	other,,as1,∅	∅	∅	∅,∅	2009	∅	∅,∅	2009	∅	∅
as1_0023,mcveraa,dir'ōl ov ēn qe'e wok gin ēn rōrō',#	dir'ōl	ov	ēn	qe'e	#	wo	ZERO	=k	gin	ēn	rōrō',#	3TL	pull	ART	taro	#	and	ZERO	=TAM2	pinch	ART	k.o.cabage,"They pulled some taro and pinched off some cabbage,",en,MORPHEME_ALIGNED,,as1_mp3 as1_wav as1_eaf as1_xml as1_tsv,,57097,60857,##	pro.h:a	v:pred	ln	np:p	##	other	0.h:a	=lv	v:pred	ln	np:p,,as1,∅	∅	∅	∅	bridging	∅	∅	∅	∅	∅	∅	bridging,∅	2009	∅	∅	2011	∅	∅	2009	∅	∅	∅	2012,∅	2009	∅	∅	2011	∅	∅	2009	∅	∅	∅	2012
as1_0024,mcveraa,wok ov ēn gie,#	wo	ZERO	=k	ov	ēn	gie,#	and	ZERO	=TAM2	pull	ART	kava,and pulled some kava.,en,MORPHEME_ALIGNED,,as1_mp3 as1_wav as1_eaf as1_xml as1_tsv,,60857,62665,##	other	0.h:a	=lv	v:pred	ln	np:p,,as1,∅	∅	∅	∅	∅	∅	bridging,∅	∅	2009	∅	∅	∅	2013,∅	∅	2009	∅	∅	∅	2013
as1_0025,mcveraa,alē dir'ōl van qēl [CONSTRUCTION RESTART] mul kēl ma lēn lōlō nim̄ē va'anē mul qēl ma anē rekso man revrev,#	alē	dir'ōl	van	qēl	[CR]	#	ZERO	mul	kēl	ma	lē	=n	lōlō	nim̄ē	va'anē	#	ZERO	mul	qēl	ma	anē	#	rekso	man	revrev,#	alright	3TL	go	descend	NC	#	ZERO	go	back	hither	LOC	=ART	inside	house	TEMP.DEM1	#	ZERO	go	descend	hither	DEM1.A	#	like	PFV	afternoon,"Alright, then the three came back into the house, and when they came it was evening.",en,MORPHEME_ALIGNED,,as1_mp3 as1_wav as1_eaf as1_xml as1_tsv,,62665,67354,##	other	pro.h:s	v:pred	rv	nc	##	0.h:s	v:pred	rv	rv	adp	=ln	ln	np:g	other	##	0.h:s	v:pred	rv	rv	other	##	other	lv	v:pred,,as1,∅	∅	∅	∅	∅	∅	∅	∅	∅	∅	∅	∅	∅	∅	bridging	∅	∅	∅	∅	∅	∅	∅	∅	∅	∅	∅,∅	∅	2009	∅	∅	∅	∅	2009	∅	∅	∅	∅	∅	∅	2014	∅	∅	2009	∅	∅	∅	∅	∅	∅	∅	∅,∅	∅	2009	∅	∅	∅	∅	2009	∅	∅	∅	∅	∅	∅	2014	∅	∅	2009	∅	∅	∅	∅	∅	∅	∅	∅
as1_0026,mcveraa,alē dir'ōl e [CONSTRUCTION RESTART],#	alē	dir'ōl	eh,#	alright	3TL	NC,...,en,MORPHEME_ALIGNED,,as1_mp3 as1_wav as1_eaf as1_xml as1_tsv,,67354,68690,#nc	nc	nc_pro.h	nc,,as1,∅	∅	∅	∅,∅	∅	2009	∅,∅	∅	2009	∅
as1_0027,mcveraa,duruk wos ēn n̄ar,#	duru	=k	wos	ēn	n̄ar,#	3DL	=TAM2	smash	ART	canarium.nut,Then the two cracked canarium nuts.,en,MORPHEME_ALIGNED,,as1_mp3 as1_wav as1_eaf as1_xml as1_tsv,,68690,70138,##	pro.h:a	=lv	v:pred	ln	np:p,,as1,∅	∅	∅	∅	∅	new,∅	2002	∅	∅	∅	2015,∅	2002	∅	∅	∅	2015
as1_0028,mcveraa,wos ēn n̄ar anē dir'ōl dan wig,#	ZERO	wos	ēn	n̄ar	anē	#	dir'ōl	da	=n	wig,#	ZERO	smash	ART	canarium.nut	DEM1.A	#	3TL	do	=ART	k.o.pudding,"Cracked these canarium nuts, the three made a wig pudding",en,MORPHEME_ALIGNED,,as1_mp3 as1_wav as1_eaf as1_xml as1_tsv,,70138,71681,##	0.h:a	v:pred	ln	np:p	rn	##	pro.h:a	v:pred	=ln	np:p,,as1,∅	∅	∅	∅	∅	∅	∅	∅	∅	∅	new,∅	2002	∅	∅	2015	∅	∅	2009	∅	∅	2016,∅	2002	∅	∅	2015	∅	∅	2009	∅	∅	2016
as1_0029,mcveraa,me big 'ō san rōrō' ē,#	ZERO	me	big	'ō'	sa	=n	rōrō'	ē,#	ZERO	FUT	eat.proteins	carry	EMPH	=ART	k.o.cabage	DEM3,and had it with that cabage.,en,MORPHEME_ALIGNED,,as1_mp3 as1_wav as1_eaf as1_xml as1_tsv,,71681,72954,##	0.h:a	lv	v:pred	adp	other	=ln	np:p	rn,,as1,∅	∅	∅	∅	∅	∅	∅	∅	∅,∅	2009	∅	∅	∅	∅	∅	2012	∅,∅	2009	∅	∅	∅	∅	∅	2012	∅
as1_0030,mcveraa,alē duruk wos ēn n̄ar qēk qis ēn lōt,#	alē	duru	=k	wos	ēn	n̄ar	#	qē'	ZERO	=k	qis	ēn	lōt,#	alright	3DL	=TAM2	smash	ART	canarium.nut	#	finish	ZERO	=TAM2	pound	ART	pudding,"Alright, so the two cracked the canarium nuts and then pounded the pudding.",en,MORPHEME_ALIGNED,,as1_mp3 as1_wav as1_eaf as1_xml as1_tsv,,72954,76281,##	other	pro.h:a	=lv	v:pred	ln	np:p	##	other	0.h:a	=lv	v:pred	ln	np:p,,as1,∅	∅	∅	∅	∅	∅	∅	∅	∅	∅	∅	∅	∅	∅,∅	∅	2002	∅	∅	∅	2015	∅	∅	2002	∅	∅	∅	2016,∅	∅	2002	∅	∅	∅	2015	∅	∅	2002	∅	∅	∅	2016
as1_0031,mcveraa,gengen enteg qē',#	ZERO	gengen	enteg	qē',#	ZERO	RED:eat	well	finish,Having eaten well ...,en,MORPHEME_ALIGNED,,as1_mp3 as1_wav as1_eaf as1_xml as1_tsv,,76281,78033,##	0.h:s	v:pred	rv	rv,,as1,∅	∅	∅	∅	∅,∅	2009	∅	∅	∅,∅	2009	∅	∅	∅
as1_0032,mcveraa,wē ba ma'i 'ōw'ōw rekso nik me in [CONSTRUCTION RESTART] nik me gengen qē' nik mak inin ēn gie,#	wē	ba	ma'i	'ōw'ōw	rekso	nik	me	in	[CR]	nik	me	gengen	qē'	#	nik	mak	inin	ēn	gie,#	good	but	well	before	like	2SG	FUT	drink	NC	2SG	FUT	RED:eat	finish	#	2SG	IMM	RED:drink	ART	kava,"well, but in former times, you would finish eating, and only then would you drink kava.",en,MORPHEME_ALIGNED,,as1_mp3 as1_wav as1_eaf as1_xml as1_tsv,,78033,82913,##	other	other	other	other	other	nc	nc	nc	nc	pro.2:s	lv	v:pred	rv	##	pro.2:a	lv	v:pred	ln	np:p,,as1,∅	∅	∅	∅	∅	∅	∅	∅	∅	∅	∅	∅	∅	∅	∅	∅	∅	∅	∅	∅,∅	∅	∅	∅	∅	∅	∅	∅	∅	∅	∅	∅	∅	∅	∅	∅	∅	∅	∅	∅,∅	∅	∅	∅	∅	∅	∅	∅	∅	∅	∅	∅	∅	∅	∅	∅	∅	∅	∅	∅
as1_0033,mcveraa,alē van e La(WA) e Dōl so,#	alē	van	e	La(WA)	e	Dōl	so,#	alright	go	ART	NC	PERS.ART	Dōl	QUOT,"Alright, after a while Dōl said:",en,MORPHEME_ALIGNED,,as1_mp3 as1_wav as1_eaf as1_xml as1_tsv,,82913,85585,##	other	other	nc	nc	ln	pn_np.d:s_ds	other:pred,,as1,∅	∅	∅	∅	∅	∅	∅	∅,∅	∅	∅	∅	∅	∅	2006	∅,∅	∅	∅	∅	∅	∅	2006	∅
as1_0034,mcveraa,kumru e sē me wan mok ēn gie,#	kumru	e	sē	me	wan	mo	-k	ēn	gie,#	2DL	ART	who	FUT	grind	POSS.DRINK	-1SG	ART	kava,"'You two, who will grind kava for me?'",en,MORPHEME_ALIGNED,,as1_mp3 as1_wav as1_eaf as1_xml as1_tsv,,85585,87873,##ds	pro.2:dt	ln	np.h:a	lv	v:pred	ln	-ln_pro.1:poss	ln	np:p,,as1,∅	∅	∅	∅	∅	∅	∅	∅	∅	∅,∅	2002	∅	∅	∅	∅	∅	2006	∅	2013,∅	2002	∅	∅	∅	∅	∅	2006	∅	2013
as1_0035,mcveraa,alēn 'uwam̄ēre ne tēk mēn 'isim̄ēre so on 'isim̄ēre me [CONSTRUCTION RESTART] ne [CONSTRUCTION RESTART] me wan mom ēn gie alē,#	alē	=n	'uwam̄ēre	ne	tēk	mē	=n	'isim̄ēre	so	#	o	=n	'isim̄ēre	me	[CR]	ne	[CR]	me	wan	mo	-m	ēn	gie	#	alē,#	alright	=ART	firstborn	TAM2:3SG	speak	DAT	=ART	lastborn	QUOT	#	INTERJ=ART	=ART	lastborn	FUT	NC	TAM2:3SG	NC	FUT	grind	POSS.DRINK	-2SG	ART	kava	#	alright,"Alright, then the firstborn said to the lastborn: 'The lastborn will grind your kava.'",en,WORD_ALIGNED,,as1_mp3 as1_wav as1_eaf as1_xml as1_tsv,,87873,92210,##	other	=ln	np.h:s_ds	lv-pro_h_s_ds	v:pred	adp	=ln	np.h:g	other	##ds	other	=ln	np.h:a	nc	nc	nc	nc	lv	v:pred	ln	-ln_pro.2:poss	ln	np:p	##	other,,as1,∅	∅	∅	bridging	∅	∅	∅	∅	bridging	∅	∅	∅	∅	∅	∅	∅	∅	∅	∅	∅	∅	∅	∅	∅	∅	∅,∅	∅	∅	2017	∅	∅	∅	∅	2018	∅	∅	∅	∅	2018	∅	∅	∅	∅	∅	∅	∅	2006	∅	2013	∅	∅,∅	∅	∅	2017	∅	∅	∅	∅	2018	∅	∅	∅	∅	2018	∅	∅	∅	∅	∅	∅	∅	2006	∅	2013	∅	∅
as1_0036,mcveraa,di ne wan va'anē,di	ne	wan	ZERO	va'anē,3SG	TAM2:3SG	grind	ZERO	TEMP.DEM1,And so he started to grind (it).,en,MORPHEME_ALIGNED,,as1_mp3 as1_wav as1_eaf as1_xml as1_tsv,,92210,93601,pro.h:a	lv-pro_h_a	v:pred	0:p	other,,as1,∅	∅	∅	∅	∅,2018	∅	∅	2013	∅,2018	∅	∅	2013	∅
as1_0037,mcveraa,ne wan ēn mogin gie anē duruk [CONSTRUCTION RESTART],#	ZERO	ne	wan	ēn	mo	-gi	=n	gie	anē	duru=k	[CR],#	ZERO	TAM2:3SG	grind	ART	POSS.DRINK	-3SG	=ART	kava	DEM1.A	3DL=TAM2	NC,Ground his kava,en,MORPHEME_ALIGNED,,as1_mp3 as1_wav as1_eaf as1_xml as1_tsv,,93601,95729,##	0.h:a	lv-pro_h_a	v:pred	ln	ln	-ln_pro.h:poss	=ln	np:p	rn	nc	nc,,as1,∅	∅	∅	∅	∅	∅	∅	∅	∅	∅	∅	∅,∅	2018	∅	∅	∅	∅	2006	∅	2013	∅	∅	∅,∅	2018	∅	∅	∅	∅	2006	∅	2013	∅	∅	∅
as1_0038,mcveraa,'ogin 'uwam̄ēre me in,#	'o	-gi	=n	'uwam̄ēre	ZERO	me	in	ZERO,#	with	-3SG	=ART	firstborn	ZERO	FUT	drink	ZERO,to drink together with the firstborn.,en,MORPHEME_ALIGNED,,as1_mp3 as1_wav as1_eaf as1_xml as1_tsv,,95729,97633,##	adp	-pro.h:obl	=ln	np.h:obl	0.d:a	lv	v:pred	0:p,,as1,∅	∅	∅	∅	∅	∅	∅	∅	∅,∅	∅	∅	∅	2017	∅	∅	∅	∅,∅	∅	∅	∅	2017	∅	∅	∅	∅
as1_0039,mcveraa,alē durum inin vavan anē,#	alē	duru	=m	inin	ZERO	va-van	anē,#	alright	3DL	=TAM1	RED:drink	ZERO	RED-go	DEM1.A,When the two were drinking (it),en,MORPHEME_ALIGNED,,as1_mp3 as1_wav as1_eaf as1_xml as1_tsv,,97633,99273,##	other	pro.h:a	=lv	v:pred	0:p	other	other,,as1,∅	∅	∅	∅	∅	∅	∅	∅,∅	∅	2002	∅	∅	2013	∅	∅,∅	∅	2002	∅	∅	2013	∅	∅
as1_0040,mcveraa,e Dōl so o no man qēn gie man man no,#	e	Dōl	so	#	o	no	man	qē'	#	=n	gie	man	man	no,#	PERS.ART	Dōl	QUOT	#	INTERJ	1SG	PFV	finish	#	=ART	kava	PFV	stimulate	1SG,"after a while Dōl said: 'Oh, I'm done. I'm already drunk on the kava.'",en,MORPHEME_ALIGNED,,as1_mp3 as1_wav as1_eaf as1_xml as1_tsv,,99273,101497,##	ln	pn_np.d:s_ds	other:pred	##ds	other	pro.1:s	lv	v:pred	##	=ln	np:a	lv	v:pred	pro.1:p,,as1,∅	∅	∅	∅	∅	∅	∅	∅	∅	∅	∅	∅	∅	∅	∅,∅	∅	2006	∅	∅	∅	2006	∅	∅	∅	∅	2013	∅	∅	2006,∅	∅	2006	∅	∅	∅	2006	∅	∅	∅	∅	2013	∅	∅	2006
as1_0041,mcveraa,ban 'uwam̄ēre so o no rek ēn giem man no alē dir'ōl ōn sur,#	ba	=n	'uwam̄ēre	so	#	o	no	rek	ēn	gie	=m	man	no	#	alē	dir'ōl	ōn	sur,#	but	=ART	firstborn	QUOT	#	INTERJ	1SG	too	ART	kava	=TAM1	stimulate	1SG	#	alright	3TL	lie	down,"And the firstborn too said: 'Same for me, I'm drunk on the kava.' And so the three lay down",en,MORPHEME_ALIGNED,,as1_mp3 as1_wav as1_eaf as1_xml as1_tsv,,101497,104705,##	other	=ln	np.h:s	other:pred	##ds	other	pro.1:dt_p	other	ln	np:a	=lv	v:pred	pro.1:p	##	other	pro.h:s	v:pred	rv,,as1,∅	∅	∅	∅	∅	∅	∅	∅	∅	∅	∅	∅	∅	∅	∅	∅	∅	∅	∅,∅	∅	∅	2017	∅	∅	∅	2017	∅	∅	2013	∅	∅	2017	∅	∅	2009	∅	∅,∅	∅	∅	2017	∅	∅	∅	2017	∅	∅	2013	∅	∅	2017	∅	∅	2009	∅	∅
as1_0042,mcveraa,mi'ir va'anē,#	ZERO	mi'ir	va'anē,#	ZERO	sleep	TEMP.DEM1,and got to sleep.,en,MORPHEME_ALIGNED,,as1_mp3 as1_wav as1_eaf as1_xml as1_tsv,,104705,105810,##	0.h:s	v:pred	other,,as1,∅	∅	∅	∅,∅	2009	∅	∅,∅	2009	∅	∅
as1_0043,mcveraa,dir'ōlm mi'ir anē lēn qōn̄,#	dir'ōl	mi'ir	anē	#	lē	=n	qōn̄,#	3TL	sleep	DEM1.A	#	LOC	=ART	night,"While they were sleeping, at night,",en,MORPHEME_ALIGNED,,as1_mp3 as1_wav as1_eaf as1_xml as1_tsv,,105810,107353,##	pro.h:s	v:pred	other	##	adp	=ln	np:other,,as1,∅	∅	∅	∅	∅	∅	∅	∅,∅	2009	∅	∅	∅	∅	∅	2018,∅	2009	∅	∅	∅	∅	∅	2018
as1_0044,mcveraa,e Dōl ne kalaka,e	Dōl	ne	kalaka,PERS.ART	Dōl	TAM2:3SG	get.up,Dōl got up.,en,MORPHEME_ALIGNED,,as1_mp3 as1_wav as1_eaf as1_xml as1_tsv,,107353,109049,ln	pn_np.d:s	lv-pro_d_s	v:pred,,as1,∅	∅	∅	∅,∅	2006	∅	∅,∅	2006	∅	∅
as1_0045,mcveraa,ne van rōw ma anē,#	ZERO	ne	van	rōw	ma	anē,#	ZERO	TAM2:3SG	go	seawards	hither	DEM1.A,Went down here,en,MORPHEME_ALIGNED,,as1_mp3 as1_wav as1_eaf as1_xml as1_tsv,,109049,110569,##	0.d:s	lv-pro_d_s	v:pred	rv	rv	other,,as1,∅	∅	∅	∅	∅	∅	∅,∅	2006	∅	∅	∅	∅	∅,∅	2006	∅	∅	∅	∅	∅
as1_0046,mcveraa,ne kalu lēn mie,#	ZERO	ne	kalu	lē	=n	miē,#	ZERO	TAM2:3SG	exit	LOC	=ART	outdoor,and went outside.,en,MORPHEME_ALIGNED,,as1_mp3 as1_wav as1_eaf as1_xml as1_tsv,,110569,111897,##	0.d:s	lv-pro_d_s	v:pred	adp	=ln	np:g,,as1,∅	∅	∅	∅	∅	∅	∅,∅	2006	∅	∅	∅	∅	∅,∅	2006	∅	∅	∅	∅	∅
as1_0047,mcveraa,van rōw ma anē 'ēn ēn wōvēre mi'ig,#	ZERO	van	rōw	ma	anē	#	ZERO	'ēn	ēn	wōvēre	mi'ig,#	ZERO	go	down	hither	DEM1.A	#	ZERO	see	ART	fibres	coconut,Came down here and saw coconut fibres.,en,MORPHEME_ALIGNED,,as1_mp3 as1_wav as1_eaf as1_xml as1_tsv,,111897,113777,##	0.d:s	v:pred	rv	rv	other	##	0.d:a	v:pred	ln	np:p	rn,,as1,∅	∅	∅	∅	∅	∅	∅	∅	∅	∅	new	∅,∅	2006	∅	∅	∅	∅	∅	2006	∅	∅	2019	∅,∅	2006	∅	∅	∅	∅	∅	2006	∅	∅	2019	∅
as1_0048,mcveraa,ē dine le ne gial san wōvēre mi'ig ēm gial ga tiktik wal,#	ē	di	ne	le	ZERO	#	ZERO	ne	gial	sa	=n	wōvēre-	mi'ig	ē	#	ZERO	=m	gial	ZERO	#	ZERO	ga	tiktik	wal,#	DEM3	3SG	TAM2:3SG	transfer	ZERO	#	ZERO	TAM2:3SG	yarn	EMPH	=ART	fibres	coconut	DEM3	#	ZERO	=TAM1	yarn	ZERO	#	ZERO	STAT	RED:small	INTENS,"And then he took (it) and started to yarn these coconut fibres, yarned (it) very fine.",en,WORD_ALIGNED,,as1_mp3 as1_wav as1_eaf as1_xml as1_tsv,,113777,118097,##	other	pro.d:a	lv-pro_d_a	v:pred	0:p	##	0.d:a	lv-pro_d_a	v:pred	other	=ln	np:p	rn	rn	##	0.d:a	=lv	v:pred	0:p	#cc	0:s	lv	v:pred	rv,,as1,∅	∅	∅	∅	∅	∅	∅	∅	∅	∅	∅	∅	∅	∅	∅	∅	∅	∅	∅	∅	∅	∅	∅	∅	∅,∅	∅	2006	∅	∅	2019	∅	2006	∅	∅	∅	∅	2019	∅	∅	∅	2006	∅	∅	2019	∅	2019	∅	∅	∅,∅	∅	2006	∅	∅	2019	∅	2006	∅	∅	∅	∅	2019	∅	∅	∅	2006	∅	∅	2019	∅	2019	∅	∅	∅
as1_0049,mcveraa,ē dine kalba kēl sar ma anē ne 'an̄ qal san,#	ē	di	ne	kal	ba'a	kēl	sar	ma	anē	#	ZERO	ne	'an̄	qal	sa=n,#	DEM3	3SG	TAM2:3SG	enter	into	back	inside	hither	DEM1.A	#	ZERO	TAM2:3SG	move.hand	hit	EMPH=ART,Then he went back inside the house and touched that...,en,MORPHEME_ALIGNED,,as1_mp3 as1_wav as1_eaf as1_xml as1_tsv,,118097,121584,##	other	pro.d:s	lv-pro_d_s	v:pred	rv	rv	rv	rv	other	#nc	nc	nc	nc	nc	nc,,as1,∅	∅	∅	∅	∅	∅	∅	∅	∅	∅	∅	∅	∅	∅	∅	∅,∅	∅	2006	∅	∅	∅	∅	∅	∅	∅	∅	∅	∅	∅	∅	∅,∅	∅	2006	∅	∅	∅	∅	∅	∅	∅	∅	∅	∅	∅	∅	∅
as1_0050,mcveraa,'uwam̄ēre ga mi'ir qēlēn̄ wal di e rōn̄rōn̄ wal rōs,#	'uwam̄ēre	ga	mi'ir	qēlēn̄	wal	#	di	e	rōn̄rōn̄	wal	rōs,#	firstborn	STAT	sleep	lost	INTENS	#	3SG	GEN.NEG1	RED:hear	INTENS	GEN.NEG2,"The firstborn was fast asleep, he didn't feel anything at all.",en,MORPHEME_ALIGNED,,as1_mp3 as1_wav as1_eaf as1_xml as1_tsv,,121584,124570,##	np.h:s	lv	v:pred	rv	rv	##	pro.h:s	lv	v:pred	rv	rv,,as1,∅	∅	∅	∅	∅	∅	∅	∅	∅	∅	∅	∅,∅	2017	∅	∅	∅	∅	∅	2017	∅	∅	∅	∅,∅	2017	∅	∅	∅	∅	∅	2017	∅	∅	∅	∅
as1_0051,mcveraa,alē ne gis san wōbin mugi ne rēv,#	alē	ZERO	ne	gis	sa	=n	wōbin	mu	-gi	#	ZERO	ne	rēv	ZERO,#	alright	ZERO	TAM2:3SG	grab	EMPH	=ART	penis	POSS.GEN	-3SG	#	ZERO	TAM2:3SG	pull	ZERO,"Alright, grabbed this penis of his and pulled (it).",en,MORPHEME_ALIGNED,,as1_mp3 as1_wav as1_eaf as1_xml as1_tsv,,124570,126922,##	other	0.d:a	lv-pro_d_a	v:pred	other	=ln	np:p	rn	-rn_pro.h:poss	##	0.d:a	lv-pro_d_a	v:pred	0:p,,as1,∅	∅	∅	∅	∅	∅	∅	bridging	∅	∅	∅	∅	∅	∅	∅,∅	∅	2006	∅	∅	∅	∅	2020	∅	2017	∅	2006	∅	∅	2020,∅	∅	2006	∅	∅	∅	∅	2020	∅	2017	∅	2006	∅	∅	2020
as1_0052,mcveraa,ne rēv san wōbin mugi anē,#	ZERO	ne	rēv	sa	=n	wōbin	mu	-gi	anē,#	ZERO	TAM2:3SG	pull	EMPH	=ART	penis	POSS.GEN	-3SG	DEM1.A,Pulled this penis of his,en,MORPHEME_ALIGNED,,as1_mp3 as1_wav as1_eaf as1_xml as1_tsv,,126922,129145,##	0.d:a	lv-pro_d_a	v:pred	other	=ln	np:p	rn	-rn_pro.h:poss	rn,,as1,∅	∅	∅	∅	∅	∅	∅	∅	∅	∅,∅	2006	∅	∅	∅	∅	2020	∅	2017	∅,∅	2006	∅	∅	∅	∅	2020	∅	2017	∅
as1_0053,mcveraa,ne riv [CONSTRUCTION RESTART] ne rēv san wōbin mugi anē ne 'al varga san wōbin mugi ē,#	ne	riv	[CR]	#	ZERO	ne	rēv	sa	=n	wōbin	mu	-gi	anē	#	ZERO	ne	'al	varga	sa	=n	wōbin	mu	-gi	ē,#	TAM2:3SG	plant	NC	#	ZERO	TAM2:3SG	pull	EMPH	=ART	penis	POSS.GEN	-3SG	DEM1.A	#	ZERO	TAM2:3SG	tie	tight	EMPH	=ART	penis	POSS.GEN	-3SG	DEM3,"pulled his penis, tied his penis up tightly.",en,MORPHEME_ALIGNED,,as1_mp3 as1_wav as1_eaf as1_xml as1_tsv,,129145,132713,#nc	nc	nc	nc	##	0.d:a	lv-pro_d_a	v:pred	other	=ln	np:p	rn	-rn_pro.h:poss	rn	##	0.d:a	lv-pro_d_a	v:pred	rv	other	=ln	np:p	rn	-rn_pro.h:poss	rn,,as1,∅	∅	∅	∅	∅	∅	∅	∅	∅	∅	∅	∅	∅	∅	∅	∅	∅	∅	∅	∅	∅	∅	∅	∅	∅,∅	∅	∅	∅	∅	2006	∅	∅	∅	∅	2020	∅	2017	∅	∅	2006	∅	∅	∅	∅	∅	2020	∅	2017	∅,∅	∅	∅	∅	∅	2006	∅	∅	∅	∅	2020	∅	2017	∅	∅	2006	∅	∅	∅	∅	∅	2020	∅	2017	∅
as1_0054,mcveraa,alē dir'ol mimi'ir van,#	alē	dir'ol	mi-mi'ir	van,#	alright	3TL	RED-sleep	go,So the three kept sleeping until,en,MORPHEME_ALIGNED,,as1_mp3 as1_wav as1_eaf as1_xml as1_tsv,,132713,135409,##	other	pro.h:s	v:pred	other,,as1,∅	∅	∅	∅	∅,∅	∅	2009	∅	∅,∅	∅	2009	∅	∅
as1_0055,mcveraa,di ne ma'av ma anē,#	di	ne	ma'av	ma	anē,#	3SG	TAM2:3SG	morning	hither	DEM1.A,daylight broke.,en,MORPHEME_ALIGNED,,as1_mp3 as1_wav as1_eaf as1_xml as1_tsv,,135409,137481,##	pro:s	lv-pro_s	v:pred	rv	other,,as1,∅	∅	∅	∅	∅	∅,∅	∅	∅	∅	∅	∅,∅	∅	∅	∅	∅	∅
as1_0056,mcveraa,'uwam̄ēre so o [CONSTRUCTION RESTART] ne tēk mēn 'isim̄ēre so nok rōn̄ ē nom rusō,#	'uwam̄ēre	so	#	o	[CR]	#	ZERO	ne	tēk	mē	=n	'isim̄ēre	so	#	no	=k	rōn̄	#	ē	no	=m	rusō,#	firstborn	QUOT	#	INTERJ	NC	#	ZERO	TAM2:3SG	speak	DAT	=ART	lastborn	QUOT	#	1SG	=TAM2	feel	#	DEM3	1SG	=TAM1	sick,The firstborn said to the secondborn: 'I feel sick.',en,MORPHEME_ALIGNED,,as1_mp3 as1_wav as1_eaf as1_xml as1_tsv,,137481,141529,##	np.h:s	other:pred	##ds	other	nc	##	0.h:s_ds	lv-pro_h_s_ds	v:pred	adp	=ln	np.h:g	other	##ds	pro.1:s	=lv	v:pred	#ds_cc	other	pro.1:s	=lv	v:pred,,as1,∅	∅	∅	∅	∅	∅	∅	∅	∅	∅	∅	∅	∅	∅	∅	∅	∅	∅	∅	∅	∅	∅	∅,∅	2017	∅	∅	∅	∅	∅	2017	∅	∅	∅	∅	2018	∅	∅	2017	∅	∅	∅	∅	2017	∅	∅,∅	2017	∅	∅	∅	∅	∅	2017	∅	∅	∅	∅	2018	∅	∅	2017	∅	∅	∅	∅	2017	∅	∅
as1_0057,mcveraa,so nik ga rus sivie so wisi no e [CONSTRUCTION RESTART] no e rōn̄ rōs son 'irbēk e wi rōs,#	ZERO	so	#	nik	ga	rus	siviē	#	ZERO	so	#	wisi	no	eh	[CR]	no	e	rōn̄	rōs	#	so	=n	'irbē	-k	e	wi	rōs,#	ZERO	QUOT	#	2SG	STAT	sick	how	#	ZERO	QUOT	#	I.don't.know	1SG	NC	NC	1SG	GEN.NEG1	feel	GEN.NEG2	#	CPL	=ART	body	-1SG	GEN.NEG1	good	GEN.NEG2,"'But what kind of sickness?' 'I don't know, my body isn't well.'",en,MORPHEME_ALIGNED,,as1_mp3 as1_wav as1_eaf as1_xml as1_tsv,,141529,145849,##	0.h:s	other:pred	##ds	pro.2:s	lv	v:pred	other	##	0.h:s	other:pred	##ds.neg	other	nc_pro.1	nc	nc	pro.1:s	lv	v:pred	rv	#ds_cc	other	=ln	np:s	-rn_pro.1:poss	lv	v:pred	rv,,as1,∅	∅	∅	∅	∅	∅	∅	∅	∅	∅	∅	∅	∅	∅	∅	∅	∅	∅	∅	∅	∅	∅	∅	bridging	∅	∅	∅	∅,∅	2018	∅	∅	2017	∅	∅	∅	∅	2017	∅	∅	∅	2017	∅	∅	2017	∅	∅	∅	∅	∅	∅	2021	2017	∅	∅	∅,∅	2018	∅	∅	2017	∅	∅	∅	∅	2017	∅	∅	∅	2017	∅	∅	2017	∅	∅	∅	∅	∅	∅	2021	2017	∅	∅	∅
as1_0058,mcveraa,e no ē [CONSTRUCTION RESTART] ne tēk [CONSTRUCTION RESTART] ne 'aram mēn 'uwam̄ēre so,#	e	no	ē	[CR]	ne	tēk	[CR]	ZERO	ne	'aram	mē	=n	'uwam̄ēre	so,#	PERS.ART	1SG	DEM3	NC	TAM2:3SG	speak	NC	ZERO	TAM2:3SG	tell	DAT	=ART	firstborn	QUOT,...,en,MORPHEME_ALIGNED,,as1_mp3 as1_wav as1_eaf as1_xml as1_tsv,,145849,149033,#nc	nc	nc	nc	nc	nc	nc	nc	nc	nc	nc	nc	nc	nc	nc,,as1,∅	∅	∅	∅	∅	∅	∅	∅	∅	∅	∅	∅	∅	∅	∅,∅	∅	∅	∅	∅	∅	∅	∅	∅	∅	∅	∅	∅	∅	∅,∅	∅	∅	∅	∅	∅	∅	∅	∅	∅	∅	∅	∅	∅	∅
as1_0059,mcveraa,e [CONSTRUCTION RESTART] ne 'aram mēn 'isim̄ēre so,eh	[CR]	#	ZERO	ne	'aram	mē	=n	'isim̄ēre	so,NC	NC	#	ZERO	TAM2:3SG	tell	DAT	=ART	lastborn	QUOT,Then (he) told the younger brother:,en,MORPHEME_ALIGNED,,as1_mp3 as1_wav as1_eaf as1_xml as1_tsv,,149033,150809,nc	nc	##	0.h:s	lv-pro_h_s	v:pred	adp	=ln	np.h:g	other,,as1,∅	∅	∅	∅	∅	∅	∅	∅	∅	∅,∅	∅	∅	2017	∅	∅	∅	∅	2018	∅,∅	∅	∅	2017	∅	∅	∅	∅	2018	∅
as1_0060,mcveraa,nom van lēn nim̄ tiktik so nok mērmēr ba nom mērmēr lēge nom mē(WA),#	no	=m	van	lē	=n	nim̄	tiktik	#	so	no	=k	mērmēr	#	ba	no	=m	mērmēr	lēge	#	no=m	mē(WA),#	1SG	=TAM1	go	LOC	=ART	house	RED:small	#	CPL	1SG	=TAM2	RED:urinate	#	but	1SG	=TAM1	RED:urinate	in.vain	#	1SG=TAM1	NC,"'I went to the toilet to urinate, but I couldn't.'",en,MORPHEME_ALIGNED,,as1_mp3 as1_wav as1_eaf as1_xml as1_tsv,,150809,154721,##ds	pro.1:s	=lv	v:pred	adp	=ln	np:g	rn	#ds_cc	other	pro.1:s	=lv	v:pred	##ds	other	pro.1:s	=lv	v:pred	rv	#nc	nc	nc,,as1,∅	∅	∅	∅	∅	∅	new	∅	∅	∅	∅	∅	∅	∅	∅	∅	∅	∅	∅	∅	∅	∅,∅	2017	∅	∅	∅	∅	2022	∅	∅	∅	2017	∅	∅	∅	∅	2017	∅	∅	∅	∅	∅	∅,∅	2017	∅	∅	∅	∅	2022	∅	∅	∅	2017	∅	∅	∅	∅	2017	∅	∅	∅	∅	∅	∅
as1_0061,mcveraa,alē duruk 'ōg'ōg 'i anē e Dōl so o ba dōl kukuk qē' kumru mak van,#	alē	duru	=k	'ōg'ōg	'i	anē	#	e	Dōl	so	#	o	ba	dōl	kukuk	qē'	#	kumru	mak	van,#	alright	3DL	=TAM2	RED:stay	DEL	DEM1.A	#	PERS.ART	Dōl	QUOT	#	INTERJ	but	1TL.IN	RED:cook	finish	#	2DL	IMM	go,"So the two stayed there, and Dōl said: 'Ok, let's finish the cooking, and then you two set off.'",en,MORPHEME_ALIGNED,,as1_mp3 as1_wav as1_eaf as1_xml as1_tsv,,154721,158242,##	other	pro.h:s	=lv	v:pred	rv	other	##	ln	pn_np.d:s_ds	other:pred	##ds	other	other	wpro.1:s	v:pred	rv	##ds	pro.2:s	lv	v:pred,,as1,∅	∅	∅	∅	∅	∅	∅	∅	∅	∅	∅	∅	∅	∅	∅	∅	∅	∅	∅	∅	∅,∅	∅	2002	∅	∅	∅	∅	∅	∅	2006	∅	∅	∅	∅	2009	∅	∅	∅	2002	∅	∅,∅	∅	2002	∅	∅	∅	∅	∅	∅	2006	∅	∅	∅	∅	2009	∅	∅	∅	2002	∅	∅
as1_0062,mcveraa,alē dir'ōl gen(WA) kuk qē' lēn ma'av anēk gengen enteg qē',#	alē	dir'ōl	gen(WA)	kuk	qē'	lē	=n	ma'av	anē	#	ZERO	=k	gengen	enteg	qē',#	alright	3TL	NC	cook	finish	LOC	=ART	morning	DEM1.A	#	ZERO	=TAM2	RED:eat	well	finish,"Alright, so the three cooked their breakfast and ate, and then",en,MORPHEME_ALIGNED,,as1_mp3 as1_wav as1_eaf as1_xml as1_tsv,,158242,161609,##	other	pro.h:s	nc	v:pred	rv	adp	=ln	np:obl	other	##	0.h:s	=lv	v:pred	rv	rv,,as1,∅	∅	∅	∅	∅	∅	∅	∅	bridging	∅	∅	∅	∅	∅	∅	∅,∅	∅	2009	∅	∅	∅	∅	∅	2023	∅	∅	2009	∅	∅	∅	∅,∅	∅	2009	∅	∅	∅	∅	∅	2023	∅	∅	2009	∅	∅	∅	∅
as1_0063,mcveraa,'alōgi so ban raw suwēnē 'erē van 'ō' alē,#	'alō	-gi	so	#	ba	=n	raw	suwēnē	#	ZERO	'erē	van	'ō'	ZERO	#	alē,#	inner	-3SG	QUOT	#	but	=ART	hermaphrodite.pig	down.there	#	ZERO	PL	go	carry	ZERO	#	alright,"he said: 'But the intra-sex pig is right there, you go with (it).' Alright.",en,MORPHEME_ALIGNED,,as1_mp3 as1_wav as1_eaf as1_xml as1_tsv,,161609,163713,##	np:s	-rn_pro.h:poss	other:pred	##ds	other	=ln	np:s	other:pred	##ds	0.2:a	lv	vother:pred	rv	0:p	##	other,,as1,∅	∅	∅	∅	∅	∅	∅	∅	∅	∅	∅	∅	∅	∅	∅	∅	∅,∅	∅	2006	∅	∅	∅	∅	2008	∅	∅	2002	∅	∅	∅	2008	∅	∅,∅	∅	2006	∅	∅	∅	∅	2008	∅	∅	2002	∅	∅	∅	2008	∅	∅
as1_0064,mcveraa,duruk gis ēn raw anē,duru	=k	gis	ēn	raw	anē,3DL	=TAM2	take	ART	hermaphrodite.pig	DEM1.A,Then the two took the pig,en,MORPHEME_ALIGNED,,as1_mp3 as1_wav as1_eaf as1_xml as1_tsv,,163713,165105,pro.h:a	=lv	v:pred	ln	np:p	rn,,as1,∅	∅	∅	∅	∅	∅,2002	∅	∅	∅	2008	∅,2002	∅	∅	∅	2008	∅
as1_0065,mcveraa,'uwam̄ēre ne tēk mēn 'isige,#	'uwam̄ēre	ne	tēk	mē	=n	'isi-ge,#	firstborn	TAM2:3SG	speak	DAT	=ART	younger.same.sex.sibling-DIS,and the older brother said to the younger one,en,MORPHEME_ALIGNED,,as1_mp3 as1_wav as1_eaf as1_xml as1_tsv,,165105,167145,##	np.h:s_ds	lv-pro_h_s_ds	v:pred	adp	=ln	np.h:g,,as1,∅	∅	∅	∅	∅	∅	∅,∅	2017	∅	∅	∅	∅	2018,∅	2017	∅	∅	∅	∅	2018
as1_0066,mcveraa,'isim̄ēre ne gis san qō ē ne van revrev va'anē',#	'isim̄ēre	ne	gis	sa	=n	qō	ē	#	ne	van	revrev	va'anē',#	lastborn	TAM2:3SG	take	EMPH	=ART	pig	DEM3	#	TAM2:3SG	go	afternoon	TEMP.DEM1,the younger brother should take that pig and tow (it).,en,MORPHEME_ALIGNED,,as1_mp3 as1_wav as1_eaf as1_xml as1_tsv,,167145,169657,##	np.h:a	lv-pro_h_a	v:pred	other	=ln	np:p	rn	##	lv-pro_s	v:pred	rv	other,,as1,∅	∅	∅	∅	∅	∅	∅	∅	∅	∅	∅	∅	∅,∅	2018	∅	∅	∅	∅	2008	∅	∅	∅	∅	∅	∅,∅	2018	∅	∅	∅	∅	2008	∅	∅	∅	∅	∅	∅
as1_0067,mcveraa,alē dir'ōl [CONSTRUCTION RESTART],#	alē	dir'ōl	[CR],#	alright	3TL	NC,...,en,MORPHEME_ALIGNED,,as1_mp3 as1_wav as1_eaf as1_xml as1_tsv,,169657,171233,#nc	nc	nc	nc,,as1,∅	∅	∅	∅,∅	∅	∅	∅,∅	∅	∅	∅
as1_0068,mcveraa,duruk mulō va'anē,#	duru	=k	mulō	va'anē,#	3DL	=TAM2	go	TEMP.DEM1,So now the two went off home.,en,MORPHEME_ALIGNED,,as1_mp3 as1_wav as1_eaf as1_xml as1_tsv,,171233,172953,##	pro.h:s	=lv	v:pred	other,,as1,∅	∅	∅	∅	∅,∅	2002	∅	∅	∅,∅	2002	∅	∅	∅
as1_0069,mcveraa,so gaitōk e Dōl kaduk mulō so gitōk 'erē van 'ōn nōmrun raw,#	ZERO	so	#	ga	itōk	e	Dōl	#	kadu	=k	mulō	#	ZERO	so	#	gitōk	#	ZERO	'erē	van	'ō'	=n	nō	-mru	=n	raw,#	ZERO	QUOT	#	STAT	good	PERS.ART	Dōl	#	1DL.EX	=TAM2	go	#	ZERO	QUOT	#	good	#	ZERO	PL	go	carry	=ART	POSS.DOM	-2DL	=ART	hermaphrodite.pig,"'Alright, Dōl, we two head off home.' 'Alright, you go with that intra-sex pig.'",en,MORPHEME_ALIGNED,,as1_mp3 as1_wav as1_eaf as1_xml as1_tsv,,172953,176201,##	0.h:s	other:pred	##ds	lv	v:pred	ln	pn_np.d:voc	##ds	wpro.1:s	=lv	v:pred	##	0.d:s	other:pred	##ds	v:pred	##ds	0.2:a	lv	vother:pred	rv	=ln	ln	-ln_pro.2:poss	=ln	np:p,,as1,∅	∅	∅	∅	∅	∅	∅	∅	∅	∅	∅	∅	∅	∅	∅	∅	∅	∅	∅	∅	∅	∅	∅	∅	∅	∅	∅,∅	2002	∅	∅	∅	∅	∅	2006	∅	2002	∅	∅	∅	2006	∅	∅	∅	∅	2002	∅	∅	∅	∅	∅	2002	∅	2008,∅	2002	∅	∅	∅	∅	∅	2006	∅	2002	∅	∅	∅	2006	∅	∅	∅	∅	2002	∅	∅	∅	∅	∅	2002	∅	2008
as1_0070,mcveraa,durum van van vavavan din̄ ma,#	duru	=m	van	#	ZERO	van	va-va-van	din̄	ma,#	3DL	=TAM1	go	#	ZERO	go	RED-go	reach	hither,"The two went, kept going until they arrived.",en,WORD_ALIGNED,,as1_mp3 as1_wav as1_eaf as1_xml as1_tsv,,176201,178714,##	pro.h:s	=lv	v:pred	##	0.h:s	v:pred	rv	rv	rv,,as1,∅	∅	∅	∅	∅	∅	∅	∅	∅	∅,∅	2002	∅	∅	∅	2002	∅	∅	∅	∅,∅	2002	∅	∅	∅	2002	∅	∅	∅	∅
as1_0071,mcveraa,duruk van kēl sir 'a Lēmērig va'anē' van ma din̄ ēn bē,#	duru	=k	van	kēl	sir	a	Lēmērig	va'anē'	#	ZERO	van	ma	din̄	ēn	bē,#	3DL	=TAM2	go	back	for	LOC	Lēmērig	TEMP.DEM1	#	ZERO	go	hither	reach	ART	water,"So now they were close to Lēmērig again, and there they came to a river.",en,MORPHEME_ALIGNED,,as1_mp3 as1_wav as1_eaf as1_xml as1_tsv,,178714,181481,##	pro.h:s	=lv	v:pred	rv	adp	adp	pn_np:g	other	##	0.h:s	v:pred	rv	adp	ln	np:g,,as1,∅	∅	∅	∅	∅	∅	∅	∅	∅	∅	∅	∅	∅	∅	∅	new,∅	2002	∅	∅	∅	∅	∅	2004	∅	∅	2002	∅	∅	∅	∅	2024,∅	2002	∅	∅	∅	∅	∅	2004	∅	∅	2002	∅	∅	∅	∅	2024
as1_0072,mcveraa,bē ne vōwal anēn sogin,#	bē	ne	vō-wal	anē	=n	so	-gi	=n,#	water	NUM.ART	NUM-one	DEM1.A	=ART	name	-3SG	=ART,"This one river, it's name is",en,MORPHEME_ALIGNED,,as1_mp3 as1_wav as1_eaf as1_xml as1_tsv,,181481,183289,##	np:dt_poss	rn	rn	rn_dem1	=ln	np:s	-rn_pro:poss	=ln,,as1,∅	∅	∅	∅	∅	∅	new	∅	∅,∅	2024	∅	∅	∅	∅	2025	2024	∅,∅	2024	∅	∅	∅	∅	2025	2024	∅
as1_0073,mcveraa,Bē'elmamgin,Bē'elmamgin,Bē'elmamgin,Bē'elmamgin.,en,MORPHEME_ALIGNED,,as1_mp3 as1_wav as1_eaf as1_xml as1_tsv,,183289,184833,pn_np:pred,,as1,∅,∅,∅
as1_0074,mcveraa,duruk din̄ ma kēnēk sag sur,#	duru	=k	din̄	ma	kēnē	#	ZERO	=k	sag	sur,#	3DL	=TAM2	reach	hither	LOC.DEM1	#	ZERO	=TAM2	sit	down,So then the two got there and sat down.,en,MORPHEME_ALIGNED,,as1_mp3 as1_wav as1_eaf as1_xml as1_tsv,,184833,186849,##	pro.h:s	=lv	v:pred	rv	other:g	##	0.h:s	=lv	v:pred	rv,,as1,∅	∅	∅	∅	∅	∅	∅	∅	∅	∅	∅,∅	2002	∅	∅	∅	2024	∅	2002	∅	∅	∅,∅	2002	∅	∅	∅	2024	∅	2002	∅	∅	∅
as1_0075,mcveraa,sagsag momse sirē e ge ē ga rōn̄ ga se',#	ZERO	sagsag	momse	#	sirē	e	ge	ē	ga	rōn̄	ga	se',#	ZERO	RED:sit	breathe	#	because	PERS.ART	THING	DEM3	STAT	feel	STAT	bad,Sat there in order to rest because that one guy felt bad.,en,MORPHEME_ALIGNED,,as1_mp3 as1_wav as1_eaf as1_xml as1_tsv,,186849,189297,##	0.h:s	v:pred	rv	#ac	other	ln	np.h:s	rn	lv	v:pred	rv	rv,,as1,∅	∅	∅	∅	∅	∅	∅	∅	∅	∅	∅	∅	∅,∅	2002	∅	∅	∅	∅	∅	2017	∅	∅	∅	∅	∅,∅	2002	∅	∅	∅	∅	∅	2017	∅	∅	∅	∅	∅
as1_0076,mcveraa,duruk sagsag 'i anē wok 'ēn sarē e Dōl man lies nōgō 'an̄sar ga sisiē ne qēl ma,#	duru	=k	sagsag	'i	anē	#	wo	ZERO	=k	'ēn	sarē	#	e	Dōl	man	lies	nōgō	'an̄sar	ga	sisiē	#	ZERO	ne	qēl	ma,#	3DL	=TAM2	RED:sit	DEL	DEM1.A	#	and	ZERO	=TAM2	see	up	#	PERS.ART	Dōl	PFV	change	face	person	STAT	different	#	ZERO	TAM2:3SG	descend	hither,"So now the two were sitting there and looked towards the bush. And Dōl had turned into someone else, it was the face of a different person. (He) came down.",en,MORPHEME_ALIGNED,,as1_mp3 as1_wav as1_eaf as1_xml as1_tsv,,189297,194009,##	pro.h:s	=lv	v:pred	rv	dem1_other	##	other	0.h:s	=lv	v:pred	other:g	##	ln	pn_np.d:s	lv	v:pred	rv	rv	rv	rv	##	0.d:s	lv-pro_d_s	v:pred	rv,,as1,∅	∅	∅	∅	∅	∅	∅	∅	∅	∅	∅	∅	∅	∅	∅	∅	∅	∅	∅	∅	∅	∅	∅	∅	∅	∅,∅	2002	∅	∅	∅	∅	∅	∅	2002	∅	∅	∅	∅	∅	2006	∅	∅	∅	∅	∅	∅	∅	2006	∅	∅	∅,∅	2002	∅	∅	∅	∅	∅	∅	2002	∅	∅	∅	∅	∅	2006	∅	∅	∅	∅	∅	∅	∅	2006	∅	∅	∅
as1_0077,mcveraa,di ga gis ēn vus,#	di	ga	gis	ēn	vus,#	3SG	STAT	hold	ART	bow,"He held a bow,",en,MORPHEME_ALIGNED,,as1_mp3 as1_wav as1_eaf as1_xml as1_tsv,,194009,195745,##	pro.d:a	lv	v:pred	ln	np:p,,as1,∅	∅	∅	∅	∅	new,∅	2006	∅	∅	∅	2026,∅	2006	∅	∅	∅	2026
as1_0078,mcveraa,'amēn karkar ē ne qēl 'a'ag ma san bē so,'amē	=n	karkar	ē	#	ZERO	ne	qēl	'a-'ag	ma	sa	=n	bē	#	ZERO	so,ASS	=ART	RED:shoot	DEM3	#	ZERO	TAM2:3SG	descend	RED-follow	hither	EMPH	=ART	water	#	ZERO	QUOT,one to shoot with. (He) came down along that river and said:,en,MORPHEME_ALIGNED,,as1_mp3 as1_wav as1_eaf as1_xml as1_tsv,,195745,198105,rn	=rn	rn	rn	##	0.d:a	lv-pro_d_a	v:pred	rv	rv	other	=ln	np:p	##	0.d:s	other:pred,,as1,∅	∅	∅	∅	∅	∅	∅	∅	∅	∅	∅	∅	∅	∅	∅	∅,∅	∅	∅	∅	∅	2006	∅	∅	∅	∅	∅	∅	2024	∅	2006	∅,∅	∅	∅	∅	∅	2006	∅	∅	∅	∅	∅	∅	2024	∅	2006	∅
as1_0079,mcveraa,e ruwa mēn 'isiruōm da sivie,#	e	ruwa	mē	=n	'isi-ruō	=m	da	siviē,#	PERS.ART	two.people	DAT	=ART	younger.same.sex.sibling-3DL	=TAM1	do	how,"'You two brothers, what's up?'",en,MORPHEME_ALIGNED,,as1_mp3 as1_wav as1_eaf as1_xml as1_tsv,,198105,199969,##ds	ln	np.h:voc	rn	=rn	rn	=lv	v:pred	other,,as1,∅	∅	∅	∅	∅	∅	∅	∅	∅,∅	∅	2002	∅	∅	∅	∅	∅	∅,∅	∅	2002	∅	∅	∅	∅	∅	∅
as1_0080,mcveraa,o kadum vanvan 'i ban,#	o	kamadu	=m	vanvan	'i	#	ba	=n,#	INTERJ	1DL.EX	=TAM1	RED:go	DEL	#	but	=ART,"'Oh nothing, we two were on our way walking but",en,MORPHEME_ALIGNED,,as1_mp3 as1_wav as1_eaf as1_xml as1_tsv,,199969,202490,##ds	other	pro.1:s	=lv	v:pred	rv	##ds	other	=ln,,as1,∅	∅	∅	∅	∅	∅	∅	∅	∅,∅	∅	2002	∅	∅	∅	∅	∅	∅,∅	∅	2002	∅	∅	∅	∅	∅	∅
as1_0081,mcveraa,'uwam̄ēre anē ga rōn̄ ga se','uwam̄ēre	anē	ga	rōn̄	ga	se',firstborn	DEM1.A	STAT	feel	STAT	bad,this older brother of mine here feels bad.',en,MORPHEME_ALIGNED,,as1_mp3 as1_wav as1_eaf as1_xml as1_tsv,,202490,204793,np.h:s	rn	lv	v:pred	rv	rv,,as1,∅	∅	∅	∅	∅	∅,2017	∅	∅	∅	∅	∅,2017	∅	∅	∅	∅	∅
as1_0082,mcveraa,di so ba di ga rō(WA) eh di ga rōn̄ ga se' sivie so di ga rusō,#	di	so	#	ba	di	ga	rō(WA)	eh	#	di	ga	rōn̄	ga	se'	siviē	#	ZERO	so	#	di	ga	rusō,#	3SG	QUOT	#	but	3SG	STAT	NC	HES	#	3SG	STAT	feel	STAT	bad	how	#	ZERO	QUOT	#	3SG	STAT	sick,So he said: 'But he feels bad in what way?' 'He is sick.',en,MORPHEME_ALIGNED,,as1_mp3 as1_wav as1_eaf as1_xml as1_tsv,,204793,208064,##	pro.d:s	other:pred	#nc	nc	nc_pro.h	nc	nc	nc	##ds	pro.h:s	lv	v:pred	rv	rv	other	##	0.h:s	other:pred	##ds	pro.h:s	lv	v:pred,,as1,∅	∅	∅	∅	∅	∅	∅	∅	∅	∅	∅	∅	∅	∅	∅	∅	∅	∅	∅	∅	∅	∅	∅,∅	2006	∅	∅	∅	2017	∅	∅	∅	∅	2017	∅	∅	∅	∅	∅	∅	2018	∅	∅	2017	∅	∅,∅	2006	∅	∅	∅	2017	∅	∅	∅	∅	2017	∅	∅	∅	∅	∅	∅	2018	∅	∅	2017	∅	∅
as1_0083,mcveraa,so ba kumru 'ōn wōvinqa,#	ZERO	so	#	ba	kumru	'ō'	=n	wōvinqa,#	ZERO	QUOT	#	but	2DL	carry	=ART	coconut.shell,'But do you two guys have a coconut shell at hand?',en,MORPHEME_ALIGNED,,as1_mp3 as1_wav as1_eaf as1_xml as1_tsv,,208064,209642,##	0.d:s	other:pred	##ds	other	pro.2:s	adp	=ln	np:pred,,as1,∅	∅	∅	∅	∅	∅	∅	∅	new,∅	2002	∅	∅	∅	2002	∅	∅	2027,∅	2002	∅	∅	∅	2002	∅	∅	2027
as1_0084,mcveraa,son 'isim̄ēre so 'e'en wōvinqa nei lēn 'an̄a muk,#	so	=n	'isim̄ēre	so	#	'e'e	=n	wōvinqa	nei	lē	=n	'an̄a	mu	-k,#	CPL	=ART	lastborn	QUOT	#	yes	=ART	coconut.shell	DEM4	LOC	=ART	k.o.basket	POSS.GEN	-1SG,"The younger brother said: 'Yes, there is coconut shell in my basket.'",en,MORPHEME_ALIGNED,,as1_mp3 as1_wav as1_eaf as1_xml as1_tsv,,209642,212665,##	other	=ln	np.h:s	other:pred	##ds	other	=ln	np:s	rn	adp	=ln	np:pred	rn	-rn_pro.1:poss,,as1,∅	∅	∅	∅	∅	∅	∅	∅	∅	∅	∅	∅	bridging	∅	∅,∅	∅	∅	2018	∅	∅	∅	∅	2027	∅	∅	∅	2028	∅	2018,∅	∅	∅	2018	∅	∅	∅	∅	2027	∅	∅	∅	2028	∅	2018
as1_0085,mcveraa,alē dine le sur suw mē di son 'erē le ma,#	alē	di	ne	le	sur	suw	ZERO	mē	di	#	ZERO	so	#	ZERO	'erē	le	ma	ZERO,#	alright	3SG	TAM2:3SG	transfer	down	thither	ZERO	DAT	3SG	#	ZERO	QUOT	#	ZERO	PL	transfer	hither	ZERO,"Alright, then he gave (it) to him, and he said: 'Give (it) to me!'",en,MORPHEME_ALIGNED,,as1_mp3 as1_wav as1_eaf as1_xml as1_tsv,,212665,215161,##	other	pro.h:a	lv-pro_h_a	v:pred	rv	rv	0:p	adp	pro.h:g	##	0.d:s	other:pred	#ds	0.2:a	lv	vother:pred	rv	0:p,,as1,∅	∅	∅	∅	∅	∅	∅	∅	∅	∅	∅	∅	∅	∅	∅	∅	∅	∅	∅,∅	∅	2018	∅	∅	∅	∅	2027	∅	2017	∅	2006	∅	∅	2017	∅	∅	∅	2027,∅	∅	2018	∅	∅	∅	∅	2027	∅	2017	∅	2006	∅	∅	2017	∅	∅	∅	2027
as1_0086,mcveraa,le ma va'anē 'ara man bē,#	ZERO	le	ma	ZERO	va'anē	#	ZERO	'ara	ma	=n	bē,#	ZERO	transfer	hither	ZERO	TEMP.DEM1	#	ZERO	pour	hither	=ART	water,"Gave (it) to him, then he said: 'Pour some water!'",en,MORPHEME_ALIGNED,,as1_mp3 as1_wav as1_eaf as1_xml as1_tsv,,215161,217057,##	0.h:a	v:pred	rv	0:p	other	##ds	0.2:a	v:pred	rv	=ln	np:p,,as1,∅	∅	∅	∅	∅	∅	∅	∅	∅	∅	∅	new,∅	2017	∅	∅	2027	∅	∅	2017	∅	∅	∅	2029,∅	2017	∅	∅	2027	∅	∅	2017	∅	∅	∅	2029
as1_0087,mcveraa,'aran bē mē di di ne [CONSTRUCTION RESTART] ne vogol ēn bē va'anē,#	ZERO	'ara	=n	bē	mē	di	#	di	ne	[CR]	ne	vogol	ēn	bē	va'anē,#	ZERO	pour	=ART	water	DAT	3SG	#	3SG	TAM2:3SG	NC	TAM2:3SG	spit	ART	water	TEMP.DEM1,"So poured water for him, and then he spit into this water.",en,MORPHEME_ALIGNED,,as1_mp3 as1_wav as1_eaf as1_xml as1_tsv,,217057,220053,##	0.h:a	v:pred	=ln	np:p	adp	pro.h:g	##	pro.h:a	nc	nc	lv-pro_h_a	v:pred	ln	np:p	other,,as1,∅	∅	∅	∅	∅	∅	∅	∅	∅	∅	∅	∅	∅	∅	∅	∅,∅	2017	∅	∅	2029	∅	2006	∅	2006	∅	∅	∅	∅	∅	2029	∅,∅	2017	∅	∅	2029	∅	2006	∅	2006	∅	∅	∅	∅	∅	2029	∅
as1_0088,mcveraa,dine vogol vogol suwōn bē anē,#	di	ne	vogol	ZERO	#	ZERO	vogol	suwō	=n	bē	anē,#	3SG	TAM2:3SG	spit	ZERO	#	ZERO	spit	thither	=ART	water	DEM1.A,He kept spitting into the water.,en,MORPHEME_ALIGNED,,as1_mp3 as1_wav as1_eaf as1_xml as1_tsv,,220053,223065,##	pro.h:a	lv-pro_h_a	v:pred	0:p	##	0.d:a	v:pred	rv	=ln	np:p	rn,,as1,∅	∅	∅	∅	∅	∅	∅	∅	∅	∅	∅	∅,∅	2006	∅	∅	2029	∅	2006	∅	∅	∅	2029	∅,∅	2006	∅	∅	2029	∅	2006	∅	∅	∅	2029	∅
as1_0089,mcveraa,dine 'ēn suwō so 'o e Dōlm 'al ēn wōbin mune ge anē di mērmēr rōs ē,#	di	ne	'ēn	suwō	so	#	'o	e	Dōl	=m	'al	ēn	wōbin	mu-n	e	ge	anē	#	di	mērmēr	rōs	ē,#	3SG	TAM2:3SG	see	thither	QUOT	#	INTERJ	PERS.ART	Dōl	=TAM1	tie	ART	penis	POSS.GEN-CS	PERS.ART	THING	DEM1.A	#	3SG	RED:urinate	GEN.NEG2	DEM3,"Then he looked into it, said: 'No.' Dōl had tied up the penis of that one so that he couldn't urinate.",en,MORPHEME_ALIGNED,,as1_mp3 as1_wav as1_eaf as1_xml as1_tsv,,223065,227224,##	pro.h:s	lv-pro_h_s	v:pred	rv	other	##ds	other	ln	pn_np.d:a	=lv	v:pred	ln	np:p	rn	rn	rn_np.h:poss	rn	##ds.neg	pro.h:s	v:pred	rv	dem3_other,,as1,∅	∅	∅	∅	∅	∅	∅	∅	∅	∅	∅	∅	∅	∅	∅	∅	∅	∅	∅	∅	∅	∅	∅,∅	2006	∅	∅	∅	∅	∅	∅	∅	2006	∅	∅	∅	2020	∅	∅	2017	∅	∅	2017	∅	∅	∅,∅	2006	∅	∅	∅	∅	∅	∅	∅	2006	∅	∅	∅	2020	∅	∅	2017	∅	∅	2017	∅	∅	∅
as1_0090,mcveraa,so ba van ma,#	ZERO	so	#	ba	ZERO	van	ma,#	ZERO	QUOT	#	but	ZERO	go	hither,He said: 'But then come here.',en,MORPHEME_ALIGNED,,as1_mp3 as1_wav as1_eaf as1_xml as1_tsv,,227224,229225,##	0.d:s	other:pred	##ds	other	0.2:s	v:pred	rv,,as1,∅	∅	∅	∅	∅	∅	∅	∅,∅	2006	∅	∅	∅	2017	∅	∅,∅	2006	∅	∅	∅	2017	∅	∅
as1_0091,mcveraa,alē dine van rōvrōv'e ma sa dis [CONSTRUCTION RESTART] 'uwam̄ēre ne van rōvrōv'e ma e Dōl va'anē alē dine 'an̄ suw sa 'an wōbin mugi anē,#	alē	di	ne	van	rōv-rōv'e	ma	#	sa	di=s	[CR]	#	'uwam̄ēre	ne	van	rōv-rōv'e	ma	e	Dōl	va'anē	#	alē	di	ne	'an̄	suw	sa	a	=n	wōbin	mu	-gi	anē,#	alright	3SG	TAM2:3SG	go	RED-close	hither	#	EMPH	3SG=SIM	NC	#	firstborn	TAM2:3SG	go	RED-close	hither	PERS.ART	Dōl	TEMP.DEM1	#	alright	3SG	TAM2:3SG	move.hand	thither	EMPH	LOC	=ART	penis	POSS.GEN	-3SG	DEM1.A,"Alright, so he came closer to ... the firstborn came closer to Dōl, and then he reached out for his penis,",en,MORPHEME_ALIGNED,,as1_mp3 as1_wav as1_eaf as1_xml as1_tsv,,229225,234521,##	other	pro.h:s	lv-pro_h_s	v:pred	rv	rv	#nc	nc	nc	nc	##	np.h:a	lv-pro_h_a	v:pred	rv	rv	ln	pn_np.d:p	other	##	other	pro.d:s	lv-pro_d_s	v:pred	rv	other	adp	=ln	np:g	rn	-rn_pro.h:poss	rn,,as1,∅	∅	∅	∅	∅	∅	∅	∅	∅	∅	∅	∅	∅	∅	∅	∅	∅	∅	∅	∅	∅	∅	∅	∅	∅	∅	∅	∅	∅	∅	∅	∅	∅,∅	∅	2017	∅	∅	∅	∅	∅	∅	∅	∅	∅	2017	∅	∅	∅	∅	∅	2006	∅	∅	∅	2006	∅	∅	∅	∅	∅	∅	2020	∅	2017	∅,∅	∅	2017	∅	∅	∅	∅	∅	∅	∅	∅	∅	2017	∅	∅	∅	∅	∅	2006	∅	∅	∅	2006	∅	∅	∅	∅	∅	∅	2020	∅	2017	∅
as1_0092,mcveraa,ne ris 'ō vavavan ē ne 'uw kirm̄ō san,#	ZERO	ne	ris	'ō'	ZERO	va-va-van	#	ē	ZERO	ne	'uw	kirm̄ō	sa	=n,#	ZERO	TAM2:3SG	NC	carry	ZERO	RED-go	#	DEM3	ZERO	TAM2:3SG	smash	break	EMPH	=ART,"tried hard on (it), but after a while ripped apart this ...",en,WORD_ALIGNED,,as1_mp3 as1_wav as1_eaf as1_xml as1_tsv,,234521,237593,##	0.d:a	lv-pro_d_a	v:pred	adp	0:p	other	##	other	0.d:a	lv-pro_d_a	v:pred	rv	other	=ln,,as1,∅	∅	∅	∅	∅	∅	∅	∅	∅	∅	∅	∅	∅	∅	∅,∅	2006	∅	∅	∅	2020	∅	∅	∅	2006	∅	∅	∅	∅	∅,∅	2006	∅	∅	∅	2020	∅	∅	∅	2006	∅	∅	∅	∅	∅
as1_0093,mcveraa,nenen wōvere mi'ig anē dim kirm̄ō,nenen	wōvere	mi'ig	anē	#	di	=m	kirm̄ō,RED:ART	fibres	coconut	DEM1.A	#	3SG	=TAM1	break,The coconut hair (string) broke open.,en,MORPHEME_ALIGNED,,as1_mp3 as1_wav as1_eaf as1_xml as1_tsv,,237593,240913,nc	np:p	rn	rn	##	pro:s	=lv	v:pred,,as1,∅	∅	∅	∅	∅	∅	∅	∅,∅	2019	∅	∅	∅	2019	∅	∅,∅	2019	∅	∅	∅	2019	∅	∅
as1_0094,mcveraa,nmērēgi dimser ēn 'ekē anēm ser ser ser vavan ser qal ēn 'uvu wōqe'enge,#	n	mērē	-gi	di	=m	ser	ēn	'ekē	anē	#	ZERO	=m	ser	ser	ser	va-van	#	ZERO	ser	qal	ēn	'uvu	wōqe'enge,#	ART	urine	-3SG	3SG	=TAM1	disperse	ART	place	DEM1.A	#	ZERO	=TAM1	disperse	disperse	disperse	RED-go	#	ZERO	disperse	hit	ART	base	tree,"The piss ran all over the place, all over and over, and also splashed onto a tree.",en,MORPHEME_ALIGNED,,as1_mp3 as1_wav as1_eaf as1_xml as1_tsv,,240913,246865,##	ln	np:dt_s	-rn_pro.h:poss	pro:a	=lv	v:pred	ln	np:p	rn	##	0:s	=lv	v:pred	nc	nc	other	##	0:a	v:pred	rv	ln	np:p	rn,,as1,∅	∅	bridging	∅	∅	∅	∅	∅	∅	∅	∅	∅	∅	∅	∅	∅	∅	∅	∅	∅	∅	∅	∅	∅,∅	∅	2030	2017	2030	∅	∅	∅	∅	∅	∅	2030	∅	∅	∅	∅	∅	∅	2030	∅	∅	∅	∅	∅,∅	∅	2030	2017	2030	∅	∅	∅	∅	∅	∅	2030	∅	∅	∅	∅	∅	∅	2030	∅	∅	∅	∅	∅
as1_0095,mcveraa,gil sur san 'uvu woqe'enge anēm m̄es sur kēnē,#	ZERO	gil	sur	sa	=n	'uvu	woqe'enge	anē	#	ZERO	=m	m̄es	sur	kēnē,#	ZERO	dig	down	EMPH	=ART	base	tree	DEM1.A	#	ZERO	=TAM1	fall	down	LOC.DEM1,(It) dug out this tree so that it fell over right there.,en,MORPHEME_ALIGNED,,as1_mp3 as1_wav as1_eaf as1_xml as1_tsv,,246865,249977,##	0:a	v:pred	rv	other	=ln	np:p	rn	rn_dem1	##	0:s	=lv	v:pred	rv	other:g,,as1,∅	∅	∅	∅	∅	∅	new	∅	∅	∅	∅	∅	∅	∅	∅,∅	2030	∅	∅	∅	∅	2031	∅	∅	∅	2031	∅	∅	∅	∅,∅	2030	∅	∅	∅	∅	2031	∅	∅	∅	2031	∅	∅	∅	∅
as1_0096,mcveraa,so ba ruwa e... e ruwa mēn 'isiruk tēk va'anē so,#	ZERO	so	ba	ruwa	eh	e	ruwa	mē=n	'isi-ru	=k	tēk	va'anē	so,#	ZERO	QUOT	but	two.people	NC	PERS.ART	two.people	DAT=ART	same.sex.sibling-3DL=TAM2	=TAM2	speak	TEMP.DEM1	QUOT,Then the two brothers said...,en,WORD_ALIGNED,,as1_mp3 as1_wav as1_eaf as1_xml as1_tsv,,249977,253673,#nc	nc	nc	nc	nc_np.h	nc	nc	nc_np.h	nc	nc	nc	nc	nc	nc,,as1,∅	∅	∅	∅	∅	∅	∅	∅	∅	∅	∅	∅	∅	∅,∅	∅	∅	∅	2002	∅	∅	2002	∅	∅	∅	∅	∅	∅,∅	∅	∅	∅	2002	∅	∅	2002	∅	∅	∅	∅	∅	∅
as1_0097,mcveraa,'en [CONSTRUCTION RESTART] 'e Dōl [CONSTRUCTION RESTART] 'e sok [CONSTRUCTION RESTART] ēn tēk mē duru va'anē [CONSTRUCTION RESTART] ē ne tēk mēne,'en	[CR]	'e	Dōl	[CR]	'e	sok	[CR]	ēn	tēk	mē	duru	va'anē	[CR]	ē	ne	tēk	mē-n	e,NC	NC	NC	Dōl	NC	NC	NC	NC	NC	speak	DAT	3DL	TEMP.DEM1	NC	DEM3	TAM2:3SG	speak	DAT-CS	PERS.ART,said to Dōl ... what the two said was ... they said to,en,MORPHEME_ALIGNED,,as1_mp3 as1_wav as1_eaf as1_xml as1_tsv,,253673,257537,nc	nc	nc	nc_pn_np.d	nc	nc	nc	nc	nc	nc	nc	nc_pro.h	nc	nc	nc	nc	nc	nc	nc,,as1,∅	∅	∅	∅	∅	∅	∅	∅	∅	∅	∅	∅	∅	∅	∅	∅	∅	∅	∅,∅	∅	∅	2006	∅	∅	∅	∅	∅	∅	∅	2002	∅	∅	∅	∅	∅	∅	∅,∅	∅	∅	2006	∅	∅	∅	∅	∅	∅	∅	2002	∅	∅	∅	∅	∅	∅	∅
as1_0098,mcveraa,'an̄sara anē tēk mēn e Dōl e Dōlm lies ēn,'an̄sara	anē	tēk	mē=n	#	e	Dōl	e	Dōl	=m	lies	ēn,person	DEM1.A	speak	DAT=ART	#	PERS.ART	Dōl	PERS.ART	Dōl	=TAM1	change	ART,"that person, said to Dōl, but Dōl had turned into someone else,",en,MORPHEME_ALIGNED,,as1_mp3 as1_wav as1_eaf as1_xml as1_tsv,,257537,260161,nc	nc	nc	nc	##	ln	pn_np.d:dt_s	ln	pn_np.d:a	=lv	v:pred	ln,,as1,∅	∅	∅	∅	∅	∅	∅	∅	∅	∅	∅	∅,∅	∅	∅	∅	∅	∅	2006	∅	2006	∅	∅	∅,∅	∅	∅	∅	∅	∅	2006	∅	2006	∅	∅	∅
as1_0099,mcveraa,nō(WA) nōgō 'an̄sara ga sisie va'anē tek mē di so,nō(WA)	nōgō	'an̄sara	ga	sisiē	va'anē	#	ZERO	tēk	mē	di	so,NC	face	person	STAT	different	TEMP.DEM1	#	ZERO	speak	DAT	3SG	QUOT,"(had) the face of a different person now, said to him:",en,MORPHEME_ALIGNED,,as1_mp3 as1_wav as1_eaf as1_xml as1_tsv,,260161,262706,nc	np:p	rn	rn	rn	other	##	0.d:s	v:pred	adp	pro.h:g	other,,as1,∅	bridging	∅	∅	∅	∅	∅	∅	∅	∅	∅	∅,∅	2032	∅	∅	∅	∅	∅	2006	∅	∅	2017	∅,∅	2032	∅	∅	∅	∅	∅	2006	∅	∅	2017	∅
as1_0100,mcveraa,ruwan nōk ēn bē agēnē,#	ruwa	=n	nō	-k	ēn	bē	agēnē,#	two.people	=ART	POSS.DOM	-1SG	ART	water	DEM2.A,"'You two, this water of mine here,",en,MORPHEME_ALIGNED,,as1_mp3 as1_wav as1_eaf as1_xml as1_tsv,,262706,264737,##ds	np.h:voc	=ln	ln	-ln_pro.1:poss	ln	np:pred	rn_dem2,,as1,∅	∅	∅	∅	∅	∅	∅	∅,∅	2002	∅	∅	2006	∅	2029	∅,∅	2002	∅	∅	2006	∅	2029	∅
as1_0101,mcveraa,nbē nōk anē ga mana nei,#	n	bē	nō	-k	anē	ga	mana	nei,#	ART	water	POSS.DOM	-1SG	DEM1.A	STAT	powerful	DEM4,this water of mine has magic power.,en,MORPHEME_ALIGNED,,as1_mp3 as1_wav as1_eaf as1_xml as1_tsv,,264737,266449,##ds	ln	np:s	rn	-rn_pro.1:poss	rn	lv	v:pred	dem4_other,,as1,∅	∅	∅	∅	∅	∅	∅	∅	∅,∅	∅	2029	∅	2006	∅	∅	∅	∅,∅	∅	2029	∅	2006	∅	∅	∅	∅
as1_0102,mcveraa,ba di ga mana 'i lēn raw wuva,#	ba	di	ga	mana	'i	lē	=n	raw	wuva,#	but	3SG	STAT	powerful	DEL	LOC	=ART	hermaphrodite.pig	only,But it has magic powers only by means of an intra-sex pig.',en,MORPHEME_ALIGNED,,as1_mp3 as1_wav as1_eaf as1_xml as1_tsv,,266449,268809,##ds	other	pro:s	lv	v:pred	rv	adp	=ln	np:obl	other,,as1,∅	∅	∅	∅	∅	∅	∅	∅	new	∅,∅	∅	2029	∅	∅	∅	∅	∅	2033	∅,∅	∅	2029	∅	∅	∅	∅	∅	2033	∅
as1_0103,mcveraa,so ba kamadu ne gitag sōm,#	ZERO	so	#	ba	kamadu	ne	gitag	sōm,#	ZERO	QUOT	#	but	1DL.EX	NC	not.exist	shell.money,"(The two) said: 'We two don't have any shell money,",en,MORPHEME_ALIGNED,,as1_mp3 as1_wav as1_eaf as1_xml as1_tsv,,268809,270529,##	0.h:s	other:pred	##ds	other	pro.1:dt	other	other:pred	np:other,,as1,∅	∅	∅	∅	∅	∅	∅	∅	∅,∅	2002	∅	∅	∅	2002	∅	∅	∅,∅	2002	∅	∅	∅	2002	∅	∅	∅
as1_0104,mcveraa,ban nōmadun raw sa suwēnē,#	ba	=n	nō	-madu	=n	raw	sa	suwēnē,#	but	=ART	POSS.DOM	-1DL.EX	=ART	hermaphrodite.pig	EMPH	down=DEM1,but we have an intra-sex pig right over there.',en,WORD_ALIGNED,,as1_mp3 as1_wav as1_eaf as1_xml as1_tsv,,270529,272257,##ds	other	=ln	ln	-ln_pro.1:poss	=ln	np:s	other	other:pred,,as1,∅	∅	∅	∅	∅	∅	∅	∅	∅,∅	∅	∅	∅	2002	∅	2008	∅	∅,∅	∅	∅	∅	2002	∅	2008	∅	∅
as1_0105,mcveraa,gitōk,#	gitōk,#	good,Good.,en,MORPHEME_ALIGNED,,as1_mp3 as1_wav as1_eaf as1_xml as1_tsv,,272257,273233,##ds	v:pred,,as1,∅	∅,∅	∅,∅	∅
as1_0106,mcveraa,alē so,#	alē	ZERO	so,#	alright	ZERO	QUOT,"Alright, then (he) said:",en,MORPHEME_ALIGNED,,as1_mp3 as1_wav as1_eaf as1_xml as1_tsv,,273233,274145,##	other	0.d:s	other:pred,,as1,∅	∅	∅	∅,∅	∅	2006	∅,∅	∅	2006	∅
as1_0107,mcveraa,si kumru wom wōl no(WA) wōl mē non raw gaitōk alē duruk,#	si	kumru	wo	=m	wōl	no(WA)	wōl	mē	no	=n	raw	#	ga	itōk	#	alē	duru	=k,#	or	2DL	and	=TAM1	buy	NC	buy	DAT	1SG	=ART	hermaphrodite.pig	#	STAT	good	#	alright	3DL	=TAM2,"'If you two buy the intra-sex pig from me then that would be good.' Alright, so the two",en,MORPHEME_ALIGNED,,as1_mp3 as1_wav as1_eaf as1_xml as1_tsv,,274145,277753,##ds	other	pro.2:a	other	=lv	nc	nc	v:pred	adp	pro.1:obl	=ln	np:p	##ds	lv	v:pred	##	other	pro.h:a	=lv,,as1,∅	∅	∅	∅	∅	∅	∅	∅	∅	∅	∅	∅	∅	∅	∅	∅	∅	∅	∅,∅	∅	2002	∅	∅	∅	∅	∅	∅	2006	∅	2008	∅	∅	∅	∅	∅	2002	∅,∅	∅	2002	∅	∅	∅	∅	∅	∅	2006	∅	2008	∅	∅	∅	∅	∅	2002	∅
as1_0108,mcveraa,le suw san raw ē mēn e Dōl va'anē,le	suw	sa	=n	raw	ē	mē-n	e	Dōl	va'anē,transfer	thither	EMPH	=ART	hermaphrodite.pig	DEM3	DAT-CS	PERS.ART	Dōl	TEMP.DEM1,gave this intra-sex pig to Dōl.,en,MORPHEME_ALIGNED,,as1_mp3 as1_wav as1_eaf as1_xml as1_tsv,,277753,279768,v:pred	rv	other	=ln	np:p	rn	adp	ln	pn_np.d:g	other,,as1,∅	∅	∅	∅	∅	∅	∅	∅	∅	∅,∅	∅	∅	∅	2008	∅	∅	∅	2006	∅,∅	∅	∅	∅	2008	∅	∅	∅	2006	∅
as1_0109,mcveraa,le kēl suwōn [CONSTRUCTION RESTART] ē dine [CONSTRUCTION RESTART],#	ZERO	le	kēl	suwō	ZERO	#	[CR]	ē	dine	[CR],#	ZERO	transfer	back	down	ZERO	#	NC	DEM3	3SG=TAM2:3SG	NC,"Gave (it) back to him, so he ...",en,WORD_ALIGNED,,as1_mp3 as1_wav as1_eaf as1_xml as1_tsv,,279768,282281,##	0.h:a	v:pred	rv	rv	0:p	#nc	nc	nc	nc	nc,,as1,∅	∅	∅	∅	∅	∅	∅	∅	∅	∅	∅,∅	2002	∅	∅	∅	2008	∅	∅	∅	∅	∅,∅	2002	∅	∅	∅	2008	∅	∅	∅	∅	∅
as1_0110,mcveraa,duruk 'ōg 'i kēnē van duru(WA) dine [CONSTRUCTION RESTART],#	duru	=k	'ōg	'i	kēnē	van	#	duru(WA)	dine	[CR],#	3DL	=TAM2	stay	DEL	LOC.DEM1	go	#	3DL(WA)	3SG=TAM2:3SG	NC,"The two stayed there for a while, then he ...",en,WORD_ALIGNED,,as1_mp3 as1_wav as1_eaf as1_xml as1_tsv,,282281,284841,##	pro.h:s	=lv	v:pred	rv	other:l	other	#nc	nc_pro.h	nc	nc,,as1,∅	∅	∅	∅	∅	∅	∅	∅	∅	∅	∅,∅	2002	∅	∅	∅	2024	∅	∅	2002	∅	∅,∅	2002	∅	∅	∅	2024	∅	∅	2002	∅	∅
as1_0111,mcveraa,so ba gaitōk kamaduk mul kēl va'anē so gaitōk 'erē mulō,#	ZERO	so	#	ba	ga	itōk	#	kamadu	=k	mul	kēl	va'anē	#	ZERO	so	#	ga	itōk	#	ZERO	'erē	mulō,#	ZERO	QUOT	#	but	STAT	good	#	1DL.EX	=TAM2	go	back	TEMP.DEM1	#	ZERO	QUOT	#	STAT	good	#	ZERO	PL	go,"Then (they) said: 'Alright, so we two head off back home then.' 'Ok, you go home.'",en,MORPHEME_ALIGNED,,as1_mp3 as1_wav as1_eaf as1_xml as1_tsv,,284841,287633,##	0.h:s	other:pred	##ds	other	lv	v:pred	##ds	pro.1:s	=lv	v:pred	rv	other	##	0.d:s	other:pred	##ds	lv	v:pred	##ds	0.2:s	lv	vother:pred,,as1,∅	∅	∅	∅	∅	∅	∅	∅	∅	∅	∅	∅	∅	∅	∅	∅	∅	∅	∅	∅	∅	∅	∅,∅	2002	∅	∅	∅	∅	∅	∅	2002	∅	∅	∅	∅	∅	2006	∅	∅	∅	∅	∅	2002	∅	∅,∅	2002	∅	∅	∅	∅	∅	∅	2002	∅	∅	∅	∅	∅	2006	∅	∅	∅	∅	∅	2002	∅	∅
as1_0112,mcveraa,alē duruk mulō wo e,#	alē	duru	=k	mulō	#	wo	eh,#	alright	3DL	=TAM2	go	#	and	HES,And so the two went home and,en,MORPHEME_ALIGNED,,as1_mp3 as1_wav as1_eaf as1_xml as1_tsv,,287633,289313,##	other	pro.h:s	=lv	v:pred	##	other	nc,,as1,∅	∅	∅	∅	∅	∅	∅	∅,∅	∅	2002	∅	∅	∅	∅	∅,∅	∅	2002	∅	∅	∅	∅	∅
as1_0113,mcveraa,e Dōl ē ne [CONSTRUCTION RESTART],e	Dōl	ē	ne	[CR],PERS.ART	Dōl	DEM3	TAM2:3SG	NC,Dōl,en,MORPHEME_ALIGNED,,as1_mp3 as1_wav as1_eaf as1_xml as1_tsv,,289313,290585,ln	pn_np.d:s	rn	nc	nc,,as1,∅	∅	∅	∅	∅,∅	2006	∅	∅	∅,∅	2006	∅	∅	∅
as1_0114,mcveraa,ne kalak anē le kēl ne [CONSTRUCTION RESTART] ne mul 'ō kēl ēn qō anē mul 'ō,ne	kalak	anē	#	ZERO	le	kēl	ZERO	ne	[CR]	#	ZERO	ne	mul	'ō'	kēl	ēn	qō	anē	#	ZERO	mul	'ō	ZERO,TAM2:3SG	get.up	DEM1.A	#	ZERO	transfer	back	ZERO	TAM2:3SG	NC	#	ZERO	TAM2:3SG	go	carry	back	ART	pig	DEM1.A	#	ZERO	go	carry	ZERO,"got up and took this pig back home again, went home with (it).",en,MORPHEME_ALIGNED,,as1_mp3 as1_wav as1_eaf as1_xml as1_tsv,,290585,294249,lv-pro_d_s	v:pred	dem1_other	##	0.d:a	v:pred	rv	0:p	nc	nc	##	0.d:a	lv-pro_d_a	v:pred	rv	rv	ln	np:p	rn_dem1	##	0.d:a	v:pred	rv	0:p,,as1,∅	∅	∅	∅	∅	∅	∅	∅	∅	∅	∅	∅	∅	∅	∅	∅	∅	∅	∅	∅	∅	∅	∅	∅,∅	∅	∅	∅	2006	∅	∅	2008	∅	∅	∅	2006	∅	∅	∅	∅	∅	2008	∅	∅	2006	∅	∅	2008,∅	∅	∅	∅	2006	∅	∅	2008	∅	∅	∅	2006	∅	∅	∅	∅	∅	2008	∅	∅	2006	∅	∅	2008
as1_0115,mcveraa,ba duru e lama'i rōs e Dōl nē sirē dim lies ēn nōgō 'an̄sara sisie,#	ba	duru	e	lama'i	rōs	#	e	Dōl	nē	#	sirē	di	=m	lies	ēn	nōgō	'an̄sara	sisiē,#	but	3DL	GEN.NEG1	know	GEN.NEG2	#	PERS.ART	Dōl	DEM1.A	#	because	3SG	=TAM1	change	ART	face	person	different,But the two didn't know that it was Dōl because he had turned into a different person.,en,MORPHEME_ALIGNED,,as1_mp3 as1_wav as1_eaf as1_xml as1_tsv,,294249,297618,##	other	pro.h:s	lv	v:pred	rv	#cc	ln	pn_np.d:pred	dem1_other	#ac	other	pro.h:a	=lv	v:pred	ln	np:p	rn	rn,,as1,∅	∅	∅	∅	∅	∅	∅	∅	∅	∅	∅	∅	∅	∅	∅	∅	∅	∅	∅,∅	∅	2002	∅	∅	∅	∅	∅	2006	∅	∅	∅	2006	∅	∅	∅	2032	∅	∅,∅	∅	2002	∅	∅	∅	∅	∅	2006	∅	∅	∅	2006	∅	∅	∅	2032	∅	∅
as1_0116,mcveraa,alē duru so [CONSTRUCTION RESTART] duruk le suwōn qō anē mēn 'an̄sar anē dine mulō,#	alē	duru	so	[CR]	duru	=k	le	suwō	=n	qō	anē	mē	=n	'an̄sar	anē	#	di	ne	mulō,#	alright	3DL	NC	NC	3DL	=TAM2	transfer	thither	=ART	pig	DEM1.A	DAT	=ART	person	DEM1.A	#	3SG	TAM2:3SG	go,"And so the two gave this pig back to that person, and he went home.",en,MORPHEME_ALIGNED,,as1_mp3 as1_wav as1_eaf as1_xml as1_tsv,,297618,301001,##	other	nc_pro.h	nc	nc	pro.h:a	=lv	v:pred	rv	=ln	np:p	rn_dem1	adp	=ln	np.d:g	rn_dem1	##	pro.d:s	lv-pro_d_s	v:pred,,as1,∅	∅	∅	∅	∅	∅	∅	∅	∅	∅	∅	∅	∅	∅	∅	∅	∅	∅	∅	∅,∅	∅	2002	∅	∅	2002	∅	∅	∅	∅	2008	∅	∅	∅	2006	∅	∅	2006	∅	∅,∅	∅	2002	∅	∅	2002	∅	∅	∅	∅	2008	∅	∅	∅	2006	∅	∅	2006	∅	∅
as1_0117,mcveraa,mul kēl wo duruk sag 'i kēnē alē duruk mulō,#	ZERO	mul	kēl	#	wo	duru	=k	sag	'i	kēnē	#	alē	duru	=k	mulō,#	ZERO	go	back	#	and	3DL	=TAM2	sit	DEL	LOC.DEM1	#	alright	3DL	=TAM2	go,"Went back home, and the two stayed there until they went home (too).",en,MORPHEME_ALIGNED,,as1_mp3 as1_wav as1_eaf as1_xml as1_tsv,,301001,303372,##	0.d:s	v:pred	rv	##	other	pro.h:s	=lv	v:pred	rv	other:l	##	other	pro.h:s	=lv	v:pred,,as1,∅	∅	∅	∅	∅	∅	∅	∅	∅	∅	∅	∅	∅	∅	∅	∅,∅	2006	∅	∅	∅	∅	2002	∅	∅	∅	2024	∅	∅	2002	∅	∅,∅	2006	∅	∅	∅	∅	2002	∅	∅	∅	2024	∅	∅	2002	∅	∅
as1_0118,mcveraa,mumumulō e Dōl ne van kēl lēn [CONSTRUCTION RESTART],#	ZERO	mu-mu-mulō	#	e	Dōl	ne	van	kēl	lē=n	[CR],#	ZERO	RED-go	#	PERS.ART	Dōl	TAM2:3SG	go	back	LOC=ART	NC,"Kept going, Dōl went back to ...",en,WORD_ALIGNED,,as1_mp3 as1_wav as1_eaf as1_xml as1_tsv,,303372,306017,##	0.h:s	v:pred	##	ln	pn_np.d:s	lv-pro_d_s	nc	nc	nc	nc,,as1,∅	∅	∅	∅	∅	∅	∅	∅	∅	∅	∅,∅	2002	∅	∅	∅	2006	∅	∅	∅	∅	∅,∅	2002	∅	∅	∅	2006	∅	∅	∅	∅	∅
as1_0119,mcveraa,van sir 'a Vatov wo dine [CONSTRUCTION RESTART],van	sir	a	Vatov	#	wo	dine	[CR],go	for	LOC.SP	Vatov	#	and	3SG=TAM2:3SG	NC,"went in the direction of Vatov, and he ...",en,WORD_ALIGNED,,as1_mp3 as1_wav as1_eaf as1_xml as1_tsv,,306017,307793,v:pred	adp	adp	pn_np:g	##	other	nc_pro.h	nc,,as1,∅	∅	∅	∅	∅	∅	∅	∅,∅	∅	∅	2005	∅	∅	2006	∅,∅	∅	∅	2005	∅	∅	2006	∅
as1_0120,mcveraa,e ruwa mēn 'isiruk mul kēl ma,e	ruwa	mē	=n	'isi-ru	=k	mul	kēl	ma,PERS.ART	two.people	DAT	=ART	younger.same.sex.sibling-3DL	=TAM2	go	back	hither,"the two brothers came back here,",en,MORPHEME_ALIGNED,,as1_mp3 as1_wav as1_eaf as1_xml as1_tsv,,307793,309761,ln	np.h:s	rn	=rn	rn	=lv	v:pred	rv	rv,,as1,∅	∅	∅	∅	∅	∅	∅	∅	∅,∅	2002	∅	∅	∅	∅	∅	∅	∅,∅	2002	∅	∅	∅	∅	∅	∅	∅
as1_0121,mcveraa,mul kēl ma 'a Lēmērig,#	ZERO	mul	kēl	ma	a	Lēmērig,#	ZERO	go	back	hither	LOC.SP	Lēmērig,came back Lēmērig.,en,MORPHEME_ALIGNED,,as1_mp3 as1_wav as1_eaf as1_xml as1_tsv,,309761,311568,##	0.h:s	v:pred	rv	rv	adp	pn_np:g,,as1,∅	∅	∅	∅	∅	∅	∅,∅	2002	∅	∅	∅	∅	2004,∅	2002	∅	∅	∅	∅	2004
as1_0122,mcveraa,so wunvan kaka neln̄o vu' wunva dime qē' 'i sakēnē,#	so	wunva	=n	kaka	neln̄o	vu'	wunva	di	me	qē'	'i	sa	kēnē,#	NC	probably	=ART	story	voice	spirit	probably	3SG	FUT	finish	DEL	EMPH	DEM1.A,So I think the story is over right here.,en,MORPHEME_ALIGNED,,as1_mp3 as1_wav as1_eaf as1_xml as1_tsv,,311568,316248,##	nc	other	=ln	np:dt_s	rn	rn	other	pro:s	lv	v:pred	rv	other	other:l,,as1,∅	∅	∅	∅	∅	∅	∅	∅	∅	∅	∅	∅	∅	∅,∅	∅	∅	∅	2001	∅	∅	∅	2001	∅	∅	∅	∅	∅,∅	∅	∅	∅	2001	∅	∅	∅	2001	∅	∅	∅	∅	∅
gabg_0001,mcveraa,lēn qōn̄ ne vōwal n buskat won gōsuwō,#	lē	=n	qōn̄	ne	vō-wal	n	buskat	wo	=n	gōsuwō,#	LOC	=ART	night	NUM.ART	NUM-one	ART	cat	and	=ART	rat,"One day, a cat and a rat.",en,MORPHEME_ALIGNED,,gabg_mp3 gabg_wav gabg_eaf gabg_xml gabg_tsv,,0,8166,##	adp	=ln	np:other	rn	rn	ln	np.d:pred	rn	=rn	rn_np.d,,gabg,∅	∅	∅	∅	∅	∅	∅	new	∅	∅	new,∅	∅	∅	∅	∅	∅	∅	3001	∅	∅	3002,∅	∅	∅	∅	∅	∅	∅	3001	∅	∅	3002
gabg_0002,mcveraa,duru 'a 'ow'ow lēn vunu ne vōwal lēn nim̄ē ne vōwal,#	duru	ga	'ōg'ōg	lē	=n	vunu	ne	vō-wal	lē	=n	nim̄ē	ne	vō-wal,#	3DL	STAT	RED:stay	LOC	=ART	island	NUM.ART	NUM-one	LOC	=ART	house	NUM.ART	NUM-one,"The two ... in the past on one island in one house,",en,MORPHEME_ALIGNED,,gabg_mp3 gabg_wav gabg_eaf gabg_xml gabg_tsv,,8174,26527,##	pro.d:s	lv	v:pred	adp	=ln	np:l	rn	rn	adp	=ln	np:l	rn	rn,,gabg,∅	bridging	∅	∅	∅	∅	new	∅	∅	∅	∅	new	∅	∅,∅	3003	∅	∅	∅	∅	3004	∅	∅	∅	∅	3005	∅	∅,∅	3003	∅	∅	∅	∅	3004	∅	∅	∅	∅	3005	∅	∅
gabg_0003,mcveraa,durum 'og kēlkēl,#	duru	=m	'ōg	kēlkēl,#	3DL	=TAM1	stay	RED:back,the two lived together.,en,MORPHEME_ALIGNED,,gabg_mp3 gabg_wav gabg_eaf gabg_xml gabg_tsv,,26527,31640,##	pro.d:s	=lv	v:pred	rv,,gabg,∅	∅	∅	∅	∅,∅	3003	∅	∅	∅,∅	3003	∅	∅	∅
gabg_0004,mcveraa,qōn̄ ne vōwal n 'ekē ga i'in lēn lōlō m̄oruō,#	qōn̄	ne	vō-wal	n	'ekē	ga	i'in	lē	=n	lōlō	m̄o	-ruō,#	night	NUM.ART	NUM-one	ART	place	STAT	hot	LOC	=ART	inside	POSS.HOUSE	-3DL,"One day, as it was so hot inside their house,",en,MORPHEME_ALIGNED,,gabg_mp3 gabg_wav gabg_eaf gabg_xml gabg_tsv,,31641,37248,##	np:other	rn	rn	ln	np:s	lv	v:pred	adp	=ln	ln	np:l	-rn_pro.d:poss,,gabg,∅	∅	∅	∅	∅	∅	∅	∅	∅	∅	∅	∅	∅,∅	∅	∅	∅	∅	3005	∅	∅	∅	∅	∅	3005	3003,∅	∅	∅	∅	∅	3005	∅	∅	∅	∅	∅	3005	3003
gabg_0005,mcveraa,buskat ne tek mēn e gōsuwō,#	buskat	ne	tēk	mē-n	e	gōsuwō,#	cat	TAM2:3SG	speak	DAT-CS	PERS.ART	rat,cat said to rat:,en,MORPHEME_ALIGNED,,gabg_mp3 gabg_wav gabg_eaf gabg_xml gabg_tsv,,37248,42891,##	np.d:s_ds	lv-pro_d_s_ds	v:pred	adp	ln	np.d:g,,gabg,∅	∅	∅	∅	∅	∅	∅,∅	3001	∅	∅	∅	∅	3002,∅	3001	∅	∅	∅	∅	3002
gabg_0006,mcveraa,bulsal gōduk van tetel 'a lo,#	bulsal	gidu	=k	van	tetel	a	lo,#	friend	1DL.IN	=TAM2	go	walking	LOC.SP	seaside,"""Friend, are we two gonna go to the sea?""",en,MORPHEME_ALIGNED,,gabg_mp3 gabg_wav gabg_eaf gabg_xml gabg_tsv,,42891,50040,##ds	np.d:voc	pro.1:s	=lv	v:pred	rv	adp	np:g,,gabg,∅	∅	∅	∅	∅	∅	∅	bridging,∅	3002	3003	∅	∅	∅	∅	3006,∅	3002	3003	∅	∅	∅	∅	3006
gabg_0007,mcveraa,gōsuwō ne tek mēn e buskat,#	gōsuwō	ne	tēk	mē-n	e	buskat,#	rat	TAM2:3SG	speak	DAT-CS	PERS.ART	cat,So rat said to cat:,en,MORPHEME_ALIGNED,,gabg_mp3 gabg_wav gabg_eaf gabg_xml gabg_tsv,,50051,56662,##	np.d:s_ds	lv-pro_d_s_ds	v:pred	adp	ln	np.d:g,,gabg,∅	∅	∅	∅	∅	∅	∅,∅	3002	∅	∅	∅	∅	3001,∅	3002	∅	∅	∅	∅	3001
gabg_0008,mcveraa,'alē bulsal duk van,#	'alē	bulsal	du	=k	van,#	INTERJ	friend	1DL.IN	=TAM2	go,"""Allez, friend, we two are going.""",en,MORPHEME_ALIGNED,,gabg_mp3 gabg_wav gabg_eaf gabg_xml gabg_tsv,,56673,59237,##ds	other	np.d:voc	wpro.1:s	=lv	v:pred,,gabg,∅	∅	∅	∅	∅	∅,∅	∅	3001	3003	∅	∅,∅	∅	3001	3003	∅	∅
gabg_0009,mcveraa,durum van van van 'ēqel din̄ suw 'a lo,#	duru	=m	van	van	van	#	ZERO	'ēqel	din̄	suw	a	lo,#	3DL	=TAM2	go	go	go	#	ZERO	descend	reach	down	LOC.SP	sea,"They went, and when they arrived down at the sea,",en,MORPHEME_ALIGNED,,gabg_mp3 gabg_wav gabg_eaf gabg_xml gabg_tsv,,59237,63483,##	pro.d:s	=lv	v:pred	nc	nc	##	0.d:s	v:pred	rv	rv	adp	np:g,,gabg,∅	∅	∅	∅	∅	∅	∅	∅	∅	∅	∅	∅	∅,∅	3003	∅	∅	∅	∅	∅	3003	∅	∅	∅	∅	3006,∅	3003	∅	∅	∅	∅	∅	3003	∅	∅	∅	∅	3006
gabg_0010,mcveraa,me' ga kō',#	me'	ga	kō',#	reef	STAT	dry,the reef was dry.,en,MORPHEME_ALIGNED,,gabg_mp3 gabg_wav gabg_eaf gabg_xml gabg_tsv,,63497,67382,##	np:s	lv	v:pred,,gabg,∅	bridging	∅	∅,∅	3007	∅	∅,∅	3007	∅	∅
gabg_0011,mcveraa,n buskat ne tek mēn e gōsuwō,#	n	buskat	ne	tēk	mē-n	e	gōsuwō,#	ART	cat	TAM2:3SG	speak	DAT-CS	PERS.ART	rat,The cat said to rat:,en,MORPHEME_ALIGNED,,gabg_mp3 gabg_wav gabg_eaf gabg_xml gabg_tsv,,67382,72938,##	ln	np.d:s_ds	lv-pro_d_s_ds	v:pred	adp	ln	np.d:g,,gabg,∅	∅	∅	∅	∅	∅	∅	∅,∅	∅	3001	∅	∅	∅	∅	3002,∅	∅	3001	∅	∅	∅	∅	3002
gabg_0012,mcveraa,'ō bul dum van ma 'anē' n,#	'ō	bul	du	=m	van	ma	anē	#	n,#	INTERJ	friend	1DL.IN	=TAM1	go	hither	DEM1.A	#	ART,"""Oh, friend, we came here,",en,MORPHEME_ALIGNED,,gabg_mp3 gabg_wav gabg_eaf gabg_xml gabg_tsv,,72938,75361,##ds	adp	np.d:voc	wpro.1:s	=lv	v:pred	rv	rn_dem1	##ds	ln,,gabg,∅	∅	∅	∅	∅	∅	∅	∅	∅	∅,∅	∅	3002	3003	∅	∅	∅	∅	∅	∅,∅	∅	3002	3003	∅	∅	∅	∅	∅	∅
gabg_0013,mcveraa,me' ga rōrvō kō',me'	ga	rōrvō	kō',reef	STAT	deeply	dry,"and the reef is completely dry.""",en,MORPHEME_ALIGNED,,gabg_mp3 gabg_wav gabg_eaf gabg_xml gabg_tsv,,75369,78321,np:s	lv	lv	v:pred,,gabg,∅	∅	∅	∅,3007	∅	∅	∅,3007	∅	∅	∅
gabg_0014,mcveraa,gōsuwō ne tek kel mēn e buskat,#	gōsuwō	ne	tēk	kel	mē-n	e	buskat,#	rat	TAM2:3SG	speak	back	DAT-CS	PERS.ART	cat,Rat in turn said to cat:,en,MORPHEME_ALIGNED,,gabg_mp3 gabg_wav gabg_eaf gabg_xml gabg_tsv,,78329,80772,##	np.d:s_ds	lv-pro_d_s_ds	v:pred	rv	adp	ln	np.d:g,,gabg,∅	∅	∅	∅	∅	∅	∅	∅,∅	3002	∅	∅	∅	∅	∅	3001,∅	3002	∅	∅	∅	∅	∅	3001
gabg_0015,mcveraa,bul siwo gōdō vanvan lēn me' lēn vovon̄odo,#	bul	si	wo	gidu	vanvan	lē	=n	me'	lē	=n	vo-von̄odo,#	friend	or	and	1DL.IN	RED:go	LOC	=ART	reef	LOC	=ART	RED-fish,"""Friend, while we are going on the reef to fish,",en,MORPHEME_ALIGNED,,gabg_mp3 gabg_wav gabg_eaf gabg_xml gabg_tsv,,80782,86070,##ds	np.d:voc	other	other	pro.1:s	v:pred	adp	=ln	np:g	adp	=ln	np:other,,gabg,∅	∅	∅	∅	∅	∅	∅	∅	∅	∅	∅	∅,∅	3001	∅	∅	3003	∅	∅	∅	3007	∅	∅	∅,∅	3001	∅	∅	3003	∅	∅	∅	3007	∅	∅	∅
gabg_0016,mcveraa,ba nik me 'a'aram enteg mē no,#	ba	nik	me	'a-'aram	enteg	mē	no,#	but	2SG	FUT	RED-inform	well	DAT	1SG,you will inform me well,en,MORPHEME_ALIGNED,,gabg_mp3 gabg_wav gabg_eaf gabg_xml gabg_tsv,,86080,89850,##ds	other	pro.2:s	lv	v:pred	rv	adp	pro.1:g,,gabg,∅	∅	∅	∅	∅	∅	∅	∅,∅	∅	3001	∅	∅	∅	∅	3002,∅	∅	3001	∅	∅	∅	∅	3002
gabg_0017,mcveraa,sin mem lōl nik me 'a'aram enteg mē no,#	si	=n	me'	=m	lōl	#	nik	me	'a-'aram	enteg	ZERO	mē	no,#	or	=ART	reef	=TAM1	flooded	#	2SG	FUT	RED-inform	well	ZERO	DAT	1SG,"if the reef is getting flooded, you tell me clearly.",en,MORPHEME_ALIGNED,,gabg_mp3 gabg_wav gabg_eaf gabg_xml gabg_tsv,,89868,93317,#ds_cc	other	=ln	np:s	=lv	v:pred	##	pro.2:a	lv	v:pred	rv	0:p	adp	pro.1:g,,gabg,∅	∅	∅	∅	∅	∅	∅	∅	∅	∅	∅	∅	∅	∅,∅	∅	∅	3007	∅	∅	∅	3001	∅	∅	∅	∅	∅	3002,∅	∅	∅	3007	∅	∅	∅	3001	∅	∅	∅	∅	∅	3002
gabg_0018,mcveraa,wōle no dowdow ros,#	wōle	no	dowdow	rōs,#	you.know	1SG	RED:wet	GEN.NEG2,"I shouldn't get wet,",en,MORPHEME_ALIGNED,,gabg_mp3 gabg_wav gabg_eaf gabg_xml gabg_tsv,,93317,95203,##ds.neg	other	pro.1:s	v:pred	rv,,gabg,∅	∅	∅	∅	∅,∅	∅	3002	∅	∅,∅	∅	3002	∅	∅
gabg_0019,mcveraa,wo no ga se' lē... lēn naw,#	wo	no	ga	se'	lē—	lē	=n	naw,#	and	1SG	STAT	bad	NC	LOC	=ART	saltwater,and I am bad in the sea.,en,MORPHEME_ALIGNED,,gabg_mp3 gabg_wav gabg_eaf gabg_xml gabg_tsv,,95203,98409,##ds	other	pro.1:s	lv	v:pred	nc	adp	=ln	np:obl,,gabg,∅	∅	∅	∅	∅	∅	∅	∅	bridging,∅	∅	3002	∅	∅	∅	∅	∅	3009,∅	∅	3002	∅	∅	∅	∅	∅	3009
gabg_0020,mcveraa,sin nawm qal no si nom dow no me ma',#	si	=n	naw	=m	qal	no	#	si	no	=m	dow	#	no	me	ma',#	or	=ART	saltwater	=TAM1	hit	1SG	#	and	1SG	=TAM1	wet	#	1SG	FUT	dead,"If the sea gets me and I get wet, I will die.""",en,MORPHEME_ALIGNED,,gabg_mp3 gabg_wav gabg_eaf gabg_xml gabg_tsv,,98419,103201,##ds	other	=ln	np:a	=lv	v:pred	pro.1:p	##ds	other	pro.1:s	=lv	v:pred	##ds	pro.1:s	lv	v:pred,,gabg,∅	∅	∅	∅	∅	∅	∅	∅	∅	∅	∅	∅	∅	∅	∅	∅,∅	∅	∅	3009	∅	∅	3002	∅	∅	3002	∅	∅	∅	3002	∅	∅,∅	∅	∅	3009	∅	∅	3002	∅	∅	3002	∅	∅	∅	3002	∅	∅
gabg_0021,mcveraa,gōsuwō ne ka...,#	gōsuwō	ne	ka—,#	rat	TAM2	NC,Rat got...,en,MORPHEME_ALIGNED,,gabg_mp3 gabg_wav gabg_eaf gabg_xml gabg_tsv,,103201,106689,#nc	nc_np.d	nc	nc,,gabg,∅	∅	∅	∅,∅	3002	∅	∅,∅	3002	∅	∅
gabg_0022,mcveraa,buskat ne kalraka ne tek mē di so,#	buskat	ne	kalraka	#	ZERO	ne	tēk	mē	di	so,#	cat	TAM2:3SG	get.up	#	ZERO	TAM2:3SG	speak	DAT	3SG	QUOT,Then cat got up and said to him:,en,MORPHEME_ALIGNED,,gabg_mp3 gabg_wav gabg_eaf gabg_xml gabg_tsv,,106689,111054,##	np.d:s	lv-pro_d_s	v:pred	##	0.d:s_ds	lv-pro_d_s_ds	v:pred	adp	pro.d:g	other,,gabg,∅	∅	∅	∅	∅	∅	∅	∅	∅	∅	∅,∅	3001	∅	∅	∅	3001	∅	∅	∅	3002	∅,∅	3001	∅	∅	∅	3001	∅	∅	∅	3002	∅
gabg_0023,mcveraa,o ga gitok bulsal,#	o	ga	itok	bulsal,#	INTERJ	STAT	good	friend,"""That's all right, friend,",en,MORPHEME_ALIGNED,,gabg_mp3 gabg_wav gabg_eaf gabg_xml gabg_tsv,,111063,112643,##ds	other	lv	v:pred	np.d:voc,,gabg,∅	∅	∅	∅	∅,∅	∅	∅	∅	3002,∅	∅	∅	∅	3002
gabg_0024,mcveraa,no me 'ēn'ēn,#	no	me	'ēn'ēn,#	1SG	FUT	RED:see,I will be watching it.,en,MORPHEME_ALIGNED,,gabg_mp3 gabg_wav gabg_eaf gabg_xml gabg_tsv,,112643,113801,##ds	pro.1:s	lv	v:pred,,gabg,∅	∅	∅	∅,∅	3001	∅	∅,∅	3001	∅	∅
gabg_0025,mcveraa,nom'ēn si son mem lōl no me no mak 'aram enteg mē nike,#	no	=m	'ēn	#	si	so	=n	me'	=m	lōl	#	no	me	no	mak	'aram	enteg	ZERO	mē	nikē,#	1SG	=TAM1	see	#	or	QUOT	=ART	reef	=TAM1	flooded	#	1SG	FUT	1SG	IMM	inform	well	ZERO	DAT	2SG,"If I see that the reef is getting flooded, I will ... I will tell you immediately.""",en,MORPHEME_ALIGNED,,gabg_mp3 gabg_wav gabg_eaf gabg_xml gabg_tsv,,113801,116881,##ds	pro.1:s	=lv	v:pred	#ds_cc	other	other	=ln	np:s	=lv	v:pred	##ds	nc_pro.1	nc	pro.1:a	lv	v:pred	rv	0:p	adp	pro.2:g,,gabg,∅	∅	∅	∅	∅	∅	∅	∅	∅	∅	∅	∅	∅	∅	∅	∅	∅	∅	∅	∅	∅,∅	3001	∅	∅	∅	∅	∅	∅	3007	∅	∅	∅	3001	∅	3001	∅	∅	∅	∅	∅	3002,∅	3001	∅	∅	∅	∅	∅	∅	3007	∅	∅	∅	3001	∅	3001	∅	∅	∅	∅	∅	3002
gabg_0026,mcveraa,durm van rōw vovon̄odo,#	duru	=m	van	rōw	#	ZERO	vo-von̄odo,#	1DL.IN	=TAM1	go	seawards	#	ZERO	RED-fish,They went down fishing.,en,MORPHEME_ALIGNED,,gabg_mp3 gabg_wav gabg_eaf gabg_xml gabg_tsv,,116881,121723,##	pro.d:s	=lv	v:pred	rv	##	0.d:s	v:pred,,gabg,∅	∅	∅	∅	∅	∅	∅	∅,∅	3003	∅	∅	∅	∅	3003	∅,∅	3003	∅	∅	∅	∅	3003	∅
gabg_0027,mcveraa,buskat di 'ōn qē gogo,#	buskat	di	'ō'	=n	qē	gogo',#	cat	3SG	with	=ART	LONG.THING	RED:hook,Cat was with the fishing rod ...,en,MORPHEME_ALIGNED,,gabg_mp3 gabg_wav gabg_eaf gabg_xml gabg_tsv,,121733,129908,#nc	nc_np.d	nc	nc	nc	nc	nc,,gabg,∅	∅	∅	∅	∅	∅	∅,∅	3001	∅	∅	∅	∅	∅,∅	3001	∅	∅	∅	∅	∅
gabg_0028,mcveraa,magarsine bus... buskat di 'ōn vus won n gōsuwō di 'ōn qegogo',magarsine	bus—	#	buskat	di	'ō'	=n	vus	#	wo	=n	n	gōsuwō	di	'ō'	=n	qē,sorry	NC	#	cat	3SG	with	=ART	bow	#	and	=ART	ART	rat	3SG	with	=ART	rod,"sorry, cat was with bow and arrow and the rat was with the rod.",en,MORPHEME_ALIGNED,,gabg_mp3 gabg_wav gabg_eaf gabg_xml gabg_tsv,,129908,143437,nc	nc	##	np.d:dt_s	pro.d:s	adp	=ln	np:pred	##	other	=ln	nc	np.d:dt_s	pro.d:s	adp	=ln	np:pred,,gabg,∅	∅	∅	∅	∅	∅	∅	new	∅	∅	∅	∅	∅	∅	∅	∅	new,∅	∅	∅	3002	3002	∅	∅	3010	∅	∅	∅	∅	3002	3002	∅	∅	3011,∅	∅	∅	3002	3002	∅	∅	3010	∅	∅	∅	∅	3002	3002	∅	∅	3011
gabg_0029,mcveraa,durum vovon̄odo vovon̄odo vovon̄odo vavan,#	duru	=m	vo-von̄odo	vo-von̄odo	vo-von̄odo	va-van,#	3DL	=TAM1	RED-fish	RED-fish	RED-fish	RED-go,They fished and fished until,en,MORPHEME_ALIGNED,,gabg_mp3 gabg_wav gabg_eaf gabg_xml gabg_tsv,,143446,147937,##	pro.d:s	=lv	v:pred	nc	nc	other,,gabg,∅	∅	∅	∅	∅	∅	∅,∅	3003	∅	∅	∅	∅	∅,∅	3003	∅	∅	∅	∅	∅
gabg_0030,mcveraa,n bēlēl a rekson gōsuwō ga gis dim wur nēnēn,#	n	bēlēl	#	a	rekso	=n	gōsuwō	ga	gis	ZERO	%	di	=m	wur	nēnēn,#	ART	basket	#	REL	like	=ART	rat	STAT	hold	ZERO	%	3SG	=TAM1	full	completely,the basket that the rat took with him was full.,en,MORPHEME_ALIGNED,,gabg_mp3 gabg_wav gabg_eaf gabg_xml gabg_tsv,,147937,152086,##	ln	np:dt_s	#rc_rn	other	other	=ln	np.d:a	lv	v:pred	0:p	%	pro.d:s	=lv	v:pred	rv,,gabg,∅	∅	new	∅	∅	∅	∅	∅	∅	∅	∅	∅	∅	∅	∅	∅,∅	∅	3012	∅	∅	∅	∅	3002	∅	∅	3012	∅	3012	∅	∅	∅,∅	∅	3012	∅	∅	∅	∅	3002	∅	∅	3012	∅	3012	∅	∅	∅
gabg_0031,mcveraa,duruk van kal van kal sar lēn n̄ērē'iē,#	duru	=k	van	kal	#	ZERO	van	kal	sar	lē	=n	n̄ērē'iē,#	3DL	=TAM2	go	upwards	#	ZERO	go	upwards	landwards	LOC	=ART	shore,They went up onto the shore,en,MORPHEME_ALIGNED,,gabg_mp3 gabg_wav gabg_eaf gabg_xml gabg_tsv,,152086,156414,##	pro.d:s	=lv	v:pred	rv	##	0.d:s	v:pred	rv	rv	adp	=ln	np:g,,gabg,∅	∅	∅	∅	∅	∅	∅	∅	∅	∅	∅	∅	bridging,∅	3003	∅	∅	∅	∅	3003	∅	∅	∅	∅	∅	3013,∅	3003	∅	∅	∅	∅	3003	∅	∅	∅	∅	∅	3013
gabg_0032,mcveraa,me' ne lōl kal ma,#	me'	ne	lōl	kal	ma,#	reef	TAM2:3SG	flooded	upwards	hither,as the water rose covering up the reef.,en,MORPHEME_ALIGNED,,gabg_mp3 gabg_wav gabg_eaf gabg_xml gabg_tsv,,156424,158618,##	np:s	lv-pro_s	v:pred	rv	rv,,gabg,∅	∅	∅	∅	∅	∅,∅	3007	∅	∅	∅	∅,∅	3007	∅	∅	∅	∅
gabg_0033,mcveraa,durum din̄ sar,#	duru	=m	din̄	sar,#	3DL	=TAM1	reach	landwards,"When they arrived on top,",en,MORPHEME_ALIGNED,,gabg_mp3 gabg_wav gabg_eaf gabg_xml gabg_tsv,,158618,160124,##	pro.d:s	=lv	v:pred	rv,,gabg,∅	∅	∅	∅	∅,∅	3003	∅	∅	∅,∅	3003	∅	∅	∅
gabg_0034,mcveraa,gōsuwō ne tek mēn e buskat,#	gōsuwō	ne	tēk	mē-n	e	buskat,#	rat	TAM2:3SG	speak	DAT-CS	PERS.ART	cat,rat said to cat:,en,MORPHEME_ALIGNED,,gabg_mp3 gabg_wav gabg_eaf gabg_xml gabg_tsv,,160124,163497,##	np.d:s_ds	lv-pro_d_s_ds	v:pred	adp	ln	np.d:g,,gabg,∅	∅	∅	∅	∅	∅	∅,∅	3002	∅	∅	∅	∅	3001,∅	3002	∅	∅	∅	∅	3001
gabg_0035,mcveraa,bulsal non milin̄sal,#	bulsal	no	=n	milin̄sal,#	friend	1SG	=ART	hungry,"""Friend, I am hungry.""",en,MORPHEME_ALIGNED,,gabg_mp3 gabg_wav gabg_eaf gabg_xml gabg_tsv,,163497,166855,##ds	np.d:voc	pro.1:s	=ln	np:pred,,gabg,∅	∅	∅	∅	∅,∅	3001	3002	∅	∅,∅	3001	3002	∅	∅
gabg_0036,mcveraa,gōsuwō gōsuwō nēm tek mēn e buskat,#	gōsuwō	gōsuwō	nē	=m	tēk	mē-n	e	buskat,#	rat	rat	DEM1	=TAM1	speak	DAT-CS	PERS.ART	cat,"Rat, Rat said to Cat:",en,MORPHEME_ALIGNED,,gabg_mp3 gabg_wav gabg_eaf gabg_xml gabg_tsv,,166855,171577,##	np.d:dt_s	np.d:s	rn_dem1	=lv	v:pred	adp	ln	np.d:g,,gabg,∅	∅	∅	∅	∅	∅	∅	∅	∅,∅	3002	3002	∅	∅	∅	∅	∅	3001,∅	3002	3002	∅	∅	∅	∅	∅	3001
gabg_0037,mcveraa,bulsal non milin̄sal,#	bulsal	no	=n	milin̄sal,#	friend	1SG	=ART	hungry,"""Friend, I am hungry.""",en,MORPHEME_ALIGNED,,gabg_mp3 gabg_wav gabg_eaf gabg_xml gabg_tsv,,171595,173936,##ds	np.d:voc	pro.1:s	=ln	np:pred,,gabg,∅	∅	∅	∅	∅,∅	3001	3002	∅	∅,∅	3001	3002	∅	∅
gabg_0038,mcveraa,buskat ne kalraka ne tek so,#	buskat	ne	kalraka	#	ZERO	ne	tēk	so,#	cat	TAM2:3SG	get.up	#	ZERO	TAM2:3SG	speak	QUOT,Then cat got up and said:,en,MORPHEME_ALIGNED,,gabg_mp3 gabg_wav gabg_eaf gabg_xml gabg_tsv,,173946,177349,##	np.d:s	lv-pro_d_s	v:pred	##	0.d:s_ds	lv-pro_d_s_ds	v:pred	other,,gabg,∅	∅	∅	∅	∅	∅	∅	∅	∅,∅	3001	∅	∅	∅	3001	∅	∅	∅,∅	3001	∅	∅	∅	3001	∅	∅	∅
gabg_0039,mcveraa,'ēqēk 'a 'ow'ow nom da 'i sa sarmanē,#	'ēqē	-k	'a	'ow'ow	#	no	=m	da	'i	ZERO	%	sa	sarmanē,#	garden	-1SG	ASS.SP	before	#	1SG	=TAM1	do	DEL	ZERO	%	EMPH	up.there,"""My garden from before that I made is right up here.",en,MORPHEME_ALIGNED,,gabg_mp3 gabg_wav gabg_eaf gabg_xml gabg_tsv,,177349,182860,##ds	np:s	-rn_pro.1:poss	rn	rn	#ds_rc	pro.1:a	=lv	v:pred	rv	0:p	%	other	other:pred,,gabg,∅	new	∅	∅	∅	∅	∅	∅	∅	∅	∅	∅	∅	∅,∅	3014	3001	∅	∅	∅	3001	∅	∅	∅	3014	∅	∅	∅,∅	3014	3001	∅	∅	∅	3001	∅	∅	∅	3014	∅	∅	∅
gabg_0040,mcveraa,duō vekres qēn mes,#	duō	vekres	qē'	=n	mes,#	1DL.IN	gut	finish	=ART	fish,Let's gut all the fish,en,MORPHEME_ALIGNED,,gabg_mp3 gabg_wav gabg_eaf gabg_xml gabg_tsv,,182869,185215,##ds	wpro.1:a	v:pred	rv	=ln	np:p,,gabg,∅	∅	∅	∅	∅	bridging,∅	3003	∅	∅	∅	3015,∅	3003	∅	∅	∅	3015
gabg_0041,mcveraa,duk van sar duk 'ēn,#	du	=k	van	sar	#	du	=k	'ēn	ZERO,#	1DL.IN	=TAM2	go	up	#	1DL.IN	=TAM2	see	ZERO,and then we go upwards and have a look.,en,MORPHEME_ALIGNED,,gabg_mp3 gabg_wav gabg_eaf gabg_xml gabg_tsv,,185215,187295,##ds	wpro.1:s	=lv	v:pred	rv	##ds	wpro.1:a	=lv	v:pred	0:p,,gabg,∅	∅	∅	∅	∅	∅	∅	∅	∅	∅,∅	3003	∅	∅	∅	∅	3003	∅	∅	3014,∅	3003	∅	∅	∅	∅	3003	∅	∅	3014
gabg_0042,mcveraa,duk van lulu duk van lu bēne,#	du	=k	van	lulu	#	du	=k	van	lu	bēne,#	1DL.IN	=TAM2	go	RED:through	#	1DL.IN	=TAM2	go	through	PRO.OBL,"We will go through, go through it,",en,MORPHEME_ALIGNED,,gabg_mp3 gabg_wav gabg_eaf gabg_xml gabg_tsv,,187304,190258,##ds	wpro.1:s	=lv	v:pred	rv	##ds	wpro.1:s	=lv	v:pred	rv	other:g,,gabg,∅	∅	∅	∅	∅	∅	∅	∅	∅	∅	∅,∅	3003	∅	∅	∅	∅	3003	∅	∅	∅	3014,∅	3003	∅	∅	∅	∅	3003	∅	∅	∅	3014
gabg_0043,mcveraa,duk 'ēn so sin wova'al bēne duk gen,#	du	=k	'ēn	#	so	si	=n	wova'al	bēne	#	du	=k	gen	ZERO,#	1DL.IN	=TAM2	see	#	CPL	or	=ART	pawpaw	exist	#	1DL.IN	=TAM2	eat	ZERO,if we see that there are pawpaws we will eat them.,en,MORPHEME_ALIGNED,,gabg_mp3 gabg_wav gabg_eaf gabg_xml gabg_tsv,,190258,194060,##ds	wpro.1:s	=lv	v:pred	#ds_cc	other	other	=ln	np:s	other:pred	##ds	wpro.1:a	=lv	v:pred	0:p,,gabg,∅	∅	∅	∅	∅	∅	∅	∅	new	∅	∅	∅	∅	∅	∅,∅	3003	∅	∅	∅	∅	∅	∅	3016	∅	∅	3003	∅	∅	3016,∅	3003	∅	∅	∅	∅	∅	∅	3016	∅	∅	3003	∅	∅	3016
gabg_0044,mcveraa,qē' gēdu mak mulō,#	qē'	gidu	mak	mulō,#	finish	1DL.IN	IMM	go,"Then we go home.""",en,MORPHEME_ALIGNED,,gabg_mp3 gabg_wav gabg_eaf gabg_xml gabg_tsv,,194060,196873,##ds	other	pro.1:s	lv	v:pred,,gabg,∅	∅	∅	∅	∅,∅	∅	3003	∅	∅,∅	∅	3003	∅	∅
gabg_0045,mcveraa,gōsuwō ne tek mēn e buskat,#	gōsuwō	ne	tēk	mē-n	e	buskat,#	rat	TAM2:3SG	speak	DAT-CS	PERS.ART	cat,So rat said to cat:,en,MORPHEME_ALIGNED,,gabg_mp3 gabg_wav gabg_eaf gabg_xml gabg_tsv,,196880,199616,##	np.d:s_ds	lv-pro_d_s_ds	v:pred	adp	ln	np.d:g,,gabg,∅	∅	∅	∅	∅	∅	∅,∅	3002	∅	∅	∅	∅	3001,∅	3002	∅	∅	∅	∅	3001
gabg_0046,mcveraa,o ga gitok,#	o	ga	itok,#	INTERJ	STAT	good,"""Oh, all right.""",en,MORPHEME_ALIGNED,,gabg_mp3 gabg_wav gabg_eaf gabg_xml gabg_tsv,,199616,202164,##ds	other	lv	v:pred,,gabg,∅	∅	∅	∅,∅	∅	∅	∅,∅	∅	∅	∅
gabg_0047,mcveraa,durum vekres qē' ēn mes van kal,#	duru	=m	vekres	qē'	ēn	mes	#	ZERO	van	kal,#	3DL	=TAM1	gut	finish	ART	fish	#	ZERO	go	upwards,They gutted all the fish and went upwards.,en,MORPHEME_ALIGNED,,gabg_mp3 gabg_wav gabg_eaf gabg_xml gabg_tsv,,202164,206750,##	pro.d:a	=lv	v:pred	rv	ln	np:p	##	0.d:s	v:pred	rv,,gabg,∅	∅	∅	∅	∅	∅	∅	∅	∅	∅	∅,∅	3003	∅	∅	∅	∅	3015	∅	3003	∅	∅,∅	3003	∅	∅	∅	∅	3015	∅	3003	∅	∅
gabg_0048,mcveraa,van kal sar lēn 'ēqē duruk 'ēn sagēn 'ēn'ēn volvol n 'erē 'uvu' 'uvu' wova'al 'anē'ē ne gitag qē' bēne,#	ZERO	van	kal	sar	lē	=n	'ēqē	#	duru	=k	'ēn	sagēn	#	ZERO	'ēn'ēn	volvol	n	'erē	'uvu'	'uvu'	wova'al	anē'ē	#	ne	gitag	qē'	ZERO	bēne,#	ZERO	go	upwards	up	LOC	=ART	garden	#	3DL	=TAM2	see	up	#	ZERO	RED:see	around	ART	PL	base	base	pawpaw	DEM1.A	#	NC	not.exist	finish	ZERO	PRO.OBL,"Having gone up to the gardens they looked around up there, looked at all of these pawpaw trees, and there was nothing (on them).",en,MORPHEME_ALIGNED,,gabg_mp3 gabg_wav gabg_eaf gabg_xml gabg_tsv,,206750,213428,##	0.d:s	v:pred	rv	rv	adp	=ln	np:g	##	pro.d:s	=lv	v:pred	other:g	##	0.d:a	v:pred	rv	ln	ln	nc	np:p	rn	rn_dem1	##	other	other:pred	rv	0:s	other:l,,gabg,∅	∅	∅	∅	∅	∅	∅	∅	∅	∅	∅	∅	∅	∅	∅	∅	∅	∅	∅	∅	bridging	∅	∅	∅	∅	∅	∅	∅	∅,∅	3003	∅	∅	∅	∅	∅	3014	∅	3003	∅	∅	∅	∅	3003	∅	∅	∅	∅	∅	3017	∅	∅	∅	∅	∅	∅	∅	∅,∅	3003	∅	∅	∅	∅	∅	3014	∅	3003	∅	∅	∅	∅	3003	∅	∅	∅	∅	∅	3017	∅	∅	∅	∅	∅	∅	∅	∅
gabg_0049,mcveraa,'uvu' 'uvu' va'al ne vōwal wuva wēwē ne wēwē ne vōwal ga mine,#	'uvu'	'uvu'	va'al	ne	vō-wal	wuva	wēwē	ne	wēwē	ne	vō-wal	ga	mine,#	base	base	pawpaw	NUM.ART	NUM-one	only	fruit	NUM.ART	fruit	NUM.ART	NUM-one	STAT	ripe,"Only on one tree, one banana tree had fruits, one fruit was ripe.",en,MORPHEME_ALIGNED,,gabg_mp3 gabg_wav gabg_eaf gabg_xml gabg_tsv,,213442,221446,##	nc	np:dt	rn	rn	rn	other	nc_np	nc	np:s	rn	rn	lv	v:pred,,gabg,∅	∅	bridging	∅	∅	∅	∅	bridging	∅	bridging	∅	∅	∅	∅,∅	∅	3018	∅	∅	∅	∅	3019	∅	3020	∅	∅	∅	∅,∅	∅	3018	∅	∅	∅	∅	3019	∅	3020	∅	∅	∅	∅
gabg_0050,mcveraa,buskat ne kalraka ne tek so,#	buskat	ne	kalraka	#	ZERO	ne	tēk	so,#	cat	TAM2:3SG	get.up	#	ZERO	TAM2:3SG	speak	QUOT,Cat got up and said:,en,MORPHEME_ALIGNED,,gabg_mp3 gabg_wav gabg_eaf gabg_xml gabg_tsv,,221465,224075,##	np.d:s	lv-pro_d_s	v:pred	##	0.d:s_ds	lv-pro_d_s_ds	v:pred	other,,gabg,∅	∅	∅	∅	∅	∅	∅	∅	∅,∅	3001	∅	∅	∅	3001	∅	∅	∅,∅	3001	∅	∅	∅	3001	∅	∅	∅
gabg_0051,mcveraa,o bul wēwē wova'al ne vōwal sarēnē ga mine,#	o	bul	wēwē	wova'al	ne	vō-wal	sarēnē	ga	mine,#	INTERJ	friend	fruit	pawpaw	NUM.ART	NUM-one	up.there	STAT	ripe,"""Oh, friend, this one pawpaw fruit up there is ripe.",en,MORPHEME_ALIGNED,,gabg_mp3 gabg_wav gabg_eaf gabg_xml gabg_tsv,,224086,229068,##ds	other	np.d:voc	np:s	rn	rn	rn	rn	lv	v:pred,,gabg,∅	∅	∅	∅	∅	∅	∅	∅	∅	∅,∅	∅	3002	3020	∅	∅	∅	∅	∅	∅,∅	∅	3002	3020	∅	∅	∅	∅	∅	∅
gabg_0052,mcveraa,ne'ē sa gēdu me gen ē,#	nē'ē	sa	gidu	me	gen	ZERO	ē,#	DEM1	EMPH	1DL.IN	FUT	eat	ZERO	DEM3,"Exactly this one we will eat.""",en,MORPHEME_ALIGNED,,gabg_mp3 gabg_wav gabg_eaf gabg_xml gabg_tsv,,229068,231672,##ds	dem_pro:dt_p	other	pro.1:a	lv	v:pred	0:p	dem3_other,,gabg,∅	∅	∅	∅	∅	∅	∅	∅,∅	3020	∅	3003	∅	∅	3020	∅,∅	3020	∅	3003	∅	∅	3020	∅
gabg_0053,mcveraa,ba 'enei e sē me rem,#	ba	enei	e	sē	me	rem,#	but	now	PERS.ART	who	FUT	climb,But who is gonna climb now?,en,MORPHEME_ALIGNED,,gabg_mp3 gabg_wav gabg_eaf gabg_xml gabg_tsv,,231672,236807,##ds	other	other	ln	np.d:s	lv	v:pred,,gabg,∅	∅	∅	∅	∅	∅	∅,∅	∅	∅	∅	∅	∅	∅,∅	∅	∅	∅	∅	∅	∅
gabg_0054,mcveraa,gusuwō ne kalraka ne tek so,#	gusuwō	ne	kalraka	#	ZERO	ne	tēk	so,#	rat	TAM2:3SG	get.up	#	ZERO	TAM2:3SG	speak	QUOT,Rat got up and said:,en,MORPHEME_ALIGNED,,gabg_mp3 gabg_wav gabg_eaf gabg_xml gabg_tsv,,236807,240113,##	np.d:s	lv-pro_d_s	v:pred	##	0.d:s_ds	lv-pro_d_s_ds	v:pred	other,,gabg,∅	∅	∅	∅	∅	∅	∅	∅	∅,∅	3002	∅	∅	∅	3002	∅	∅	∅,∅	3002	∅	∅	∅	3002	∅	∅	∅
gabg_0055,mcveraa,o bul nik sa me rem ē,#	o	bul	nik	sa	me	rem	ē,#	INTERJ	friend	2SG	EMPH	FUT	climb	DEM3,"""Oh, friend, it's right you who's gonna climb.""",en,MORPHEME_ALIGNED,,gabg_mp3 gabg_wav gabg_eaf gabg_xml gabg_tsv,,240113,243472,##ds	other	np.d:voc	pro.2:s	other	lv	v:pred	dem3_other,,gabg,∅	∅	∅	∅	∅	∅	∅	∅,∅	∅	3001	3001	∅	∅	∅	∅,∅	∅	3001	3001	∅	∅	∅	∅
gabg_0056,mcveraa,wanag e buskat ne tek so,#	wanag	e	buskat	ne	tēk	so,#	and.then	PERS.ART	cat	TAM2:3SG	speak	QUOT,And then cat said:,en,MORPHEME_ALIGNED,,gabg_mp3 gabg_wav gabg_eaf gabg_xml gabg_tsv,,243472,245485,##	other	ln	np.d:s_ds	lv-pro_d_s_ds	v:pred	other,,gabg,∅	∅	∅	∅	∅	∅	∅,∅	∅	∅	3001	∅	∅	∅,∅	∅	∅	3001	∅	∅	∅
gabg_0057,mcveraa,o wōlēn 'ēqēk,#	o	wōlē	ZERO	=n	'ēqē	-k,#	INTERJ	you.know	ZERO	=ART	garden	-1SG,"""Oh, over there <wōl> is my garden.",en,MORPHEME_ALIGNED,,gabg_mp3 gabg_wav gabg_eaf gabg_xml gabg_tsv,,245485,247130,##ds	other	other	0:s	=ln	np:pred	-rn_pro.1:poss,,gabg,∅	∅	∅	∅	∅	∅	∅,∅	∅	∅	3014	∅	∅	3001,∅	∅	∅	3014	∅	∅	3001
gabg_0058,mcveraa,gudum van ma nik me rem,#	gidu	=m	van	ma	#	nik	me	rem,#	1DL.IN	=TAM1	go	hither	#	2SG	FUT	climb,"When we get there, you will climb.""",en,MORPHEME_ALIGNED,,gabg_mp3 gabg_wav gabg_eaf gabg_xml gabg_tsv,,247130,252776,#ds_rc	pro.1:s	=lv	v:pred	rv	##ds	pro.2:s	lv	v:pred,,gabg,∅	∅	∅	∅	∅	∅	∅	∅	∅,∅	3003	∅	∅	∅	∅	3002	∅	∅,∅	3003	∅	∅	∅	∅	3002	∅	∅
gabg_0059,mcveraa,e gōsuwō ne tek so,#	e	gōsuwō	ne	tēk	so,#	PERS.ART	rat	TAM2:3SG	speak	QUOT,Rat said:,en,MORPHEME_ALIGNED,,gabg_mp3 gabg_wav gabg_eaf gabg_xml gabg_tsv,,252776,258714,##	ln	np.d:s_ds	lv-pro_d_s_ds	v:pred	other,,gabg,∅	∅	∅	∅	∅	∅,∅	∅	3002	∅	∅	∅,∅	∅	3002	∅	∅	∅
gabg_0060,mcveraa,bul no mas rem m̄as sirēn 'erē wulen busuk ga tiktik si ga qōqō soksok 'amēn nok kor ēn qan̄ wova'al,#	bul	no	mas	rem	m̄as	#	sirē	=n	'erē	wulen	busu	-k	ga	tiktik	#	si	ZERO	ga	qōqō	soksok	#	'amēn	no	=k	kor	ēn	qan̄	wova'al,#	friend	1SG	INABIL1	climb	INABIL2	#	because	=ART	PL	nail	finger	-1SG	STAT	RED:small	#	or	ZERO	STAT	RED:short	too	#	PURP	1SG	=TAM2	scratch	ART	side	pawpaw,"""Friend, I can't climb because my finger nails are too small or too short in order to scratch (into) the side of the pawpaw tree.""",en,MORPHEME_ALIGNED,,gabg_mp3 gabg_wav gabg_eaf gabg_xml gabg_tsv,,258723,270794,##ds.neg	np.d:voc	pro.1:s	lv	v:pred	rv	#ds_ac	other	=ln	ln	np:s	rn_np	-rn_pro.1:poss	lv	v:pred	#ds_ac	other	0:s	lv	v:pred	rv	#ds_cc	other	pro.1:a	=lv	v:pred	ln	np:p	rn,,gabg,∅	∅	∅	∅	∅	∅	∅	∅	∅	∅	bridging	∅	∅	∅	∅	∅	∅	∅	∅	∅	∅	∅	∅	∅	∅	∅	∅	∅	∅,∅	3001	3002	∅	∅	∅	∅	∅	∅	∅	3021	∅	3002	∅	∅	∅	∅	3021	∅	∅	∅	∅	∅	3002	∅	∅	∅	3018	∅,∅	3001	3002	∅	∅	∅	∅	∅	∅	∅	3021	∅	3002	∅	∅	∅	∅	3021	∅	∅	∅	∅	∅	3002	∅	∅	∅	3018	∅
gabg_0061,mcveraa,gusuwō ne tek ne tek mēn buskat,#	gusuwō	ne	tēk	ne	tēk	mē	=n	buskat,#	rat	TAM2:3SG	speak	TAM2:3SG	speak	DAT	=ART	cat,"Rat then said, said to the cat:",en,MORPHEME_ALIGNED,,gabg_mp3 gabg_wav gabg_eaf gabg_xml gabg_tsv,,270813,276940,##	np.d:s_ds	nc	nc	lv-pro_d_s_ds	v:pred	adp	=ln	np.d:g,,gabg,∅	∅	∅	∅	∅	∅	∅	∅	∅,∅	3002	∅	∅	∅	∅	∅	∅	3001,∅	3002	∅	∅	∅	∅	∅	∅	3001
gabg_0062,mcveraa,buskat si bul nik sa me rem ēn wova'al ē sire 'erē wōwōle qe busum di ga luluwō,#	buskat	si	bul	nik	sa	me	rem	ēn	wova'al	ē	#	sirē	'erē	wō-wōle	qē	busu	-m	di	ga	lu-luwō,#	cat	or	friend	2SG	EMPH	FUT	climb	ART	pawpaw	DEM3	#	because	PL	RED-nail	end	finger	-2SG	3SG	STAT	RED-big,"""Cat, or friend, it's you right here who will climb this pawpaw because your finger nails are big.",en,MORPHEME_ALIGNED,,gabg_mp3 gabg_wav gabg_eaf gabg_xml gabg_tsv,,276940,285005,##ds	np.d:voc	other	np.d:voc	pro.2:a	other	lv	v:pred	ln	np:p	rn_dem3	#ds_ac	other	ln	np:dt_s	rn	rn_np	-rn_pro.2:poss	pro.d:s	lv	v:pred,,gabg,∅	∅	∅	∅	∅	∅	∅	∅	∅	∅	∅	∅	∅	∅	bridging	∅	∅	∅	∅	∅	∅,∅	3001	∅	3001	3001	∅	∅	∅	∅	3018	∅	∅	∅	∅	3022	∅	∅	3001	3022	∅	∅,∅	3001	∅	3001	3001	∅	∅	∅	∅	3018	∅	∅	∅	∅	3022	∅	∅	3001	3022	∅	∅
gabg_0063,mcveraa,nikēm 'aq mēn qan̄ wova'al,#	nik	=ēm	'aq	mē	=n	qan̄	wova'al,#	2SG	=TAM1	duck	DAT	=ART	side	pawpaw,If you bend it towards the side of the pawpaw tree,en,MORPHEME_ALIGNED,,gabg_mp3 gabg_wav gabg_eaf gabg_xml gabg_tsv,,285005,286929,##ds	pro.2:s	=lv	v:pred	adp	=ln	np:g	rn,,gabg,∅	∅	∅	∅	∅	∅	∅	∅,∅	3001	∅	∅	∅	∅	3018	∅,∅	3001	∅	∅	∅	∅	3018	∅
gabg_0064,mcveraa,nik me kor marmar m̄as,#	nik	me	kor	marmar	m̄as,#	2SG	ABIL1	scratch	strong	ABIL2,you can scratch into it heavily.,en,MORPHEME_ALIGNED,,gabg_mp3 gabg_wav gabg_eaf gabg_xml gabg_tsv,,286943,287955,##ds	pro.2:s	lv	v:pred	rv	rv,,gabg,∅	∅	∅	∅	∅	∅,∅	3001	∅	∅	∅	∅,∅	3001	∅	∅	∅	∅
gabg_0065,mcveraa,nikē van kal m̄as,#	nik	ē	van	kal	m̄as,#	2SG	TAM2:2SG	go	upwards	ABIL2,"You can go upwards.""",en,MORPHEME_ALIGNED,,gabg_mp3 gabg_wav gabg_eaf gabg_xml gabg_tsv,,287963,290047,##ds	pro.2:s	lv-pro_2_s	v:pred	rv	rv,,gabg,∅	∅	∅	∅	∅	∅,∅	3001	∅	∅	∅	∅,∅	3001	∅	∅	∅	∅
gabg_0066,mcveraa,buskat ne tek mēne gōsuwō so,#	buskat	ne	tēk	mē-n	e	gōsuwō	so,#	cat	TAM2:3SG	speak	DAT-CS	PERS.ART	rat	QUOT,Then cat got up and said to rat:,en,MORPHEME_ALIGNED,,gabg_mp3 gabg_wav gabg_eaf gabg_xml gabg_tsv,,290047,292765,##	np.d:s_ds	lv-pro_d_s_ds	v:pred	adp	ln	np.d:g	other,,gabg,∅	∅	∅	∅	∅	∅	∅	∅,∅	3001	∅	∅	∅	∅	3002	∅,∅	3001	∅	∅	∅	∅	3002	∅
gabg_0067,mcveraa,no mas rem no mas rem ros,#	no	mas	rem	no	mas	rem	rōs,#	1SG	INABIL1	climb	1SG	INABIL1	climb	INABIL2,"""I have to climb ... I can't climb.",en,MORPHEME_ALIGNED,,gabg_mp3 gabg_wav gabg_eaf gabg_xml gabg_tsv,,292781,295029,##ds.neg	nc_pro.1	nc	nc	pro.1:s	lv	v:pred	rv,,gabg,∅	∅	∅	∅	∅	∅	∅	∅,∅	3001	∅	∅	3001	∅	∅	∅,∅	3001	∅	∅	3001	∅	∅	∅
gabg_0068,mcveraa,nike nik me rem,#	nikē	nik	me	rem,#	2SG	2SG	FUT	climb,"You, you will climb.""",en,MORPHEME_ALIGNED,,gabg_mp3 gabg_wav gabg_eaf gabg_xml gabg_tsv,,295039,296872,##ds	pro.2:dt_s	pro.2:s	lv	v:pred,,gabg,∅	∅	∅	∅	∅,∅	3002	3002	∅	∅,∅	3002	3002	∅	∅
gabg_0069,mcveraa,durum tek kēlkēl mē duru senē va va va van,#	duru	=m	tēk	kēlkēl	mē	duru	senē	vavavavan,#	3DL	=TAM1	speak	RED:back	DAT	3DL	MAN.DEM1	go,They kept talking to each other like this until,en,MORPHEME_ALIGNED,,gabg_mp3 gabg_wav gabg_eaf gabg_xml gabg_tsv,,296872,302466,##	pro.d:s	=lv	v:pred	rv	adp	pro.d:g	other	other,,gabg,∅	∅	∅	∅	∅	∅	∅	∅	∅,∅	3003	∅	∅	∅	∅	3003	∅	∅,∅	3003	∅	∅	∅	∅	3003	∅	∅
gabg_0070,mcveraa,buskat ne tek mēne gōsuwō so,#	buskat	ne	tēk	mē-n	e	gōsuwō	so,#	cat	TAM2:3SG	speak	DAT-CS	PERS.ART	rat	QUOT,Cat said to rat:,en,MORPHEME_ALIGNED,,gabg_mp3 gabg_wav gabg_eaf gabg_xml gabg_tsv,,302476,304832,##	np.d:s_ds	lv-pro_d_s_ds	v:pred	adp	ln	np.d:g	other,,gabg,∅	∅	∅	∅	∅	∅	∅	∅,∅	3001	∅	∅	∅	∅	3002	∅,∅	3001	∅	∅	∅	∅	3002	∅
gabg_0071,mcveraa,nike rem,#	nik	ē	rem,#	2SG	TAM2:2SG	climb,"""Climb!""",en,MORPHEME_ALIGNED,,gabg_mp3 gabg_wav gabg_eaf gabg_xml gabg_tsv,,304842,306760,##ds	pro.2:s	lv-pro_2_s	v:pred,,gabg,∅	∅	∅	∅,∅	3002	∅	∅,∅	3002	∅	∅
gabg_0072,mcveraa,alē gōsuwō ne rem,#	alē	gōsuwō	ne	rem,#	INTERJ	rat	TAM2:3SG	climb,"All right, then rat climbed.",en,MORPHEME_ALIGNED,,gabg_mp3 gabg_wav gabg_eaf gabg_xml gabg_tsv,,306773,309281,##	other	np.d:s	lv-pro_d_s	v:pred,,gabg,∅	∅	∅	∅	∅,∅	∅	3002	∅	∅,∅	∅	3002	∅	∅
gabg_0073,mcveraa,gusuwōm rem rem rerem rem rerem rem din̄ sagē,#	gusuwō	=m	rem	rem	re-rem	rem	re-rem	#	ZERO	rem	din̄	sagē,#	rat	=TAM1	climb	climb	RED-climb	climb	RED-climb	#	ZERO	climb	reach	up,"Rat climbed and climbed, climbed to the top",en,MORPHEME_ALIGNED,,gabg_mp3 gabg_wav gabg_eaf gabg_xml gabg_tsv,,309294,314009,##	np.d:s	=lv	v:pred	nc	nc	nc	nc	##	0.d:s	v:pred	rv	other:g,,gabg,∅	∅	∅	∅	∅	∅	∅	∅	∅	∅	∅	∅	∅,∅	3002	∅	∅	∅	∅	∅	∅	∅	3002	∅	∅	∅,∅	3002	∅	∅	∅	∅	∅	∅	∅	3002	∅	∅	∅
gabg_0074,mcveraa,buskat ne sagsag lēn qe'an ne tek mē di,#	buskat	ne	sagsag	lē	=n	qe'an	#	ZERO	ne	tēk	mē	di,#	cat	TAM2:3SG	RED:sit	LOC	=ART	ground	#	ZERO	TAM2:3SG	speak	DAT	3SG,and cat was sitting on the ground and then said to him:,en,MORPHEME_ALIGNED,,gabg_mp3 gabg_wav gabg_eaf gabg_xml gabg_tsv,,314009,319252,##	np.d:s	lv-pro_d_s	v:pred	adp	=ln	np:l	##	0.d:s_ds	lv-pro_d_s_ds	v:pred	adp	pro.d:g,,gabg,∅	∅	∅	∅	∅	∅	bridging	∅	∅	∅	∅	∅	∅,∅	3001	∅	∅	∅	∅	3023	∅	3001	∅	∅	∅	3002,∅	3001	∅	∅	∅	∅	3023	∅	3001	∅	∅	∅	3002
gabg_0075,mcveraa,bul wova'al ē di sanē,#	bul	wova'al	ē	di	sa	nē,#	friend	pawpaw	DEM3	3SG	EMPH	DEM1,"Friend, the pawpaw, that's the one!""",en,MORPHEME_ALIGNED,,gabg_mp3 gabg_wav gabg_eaf gabg_xml gabg_tsv,,319252,322718,##ds	np.d:voc	np:dt_s	rn_dem3	pro:s	other	dem_pro:pred,,gabg,∅	∅	∅	∅	∅	∅	∅,∅	3002	3020	∅	3020	∅	∅,∅	3002	3020	∅	3020	∅	∅
gabg_0076,mcveraa,alē gōsuwō ne van 'aval wova'al 'anē 'ēqēl ma wal (sarēn) gakō wova'al 'anē,#	alē	gōsuwō	ne	van	aval	wova'al	anē	#	ZERO	'ēqēl	ma	wal	sarē	=n	gakō	wova'al	anē,#	INTERJ	rat	TAM2:3SG	go	other.side	pawpaw	DEM1.A	#	ZERO	descend	hither	one	inwards	=ART	stalk	pawpaw	DEM1.A,"All right, then rat went to the other side of the pawpaw and came down straight to that pawpaw stalk.",en,MORPHEME_ALIGNED,,gabg_mp3 gabg_wav gabg_eaf gabg_xml gabg_tsv,,322718,330722,##	other	np.d:s	lv-pro_d_s	v:pred	np:g	rn	rn_dem1	##	0.d:s	v:pred	rv	rv	other:g	nc	nc	nc	nc,,gabg,∅	∅	∅	∅	∅	bridging	∅	∅	∅	∅	∅	∅	∅	∅	∅	∅	∅	∅,∅	∅	3002	∅	∅	3024	3018	∅	∅	3002	∅	∅	∅	∅	∅	∅	∅	∅,∅	∅	3002	∅	∅	3024	3018	∅	∅	3002	∅	∅	∅	∅	∅	∅	∅	∅
gabg_0077,mcveraa,buskat ne 'aram ēnteg mē diē,#	buskat	ne	'aram	enteg	mē	diē,#	cat	TAM2:3SG	inform	well	DAT	3SG,"Cat told him clearly,",en,MORPHEME_ALIGNED,,gabg_mp3 gabg_wav gabg_eaf gabg_xml gabg_tsv,,330722,332588,##	np.d:s	lv-pro_d_s	v:pred	rv	adp	pro.d:g,,gabg,∅	∅	∅	∅	∅	∅	∅,∅	3001	∅	∅	∅	∅	3002,∅	3001	∅	∅	∅	∅	3002
gabg_0078,mcveraa,dim sag sur suwō dim kur 'ēn san gako wova'al ē,#	di	=m	sag	sur	suwō	#	di	=m	kur	'ēn	sa	=n	gako	wova'al	ē,#	3SG	=TAM1	sit	down	down	#	3SG	=TAM1	gnaw	try	EMPH	=ART	stalk	pawpaw	DEM3,he sat down and bit into this pawpaw stalk,en,MORPHEME_ALIGNED,,gabg_mp3 gabg_wav gabg_eaf gabg_xml gabg_tsv,,332600,337315,##	pro.d:s	=lv	v:pred	rv	rv	##	pro.d:a	=lv	v:pred	rv	other	=ln	np:p	rn	rn_dem3,,gabg,∅	∅	∅	∅	∅	∅	∅	∅	∅	∅	∅	∅	∅	bridging	∅	∅,∅	3002	∅	∅	∅	∅	∅	3002	∅	∅	∅	∅	∅	3025	3018	∅,∅	3002	∅	∅	∅	∅	∅	3002	∅	∅	∅	∅	∅	3025	3018	∅
gabg_0079,mcveraa,buskat ne al qēl suwē lēn qe'an,#	buskat	ne	al	qēl	suwē	lē	=n	qe'an,#	cat	TAM2:3SG	move.head	descend	down	LOC	=ART	ground,and cat bowed its head down towards the ground.,en,MORPHEME_ALIGNED,,gabg_mp3 gabg_wav gabg_eaf gabg_xml gabg_tsv,,337328,341208,##	np.d:s	lv-pro_d_s	v:pred	rv	rv	adp	=ln	np:g,,gabg,∅	∅	∅	∅	∅	∅	∅	∅	∅,∅	3001	∅	∅	∅	∅	∅	∅	3023,∅	3001	∅	∅	∅	∅	∅	∅	3023
gabg_0080,mcveraa,gusuwō dim 'ēn esenē vidir kal ma sagē lēn wova'al luma sagē kur ēn qorogi ne qē'ēg kurkur ēn qorogi luma sagē,#	gusuwō	di	=m	'ēn	esenē	#	ZERO	vidir	kal	ma	sagē	lē	=n	wova'al	lumasagē	#	ZERO	kur	ēn	qoro-gi	#	ZERO	ne	qē'ēg	kurkur	ēn	qoro-gi	lumasagē,#	rat	3SG	=TAM1	see	MAN.DEM1.E	#	ZERO	jump	upwards	hither	up	LOC	=ART	pawpaw	at.top.end	#	ZERO	gnaw	ART	hole-3SG	#	ZERO	TAM2:3SG	start	RED:gnaw	ART	hole-3SG	at.top.end,"Rat saw this, jumped up here onto the pawpaw, through hither, bit a hole, started to bite a hole into it going through upwards.",en,MORPHEME_ALIGNED,TAM marker not adjacent to V.,gabg_mp3 gabg_wav gabg_eaf gabg_xml gabg_tsv,,341220,347658,##	np.d:dt_s	pro.d:s	=lv	v:pred	other	##	0.d:s	v:pred	rv	rv	other:g	adp	=ln	np:g	rn	##	0.d:a	v:pred	ln	np:p	##	0.d:a	lv-pro_d_s	lv	v:pred	ln	np:p	other:l,,gabg,∅	∅	∅	∅	∅	∅	∅	∅	∅	∅	∅	∅	∅	∅	∅	∅	∅	∅	∅	∅	new	∅	∅	∅	∅	∅	∅	∅	∅,∅	3002	3002	∅	∅	∅	∅	3002	∅	∅	∅	∅	∅	∅	3018	∅	∅	3002	∅	∅	3026	∅	3002	∅	∅	∅	∅	3026	∅,∅	3002	3002	∅	∅	∅	∅	3002	∅	∅	∅	∅	∅	∅	3018	∅	∅	3002	∅	∅	3026	∅	3002	∅	∅	∅	∅	3026	∅
gabg_0081,mcveraa,buskat dim sag dar dar dar dar dar dar,#	buskat	di	=m	sag	dar	dar	dar	dar	dar	dar,#	cat	3SG	=TAM1	sit	wait	wait	wait	wait	wait	wait,"Cat sat and waited, waited and waited",en,MORPHEME_ALIGNED,,gabg_mp3 gabg_wav gabg_eaf gabg_xml gabg_tsv,,347658,351963,##	np.d:dt_s	pro.d:s	=lv	v:pred	rv	v:pred	nc	nc	nc	nc,,gabg,∅	∅	∅	∅	∅	∅	∅	∅	∅	∅	∅,∅	3001	3001	∅	∅	∅	∅	∅	∅	∅	∅,∅	3001	3001	∅	∅	∅	∅	∅	∅	∅	∅
gabg_0082,mcveraa,van van va va va van,van	van	vavavavan,go	go	go,on and on and on.,en,MORPHEME_ALIGNED,,gabg_mp3 gabg_wav gabg_eaf gabg_xml gabg_tsv,,351963,354161,other	other	other,,gabg,∅	∅	∅,∅	∅	∅,∅	∅	∅
gabg_0083,mcveraa,o bul rōvrōv'ē nike kur kirm̄ōn gako wova'al ē,#	o	bul	rōv-rōv'ē	nik	ē	kur	kirm̄ō	=n	gako	wova'al	ē,#	INTERJ	friend	RED-close	2SG	TAM2:2SG	gnaw	break	=ART	stalk	pawpaw	DEM3,"""Oh, friend, is it close that you break the pawpaw stalk?""",en,MORPHEME_ALIGNED,,gabg_mp3 gabg_wav gabg_eaf gabg_xml gabg_tsv,,354174,359131,##ds	other	np.d:voc	other	pro.2:a	lv-pro_2_a	v:pred	rv	=ln	np:p	rn	rn_dem3,,gabg,∅	∅	∅	∅	∅	∅	∅	∅	∅	∅	∅	∅,∅	∅	3002	∅	3002	∅	∅	∅	∅	3025	3018	∅,∅	∅	3002	∅	3002	∅	∅	∅	∅	3025	3018	∅
gabg_0084,mcveraa,o bul rōrōv'e qe'i mōnōgi lik,#	o	bul	rō-rōv'e	#	qe'i	mōnō-gi	lik,#	INTERJ	friend	RED-close	#	a.moment	small-3SG	more,"""Oh, friend, almost, just wait a bit longer.""",en,MORPHEME_ALIGNED,,gabg_mp3 gabg_wav gabg_eaf gabg_xml gabg_tsv,,359152,364464,##ds	other	np.d:voc	other:pred	##ds	other:pred	other	other,,gabg,∅	∅	∅	∅	∅	∅	∅	∅,∅	∅	3001	∅	∅	∅	∅	∅,∅	∅	3001	∅	∅	∅	∅	∅
gabg_0085,mcveraa,ba di e lama'i di e lama'i ros bēne so sagē,#	ba	di	e	lama'i	di	e	lama'i	rōs	bēne	#	so	sagē,#	but	3SG	GEN.NEG1	know	3SG	GEN.NEG1	know	GEN.NEG2	PRO.OBL	#	CPL	up,But he didn't know that up there ...,en,MORPHEME_ALIGNED,,gabg_mp3 gabg_wav gabg_eaf gabg_xml gabg_tsv,,364473,368072,##neg	other	nc_pro.d	nc	nc	pro.d:s	lv	v:pred	rv	other:obl	#cc	other	other:l,,gabg,∅	∅	∅	∅	∅	∅	∅	∅	∅	∅	∅	∅	∅,∅	∅	3001	∅	∅	3001	∅	∅	∅	∅	∅	∅	∅,∅	∅	3001	∅	∅	3001	∅	∅	∅	∅	∅	∅	∅
gabg_0086,mcveraa,gōsuwō di man tēv luluma sagē,gōsuwō	di	man	tēv	lu	lumasagē,rat	3SG	PFV	tunnel	through	at.top.end,"rat, he had already got through to the top.",en,MORPHEME_ALIGNED,,gabg_mp3 gabg_wav gabg_eaf gabg_xml gabg_tsv,,368072,371545,np.d:dt_s	pro.d:s	lv	v:pred	rv	other:g,,gabg,∅	∅	∅	∅	∅	∅,∅	3002	∅	∅	∅	∅,∅	3002	∅	∅	∅	∅
gabg_0087,mcveraa,di man 'ēqēl van dan qorogin,#	di	man	'ēqēl	van	#	ZERO	da	=n	qoro-gi,#	3SG	PFV	descend	go	#	ZERO	do	=ART	hole-3SG=ART,He had already gone down and made a hole.,en,WORD_ALIGNED,,gabg_mp3 gabg_wav gabg_eaf gabg_xml gabg_tsv,,371560,373120,#cc	pro.d:s	lv	v:pred	other	#cc	0.d:a	v:pred	=ln	np:p,,gabg,∅	∅	∅	∅	∅	∅	∅	∅	∅	∅,∅	3002	∅	∅	∅	∅	3002	∅	∅	3026,∅	3002	∅	∅	∅	∅	3002	∅	∅	3026
gabg_0088,mcveraa,di man kur ēn 'erē wēwē wova'al 'alēn lōlōgi ēn 'aqagi man 'oq,#	di	man	kur	ēn	'erē	wēwē	wova'al	'alēn	lōlō-gi	#	ēn	'aqa	-gi	man	'ōq,#	3SG	PFV	gnaw	ART	PL	fruit	pawpaw	ASS	inside-3SG	#	ART	belly	-3SG	PFV	full,"He had already eaten the pawpaw fruits from inside, his belly was already full.",en,MORPHEME_ALIGNED,,gabg_mp3 gabg_wav gabg_eaf gabg_xml gabg_tsv,,373120,377333,##	pro.d:a	lv	v:pred	ln	ln	np:p	rn	rn	rn	##	ln	np:s	-rn_pro.d:poss	lv	v:pred,,gabg,∅	∅	∅	∅	∅	∅	∅	∅	∅	∅	∅	∅	bridging	∅	∅	∅,∅	3002	∅	∅	∅	∅	3020	∅	∅	∅	∅	∅	3027	3002	∅	∅,∅	3002	∅	∅	∅	∅	3020	∅	∅	∅	∅	∅	3027	3002	∅	∅
gabg_0089,mcveraa,dinē 'av'av luō,#	di	ne	'av'av	luō,#	3SG	TAM2:3SG	RED:shit	through,Then he shit into them.,en,MORPHEME_ALIGNED,,gabg_mp3 gabg_wav gabg_eaf gabg_xml gabg_tsv,,377333,378165,##	pro.d:s	lv-pro_d_s	v:pred	rv,,gabg,∅	∅	∅	∅	∅,∅	3002	∅	∅	∅,∅	3002	∅	∅	∅
gabg_0090,mcveraa,dinēk gen vēlē,#	di	nē	=k	gen	vēlē,#	3SG	DEM1	=TAM2	eat	empty,He finished them.,en,MORPHEME_ALIGNED,,gabg_mp3 gabg_wav gabg_eaf gabg_xml gabg_tsv,,378165,380073,#nc	nc_pro.d	nc	nc	nc	nc,,gabg,∅	∅	∅	∅	∅	∅,∅	3002	∅	∅	∅	∅,∅	3002	∅	∅	∅	∅
gabg_0091,mcveraa,gusuwō n buskat suwēn 'a milin̄sal en milin̄sal,gusuwō	n	buskat	suwēn	a	milin̄sal	a	=n	milin̄sal,rat	ART	cat	down	REL	hungry	REL	=ART	hungry,Rat ... the cat down there was very hungry.,en,MORPHEME_ALIGNED,,gabg_mp3 gabg_wav gabg_eaf gabg_xml gabg_tsv,,380083,384192,nc_np.d	nc	nc_np.d	nc	nc	nc	nc	nc	nc,,gabg,∅	∅	∅	∅	∅	∅	∅	∅	∅,3002	∅	3001	∅	∅	∅	∅	∅	∅,3002	∅	3001	∅	∅	∅	∅	∅	∅
gabg_0092,mcveraa,bul nom dar va va va va van ne gitag va'anē,#	bul	no	=m	dar	vavavavavan	#	ne	gitag	va'anē,#	friend	1SG	=TAM1	wait	RED-go	#	NC	not.exist	TEMP.DEM1,"""Friend, I have been waiting and waiting, but no longer now.""",en,WORD_ALIGNED,,gabg_mp3 gabg_wav gabg_eaf gabg_xml gabg_tsv,,384201,389401,##ds	np.d:voc	pro.1:s	=lv	v:pred	other	##ds	other	other:pred	other,,gabg,∅	∅	∅	∅	∅	∅	∅	∅	∅	∅,∅	3002	3001	∅	∅	∅	∅	∅	∅	∅,∅	3002	3001	∅	∅	∅	∅	∅	∅	∅
gabg_0093,mcveraa,gusuwō ne tek qēl ma mē die,#	gusuwō	ne	tēk	qēl	ma	mē	die,#	rat	TAM2:3SG	speak	downwards	hither	DAT	3SG,Rat said downwards to him:,en,MORPHEME_ALIGNED,,gabg_mp3 gabg_wav gabg_eaf gabg_xml gabg_tsv,,389420,391878,##	np.d:s_ds	lv-pro_d_s_ds	v:pred	rv	rv	adp	pro.d:g,,gabg,∅	∅	∅	∅	∅	∅	∅	∅,∅	3002	∅	∅	∅	∅	∅	3001,∅	3002	∅	∅	∅	∅	∅	3001
gabg_0094,mcveraa,bulsal rōvrōv'e rōvrōv'e ne kirm̄ō,#	bulsal	rōv-rōv'e	rōvrōv'e	ZERO	ne	kirm̄ō,#	cat	RED-close	close	ZERO	TAM2:3SG	break,"""Friend, almost, almost it breaks.""",en,MORPHEME_ALIGNED,,gabg_mp3 gabg_wav gabg_eaf gabg_xml gabg_tsv,,391889,395892,##ds	np.d:voc	other	other	0:s	lv-pro_s	v:pred,,gabg,∅	∅	∅	∅	∅	∅	∅,∅	3001	∅	∅	3025	∅	∅,∅	3001	∅	∅	3025	∅	∅
gabg_0095,mcveraa,dar kēlkēl dar kēlkēl va van,#	ZERO	dar	kēlkēl	#	ZERO	dar	kēlkēl	vavan,#	ZERO	wait	RED:back	#	ZERO	wait	RED:back	go,"Waiting on and on,",en,MORPHEME_ALIGNED,,gabg_mp3 gabg_wav gabg_eaf gabg_xml gabg_tsv,,395897,400633,##	0.d:s	v:pred	rv	##	0.d:s	v:pred	rv	other,,gabg,∅	∅	∅	∅	∅	∅	∅	∅	∅,∅	3001	∅	∅	∅	3001	∅	∅	∅,∅	3001	∅	∅	∅	3001	∅	∅	∅
gabg_0096,mcveraa,n buskat ne tek kal lik ma mē die,#	n	buskat	ne	tēk	kal	lik	ma	mē	diē,#	ART	cat	TAM2:3SG	speak	upwards	again	hither	DAT	3SG,then the cat said hither upwards to him:,en,MORPHEME_ALIGNED,,gabg_mp3 gabg_wav gabg_eaf gabg_xml gabg_tsv,,400644,405355,##	ln	np.d:s_ds	lv-pro_d_s_ds	v:pred	rv	rv	rv	adp	pro.d:g,,gabg,∅	∅	∅	∅	∅	∅	∅	∅	∅	∅,∅	∅	3001	∅	∅	∅	∅	∅	∅	3002,∅	∅	3001	∅	∅	∅	∅	∅	∅	3002
gabg_0097,mcveraa,bul nik ga misin va'ē nok rem kal sag sa'ēnē,#	bul	nik	ga	misin	va'i	#	no	=k	rem	kal	sag	sa	'ēnē,#	friend	2SG	STAT	long.time	still	#	1SG	=TAM2	climb	upwards	up	EMPH	NC,"""Friend, you will still need some time, so I'll climb up there and",en,MORPHEME_ALIGNED,,gabg_mp3 gabg_wav gabg_eaf gabg_xml gabg_tsv,,405355,409584,##ds	np.d:voc	pro.2:s	lv	v:pred	other	##ds	pro.1:s	=lv	v:pred	rv	rv	other	other,,gabg,∅	∅	∅	∅	∅	∅	∅	∅	∅	∅	∅	∅	∅	∅,∅	3002	3002	∅	∅	∅	∅	3001	∅	∅	∅	∅	∅	∅,∅	3002	3002	∅	∅	∅	∅	3001	∅	∅	∅	∅	∅	∅
gabg_0098,mcveraa,nok kur mama' nikē birin̄ san wova'al anē'ē,#	no	=k	kur	ma-ma'	nikē	birin̄	sa	=n	wova'al	anē'ē,#	1SG	=TAM2	gnaw	RED-dead	2SG	with	EMPH	=ART	pawpaw	DEM1.A,bite you dead and eat these pawpaws.,en,MORPHEME_ALIGNED,,gabg_mp3 gabg_wav gabg_eaf gabg_xml gabg_tsv,,409591,413511,##ds	pro.1:a	=lv	v:pred	rv	pro.2:p	adp	other	=ln	np:obl	rn_dem1,,gabg,∅	∅	∅	∅	∅	∅	∅	∅	∅	∅	∅,∅	3001	∅	∅	∅	3002	∅	∅	∅	3020	∅,∅	3001	∅	∅	∅	3002	∅	∅	∅	3020	∅
gabg_0099,mcveraa,gusuwō ne dim rōn̄ 'i sene,#	gusuwō	nē	di	=m	rōn̄	'i	senē,#	rat	DEM1	3SG	=TAM1	hear	DEL	MAN.DEM1,"Rat ... hearing this,",en,MORPHEME_ALIGNED,TAM marker not adjacent to V.,gabg_mp3 gabg_wav gabg_eaf gabg_xml gabg_tsv,,413518,417996,##	np.d:dt_s	rn_dem1	pro.d:s	=lv	v:pred	rv	other,,gabg,∅	∅	∅	∅	∅	∅	∅	∅,∅	3002	∅	3002	∅	∅	∅	∅,∅	3002	∅	3002	∅	∅	∅	∅
gabg_0100,mcveraa,kur kur kur lōlō wova'al m kur qē' 'av'av sug lēn lōlō wova'al 'anē kalu kel den ēn qoro wova'al qoro wēwē wova'al 'anē,#	ZERO	kur	kur	kur	lōlō	wova'al	#	ZERO	m	kur	qē'	ZERO	#	ZERO	'av'av	suw	lē	=n	lōlō	wova'al	anē	#	ZERO	kalu	kel	den	ēn	qoro	wova'al	qoro	wēwē	wova'al	anē,#	ZERO	gnaw	gnaw	gnaw	inside	pawpaw	#	ZERO	TAM1	gnaw	finish	ZERO	#	ZERO	RED:shit	down	LOC	=ART	inside	pawpaw	DEM1.A	#	ZERO	exit	back	ABL	ART	hole	pawpaw	hole	fruit	pawpaw	DEM1.A,"he ate and ate the inside of the pawpaw, and when he was done he shit down into this pawpaw, got out of the hole in the pawpaw, this pawpaw fruit",en,MORPHEME_ALIGNED,,gabg_mp3 gabg_wav gabg_eaf gabg_xml gabg_tsv,,418014,427635,##	0.d:a	v:pred	nc	nc	np:p	rn	##	0.d:a	lv	v:pred	rv	0:p	##	0.d:s	v:pred	rv	adp	=ln	ln	np:g	rn_dem1	##	0.d:s	v:pred	rv	adp	ln	np:obl	rn	np:dt_obl	rn	rn	rn_dem1,,gabg,∅	∅	∅	∅	∅	∅	∅	∅	∅	∅	∅	∅	∅	∅	∅	∅	∅	∅	∅	∅	∅	∅	∅	∅	∅	∅	∅	∅	∅	∅	∅	∅	∅	∅,∅	3002	∅	∅	∅	3020	∅	∅	3002	∅	∅	∅	3020	∅	3002	∅	∅	∅	∅	∅	3020	∅	∅	3002	∅	∅	∅	∅	3026	∅	3026	∅	∅	∅,∅	3002	∅	∅	∅	3020	∅	∅	3002	∅	∅	∅	3020	∅	3002	∅	∅	∅	∅	∅	3020	∅	∅	3002	∅	∅	∅	∅	3026	∅	3026	∅	∅	∅
gabg_0101,mcveraa,van lēn 'ēqēl lēn 'aval wō... wōva'al,#	ZERO	van	lē	=n	#	ZERO	'ēqēl	lē	=n	'aval	wō—	wōva'al,#	ZERO	go	LOC	=ART	#	ZERO	descend	LOC	=ART	other.side	NC	pawpaw,and went ... went down at the other side of the pawpaw.,en,MORPHEME_ALIGNED,,gabg_mp3 gabg_wav gabg_eaf gabg_xml gabg_tsv,,427635,431401,#nc	nc_0.d	nc	nc	nc	##	0.d:s	v:pred	adp	=ln	np:g	nc	rn,,gabg,∅	∅	∅	∅	∅	∅	∅	∅	∅	∅	∅	∅	∅,∅	3002	∅	∅	∅	∅	3002	∅	∅	∅	∅	∅	∅,∅	3002	∅	∅	∅	∅	3002	∅	∅	∅	∅	∅	∅
gabg_0102,mcveraa,'ēqēl 'ēqēl 'ēqēl 'ēqēl 'ēqēl suw lēn qe'an,#	ZERO	'ēqēl	'ēqēl	'ēqēl	'ēqēl	#	ZERO	'ēqēl	suw	lē	=n	qe'an,#	ZERO	descend	descend	descend	descend	#	ZERO	descend	down	LOC	=ART	ground,"Went down and down, down to the ground.",en,MORPHEME_ALIGNED,,gabg_mp3 gabg_wav gabg_eaf gabg_xml gabg_tsv,,431411,436063,##	0.d:s	v:pred	nc	nc	nc	##	0.d:s	v:pred	rv	adp	=ln	np:g,,gabg,∅	∅	∅	∅	∅	∅	∅	∅	∅	∅	∅	∅	∅,∅	3002	∅	∅	∅	∅	∅	3002	∅	∅	∅	∅	3023,∅	3002	∅	∅	∅	∅	∅	3002	∅	∅	∅	∅	3023
gabg_0103,mcveraa,buskat e 'ēn wal ros die,#	buskat	e	'ēn	wal	rōs	diē,#	cat	GEN.NEG1	see	once	GEN.NEG2	3SG,Cat didn't see him at all.,en,MORPHEME_ALIGNED,,gabg_mp3 gabg_wav gabg_eaf gabg_xml gabg_tsv,,436083,438740,##neg	np.d:a	lv	v:pred	rv	rv	pro.d:p,,gabg,∅	∅	∅	∅	∅	∅	∅,∅	3001	∅	∅	∅	∅	3002,∅	3001	∅	∅	∅	∅	3002
gabg_0104,mcveraa,'ēqēl din̄ suwō,#	ZERO	'ēqēl	din̄	suwō,#	ZERO	descend	reach	down,Went down,en,MORPHEME_ALIGNED,,gabg_mp3 gabg_wav gabg_eaf gabg_xml gabg_tsv,,438749,440385,##	0.d:s	v:pred	rv	rv,,gabg,∅	∅	∅	∅	∅,∅	3002	∅	∅	∅,∅	3002	∅	∅	∅
gabg_0105,mcveraa,van rak sar lēn m̄ō',#	ZERO	van	rak	sar	lē	=n	m̄ō',#	ZERO	go	out	landwards	LOC	=ART	bush,and then went out into the bush,en,MORPHEME_ALIGNED,,gabg_mp3 gabg_wav gabg_eaf gabg_xml gabg_tsv,,440385,442115,##	0.d:s	v:pred	rv	rv	adp	=ln	np:g,,gabg,∅	∅	∅	∅	∅	∅	∅	new,∅	3002	∅	∅	∅	∅	∅	3028,∅	3002	∅	∅	∅	∅	∅	3028
gabg_0106,mcveraa,'aviēn wōm̄ōm̄ō' dim 'ōg bēne,#	a	viē	=n	wōm̄ōm̄ō'	#	di	=m	'ōg	bēne,#	a	where	=ART	bush	#	3SG	=TAM1	stay	PRO.OBL,"where there is bush, where he lives,",en,MORPHEME_ALIGNED,,gabg_mp3 gabg_wav gabg_eaf gabg_xml gabg_tsv,,442115,447433,#rc_rn	other	other:l	=ln	np:pred	##	pro.d:s	=lv	v:pred	other:l,,gabg,∅	∅	∅	∅	∅	∅	∅	∅	∅	∅,∅	∅	∅	∅	3028	∅	3002	∅	∅	∅,∅	∅	∅	∅	3028	∅	3002	∅	∅	∅
gabg_0107,mcveraa,gil ēn qaran̄a ne vōwal kēnē',#	ZERO	gil	ēn	qaran̄a	ne	vō-wal	kēnē',#	ZERO	dig	ART	hole	NUM.ART	NUM-one	LOC.DEM1,dug a hole there,en,MORPHEME_ALIGNED,,gabg_mp3 gabg_wav gabg_eaf gabg_xml gabg_tsv,,447433,450758,##	0.d:a	v:pred	ln	np:p	rn	rn	other:l,,gabg,∅	∅	∅	∅	new	∅	∅	∅,∅	3002	∅	∅	3029	∅	∅	∅,∅	3002	∅	∅	3029	∅	∅	∅
gabg_0108,mcveraa,sag sag 'i sar lēn ma'a qaran̄a anē,#	ZERO	sagsag	'i	sar	lē	=n	ma'a	qaran̄a	anē,#	ZERO	RED:sit	DEL	inwards	LOC	=ART	eye	hole	DEM1.A,and was sitting now up in this hole.,en,MORPHEME_ALIGNED,,gabg_mp3 gabg_wav gabg_eaf gabg_xml gabg_tsv,,450758,454198,##	0.d:s	v:pred	rv	rv	adp	=ln	np:g	rn	rn_dem1,,gabg,∅	∅	∅	∅	∅	∅	∅	∅	∅	∅,∅	3002	∅	∅	∅	∅	∅	3029	∅	∅,∅	3002	∅	∅	∅	∅	∅	3029	∅	∅
gabg_0109,mcveraa,buskat dim dar kēlkēl dar kēlkēl vanvan ne rem,#	buskat	di	=m	dar	kēlkēl	#	ZERO	dar	kēlkēl	vanvan	#	ZERO	ne	rem,#	cat	3SG	=TAM1	wait	RED:back	#	ZERO	wait	RED:back	RED:go	#	ZERO	TAM2:3SG	climb,"Cat, he waited and waited until he climbed.",en,MORPHEME_ALIGNED,,gabg_mp3 gabg_wav gabg_eaf gabg_xml gabg_tsv,,454198,457281,##	np.d:dt_s	pro.d:s	=lv	v:pred	rv	##	0.d:s	v:pred	rv	other	##	0.d:s	lv-pro_d_s	v:pred,,gabg,∅	∅	∅	∅	∅	∅	∅	∅	∅	∅	∅	∅	∅	∅	∅,∅	3001	3001	∅	∅	∅	∅	3001	∅	∅	∅	∅	3001	∅	∅,∅	3001	3001	∅	∅	∅	∅	3001	∅	∅	∅	∅	3001	∅	∅
gabg_0110,mcveraa,ne rem kal sag din̄ man wova'al 'a rekson ga mine ne 'ēn suw lēn lōlōgi,#	ZERO	ne	rem	kal	sag	din̄	ma	=n	wova'al	#	a	rekso	ZERO	=n	ga	mine	#	ZERO	ne	'ēn	suw	lē	=n	lōlō-gi,#	ZERO	TAM2:3SG	climb	upwards	up	reach	hither	=ART	pawpaw	#	REL	like	ZERO	=ART	STAT	ripe	#	ZERO	TAM2:3SG	see	down	LOC	=ART	inside-3SG,"Climbed up on top, and when he reached this pawpaw that was ripe, he looked down into it:",en,MORPHEME_ALIGNED,,gabg_mp3 gabg_wav gabg_eaf gabg_xml gabg_tsv,,457293,461869,##	0.d:a	lv-pro_d_s	v:pred	rv	rv	rv	rv	=ln	np:p	#rc_rn	other	other	0:s	=ln	ln	np:pred	##	0.d:s	lv-pro_d_s	v:pred	rv	adp	=ln	np:g,,gabg,∅	∅	∅	∅	∅	∅	∅	∅	∅	∅	∅	∅	∅	∅	∅	∅	∅	∅	∅	∅	∅	∅	∅	∅	∅,∅	3001	∅	∅	∅	∅	∅	∅	∅	3020	∅	∅	∅	3020	∅	∅	∅	∅	3001	∅	∅	∅	∅	∅	3020,∅	3001	∅	∅	∅	∅	∅	∅	∅	3020	∅	∅	∅	3020	∅	∅	∅	∅	3001	∅	∅	∅	∅	∅	3020
gabg_0111,mcveraa,o bulsal ba sogo nikēm dōrōg gal no,#	o	bulsal	ba	sogo	nik	=ēm	durug	gal	no,#	INTERJ	friend	but	INTERJ	2SG	=TAM1	betray	lie	1SG,"""Oh, friend, you have really cheated me.",en,MORPHEME_ALIGNED,,gabg_mp3 gabg_wav gabg_eaf gabg_xml gabg_tsv,,461869,464949,##ds	other	np.d:voc	other	other	pro.2:a	=lv	v:pred	rv	pro.1:p,,gabg,∅	∅	∅	∅	∅	∅	∅	∅	∅	∅,∅	∅	3002	∅	∅	3002	∅	∅	∅	3001,∅	∅	3002	∅	∅	3002	∅	∅	∅	3001
gabg_0112,mcveraa,ga itok nike van,#	ga	itok	#	nik	ē	van,#	STAT	good	#	2SG	TAM2:2SG	go,"All right, go!",en,MORPHEME_ALIGNED,,gabg_mp3 gabg_wav gabg_eaf gabg_xml gabg_tsv,,464949,470027,##ds	lv	v:pred	##ds	pro.2:s	lv-pro_2_s	v:pred,,gabg,∅	∅	∅	∅	∅	∅	∅,∅	∅	∅	∅	3002	∅	∅,∅	∅	∅	∅	3002	∅	∅
gabg_0113,mcveraa,nom sōk sier nik 'avie,#	no	=m	sōk	sier	nik	a	viē,#	1SG	=TAM1	find	realise	2SG	LOC.SP	where,"Wherever I find you,",en,MORPHEME_ALIGNED,,gabg_mp3 gabg_wav gabg_eaf gabg_xml gabg_tsv,,470039,474129,##ds	pro.1:a	=lv	v:pred	rv	pro.2:p	adp	other:l,,gabg,∅	∅	∅	∅	∅	∅	∅	∅,∅	3001	∅	∅	∅	3002	∅	∅,∅	3001	∅	∅	∅	3002	∅	∅
gabg_0114,mcveraa,qin̄im sa kēnē',#	qin̄i	-m	sa	kēnē',#	death	-2SG	EMPH	LOC.DEM1,"your traces are right there,",en,MORPHEME_ALIGNED,,gabg_mp3 gabg_wav gabg_eaf gabg_xml gabg_tsv,,474129,476783,##ds	np:pred	-rn_pro.2:poss	other	other:s,,gabg,∅	∅	∅	∅	∅,∅	∅	3002	∅	∅,∅	∅	3002	∅	∅
gabg_0115,mcveraa,no me kur nikē,#	no	me	kur	nikē,#	1SG	FUT	eat	2SG,I will eat you.,en,MORPHEME_ALIGNED,,gabg_mp3 gabg_wav gabg_eaf gabg_xml gabg_tsv,,476783,478549,##ds	pro.1:a	lv	v:pred	pro.2:p,,gabg,∅	∅	∅	∅	∅,∅	3001	∅	∅	3002,∅	3001	∅	∅	3002
gabg_0116,mcveraa,no me kur qēqē ban qi'im vuva di me 'ōg 'i,#	no	me	kur	qēqē'	ZERO	#	ba	=n	qi'i	-m	vuva	di	me	'ōg	'i,#	1SG	FUT	eat	RED:finish	ZERO	#	but	=ART	head	-2SG	only	3SG	FUT	stay	DEL,"I will eat you and only your head will be left,",en,MORPHEME_ALIGNED,,gabg_mp3 gabg_wav gabg_eaf gabg_xml gabg_tsv,,478568,482423,##ds	pro.1:a	lv	v:pred	rv	0.2:p	##ds	other	=ln	np:dt_s	-rn_pro.2:poss	other	pro.d:s	lv	v:pred	rv,,gabg,∅	∅	∅	∅	∅	∅	∅	∅	∅	bridging	∅	∅	∅	∅	∅	∅,∅	3001	∅	∅	∅	3002	∅	∅	∅	3030	3002	∅	3030	∅	∅	∅,∅	3001	∅	∅	∅	3002	∅	∅	∅	3030	3002	∅	3030	∅	∅	∅
gabg_0117,mcveraa,sin gō... gōlōm vuva di me 'ōg 'i,#	si	=n	gō—	gōlō	-m	vuva	di	me	'ōg	'i,#	or	=ART	NC	tail	-2SG	only	3SG	FUT	stay	DEL,"or just your tail, it will be left.",en,MORPHEME_ALIGNED,,gabg_mp3 gabg_wav gabg_eaf gabg_xml gabg_tsv,,482423,486521,##ds	other	=ln	nc	np:dt_s	-rn_pro.2:poss	other	pro.d:s	lv	v:pred	rv,,gabg,∅	∅	∅	∅	bridging	∅	∅	∅	∅	∅	∅,∅	∅	∅	∅	3031	3002	∅	3031	∅	∅	∅,∅	∅	∅	∅	3031	3002	∅	3031	∅	∅	∅
gabg_0118,mcveraa,so n kakaka dim din̄ kēnē',#	so	n	kakaka	di	=m	din̄	kēnē',#	NC	ART	story	3SG	=TAM1	reach	LOC.DEM1,"So, the story is over here.",en,MORPHEME_ALIGNED,,gabg_mp3 gabg_wav gabg_eaf gabg_xml gabg_tsv,,486540,492157,##	other	ln	np:dt_s	pro.d:s	=lv	v:pred	other:g,,gabg,∅	∅	∅	∅	∅	∅	∅	∅,∅	∅	∅	∅	∅	∅	∅	∅,∅	∅	∅	∅	∅	∅	∅	∅
gabg_0119,mcveraa,si nikē 'ēn'ēn menteg qiri 'enei,#	si	nik	ē	'ēn'ēn	menteg	qiri	enei,#	or	2SG	TAM2:2SG	RED:see	well	today	now,"If you have a close look today,",en,MORPHEME_ALIGNED,,gabg_mp3 gabg_wav gabg_eaf gabg_xml gabg_tsv,,492180,495406,##	other	pro.2:s	lv-pro_2_s	v:pred	rv	other	other,,gabg,∅	∅	∅	∅	∅	∅	∅	∅,∅	∅	∅	∅	∅	∅	∅	∅,∅	∅	∅	∅	∅	∅	∅	∅
gabg_0120,mcveraa,buskat dim sōk sier ēn gusuwō,#	buskat	di	=m	sōk	sier	ēn	gusuwō,#	cat	3SG	=TAM1	find	realise	ART	rat,"cat, if it finds a rat",en,MORPHEME_ALIGNED,,gabg_mp3 gabg_wav gabg_eaf gabg_xml gabg_tsv,,495406,501056,##	np.d:dt_a	pro.d:a	=lv	v:pred	rv	ln	np.d:p,,gabg,∅	∅	∅	∅	∅	∅	∅	∅,∅	∅	∅	∅	∅	∅	∅	∅,∅	∅	∅	∅	∅	∅	∅	∅
gabg_0121,mcveraa,di me kur mama' ēn gusuwō,#	di	me	kur	ma-ma'	ēn	gusuwō,#	3SG	FUT	eat	RED-dead	ART	rat,it will bite the rat dead.,en,MORPHEME_ALIGNED,,gabg_mp3 gabg_wav gabg_eaf gabg_xml gabg_tsv,,501056,505867,##	pro.d:a	lv	v:pred	rv	ln	np.d:p,,gabg,∅	∅	∅	∅	∅	∅	∅,∅	∅	∅	∅	∅	∅	∅,∅	∅	∅	∅	∅	∅	∅
gabg_0122,mcveraa,sirēn sava sirēn wova'al,#	sirē	=n	sava	#	sirē	=n	wova'al,#	because	=ART	what	#	because	=ART	pawpaw,"Why? Because of the pawpaw,",en,MORPHEME_ALIGNED,,gabg_mp3 gabg_wav gabg_eaf gabg_xml gabg_tsv,,505867,509254,#ac	adp	=ln	np:pred	#ac	adp	=ln	np:pred,,gabg,∅	∅	∅	∅	∅	∅	∅	∅,∅	∅	∅	∅	∅	∅	∅	∅,∅	∅	∅	∅	∅	∅	∅	∅
gabg_0123,mcveraa,rekso milin̄sal m qal duruō durum van lēn 'ēqē',#	rekso	milin̄sal	m	qal	duruō	#	duru	=m	van	lē	=n	'ēqē',#	like	hungry	TAM1	hit	3DL	#	3DL	=TAM1	go	LOC	=ART	garden,i.e. hunger stroke the two and they went to the garden,en,MORPHEME_ALIGNED,,gabg_mp3 gabg_wav gabg_eaf gabg_xml gabg_tsv,,509265,513762,##	other	np:a	lv	v:pred	pro.d:p	##	pro.d:s	=lv	v:pred	adp	=ln	np:g,,gabg,∅	∅	∅	∅	∅	∅	∅	∅	∅	∅	∅	∅	∅,∅	∅	∅	∅	∅	∅	∅	∅	∅	∅	∅	∅	∅,∅	∅	∅	∅	∅	∅	∅	∅	∅	∅	∅	∅	∅
gabg_0124,mcveraa,gusuwō dim dōrōg ēn buskat,#	gusuwō	di	=m	durug	ēn	buskat,#	rat	3SG	=TAM1	betray	ART	cat,"and rat, he betrayed the cat.",en,MORPHEME_ALIGNED,,gabg_mp3 gabg_wav gabg_eaf gabg_xml gabg_tsv,,513777,517963,##	np.d:dt_a	pro.d:a	=lv	v:pred	ln	np.d:p,,gabg,∅	∅	∅	∅	∅	∅	∅,∅	∅	∅	∅	∅	∅	∅,∅	∅	∅	∅	∅	∅	∅
gabg_0125,mcveraa,so n kakaka dim qē' 'i sa kēnē',#	so	n	kakaka	di	=m	qē'	'i	sa	kēnē',#	NC	ART	story	3SG	=TAM1	finish	DEL	EMPH	LOC.DEM1,"So, the story is over for now right here.",en,MORPHEME_ALIGNED,,gabg_mp3 gabg_wav gabg_eaf gabg_xml gabg_tsv,,517975,521910,##	other	ln	np:dt_s	pro.d:s	=lv	v:pred	rv	other	other:l,,gabg,∅	∅	∅	∅	∅	∅	∅	∅	∅	∅,∅	∅	∅	∅	∅	∅	∅	∅	∅	∅,∅	∅	∅	∅	∅	∅	∅	∅	∅	∅
gaqg_0001,mcveraa,No me kakan kaka ne vōwal,#	no	me	kaka	=n	kaka	ne	vō-wal,#	1SG	FUT	narrate	=ART	story	NUM.ART	NUM-one,I will tell a story.,en,MORPHEME_ALIGNED,,gaqg_mp3 gaqg_wav gaqg_eaf gaqg_xml gaqg_tsv,,0,4460,##	pro.1:a	lv	v:pred	=ln	np:p	rn	rn,,gaqg,∅	∅	∅	∅	∅	∅	∅	∅,∅	∅	∅	∅	∅	∅	∅	∅,∅	∅	∅	∅	∅	∅	∅	∅
gaqg_0002,mcveraa,kaka 'anē dim 'a... 'amēn qono won gusōwō,#	kaka	anē	di	=m	'a—	'amē	=n	qono	wo	=n	gusuwō,#	story	DEM1.A	3SG	=TAM1	HES	ASS	=ART	seagull	and	=ART	rat,The story is about a pigeon and a rat.,en,MORPHEME_ALIGNED,,gaqg_mp3 gaqg_wav gaqg_eaf gaqg_xml gaqg_tsv,,4460,11020,##	np:dt_s	rn_dem1	pro.d:s	nc	nc	adp	=ln	np.d:pred	rn	=rn	rn_np.d,,gaqg,∅	∅	∅	∅	∅	∅	∅	∅	new	∅	∅	new,∅	∅	∅	∅	∅	∅	∅	∅	4001	∅	∅	4002,∅	∅	∅	∅	∅	∅	∅	∅	4001	∅	∅	4002
gaqg_0003,mcveraa,lēn qōn̄ ne vōwal n qono won gusōwō duruō e lama'i kēl rōs duruō,#	lē	=n	qōn̄	ne	vō-wal	n	qono	wo	=n	gusuwō	#	duruō	e	lama'i	kēl	rōs	duruō,#	LOC	=ART	night	NUM.ART	NUM-one	ART	seagull	and	=ART	rat	#	3DL	GEN.NEG1	know	back	GEN.NEG2	3DL,"One day, there were a pigeon and a rat. The two didn't know each other.",en,MORPHEME_ALIGNED,,gaqg_mp3 gaqg_wav gaqg_eaf gaqg_xml gaqg_tsv,,11020,19447,##	adp	=ln	np:other	rn	rn	ln	np.d:pred	rn	=rn	rn_np.d	##neg	pro.d:a	lv	v:pred	rv	rv	pro.d:p,,gaqg,∅	∅	∅	∅	∅	∅	∅	∅	∅	∅	∅	∅	bridging	∅	∅	∅	∅	∅,∅	∅	∅	∅	∅	∅	∅	4001	∅	∅	4002	∅	4003	∅	∅	∅	∅	4003,∅	∅	∅	∅	∅	∅	∅	4001	∅	∅	4002	∅	4003	∅	∅	∅	∅	4003
gaqg_0004,mcveraa,so duru me bulsal sēvēe,#	so	duru	me	bulsal	siviē,#	NC	3DL	FUT	friend	how,"So, how would the two become friends?",en,MORPHEME_ALIGNED,,gaqg_mp3 gaqg_wav gaqg_eaf gaqg_xml gaqg_tsv,,19447,22086,##	other	pro.d:s	lv	v:pred	other,,gaqg,∅	∅	∅	∅	∅	∅,∅	∅	4003	∅	∅	∅,∅	∅	4003	∅	∅	∅
gaqg_0005,mcveraa,qono dim gegen valakra vavan,#	qono	di	=m	ge-gen	valakra	va-van,#	seagull	3SG	=TAM1	RED-eat	not.right	RED-go,"The pigeon, it was eating here and there.",en,MORPHEME_ALIGNED,,gaqg_mp3 gaqg_wav gaqg_eaf gaqg_xml gaqg_tsv,,22086,24802,##	np.d:dt_s	pro.d:s	=lv	v:pred	rv	other,,gaqg,∅	∅	∅	∅	∅	∅	∅,∅	4001	4001	∅	∅	∅	∅,∅	4001	4001	∅	∅	∅	∅
gaqg_0006,mcveraa,di ne van ma di ne sag kal kēkē lēn qoro bē kal sag kēkēn woqen ge ne vōwal sa kēnē,#	di	ne	van	ma	#	di	ne	sag	kal	kēkē	lē	=n	qoro	bē	#	kal	sag	kēkē	=n	woqe'enge	ne	vō-wal	sa	kēnē,#	3SG	TAM2:3SG	go	hither	#	3SG	TAM2:3SG	sit	upwards	on.top	LOC	=ART	hole	water	#	upwards	up	on.top	=ART	tree	NUM.ART	NUM-one	EMPH	LOC.DEM1,"It came here and it sat down high up above a river, on top of a tree right there.",en,MORPHEME_ALIGNED,,gaqg_mp3 gaqg_wav gaqg_eaf gaqg_xml gaqg_tsv,,24802,31260,##	pro.d:s	lv-pro_d_s	v:pred	rv	##	pro.d:s	lv-pro_d_s	v:pred	rv	rv	adp	=ln	np:l	rn	##	other	other	other	=ln	np:s	rn	rn	other	other:pred,,gaqg,∅	∅	∅	∅	∅	∅	∅	∅	∅	∅	∅	∅	∅	new	∅	∅	∅	∅	∅	∅	new	∅	∅	∅	∅,∅	4001	∅	∅	∅	∅	4001	∅	∅	∅	∅	∅	∅	4004	∅	∅	∅	∅	∅	∅	4005	∅	∅	∅	∅,∅	4001	∅	∅	∅	∅	4001	∅	∅	∅	∅	∅	∅	4004	∅	∅	∅	∅	∅	∅	4005	∅	∅	∅	∅
gaqg_0007,mcveraa,'enei ne sag 'amēn ga mi'ir,#	enei	ZERO	ne	sag	#	'amēn	ga	mi'ir,#	now	ZERO	TAM2:3SG	sit	#	ASS	STAT	sleep,Now sat down in order to sleep.,en,MORPHEME_ALIGNED,,gaqg_mp3 gaqg_wav gaqg_eaf gaqg_xml gaqg_tsv,,31260,34132,##	other	0.d:s	lv-pro_d_s	v:pred	#cc	other	lv	vother:pred,,gaqg,∅	∅	∅	∅	∅	∅	∅	∅	∅,∅	∅	4001	∅	∅	∅	∅	∅	∅,∅	∅	4001	∅	∅	∅	∅	∅	∅
gaqg_0008,mcveraa,di ne sagsag 'i di ne rērē qēl suwē di ne 'ēn suwēn gusōwō ne kalu den ēn qoro nanara lēn lōlō qoro bē,#	di	ne	sagsag	'i	#	di	ne	rērē	qēl	suwē	#	di	ne	'ēn	#	suwē	=n	gusuwō	ne	kalu	den	ēn	qoro	nanara	lē	=n	lōlō	qoro	bē,#	3SG	TAM2:3SG	RED:sit	DEL	#	3SG	TAM2:3SG	crane.head	downwards	down	#	3SG	TAM2:3SG	see	#	down	=ART	rat	TAM2:3SG	exit	ABL	ART	hole	tree.sp	LOC	=ART	inside	hole	water,"As it was sitting there now, it glanced down and spotted a rat down there that had come out of a hole in a nanara (trunk) in the river.",en,MORPHEME_ALIGNED,,gaqg_mp3 gaqg_wav gaqg_eaf gaqg_xml gaqg_tsv,,34132,42933,##	pro.d:s	lv-pro_d_s	v:pred	rv	##	pro.d:s	lv-pro_d_s	v:pred	rv	other:g	##	pro.d:s	lv-pro_d_s	v:pred	#cc	other:l	=ln	np.d:s	lv-pro_d_s	v:pred	adp	ln	np:obl	rn	rn	=rn	rn	rn	rn,,gaqg,∅	∅	∅	∅	∅	∅	∅	∅	∅	∅	∅	∅	∅	∅	∅	∅	∅	∅	∅	∅	∅	∅	∅	bridging	∅	∅	∅	∅	∅	∅,∅	4001	∅	∅	∅	∅	4001	∅	∅	∅	∅	∅	4001	∅	∅	∅	∅	∅	4002	∅	∅	∅	∅	4006	∅	∅	∅	∅	∅	∅,∅	4001	∅	∅	∅	∅	4001	∅	∅	∅	∅	∅	4001	∅	∅	∅	∅	∅	4002	∅	∅	∅	∅	4006	∅	∅	∅	∅	∅	∅
gaqg_0009,mcveraa,'ei di ne tēk suwō mēn gusōwō,#	'ei	di	ne	tēk	suwō	mē	=n	gusuwō,#	INTERJ	3SG	TAM2:3SG	speak	thither	DAT	=ART	rat,And so it said to the rat:,en,MORPHEME_ALIGNED,,gaqg_mp3 gaqg_wav gaqg_eaf gaqg_xml gaqg_tsv,,42933,48472,##	other	pro.d:s_ds	lv-pro_d_s_ds	v:pred	rv	adp	=ln	np.d:g,,gaqg,∅	∅	∅	∅	∅	∅	∅	∅	∅,∅	∅	4001	∅	∅	∅	∅	∅	4002,∅	∅	4001	∅	∅	∅	∅	∅	4002
gaqg_0010,mcveraa,so 'ei nikē dada vie... sivie kēnē,so	#	'ei	nik	ē	dada	vie—	siviē	kēnē,QUOT	#	INTERJ	2SG	TAM2:2SG	RED:do	vie	how	LOC.DEM1,"'Hey, what are you up to here?'",en,MORPHEME_ALIGNED,,gaqg_mp3 gaqg_wav gaqg_eaf gaqg_xml gaqg_tsv,,48472,51416,other	##ds	other	pro.2:s	lv-pro_2_s	v:pred	nc	other	other:l,,gaqg,∅	∅	∅	∅	∅	∅	∅	∅	∅,∅	∅	∅	4002	∅	∅	∅	∅	∅,∅	∅	∅	4002	∅	∅	∅	∅	∅
gaqg_0011,mcveraa,gusōwō ne kalraka ne tēk sag mē die,#	gusuwō	ne	kalraka	#	ZERO	ne	tēk	sag	mē	diē,#	rat	TAM2:3SG	get.up	#	ZERO	TAM2:3SG	speak	up	DAT	3SG,The rat got up and said upwards to it:,en,MORPHEME_ALIGNED,,gaqg_mp3 gaqg_wav gaqg_eaf gaqg_xml gaqg_tsv,,51430,53538,##	np.d:s	lv-pro_d_s	v:pred	##	0.d:s_ds	lv-pro_d_s_ds	v:pred	rv	adp	pro.d:g,,gaqg,∅	∅	∅	∅	∅	∅	∅	∅	∅	∅	∅,∅	4002	∅	∅	∅	4002	∅	∅	∅	∅	4001,∅	4002	∅	∅	∅	4002	∅	∅	∅	∅	4001
gaqg_0012,mcveraa,'ei bulsal 'enei gudu me bulsal,#	'ei	bulsal	enei	gidu	me	bulsal,#	INTERJ	friend	now	1DL.IN	FUT	friend,"'Hey, friend, now we'll become friends,",en,MORPHEME_ALIGNED,,gaqg_mp3 gaqg_wav gaqg_eaf gaqg_xml gaqg_tsv,,53538,56830,##ds	other	np.d:voc	other	pro.1:s	lv	v:pred,,gaqg,∅	∅	∅	∅	∅	∅	∅,∅	∅	4001	∅	4003	∅	∅,∅	∅	4001	∅	4003	∅	∅
gaqg_0013,mcveraa,sir e nik ga mi'ir kēkē no ga mi'ir qēl suweē,#	sirē	nik	ga	mi'ir	kēkē	#	no	ga	mi'ir	qēl	suwē,#	because	2SG	STAT	sleep	on.top	#	1SG	STAT	sleep	downwards	down,because you sleep up there and I sleep down here.,en,MORPHEME_ALIGNED,,gaqg_mp3 gaqg_wav gaqg_eaf gaqg_xml gaqg_tsv,,56830,59361,##ds	other	pro.2:s	lv	v:pred	rv	##ds	pro.1:s	lv	v:pred	rv	other:l,,gaqg,∅	∅	∅	∅	∅	∅	∅	∅	∅	∅	∅	∅,∅	∅	4001	∅	∅	∅	∅	4002	∅	∅	∅	∅,∅	∅	4001	∅	∅	∅	∅	4002	∅	∅	∅	∅
gaqg_0014,mcveraa,ba no ga mōrōs vesir nikē so,#	ba	no	ga	mōrōs	vesir	nikē	so,#	but	1SG	STAT	want	ask	2SG	QUOT,But I want to ask you:,en,MORPHEME_ALIGNED,,gaqg_mp3 gaqg_wav gaqg_eaf gaqg_xml gaqg_tsv,,59361,63528,##ds	other	pro.1:a	lv	lv	v:pred	pro.2:p	other,,gaqg,∅	∅	∅	∅	∅	∅	∅	∅,∅	∅	4002	∅	∅	∅	4001	∅,∅	∅	4002	∅	∅	∅	4001	∅
gaqg_0015,mcveraa,nik ga 'ēn so qiri n wede luwo si ne gitag,#	nik	ga	'ēn	#	so	qiri	n	wēde	luwo	#	si	ZERO	ne	gitag,#	2SG	STAT	see	#	CPL	today	ART	rain	big	#	or	ZERO	NC	not.exist,Do you see whether there will be big rain tonight or not?',en,MORPHEME_ALIGNED,,gaqg_mp3 gaqg_wav gaqg_eaf gaqg_xml gaqg_tsv,,63528,69444,##ds	pro.2:s	lv	v:pred	#ds_cc	other	other	ln	np:pred	rn	#ds_cc	other	0:s	other	other:pred,,gaqg,∅	∅	∅	∅	∅	∅	∅	∅	∅	∅	∅	∅	∅	∅	∅,∅	4001	∅	∅	∅	∅	∅	∅	∅	∅	∅	∅	∅	∅	∅,∅	4001	∅	∅	∅	∅	∅	∅	∅	∅	∅	∅	∅	∅	∅
gaqg_0016,mcveraa,qono ne kal raka ne vol die ne tēk mē die so,#	qono	ne	kalraka	#	ZERO	ne	vol	diē	#	ZERO	ne	tēk	mē	diē	so,#	seagull	TAM2:3SG	get.up	#	ZERO	TAM2:3SG	answer	3SG	#	ZERO	TAM2:3SG	speak	DAT	3SG	QUOT,pigeon got up to answer him and said to him:,en,MORPHEME_ALIGNED,,gaqg_mp3 gaqg_wav gaqg_eaf gaqg_xml gaqg_tsv,,69444,73452,##	np.d:s	lv-pro_d_s	v:pred	##	0.d:a	lv-pro_d_s	v:pred	pro.d:p	##	0.d:s_ds	lv-pro_d_s_ds	v:pred	adp	pro.d:g	other,,gaqg,∅	∅	∅	∅	∅	∅	∅	∅	∅	∅	∅	∅	∅	∅	∅	∅,∅	4001	∅	∅	∅	4001	∅	∅	4002	∅	4001	∅	∅	∅	4002	∅,∅	4001	∅	∅	∅	4001	∅	∅	4002	∅	4001	∅	∅	∅	4002	∅
gaqg_0017,mcveraa,'o bulsal di me wede qiri ba di mas wede luwo m̄as,#	'o	bulsal	di	me	wēde	qiri	#	ba	di	mas	wēde	luwo	m̄as,#	INTERJ	friend	3SG	FUT	rain	today	#	but	3SG	INABIL1	rain	big	INABIL2,"'Oh, friend, it will indeed rain tonight, but it shouldn't rain a lot.",en,MORPHEME_ALIGNED,,gaqg_mp3 gaqg_wav gaqg_eaf gaqg_xml gaqg_tsv,,73452,78545,##ds	other	np.d:voc	pro:s	lv	v:pred	other	##ds.neg	other	pro:s	lv	v:pred	rv	rv,,gaqg,∅	∅	∅	∅	∅	∅	∅	∅	∅	∅	∅	∅	∅	∅,∅	∅	4002	∅	∅	∅	∅	∅	∅	∅	∅	∅	∅	∅,∅	∅	4002	∅	∅	∅	∅	∅	∅	∅	∅	∅	∅	∅
gaqg_0018,mcveraa,n 'ekē ga gitok giva,#	n	'ekē	ga	gitok	giva,#	ART	place	STAT	good	just,The place is alright.',en,MORPHEME_ALIGNED,,gaqg_mp3 gaqg_wav gaqg_eaf gaqg_xml gaqg_tsv,,78545,80284,##ds	ln	np:s	lv	v:pred	rv,,gaqg,∅	∅	∅	∅	∅	∅,∅	∅	4006	∅	∅	∅,∅	∅	4006	∅	∅	∅
gaqg_0019,mcveraa,'o ga gitok bulsal sir ēn ... nom vesir sir e nik ga mi'ir kēkē no ga mi'ir suwē,#	'o	ga	gitok	bulsal	#	sir	ēn	#	no	=m	vesir	#	sirē	nik	ga	mi'ir	kēkē	#	no	ga	mi'ir	suwē,#	INTERJ	STAT	good	friend	#	sir	ART	#	1SG	=TAM1	ask	#	because	2SG	STAT	sleep	on.top	#	1SG	STAT	sleep	down,"'Alright, friend, I asked because you sleep high up there, but I sleep down here.'",en,MORPHEME_ALIGNED,,gaqg_mp3 gaqg_wav gaqg_eaf gaqg_xml gaqg_tsv,,80284,85527,##ds	other	lv	v:pred	np.d:voc	#nc	nc	nc	##ds	pro.1:s	=lv	v:pred	#ds_ac	other	pro.2:s	lv	v:pred	rv	#ds_ac	pro.1:s	lv	v:pred	other:l,,gaqg,∅	∅	∅	∅	∅	∅	∅	∅	∅	∅	∅	∅	∅	∅	∅	∅	∅	∅	∅	∅	∅	∅	∅,∅	∅	∅	∅	4001	∅	∅	∅	∅	4002	∅	∅	∅	∅	4001	∅	∅	∅	∅	4002	∅	∅	∅,∅	∅	∅	∅	4001	∅	∅	∅	∅	4002	∅	∅	∅	∅	4001	∅	∅	∅	∅	4002	∅	∅	∅
gaqg_0020,mcveraa,gusōwō ne kal raka ne kal ba'a kēl lēn lōlō qoro nanara,#	gusuwō	ne	kalraka	#	ZERO	ne	kal	ba'a	kēl	lē	=n	lōlō	qoro	nanara,#	rat	TAM2:3SG	get.up	#	ZERO	TAM2:3SG	enter	into	back	LOC	=ART	inside	hole	tree.sp,Then the rat got up and went back into the hole in the nanara (trunk),en,MORPHEME_ALIGNED,,gaqg_mp3 gaqg_wav gaqg_eaf gaqg_xml gaqg_tsv,,85527,89434,##	np.d:s	lv-pro_d_s	v:pred	##	0.d:s	lv-pro_d_s	v:pred	rv	rv	adp	=ln	ln	np:g	rn,,gaqg,∅	∅	∅	∅	∅	∅	∅	∅	∅	∅	∅	∅	∅	∅	∅,∅	4002	∅	∅	∅	4002	∅	∅	∅	∅	∅	∅	∅	4006	∅,∅	4002	∅	∅	∅	4002	∅	∅	∅	∅	∅	∅	∅	4006	∅
gaqg_0021,mcveraa,as ōn 'i lēn qoro bē kōkō' 'i,#	a	ZERO	=s	ōn	'i	lē	=n	qoro	bē	kōkō'	'i,#	REL	ZERO	=SIM	lie	DEL	LOC	=ART	hole	water	dried.out	DEL,that was lying in that dry creek.,en,MORPHEME_ALIGNED,,gaqg_mp3 gaqg_wav gaqg_eaf gaqg_xml gaqg_tsv,,89434,92929,#rc_rn	other	0:s	=lv	v:pred	rv	adp	=ln	np:l	rn	rn	rn,,gaqg,∅	∅	∅	∅	∅	∅	∅	∅	new	∅	∅	∅,∅	∅	∅	∅	∅	∅	∅	∅	4007	∅	∅	∅,∅	∅	∅	∅	∅	∅	∅	∅	4007	∅	∅	∅
gaqg_0022,mcveraa,'ekē ne qōn̄ ma' duruk mi'ir,#	'ekē	ne	qōn̄	ma	#	duru	=k	mi'ir,#	place	TAM2:3SG	night	hither	#	3DL	=TAM2	sleep,"When it got night, they slept.",en,MORPHEME_ALIGNED,,gaqg_mp3 gaqg_wav gaqg_eaf gaqg_xml gaqg_tsv,,92940,97082,##	np:s	lv-pro_s	v:pred	rv	##	pro.h:s	=lv	v:pred,,gaqg,∅	∅	∅	∅	∅	∅	∅	∅	∅,∅	∅	∅	∅	∅	∅	4003	∅	∅,∅	∅	∅	∅	∅	∅	4003	∅	∅
gaqg_0023,mcveraa,wede dim wede dim mul mō'ōl,#	wēde	di	=m	wēde	#	di	=m	mul	mō'ōl,#	rain	3SG	=TAM1	rain	#	3SG	=TAM1	get	thick,"The rain, it rained, it got really heavy",en,MORPHEME_ALIGNED,,gaqg_mp3 gaqg_wav gaqg_eaf gaqg_xml gaqg_tsv,,97082,100740,##	np:dt_s	pro:s	=lv	v:pred	##	pro:s	=lv	v:pred	rv,,gaqg,∅	bridging	∅	∅	∅	∅	∅	∅	∅	∅,∅	4008	4008	∅	∅	∅	4008	∅	∅	∅,∅	4008	4008	∅	∅	∅	4008	∅	∅	∅
gaqg_0024,mcveraa,da bē dim kalu ma dim 'ōn bē nanara 'a nē 'ō luō 'a lo van lēn vemimie,#	da	bē	di	=m	kalu	ma	#	di	=m	'ō'	=n	bē	nanara	anē	#	ZERO	'ō'	luō	a	lo	#	ZERO	van	lē	=n	vemimie,#	do	water	3SG	=TAM1	exit	hither	#	3SG	=TAM1	carry	=ART	trunk	tree.sp	DEM1.A	#	ZERO	carry	through	LOC.SP	seaside	#	ZERO	go	LOC	=ART	outside,and so the water came out and carried the nanara trunk out to the sea going out (towards the deep sea).,en,MORPHEME_ALIGNED,,gaqg_mp3 gaqg_wav gaqg_eaf gaqg_xml gaqg_tsv,,100740,110681,##	other	np:dt_s	pro:s	=lv	v:pred	rv	##	pro:a	=lv	v:pred	=ln	np:p	rn	rn_dem1	##	0:a	v:pred	rv	adp	np:g	##	0:s	v:pred	adp	=ln	np:g,,gaqg,∅	∅	bridging	∅	∅	∅	∅	∅	∅	∅	∅	∅	bridging	∅	∅	∅	∅	∅	∅	∅	new	∅	∅	∅	∅	∅	new,∅	∅	4009	4009	∅	∅	∅	∅	4009	∅	∅	∅	4010	∅	∅	∅	4009	∅	∅	∅	4011	∅	4009	∅	∅	∅	4012,∅	∅	4009	4009	∅	∅	∅	∅	4009	∅	∅	∅	4010	∅	∅	∅	4009	∅	∅	∅	4011	∅	4009	∅	∅	∅	4012
gaqg_0025,mcveraa,ma'ava ma gōsuwō ne kal... ne ... ne lam̄a'a di ne 'ēn so,#	ma'ava	ma	#	gusuwō	ne	kal—	ne	ne	lam̄a'a	#	di	ne	'ēn	#	so,#	morning	hither	#	rat	TAM2:3SG	upwards...	TAM2:3SG	TAM2:3SG	wake.up	#	3SG	TAM2:3SG	see	#	CPL,When it got morning the rat saw that,en,MORPHEME_ALIGNED,,gaqg_mp3 gaqg_wav gaqg_eaf gaqg_xml gaqg_tsv,,110681,116143,##	v:pred	rv	##	np.d:s	nc	nc	nc	lv-pro_d_s	v:pred	##	pro.d:s	lv-pro_d_s	v:pred	#cc	other,,gaqg,∅	∅	∅	∅	∅	∅	∅	∅	∅	∅	∅	∅	∅	∅	∅	∅,∅	∅	∅	∅	4002	∅	∅	∅	∅	∅	∅	4002	∅	∅	∅	∅,∅	∅	∅	∅	4002	∅	∅	∅	∅	∅	∅	4002	∅	∅	∅	∅
gaqg_0026,mcveraa,n ... n m̄ogi a dis mi'ir 'i lōlōgi a ... a tam balbal ne van rōw ne van sar,n	n	m̄o	-gi	#	a	di	=s	mi'ir	'i	lōlō-gi	%	a—	a—	tabalbal	#	ZERO	ne	van	rōw	#	ZERO	ne	van	sar,ART	ART	m̄o	-3SG	#	REL	3SG	=SIM	sleep	DEL	inside-3SG	%	HES	HES	roll	#	ZERO	TAM2:3SG	go	seawards	#	ZERO	TAM2:3SG	go	landwards,"his house which he was sleeping in was seesawing, going back and forth.",en,MORPHEME_ALIGNED,,gaqg_mp3 gaqg_wav gaqg_eaf gaqg_xml gaqg_tsv,,116154,121848,nc	ln	np:s	-rn_pro.d:poss	#rc_rn	other	pro.d:s	=lv	v:pred	rv	other:l	%	nc	nc	v:pred	##	0:s	lv-pro_s	v:pred	rv	##	0:s	lv-pro_s	v:pred	rv,,gaqg,∅	∅	∅	∅	∅	∅	∅	∅	∅	∅	∅	∅	∅	∅	∅	∅	∅	∅	∅	∅	∅	∅	∅	∅	∅,∅	∅	4006	4002	∅	∅	4002	∅	∅	∅	∅	∅	∅	∅	∅	∅	4006	∅	∅	∅	∅	4006	∅	∅	∅,∅	∅	4006	4002	∅	∅	4002	∅	∅	∅	∅	∅	∅	∅	∅	∅	4006	∅	∅	∅	∅	4006	∅	∅	∅
gaqg_0027,mcveraa,dim lama'i raka so di man sal luō l... 'a vie lēn vemimie lēn naw,#	di	=m	lama'i	raka	#	so	di	man	sal	luō	l—	a	viē	lē	=n	vemimie	lē	=n	naw,#	3SG	=TAM1	know	out	#	QUOT	3SG	PFV	float	through	NC	LOC.SP	where	LOC	=ART	outside	LOC	=ART	saltwater,Then he realized that he had floated out somewhere into the open sea.,en,MORPHEME_ALIGNED,,gaqg_mp3 gaqg_wav gaqg_eaf gaqg_xml gaqg_tsv,,121848,129681,##	pro.d:s	=lv	v:pred	rv	#cc	other	pro.d:s	lv	v:pred	rv	nc	adp	other:g	rn	=rn	rn	rn	=rn	rn,,gaqg,∅	∅	∅	∅	∅	∅	∅	∅	∅	∅	∅	∅	∅	∅	∅	∅	∅	∅	∅	∅,∅	4002	∅	∅	∅	∅	∅	4002	∅	∅	∅	∅	∅	4012	∅	∅	∅	∅	∅	∅,∅	4002	∅	∅	∅	∅	∅	4002	∅	∅	∅	∅	∅	4012	∅	∅	∅	∅	∅	∅
gaqg_0028,mcveraa,gōsuwō ne kal raka ne rōw lēn nanara luma sag k... kēkē' rōw? den ēn qorogi luma suwē ne rōw kal luma sag kēkē ne sag 'i,#	gusuwō	ne	kalraka	#	ZERO	ne	rōw	lē	=n	nanara	lumasag	k—	kēkē'	#	ZERO	rōw	den	ēn	qoro-gi	lumasuwē	#	ZERO	ne	rōw	kal	lumasag	kēkē'	#	ZERO	ne	sag	'i,#	rat	TAM2:3SG	get.up	#	ZERO	TAM2:3SG	skip	LOC	=ART	tree.sp	at.upper.end	NC	on.top	#	ZERO	skip	ABL	ART	hole-3SG	at.bottom.end	#	ZERO	TAM2:3SG	skip	upwards	at.upper.end	on.top	#	ZERO	TAM2:3SG	sit	DEL,"Then the rat got up and jumped on top of the nanara (trunk), jumped out of the hole at the bottom, jumped onto the upper side and sat there (for now).",en,MORPHEME_ALIGNED,,gaqg_mp3 gaqg_wav gaqg_eaf gaqg_xml gaqg_tsv,,129681,140533,##	np.d:s	lv-pro_d_s	v:pred	##	0.d:s	lv-pro_d_s	v:pred	adp	=ln	np:g	other	nc	other	##	0.d:s	v:pred	adp	ln	np:obl	rn	##	0.d:s	lv-pro_d_s	v:pred	rv	rv	rv	##	0.d:s	lv-pro_d_s	v:pred	rv,,gaqg,∅	∅	∅	∅	∅	∅	∅	∅	∅	∅	∅	∅	∅	∅	∅	∅	∅	∅	∅	∅	∅	∅	∅	∅	∅	∅	∅	∅	∅	∅	∅	∅	∅,∅	4002	∅	∅	∅	4002	∅	∅	∅	∅	4010	∅	∅	∅	∅	4002	∅	∅	∅	4006	∅	∅	4002	∅	∅	∅	∅	∅	∅	4002	∅	∅	∅,∅	4002	∅	∅	∅	4002	∅	∅	∅	∅	4010	∅	∅	∅	∅	4002	∅	∅	∅	4006	∅	∅	4002	∅	∅	∅	∅	∅	∅	4002	∅	∅	∅
gaqg_0029,mcveraa,ne sag 'i dōdōmia mugi ne van ne van ne vavan,#	ZERO	ne	sag	'i	#	dōdōmia	mu	-gi	ne	van	#	ZERO	ne	van	#	ZERO	ne	va-van,#	ZERO	TAM2:3SG	sit	DEL	#	thought	POSS.GEN	-3SG	TAM2:3SG	go	#	ZERO	TAM2:3SG	go	#	ZERO	TAM2:3SG	RED-go,"And sat there. His thoughts went and went, on and on.",en,MORPHEME_ALIGNED,,gaqg_mp3 gaqg_wav gaqg_eaf gaqg_xml gaqg_tsv,,140551,143478,##	0.d:s	lv-pro_d_s	v:pred	rv	##	np:s	rn	-rn_pro.d:poss	lv-pro_s	v:pred	##	0:s	lv-pro_s	v:pred	##	0:s	lv-pro_s	v:pred,,gaqg,∅	∅	∅	∅	∅	∅	bridging	∅	∅	∅	∅	∅	∅	∅	∅	∅	∅	∅	∅,∅	4002	∅	∅	∅	∅	4013	∅	4002	∅	∅	∅	4013	∅	∅	∅	4013	∅	∅,∅	4002	∅	∅	∅	∅	4013	∅	4002	∅	∅	∅	4013	∅	∅	∅	4013	∅	∅
gaqg_0030,mcveraa,lēn masōgi di me dōm 'ar ēn sava ne vōwal,#	lē	=n	masōgi	di	me	dōm	'ar	ēn	sava	ne	vō-wal,#	LOC	=ART	time	3SG	FUT	think	chop	ART	what	NUM.ART	NUM-one,"When he thought about one thing,",en,MORPHEME_ALIGNED,,gaqg_mp3 gaqg_wav gaqg_eaf gaqg_xml gaqg_tsv,,143489,146113,##	adp	=ln	np:other	pro.d:a	lv	v:pred	rv	ln	np:p	rn	rn,,gaqg,∅	∅	∅	∅	∅	∅	∅	∅	∅	new	∅	∅,∅	∅	∅	∅	4002	∅	∅	∅	∅	4014	∅	∅,∅	∅	∅	∅	4002	∅	∅	∅	∅	4014	∅	∅
gaqg_0031,mcveraa,me le die me van kēl lēn lōlō vunuō,#	ZERO	me	le	diē	#	ZERO	me	van	kēl	lē	=n	lōlō	vunuō,#	ZERO	FUT	transfer	3SG	#	ZERO	FUT	go	back	LOC	=ART	inside	land,(that) will take him and (he) will go back onto the village.,en,MORPHEME_ALIGNED,,gaqg_mp3 gaqg_wav gaqg_eaf gaqg_xml gaqg_tsv,,146113,148591,##	0:a	lv	v:pred	pro.d:p	##	0.d:s	lv	v:pred	rv	adp	=ln	ln	np:g,,gaqg,∅	∅	∅	∅	∅	∅	∅	∅	∅	∅	∅	∅	∅	bridging,∅	4014	∅	∅	4002	∅	4002	∅	∅	∅	∅	∅	∅	4015,∅	4014	∅	∅	4002	∅	4002	∅	∅	∅	∅	∅	∅	4015
gaqg_0032,mcveraa,dim sag sag sag vavavan,#	di	=m	sag	sag	sag	vavavan,#	3SG	=TAM1	sit	sit	sit	RED-go,As he was sitting and sitting (there),en,WORD_ALIGNED,,gaqg_mp3 gaqg_wav gaqg_eaf gaqg_xml gaqg_tsv,,148600,151859,##	pro.d:s	=lv	v:pred	nc	nc	other,,gaqg,∅	∅	∅	∅	∅	∅	∅,∅	4002	∅	∅	∅	∅	∅,∅	4002	∅	∅	∅	∅	∅
gaqg_0033,mcveraa,di ne 'ēn rōw ma ne 'awokal ne 'awokal 'anēn nuō,#	di	ne	'ēn	rōw	ma	#	ZERO	ne	'awokal	#	ZERO	ne	'awokal	anē	=n	nuō,#	3SG	TAM2:3SG	see	seawards	hither	#	ZERO	TAM2:3SG	show.up	#	ZERO	TAM2:3SG	show.up	DEM1.A	=ART	turtle,"he saw down in the deep sea, (s.th.)'s neck and head were suddenly visible, a turtle",en,MORPHEME_ALIGNED,,gaqg_mp3 gaqg_wav gaqg_eaf gaqg_xml gaqg_tsv,,151859,158388,##	pro.d:s	lv-pro_d_s	v:pred	rv	rv	##	0.d:s	lv-pro_d_s	v:pred	##	0.d:s	lv-pro_d_s	v:pred	dem1_other	=ln	np.d:dt_s,,gaqg,∅	∅	∅	∅	∅	∅	∅	new	∅	∅	∅	∅	∅	∅	∅	∅	∅,∅	4002	∅	∅	∅	∅	∅	4016	∅	∅	∅	4016	∅	∅	∅	∅	4016,∅	4002	∅	∅	∅	∅	∅	4016	∅	∅	∅	4016	∅	∅	∅	∅	4016
gaqg_0034,mcveraa,'ei bulsal nikē dada sēvēe lēn bē nanara 'anē,#	'ei	bulsal	nik	ē	dada	siviē	lē	=n	bē	nanara	anē,#	INTERJ	friend	2SG	TAM2:2SG	RED:do	how	LOC	=ART	trunk	tree.sp	DEM1.A,"'Hey, friend, what are you doing on this nanara trunk?'",en,MORPHEME_ALIGNED,,gaqg_mp3 gaqg_wav gaqg_eaf gaqg_xml gaqg_tsv,,158388,166696,##ds	other	np.d:voc	pro.2:s	lv-pro_2_s	v:pred	other	adp	=ln	np:l	rn	rn_dem1,,gaqg,∅	∅	∅	∅	∅	∅	∅	∅	∅	∅	∅	∅,∅	∅	4002	4002	∅	∅	∅	∅	∅	4010	∅	∅,∅	∅	4002	4002	∅	∅	∅	∅	∅	4010	∅	∅
gaqg_0035,mcveraa,'o bulsal gōsuwō ne tēk mē di,#	'o	bulsal	#	gusuwō	ne	tēk	mē	di,#	INTERJ	friend	#	rat	TAM2:3SG	speak	DAT	3SG,"'Oh, friend' said the rat to him [turtle],",en,MORPHEME_ALIGNED,,gaqg_mp3 gaqg_wav gaqg_eaf gaqg_xml gaqg_tsv,,166705,171342,##ds	other	np.d:voc	##	np.d:s_ds	lv-pro_d_s_ds	v:pred	adp	pro.d:g,,gaqg,∅	∅	∅	∅	∅	∅	∅	∅	∅,∅	∅	4016	∅	4002	∅	∅	∅	4016,∅	∅	4016	∅	4002	∅	∅	∅	4016
gaqg_0036,mcveraa,no nom 'ōg 'i nom mi'ir 'i lēn qoro nanara,#	no	no	=m	'ōg	'i	#	no	=m	mi'ir	'i	lē	=n	qoro	nanara,#	1SG	1SG	=TAM1	stay	DEL	#	1SG	=TAM1	sleep	DEL	LOC	=ART	hole	tree.sp,"'Me, I was staying (there) and I was sleeping in a hole in the nanara trunk.",en,MORPHEME_ALIGNED,,gaqg_mp3 gaqg_wav gaqg_eaf gaqg_xml gaqg_tsv,,171342,177040,##ds	pro.1:dt_s	pro.1:s	=lv	v:pred	rv	##ds	pro.1:s	=lv	v:pred	rv	adp	=ln	np:l	rn,,gaqg,∅	∅	∅	∅	∅	∅	∅	∅	∅	∅	∅	∅	∅	∅	∅,∅	4002	4002	∅	∅	∅	∅	4001	∅	∅	∅	∅	∅	4006	∅,∅	4002	4002	∅	∅	∅	∅	4001	∅	∅	∅	∅	∅	4006	∅
gaqg_0037,mcveraa,ba nanara 'anē di ga ōn lēn qoro bē kōkō',#	ba	nanara	anē	di	ga	ōn	lē	=n	qoro	bē	kōkō',#	but	tree.sp	DEM1.A	3SG	STAT	lie	LOC	=ART	hole	water	dried.out,"But this nanara (trunk), it was lying in a dry creek.",en,MORPHEME_ALIGNED,,gaqg_mp3 gaqg_wav gaqg_eaf gaqg_xml gaqg_tsv,,177041,179360,##ds	other	np:dt_s	rn_dem1	pro.d:s	lv	v:pred	adp	=ln	np:l	rn	rn,,gaqg,∅	∅	∅	∅	∅	∅	∅	∅	∅	∅	∅	∅,∅	∅	4010	∅	4010	∅	∅	∅	∅	4007	∅	∅,∅	∅	4010	∅	4010	∅	∅	∅	∅	4007	∅	∅
gaqg_0038,mcveraa,ban qono sam gal no ē so di mas wede luwo m̄as,#	ba	=n	qono	sa	=m	gal	no	ē	#	so	di	mas	wēde	luwo	m̄as,#	but	=ART	seagull	EMPH	=TAM1	lie	1SG	DEM3	#	QUOT	3SG	INABIL1	rain	big	INABIL2,And a pigeon lied to me saying that there wouldn't be heavy rain.,en,MORPHEME_ALIGNED,,gaqg_mp3 gaqg_wav gaqg_eaf gaqg_xml gaqg_tsv,,179374,185126,##ds	other	=ln	np.d:a	other	=lv	v:pred	pro.1:p	other	#ds_cc.neg	other	pro:s	lv	v:pred	rv	rv,,gaqg,∅	∅	∅	∅	∅	∅	∅	∅	∅	∅	∅	∅	∅	∅	∅	∅,∅	∅	∅	4001	∅	∅	∅	4002	∅	∅	∅	∅	∅	∅	∅	∅,∅	∅	∅	4001	∅	∅	∅	4002	∅	∅	∅	∅	∅	∅	∅	∅
gaqg_0039,mcveraa,lēn qōn̄ da so nom kal ba'a lēn kēl lēn m̄ōk,#	lē	=n	qōn̄	da	so	no	=m	kal	ba'a	lē	=n	kēl	lē	=n	m̄ō	-k,#	LOC	=ART	night	do	CPL	1SG	=TAM1	enter	into	LOC	=ART	back	LOC	=ART	POSS.HOUSE	-1SG,"Consequently, when I went back into my house at night,",en,MORPHEME_ALIGNED,,gaqg_mp3 gaqg_wav gaqg_eaf gaqg_xml gaqg_tsv,,185144,190590,##ds	adp	=ln	np:other	other	other	pro.1:s	=lv	v:pred	rv	nc	nc	nc	adp	=ln	np:g	-rn_pro.1:poss,,gaqg,∅	∅	∅	∅	∅	∅	∅	∅	∅	∅	∅	∅	∅	∅	∅	∅	∅,∅	∅	∅	∅	∅	∅	4002	∅	∅	∅	∅	∅	∅	∅	∅	4006	4002,∅	∅	∅	∅	∅	∅	4002	∅	∅	∅	∅	∅	∅	∅	∅	4006	4002
gaqg_0040,mcveraa,lēn qōn̄ ēn wede dim wede,#	lē	=n	qōn̄	ēn	wēde	di	=m	wēde,#	LOC	=ART	night	ART	rain	3SG	=TAM1	rain,"at night the rain, it rained",en,MORPHEME_ALIGNED,,gaqg_mp3 gaqg_wav gaqg_eaf gaqg_xml gaqg_tsv,,190599,192618,##ds	adp	=ln	np:other	ln	np:dt_s	pro:s	=lv	v:pred,,gaqg,∅	∅	∅	∅	∅	∅	∅	∅	∅,∅	∅	∅	∅	∅	4008	4008	∅	∅,∅	∅	∅	∅	∅	4008	4008	∅	∅
gaqg_0041,mcveraa,n bēm 'ō ... 'ō no van vavavan,#	n	bē	=m	'ō'	'ō'	no	van	vavavan,#	ART	water	=TAM1	carry	carry	1SG	go	RED:go,"and the water took me, on and on,",en,MORPHEME_ALIGNED,,gaqg_mp3 gaqg_wav gaqg_eaf gaqg_xml gaqg_tsv,,192618,195206,##ds	ln	np:a	=lv	nc	v:pred	pro.1:p	other	other,,gaqg,∅	∅	∅	∅	∅	∅	∅	∅	∅,∅	∅	4009	∅	∅	∅	4002	∅	∅,∅	∅	4009	∅	∅	∅	4002	∅	∅
gaqg_0042,mcveraa,kalu ma lēn veminie 'anē lēn lōlō naw 'anē,#	ZERO	kalu	ma	lē	=n	veminie	anē	lē	=n	lōlō	naw	anē,#	ZERO	exit	hither	LOC	=ART	outside	DEM1.A	LOC	=ART	inside	saltwater	DEM1.A,"went out into the open sea, into the saltwater here.",en,MORPHEME_ALIGNED,,gaqg_mp3 gaqg_wav gaqg_eaf gaqg_xml gaqg_tsv,,195206,198677,##ds	0:s	v:pred	rv	adp	=ln	np:g	rn_dem1	adp	=ln	ln	np:dt_g	rn_dem1,,gaqg,∅	∅	∅	∅	∅	∅	∅	∅	∅	∅	∅	∅	∅,∅	4009	∅	∅	∅	∅	4012	∅	∅	∅	∅	4012	∅,∅	4009	∅	∅	∅	∅	4012	∅	∅	∅	∅	4012	∅
gaqg_0043,mcveraa,'enei nos sag 'i 'anē no lama'i ros so no me van kal kēl sēvēe lēn n̄ērē'iē,#	enei	no	=s	sag	'i	anē	#	no	lama'i	rōs	#	so	no	me	van	kal	kēl	siviē	lē	=n	n̄ērē'iē,#	now	1SG	=SIM	sit	DEL	DEM1.A	#	1SG	know	GEN.NEG2	#	CPL	1SG	FUT	go	upwards	back	how	LOC	=ART	shore,Now I am sitting here and I don't know how I will get back to the shore.',en,MORPHEME_ALIGNED,,gaqg_mp3 gaqg_wav gaqg_eaf gaqg_xml gaqg_tsv,,198677,205097,##ds	other	pro.1:s	=lv	v:pred	rv	dem1_other	##ds.neg	pro.1:s	v:pred	rv	#ds_cc	other	pro.1:s	lv	v:pred	rv	rv	other	adp	=ln	np:g,,gaqg,∅	∅	∅	∅	∅	∅	∅	∅	∅	∅	∅	∅	∅	∅	∅	∅	∅	∅	∅	∅	∅	∅,∅	∅	4002	∅	∅	∅	∅	∅	4002	∅	∅	∅	∅	4002	∅	∅	∅	∅	∅	∅	∅	4015,∅	∅	4002	∅	∅	∅	∅	∅	4002	∅	∅	∅	∅	4002	∅	∅	∅	∅	∅	∅	∅	4015
gaqg_0044,mcveraa,nuō dim rōn̄ 'esenē,#	nuō	di	=m	rōn̄	esenē,#	turtle	3SG	=TAM1	hear	MAN.DEM1.E,As the turtle heard this,en,MORPHEME_ALIGNED,,gaqg_mp3 gaqg_wav gaqg_eaf gaqg_xml gaqg_tsv,,205111,208396,##	np.d:dt_s	pro.d:s	=lv	v:pred	other,,gaqg,∅	∅	∅	∅	∅	∅,∅	4016	4016	∅	∅	∅,∅	4016	4016	∅	∅	∅
gaqg_0045,mcveraa,di ne tēk mē di so bulsal no no me birin̄ nikē 'amēn ga van 'ō nikē,#	di	ne	tēk	mē	di	so	#	bulsal	no	no	me	birin̄	nikē	#	'amēn	ga	van	'ō'	nikē,#	3SG	TAM2:3SG	speak	DAT	3SG	QUOT	#	friend	1SG	1SG	FUT	help	2SG	#	ASS	STAT	go	carry	2SG,"he said to him: 'Friend, me, I will help you to bring you back.",en,MORPHEME_ALIGNED,,gaqg_mp3 gaqg_wav gaqg_eaf gaqg_xml gaqg_tsv,,208396,216849,##	pro.d:s_ds	lv-pro_d_s_ds	v:pred	adp	pro.d:g	other	##ds	np.d:voc	pro.1:dt_a	pro.1:a	lv	v:pred	pro.2:p	#ds_cc	other	lv	vother:pred	rv	pro.2:p,,gaqg,∅	∅	∅	∅	∅	∅	∅	∅	∅	∅	∅	∅	∅	∅	∅	∅	∅	∅	∅	∅,∅	4016	∅	∅	∅	4002	∅	∅	4002	4016	4016	∅	∅	4002	∅	∅	∅	∅	∅	4002,∅	4016	∅	∅	∅	4002	∅	∅	4002	4016	4016	∅	∅	4002	∅	∅	∅	∅	∅	4002
gaqg_0046,mcveraa,nikē sag kēkē ma lēn kolok nok van 'ō nikē,#	nik	ē	sag	kēkē	ma	lē	=n	kolo	-k	#	no	=k	van	'ō'	nikē,#	2SG	TAM2:2SG	sit	on.top	hither	LOC	=ART	back	-1SG	#	1SG	=TAM2	go	carry	2SG,Sit (down) here onto my back and I will take you.',en,MORPHEME_ALIGNED,,gaqg_mp3 gaqg_wav gaqg_eaf gaqg_xml gaqg_tsv,,216849,222870,##ds	pro.2:s	lv-pro_2_s	v:pred	rv	rv	adp	=ln	np:g	-rn_pro.1:poss	##ds	pro.1:a	=lv	v:pred	rv	pro.2:p,,gaqg,∅	∅	∅	∅	∅	∅	∅	∅	bridging	∅	∅	∅	∅	∅	∅	∅,∅	4002	∅	∅	∅	∅	∅	∅	4017	4016	∅	4016	∅	∅	∅	4002,∅	4002	∅	∅	∅	∅	∅	∅	4017	4016	∅	4016	∅	∅	∅	4002
gaqg_0047,mcveraa,son gusōwō dim rōn̄rōn̄ 'i senē dim kal raka lēn lōlōgim malaklaka di ne rōw kēkē lēn nuō nuō ne van 'ō die,#	so	=n	gusuwō	di	=m	rōn̄rōn̄	'i	senē	#	di	=m	kalraka	#	lē	=n	lōlō-gi	ZERO	=m	malaklaka	#	di	ne	rōw	kēkē	lē	=n	nuō	#	nuō	ne	van	'ō'	diē,#	NC	=ART	rat	3SG	=TAM1	RED:hear	DEL	MAN.DEM1	#	3SG	=TAM1	get.up	#	LOC	=ART	inside-3SG	ZERO	=TAM1	cheer	#	3SG	TAM2:3SG	skip	on.top	LOC	=ART	turtle	#	turtle	TAM2:3SG	go	carry	3SG,"As the rat had heard this he got up, and his inside was glad. Then he jumped onto the turtle, and the turtle went with him [i.e. carried him].",en,MORPHEME_ALIGNED,,gaqg_mp3 gaqg_wav gaqg_eaf gaqg_xml gaqg_tsv,,222870,230842,##	other	=ln	np.d:dt_s	pro.d:s	=lv	v:pred	rv	other	##	pro.d:s	=lv	v:pred	##	adp	=ln	np:other	0.d:s	=lv	v:pred	##	pro.d:s	lv-pro_d_s	v:pred	rv	adp	=ln	np.d:g	##	np.d:a	lv-pro_d_s	v:pred	rv	pro.d:p,,gaqg,∅	∅	∅	∅	∅	∅	∅	∅	∅	∅	∅	∅	∅	∅	∅	∅	∅	∅	∅	∅	∅	∅	∅	∅	∅	∅	∅	∅	∅	∅	∅	∅	∅	∅,∅	∅	∅	4002	4002	∅	∅	∅	∅	∅	4002	∅	∅	∅	∅	∅	∅	4002	∅	∅	∅	4002	∅	∅	∅	∅	∅	4016	∅	4016	∅	∅	∅	4002,∅	∅	∅	4002	4002	∅	∅	∅	∅	∅	4002	∅	∅	∅	∅	∅	∅	4002	∅	∅	∅	4002	∅	∅	∅	∅	∅	4016	∅	4016	∅	∅	∅	4002
gaqg_0048,mcveraa,nuōm ... n gō... gōsuwō dim r... r... rem kal rōw lēn kolo nuō nuō ne van van,#	nuōm	n	gō—	#	gusuwō	di	=m	r—	r—	rem	kal	rōw	lē	=n	kolo	nuō	#	nuō	ne	van	van,#	nuōm	ART	NC	#	rat	3SG	=TAM1	NC	NC	rem	upwards	seawards	LOC	=ART	back	turtle	#	turtle	TAM2:3SG	go	go,"When the rat had climbed onto the turtle's back, the turtle went.",en,MORPHEME_ALIGNED,,gaqg_mp3 gaqg_wav gaqg_eaf gaqg_xml gaqg_tsv,,230842,238037,#nc	nc	nc	nc	##	np.d:dt_s	pro.d:s	=lv	nc	nc	v:pred	rv	rv	adp	=ln	np:g	rn_np.d:poss	##	np.d:s	lv-pro_d_s	v:pred	rv,,gaqg,∅	∅	∅	∅	∅	∅	∅	∅	∅	∅	∅	∅	∅	∅	∅	∅	∅	∅	∅	∅	∅	∅,∅	∅	∅	∅	∅	4002	4002	∅	∅	∅	∅	∅	∅	∅	∅	4017	4016	∅	4016	∅	∅	∅,∅	∅	∅	∅	∅	4002	4002	∅	∅	∅	∅	∅	∅	∅	∅	4017	4016	∅	4016	∅	∅	∅
gaqg_0049,mcveraa,duruk siw siw vavavavavan van din̄ man n̄erē'iē 'a vie di me mom di bēne,#	duru	=k	siw	#	ZERO	siw	vavavavavan	#	ZERO	van	din̄	ma	=n	n̄erē'iē	#	a	viē	di	me	mom	di	bēne,#	3DL	=TAM2	bathe	#	ZERO	bathe	RED:go	#	ZERO	go	reach	hither	=ART	shore	#	REL	where	3SG	FUT	put	3SG	PRO.OBL,They swam and swam until they reached the shore where he was gonna put him.,en,MORPHEME_ALIGNED,,gaqg_mp3 gaqg_wav gaqg_eaf gaqg_xml gaqg_tsv,,238046,243802,##	pro.h:s	=lv	v:pred	##	0.d:s	v:pred	other	##	0.d:a	v:pred	rv	rv	=ln	np:p	#rc_rn	other	other:dt_g	pro.d:a	lv	v:pred	pro.d:p	other:g,,gaqg,∅	bridging	∅	∅	∅	∅	∅	∅	∅	∅	∅	∅	∅	∅	bridging	∅	∅	∅	∅	∅	∅	∅	∅,∅	4018	∅	∅	∅	4018	∅	∅	∅	4018	∅	∅	∅	∅	4019	∅	∅	4019	4016	∅	∅	4002	∅,∅	4018	∅	∅	∅	4018	∅	∅	∅	4018	∅	∅	∅	∅	4019	∅	∅	4019	4016	∅	∅	4002	∅
gaqg_0050,mcveraa,nuō ne rem 'ō kal di lēn n̄ērē'iē,#	nuō	ne	rem	'ō'	kal	di	lē	=n	n̄ērē'iē,#	turtle	TAM2:3SG	climb	carry	upwards	3SG	LOC	=ART	shore,"The turtle took him up to the shore,",en,MORPHEME_ALIGNED,,gaqg_mp3 gaqg_wav gaqg_eaf gaqg_xml gaqg_tsv,,243802,246221,##	np.d:a	lv-pro_d_a	v:pred	rv	rv	pro.d:p	adp	=ln	np:g,,gaqg,∅	∅	∅	∅	∅	∅	∅	∅	∅	∅,∅	4016	∅	∅	∅	∅	4002	∅	∅	4019,∅	4016	∅	∅	∅	∅	4002	∅	∅	4019
gaqg_0051,mcveraa,van [UNCLEAR] sar lēn nōn gusuwō ne rōw sur den,#	ZERO	van	NC	sar	lē	=n	nōn	#	gusuwō	ne	rōw	sur	den	ZERO,#	ZERO	go	nc	landwards	LOC	=ART	sand	#	rat	TAM2:3SG	skip	down	ABL	ZERO,went up to the beach. Then the rat jumped off down,en,MORPHEME_ALIGNED,,gaqg_mp3 gaqg_wav gaqg_eaf gaqg_xml gaqg_tsv,,246221,251380,##	0.d:s	v:pred	nc	rv	adp	=ln	np:g	##	np.d:s	lv-pro_d_s	v:pred	rv	adp	0.d:obl,,gaqg,∅	∅	∅	∅	∅	∅	∅	bridging	∅	∅	∅	∅	∅	∅	∅,∅	4018	∅	∅	∅	∅	∅	4020	∅	4002	∅	∅	∅	∅	4016,∅	4018	∅	∅	∅	∅	∅	4020	∅	4002	∅	∅	∅	∅	4016
gaqg_0052,mcveraa,ne virig sar lēn 'ōm̄... wōm̄ōm̄ō ne gilgil ēn qorogi 'amē tēk ēn tata mēn e ... 'amēn fga tēk ēn varian mēn e gōsuwō ... 'ee ... nuō,#	ZERO	ne	virig	sar	lē	=n	'ōm̄—	wōm̄ōm̄ō'	#	ZERO	ne	gilgil	ēn	qoro	-gi	#	'amē	tēk	ēn	tata	mē-n	e	'amēn	ga	tēk	ēn	varian	mē-n	e	gusuwō	'ee	nuō,#	ZERO	TAM2:3SG	rush	landwards	LOC	=ART	NC	bush	#	ZERO	TAM2:3SG	RED:dig	ART	hole	-3SG	#	ASS	speak	ART	tata	DAT-CS	PERS.ART	ASS	STAT	speak	ART	varian	DAT-CS	PERS.ART	rat	'ee	turtle,ran up into the bush and started to dig a hole? in order to say thank you to the rat?,en,MORPHEME_ALIGNED,,gaqg_mp3 gaqg_wav gaqg_eaf gaqg_xml gaqg_tsv,,251380,265802,##	0.d:s	lv-pro_d_s	v:pred	rv	adp	=ln	nc	np:g	##	0.d:a	lv-pro_d_a	v:pred	ln	np:p	-rn_pro.d:poss	#nc	nc	nc	nc	nc	nc	nc	nc	nc	nc	nc	nc	nc	nc	nc_np.d	nc	nc_np.d,,gaqg,∅	∅	∅	∅	∅	∅	∅	∅	bridging	∅	∅	∅	∅	∅	new	∅	∅	∅	∅	∅	∅	∅	∅	∅	∅	∅	∅	∅	∅	∅	∅	∅	∅,∅	4002	∅	∅	∅	∅	∅	∅	4021	∅	4002	∅	∅	∅	4022	4002	∅	∅	∅	∅	∅	∅	∅	∅	∅	∅	∅	∅	∅	∅	4002	∅	4016,∅	4002	∅	∅	∅	∅	∅	∅	4021	∅	4002	∅	∅	∅	4022	4002	∅	∅	∅	∅	∅	∅	∅	∅	∅	∅	∅	∅	∅	∅	4002	∅	4016
gaqg_0053,mcveraa,'amēn ga tēk ēn tat... 'm varian mēn e nuō,#	'amēn	ga	tēk	ēn	tat—	'm	varian	mē-n	e	nuō,#	ASS	STAT	speak	ART	NC	'm	thank	DAT-CS	PERS.ART	turtle,in order to say thank you to the turtle. (?),en,MORPHEME_ALIGNED,,gaqg_mp3 gaqg_wav gaqg_eaf gaqg_xml gaqg_tsv,,265802,270436,#cc	other	lv	vother:pred	ln	nc	nc	np:p	adp	ln	np.d:g,,gaqg,∅	∅	∅	∅	∅	∅	∅	∅	∅	∅	∅,∅	∅	∅	∅	∅	∅	∅	∅	∅	∅	4016,∅	∅	∅	∅	∅	∅	∅	∅	∅	∅	4016
gaqg_0054,mcveraa,wo n 'an̄sar ne vōruō ne kalu wōl lēn n̄ērsigi wōlē,#	wo	n	'an̄sar	ne	vō-ruō	ne	kalu	wōl	lē	=n	n̄ērsi	-gi	wōlē,#	and	ART	person	NUM.ART	NUM-two	TAM2:3SG	exit	DIR<wōl>	LOC	=ART	point	-3SG	DIR<wōl>,Then two people showed up at a point in <wōl>.,en,MORPHEME_ALIGNED,,gaqg_mp3 gaqg_wav gaqg_eaf gaqg_xml gaqg_tsv,,270436,276291,##	other	ln	np.h:s	rn	rn	lv-pro_h_s	v:pred	rv	adp	=ln	np:l	-rn_pro:poss	rn,,gaqg,∅	∅	∅	new	∅	∅	∅	∅	∅	∅	∅	∅	∅	∅,∅	∅	∅	4023	∅	∅	∅	∅	∅	∅	∅	∅	∅	∅,∅	∅	∅	4023	∅	∅	∅	∅	∅	∅	∅	∅	∅	∅
gaqg_0055,mcveraa,durum van ma van ma vavavavan ma din̄ ma duruk 'ēn mulen nuō,#	duru	=m	van	ma	#	ZERO	van	ma	#	ZERO	vavavavan	ma	#	ZERO	din̄	ma	#	duru	=k	'ēn	mul	ēn	nuō,#	3DL	=TAM1	go	hither	#	ZERO	go	hither	#	ZERO	RED:go	hither	#	ZERO	reach	hither	#	3DL	=TAM2	see	DIR<mul>	ART	turtle,"The two came closer and closer, and when they were close they spotted the turtle in <mul> .",en,MORPHEME_ALIGNED,,gaqg_mp3 gaqg_wav gaqg_eaf gaqg_xml gaqg_tsv,,276291,280218,##	pro.h:s	=lv	v:pred	rv	##	0.h:s	v:pred	rv	##	0.h:s	v:pred	rv	##	0.h:s	v:pred	rv	##	pro.h:a	=lv	v:pred	rv	ln	np.d:p,,gaqg,∅	∅	∅	∅	∅	∅	∅	∅	∅	∅	∅	∅	∅	∅	∅	∅	∅	∅	∅	∅	∅	∅	∅	∅,∅	4023	∅	∅	∅	∅	4023	∅	∅	∅	4023	∅	∅	∅	4023	∅	∅	∅	4023	∅	∅	∅	∅	4016,∅	4023	∅	∅	∅	∅	4023	∅	∅	∅	4023	∅	∅	∅	4023	∅	∅	∅	4023	∅	∅	∅	∅	4016
gaqg_0056,mcveraa,ge'ew'i ne mulō ne tanem,#	ge'ew'i	ne	mulō	#	ZERO	ne	tanem	ZERO,#	another	TAM2:3SG	go.over	#	ZERO	TAM2:3SG	turn.over	ZERO,One of them went <mul>wards and turned (it),en,MORPHEME_ALIGNED,,gaqg_mp3 gaqg_wav gaqg_eaf gaqg_xml gaqg_tsv,,280229,282504,##	np.h:s	lv-pro_h_s	v:pred	##	0.h:a	lv-pro_h_a	v:pred	0.d:p,,gaqg,∅	bridging	∅	∅	∅	∅	∅	∅	∅,∅	4024	∅	∅	∅	4024	∅	∅	4016,∅	4024	∅	∅	∅	4024	∅	∅	4016
gaqg_0057,mcveraa,ne v... vil... wil 'a lan̄ ge'ew'i ne v..v..wil 'a lan̄ ēn nu.. nuō ē,#	ZERO	ne	v—	vil—	wil	'alan̄	ZERO	#	ge'ew'i	ne	v—	v—	wil	'alan̄	ēn	nu—	nuō	ē,#	ZERO	TAM2:3SG	NC	NC	turn.over	on.bckside	ZERO	#	another	TAM2:3SG	NC	NC	turn.over	on.bckside	ART	NC	turtle	DEM3,turned ... the one turned the turtle onto its backside.,en,MORPHEME_ALIGNED,,gaqg_mp3 gaqg_wav gaqg_eaf gaqg_xml gaqg_tsv,,282519,288506,##	0.h:a	lv-pro_h_a	nc	nc	v:pred	rv	0.d:p	##	np.h:a	lv-pro_h_a	nc	nc	v:pred	rv	ln	nc	np.d:p	rn,,gaqg,∅	∅	∅	∅	∅	∅	∅	∅	∅	∅	∅	∅	∅	∅	∅	∅	∅	∅	∅,∅	4024	∅	∅	∅	∅	∅	4016	∅	4024	∅	∅	∅	∅	∅	∅	∅	4016	∅,∅	4024	∅	∅	∅	∅	∅	4016	∅	4024	∅	∅	∅	∅	∅	∅	∅	4016	∅
gaqg_0058,mcveraa,qē' duruk vrig kal kēl lēn lōlō vunu 'aram mēn e maranaga,#	qē'	duru	=k	vrig	kal	kēl	lē	=n	lōlō	vunu	#	ZERO	'aram	mē-n	e	maranaga,#	finish	3DL	=TAM2	rush	upwards	back	LOC	=ART	inside	land	#	ZERO	inform	DAT-CS	PERS.ART	chief,"After this the two rushed back into the village, reported (this) to the chief:",en,MORPHEME_ALIGNED,,gaqg_mp3 gaqg_wav gaqg_eaf gaqg_xml gaqg_tsv,,288514,291801,##	other	pro.h:s	=lv	v:pred	rv	rv	adp	=ln	ln	np:g	##	0.h:s	v:pred	adp	ln	np.h:g,,gaqg,∅	∅	∅	∅	∅	∅	∅	∅	∅	∅	new	∅	∅	∅	∅	∅	new,∅	∅	4023	∅	∅	∅	∅	∅	∅	∅	4025	∅	4023	∅	∅	∅	4026,∅	∅	4023	∅	∅	∅	∅	∅	∅	∅	4025	∅	4023	∅	∅	∅	4026
gaqg_0059,mcveraa,maranaga godēn kēl bigbig rōwē,#	maranaga	go	-dē	=n	kēl	bigbig	rōwē,#	chief	POSS.EAT	-1PL.IN	=ART	large	proteins	seawards,"'Chief, a huge (piece of) meat (is) down at the sea.",en,MORPHEME_ALIGNED,,gaqg_mp3 gaqg_wav gaqg_eaf gaqg_xml gaqg_tsv,,291815,296794,##ds	np.h:voc	ln	-ln_pro.1:poss	=ln	ln	np:s	other:pred,,gaqg,∅	∅	∅	∅	∅	∅	∅	∅,∅	4026	∅	∅	∅	∅	4016	∅,∅	4026	∅	∅	∅	∅	4016	∅
gaqg_0060,mcveraa,kadu man wil 'a lan̄ die,#	kamadu	man	wil	'alan̄	diē,#	1DL.EX	PFV	turn.over	on.bckside	3SG,We two have already turned (it) on its backside.',en,MORPHEME_ALIGNED,,gaqg_mp3 gaqg_wav gaqg_eaf gaqg_xml gaqg_tsv,,296794,298661,##ds	pro.1:a	lv	v:pred	rv	pro:p,,gaqg,∅	∅	∅	∅	∅	∅,∅	4023	∅	∅	∅	4016,∅	4023	∅	∅	∅	4016
gaqg_0061,mcveraa,son sava,#	ZERO	so	#	ZERO	=n	sava,#	ZERO	QUOT	#	ZERO	=ART	what,'What?',en,MORPHEME_ALIGNED,,gaqg_mp3 gaqg_wav gaqg_eaf gaqg_xml gaqg_tsv,,298661,299528,##	0.h:s	other:pred	##ds	0:s	=ln	np:pred,,gaqg,∅	∅	∅	∅	∅	∅	∅,∅	4026	∅	∅	4016	∅	∅,∅	4026	∅	∅	4016	∅	∅
gaqg_0062,mcveraa,n nuō,#	ZERO	n	nuō,#	ZERO	ART	turtle,'A turtle.',en,MORPHEME_ALIGNED,,gaqg_mp3 gaqg_wav gaqg_eaf gaqg_xml gaqg_tsv,,299528,301467,##ds	0:s	ln	np.d:pred,,gaqg,∅	∅	∅	∅,∅	4016	∅	∅,∅	4016	∅	∅
gaqg_0063,mcveraa,sul dirēk 'ēqēl 'al marmar ēn nuō 'anē van 'ō kal ma,#	sul	dir	=ēk	'ēqēl	#	ZERO	'al	marmar	ēn	nuō	anē	#	ZERO	van	'ō'	kal	ma	ZERO,#	folks	3PL	=TAM2	descend	#	ZERO	tie	strong	ART	turtle	DEM1.A	#	ZERO	go	carry	upwards	hither	ZERO,"Then the people, they went down to the sea, tied up the turtle tightly and brought (it) up here.",en,MORPHEME_ALIGNED,,gaqg_mp3 gaqg_wav gaqg_eaf gaqg_xml gaqg_tsv,,301481,306696,##	np.h:dt_s	pro.h:s	=lv	v:pred	##	0.h:a	v:pred	rv	ln	np.d:p	rn_dem1	##	0.h:a	v:pred	rv	rv	rv	0.d:p,,gaqg,∅	bridging	∅	∅	∅	∅	∅	∅	∅	∅	∅	∅	∅	∅	∅	∅	∅	∅	∅,∅	4027	4027	∅	∅	∅	4027	∅	∅	∅	4016	∅	∅	4027	∅	∅	∅	∅	4016,∅	4027	4027	∅	∅	∅	4027	∅	∅	∅	4016	∅	∅	4027	∅	∅	∅	∅	4016
gaqg_0064,mcveraa,dirēk van 'ō sar ... van 'ō sar lēn vunuō,#	dir	=ēk	van	'ō'	sar	ZERO	#	ZERO	van	'ō'	sar	ZERO	lē	=n	vunuō,#	3PL	=TAM2	go	carry	landwards	ZERO	#	ZERO	go	carry	landwards	ZERO	LOC	=ART	land,They brought it up into the village.,en,MORPHEME_ALIGNED,,gaqg_mp3 gaqg_wav gaqg_eaf gaqg_xml gaqg_tsv,,306696,309607,##	pro.h:a	=lv	v:pred	rv	rv	0.d:p	##	0.h:a	v:pred	rv	rv	0.d:p	adp	=ln	np:g,,gaqg,∅	∅	∅	∅	∅	∅	∅	∅	∅	∅	∅	∅	∅	∅	∅	∅,∅	4027	∅	∅	∅	∅	4016	∅	4027	∅	∅	∅	4016	∅	∅	4025,∅	4027	∅	∅	∅	∅	4016	∅	4027	∅	∅	∅	4016	∅	∅	4025
gaqg_0065,mcveraa,lēn revrev dirēk qē'ēg 'ewen nev 'amēn ga ban̄ris ēn nuō 'anē,#	lē	=n	revrev	dir	=ēk	qē'ēg	'ewe	=n	nev	#	'amēn	ga	qan̄ris	ēn	nuō	anē,#	LOC	=ART	evening	3PL	=TAM2	begin	fan.up	=ART	fire	#	ASS	STAT	bake	ART	turtle	DEM1.A,In the afternoon they started to make fire in the stone oven in order to bake the turtle.,en,MORPHEME_ALIGNED,,gaqg_mp3 gaqg_wav gaqg_eaf gaqg_xml gaqg_tsv,,309607,316098,##	adp	=ln	np:other	pro.h:a	=lv	lv	v:pred	=ln	np:p	#ac	other	lv	vother:pred	ln	np.d:p	rn_dem1,,gaqg,∅	∅	∅	new	∅	∅	∅	∅	∅	new	∅	∅	∅	∅	∅	∅	∅,∅	∅	∅	4028	4027	∅	∅	∅	∅	4029	∅	∅	∅	∅	∅	4016	∅,∅	∅	∅	4028	4027	∅	∅	∅	∅	4029	∅	∅	∅	∅	∅	4016	∅
gaqg_0066,mcveraa,dirēk 'ewe kal sag ēn nev won qono ne gav ma,#	dir	=ēk	'ewe	kal	sag	ēn	nev	#	wo	=n	qono	ne	gav	ma,#	3PL	=TAM2	fan.up	upwards	up	ART	fire	#	and	=ART	seagull	TAM2:3SG	fly	hither,"When they were about to light the fire, the pigeon came flying.",en,MORPHEME_ALIGNED,,gaqg_mp3 gaqg_wav gaqg_eaf gaqg_xml gaqg_tsv,,316098,322451,##	pro.h:a	=lv	v:pred	rv	rv	ln	np:p	##	other	=ln	np.d:s	lv-pro_d_s	v:pred	rv,,gaqg,∅	∅	∅	∅	∅	∅	∅	∅	∅	∅	∅	∅	∅	∅	∅,∅	4027	∅	∅	∅	∅	∅	4029	∅	∅	∅	4001	∅	∅	∅,∅	4027	∅	∅	∅	∅	∅	4029	∅	∅	∅	4001	∅	∅	∅
gaqg_0067,mcveraa,n qono ne gav ma di ne tēk mēn e ... mēn e gōsuwō,#	n	qono	ne	gav	ma	#	di	ne	tēk	mē-n	e	mē-n	e	gusuwō,#	ART	seagull	TAM2:3SG	gav	hither	#	3SG	TAM2:3SG	speak	DAT-CS	PERS.ART	DAT-CS	PERS.ART	rat,The pigeon came flying and said to the rat:,en,MORPHEME_ALIGNED,,gaqg_mp3 gaqg_wav gaqg_eaf gaqg_xml gaqg_tsv,,322451,332524,##	ln	np.d:s	lv-pro_d_s	v:pred	rv	##	pro.d:s_ds	lv-pro_d_s_ds	v:pred	nc	nc	adp	ln	np.d:g,,gaqg,∅	∅	∅	∅	∅	∅	∅	∅	∅	∅	∅	∅	∅	∅	∅,∅	∅	4001	∅	∅	∅	∅	4001	∅	∅	∅	∅	∅	∅	4002,∅	∅	4001	∅	∅	∅	∅	4001	∅	∅	∅	∅	∅	∅	4002
gaqg_0068,mcveraa,gōsuwō 'amēn ga birin̄ nikē wo nik mē birin̄ ēn vuvulum a rekson 'ō nik ... 'ō nik ma den ēn naw 'ō ba ... 'ō ma nik lēn n̄ērē'iē,#	gusuwō	#	'amēn	ga	birin̄	nikē	%	wo	nik	me	birin̄	ēn	vuvulu	-m	#	a	rekso	ZERO	'ō'	nik	'ō'	nik	ma	den	ēn	naw	#	'ō	ba	#	ZERO	'ō'	ma	nik	lē	=n	n̄ērē'iē,#	rat	#	ASS	STAT	help	2SG	%	and	2SG	FUT	help	ART	friend	-2SG	#	REL	like	ZERO	carry	2SG	carry	2SG	hither	ABL	ART	saltwater	#	carry	but	#	ZERO	carry	hither	2SG	LOC	=ART	shore,"'Rat, for helping you, you will help your friend who brought you back to the shore.",en,MORPHEME_ALIGNED,,gaqg_mp3 gaqg_wav gaqg_eaf gaqg_xml gaqg_tsv,,332533,344406,##ds	np.d:voc	#ds_cc	other	lv	vother:pred	pro.2:p	%	other	pro.2:a	lv	v:pred	ln	np.h:p	-rn_pro.2:poss	#ds_rc_rn	other	other	0.d:a	nc	nc_pro.2	v:pred	pro.2:p	rv	adp	ln	np:obl	#nc	nc	nc	#ds_rc	0.d:a	v:pred	rv	pro.2:p	adp	=ln	np:g,,gaqg,∅	∅	∅	∅	∅	∅	∅	∅	∅	∅	∅	∅	∅	∅	∅	∅	∅	∅	∅	∅	∅	∅	∅	∅	∅	∅	∅	∅	∅	∅	∅	∅	∅	∅	∅	∅	∅	∅,∅	4002	∅	∅	∅	∅	4002	∅	∅	4002	∅	∅	∅	4016	4002	∅	∅	∅	4016	∅	4002	∅	4002	∅	∅	∅	4012	∅	∅	∅	∅	4016	∅	∅	4002	∅	∅	4019,∅	4002	∅	∅	∅	∅	4002	∅	∅	4002	∅	∅	∅	4016	4002	∅	∅	∅	4016	∅	4002	∅	4002	∅	∅	∅	4012	∅	∅	∅	∅	4016	∅	∅	4002	∅	∅	4019
gaqg_0069,mcveraa,no me dan dōdōmia 'a segēn,#	no	me	da	=n	dōdōmia	asegēn,#	1SG	FUT	do	=ART	thought	MAN.DEM2.A,I will conduct the following plan.,en,MORPHEME_ALIGNED,,gaqg_mp3 gaqg_wav gaqg_eaf gaqg_xml gaqg_tsv,,344406,347826,##ds	pro.1:a	lv	v:pred	=ln	np:p	nc,,gaqg,∅	∅	∅	∅	∅	new	∅,∅	4001	∅	∅	∅	4030	∅,∅	4001	∅	∅	∅	4030	∅
gaqg_0070,mcveraa,lēn masōgi dirēm van sar dirēm 'ewe kal ēn nev no no me laka wōlē,#	lē	=n	masōgi	dir	=ēm	van	sar	#	dir	=ēm	'ewe	kal	ēn	nev	#	no	no	me	laka	wōlē,#	LOC	=ART	time	3PL	=TAM1	go	landwards	#	3PL	=TAM1	fan.up	upwards	ART	fire	#	1SG	1SG	FUT	dance	DIR<wōl>,"When they will have gone landwards and will have lit the fire, I, I will dance in <wōl>.",en,MORPHEME_ALIGNED,,gaqg_mp3 gaqg_wav gaqg_eaf gaqg_xml gaqg_tsv,,347838,356499,##ds	adp	=ln	np:other	pro.h:s	=lv	v:pred	rv	##ds	pro.h:a	=lv	v:pred	rv	ln	np:p	##ds	pro.1:dt_s	pro.1:s	lv	v:pred	other:l,,gaqg,∅	∅	∅	new	∅	∅	∅	∅	∅	∅	∅	∅	∅	∅	∅	∅	∅	∅	∅	∅	∅,∅	∅	∅	4031	4027	∅	∅	∅	∅	4027	∅	∅	∅	∅	4029	∅	4001	4001	∅	∅	∅,∅	∅	∅	4031	4027	∅	∅	∅	∅	4027	∅	∅	∅	∅	4029	∅	4001	4001	∅	∅	∅
gaqg_0071,mcveraa,no me sor ēn 'erē m̄ēm̄ēlege rekson n sav... n..no... dir me 'ēn ga gitok mē no rekson qeseg,#	no	me	sor	ēn	'erē	m̄ēm̄ēlege	rekso	=n	n	sav—	n—	no—	#	dir	me	'ēn	#	ZERO	ga	gitok	mē	no	%	rekso	=n	qeseg,#	1SG	FUT	wear	ART	PL	things	like	=ART	ART	NC	ART	1SG	#	3PL	FUT	see	#	ZERO	STAT	good	DAT	1SG	%	like	=ART	k.o.body.decoration,"I will put on all kinds of things so that they see how good they are on me, like a 'qeseg'.",en,MORPHEME_ALIGNED,"""qeseg"" is a traditional body decoration made of reddish leaves worn on the back between the shoulders.",gaqg_mp3 gaqg_wav gaqg_eaf gaqg_xml gaqg_tsv,,356499,364942,##ds	pro.1:a	lv	v:pred	ln	ln	np:p	other	nc	nc	nc	nc	nc	#ds_rc_rn	pro.h:s	lv	v:pred	#ds_cc	0:s	lv	v:pred	adp	pro.1:obl	%	other	=ln	np:dt_p,,gaqg,∅	∅	∅	∅	∅	∅	new	∅	∅	∅	∅	∅	∅	∅	∅	∅	∅	∅	∅	∅	∅	∅	∅	∅	∅	∅	∅,∅	4001	∅	∅	∅	∅	4032	∅	∅	∅	∅	∅	∅	∅	4027	∅	∅	∅	4032	∅	∅	∅	4001	∅	∅	∅	∅,∅	4001	∅	∅	∅	∅	4032	∅	∅	∅	∅	∅	∅	∅	4027	∅	∅	∅	4032	∅	∅	∅	4001	∅	∅	∅	∅
gaqg_0072,mcveraa,no me van no me 'ir lēn serege no me laka,#	no	me	van	#	no	me	'ir	lē	=n	sere-ge	#	no	me	laka,#	1SG	FUT	go	#	1SG	FUT	stand	LOC	=ART	square-DIS	#	1SG	FUT	dance,I will go and stand on the village square and dance.,en,MORPHEME_ALIGNED,,gaqg_mp3 gaqg_wav gaqg_eaf gaqg_xml gaqg_tsv,,364942,368138,##ds	pro.1:s	lv	v:pred	##ds	pro.1:s	lv	v:pred	adp	=ln	np:l	##ds	pro.1:s	lv	v:pred,,gaqg,∅	∅	∅	∅	∅	∅	∅	∅	∅	∅	new	∅	∅	∅	∅,∅	4001	∅	∅	∅	4001	∅	∅	∅	∅	4033	∅	4001	∅	∅,∅	4001	∅	∅	∅	4001	∅	∅	∅	∅	4033	∅	4001	∅	∅
gaqg_0073,mcveraa,n sul dōl dir me van ma dir me ... dir me 'ēn nok laklaka,#	n	sul	dōl	dir	me	van	ma	#	dir	me	dir	me	'ēn	#	no	=k	laklaka,#	ART	folks	all	3PL	FUT	go	hither	#	3PL	FUT	3PL	FUT	see	#	1SG	=TAM2	RED-dance,"All the people, they will come and watch me dancing.",en,WORD_ALIGNED,,gaqg_mp3 gaqg_wav gaqg_eaf gaqg_xml gaqg_tsv,,368148,371841,##ds	ln	np.h:dt_s	rn	pro.h:s	lv	v:pred	rv	##ds	nc_pro.h	nc	pro.h:s	lv	v:pred	#ds_cc	pro.1:s	=lv	v:pred,,gaqg,∅	∅	∅	∅	∅	∅	∅	∅	∅	∅	∅	∅	∅	∅	∅	∅	∅	∅,∅	∅	4027	∅	4027	∅	∅	∅	∅	4027	∅	4027	∅	∅	∅	4001	∅	∅,∅	∅	4027	∅	4027	∅	∅	∅	∅	4027	∅	4027	∅	∅	∅	4001	∅	∅
gaqg_0074,mcveraa,nikē nikē van nikē kur kirm̄ō san gaga a dirēm 'al ēn nuō bēne dan nuō ne 'ēqēl kēl ne mul kēl lēn vonogi,#	nikē	nik	ē	van	#	nik	ē	kur	kirm̄ō	sa	=n	gaga	#	a	dir	=ēm	'al	ēn	nuō	bēne	#	da	=n	nuō	ne	'ēqēl	kēl	#	ZERO	ne	mul	kēl	lē	=n	vono	-gi,#	2SG	2SG	TAM2:2SG	go	#	2SG	TAM2:2SG	nibble	break	EMPH	=ART	vine	#	REL	3PL	=TAM1	tie	ART	turtle	PRO.OBL	#	do	=ART	turtle	TAM2:3SG	descend	back	#	ZERO	TAM2:3SG	go	back	LOC	=ART	home	-3SG,"You, you go and bite the vine to pieces which they tied up the turtle with, and so the turtle will go down to the sea again, will return to his home.'",en,MORPHEME_ALIGNED,,gaqg_mp3 gaqg_wav gaqg_eaf gaqg_xml gaqg_tsv,,371851,378230,##ds	pro.2:dt_s	pro.2:s	lv-pro_2_s	v:pred	##ds	pro.2:a	lv-pro_2_s	v:pred	rv	other	=ln	np:p	#ds_rc_rn	other	pro.h:a	=lv	v:pred	ln	np.d:p	other:obl	##ds	other	=ln	np.d:s	lv-pro_d_s	v:pred	rv	##ds	0.d:s	lv-pro_d_s	v:pred	rv	adp	=ln	np:g	-rn_pro.d:poss,,gaqg,∅	∅	∅	∅	∅	∅	∅	∅	∅	∅	∅	∅	bridging	∅	∅	∅	∅	∅	∅	∅	∅	∅	∅	∅	∅	∅	∅	∅	∅	∅	∅	∅	∅	∅	∅	∅	∅,∅	4002	4002	∅	∅	∅	4002	∅	∅	∅	∅	∅	4034	∅	∅	4027	∅	∅	∅	4016	4034	∅	∅	∅	4016	∅	∅	∅	∅	4016	∅	∅	∅	∅	∅	4012	4016,∅	4002	4002	∅	∅	∅	4002	∅	∅	∅	∅	∅	4034	∅	∅	4027	∅	∅	∅	4016	4034	∅	∅	∅	4016	∅	∅	∅	∅	4016	∅	∅	∅	∅	∅	4012	4016
gaqg_0075,mcveraa,gusuwō so 'o bulsal ga gitok,#	gusuwō	so	#	'o	bulsal	ga	gitok,#	rat	QUOT	#	INTERJ	friend	STAT	good,"The rat said: 'Oh, friend, that's alright.'",en,MORPHEME_ALIGNED,,gaqg_mp3 gaqg_wav gaqg_eaf gaqg_xml gaqg_tsv,,378230,382504,##	np.d:s	other:pred	##ds	other	np.d:voc	lv	v:pred,,gaqg,∅	∅	∅	∅	∅	∅	∅	∅,∅	4002	∅	∅	∅	4001	∅	∅,∅	4002	∅	∅	∅	4001	∅	∅
gaqg_0076,mcveraa,som van din̄ man masōgi rekso 'amēn 'ewen nev dir'ōlm 'ewe kēl ... kal sag qēn nev,#	so	=m	van	din̄	ma	=n	masōgi	#	rekso	'amēn	'ewe	=n	nev	#	dir'ōl	=m	'ewe	kēl	kal	sag	qē'	=n	nev,#	CPL	=TAM1	go	reach	hither	=ART	time	#	like	ASS	fan.up	=ART	fire	#	3TL	=TAM1	fan.up	back	upwards	up	finish	=ART	fire,(Time) went on until it was time to light the fire. When they had lit the fire,en,MORPHEME_ALIGNED,,gaqg_mp3 gaqg_wav gaqg_eaf gaqg_xml gaqg_tsv,,382518,390064,##	other	=lv	v:pred	rv	rv	=ln	np:p	#cc	other	other	vother:pred	=ln	np:p	##	pro.h:a	=lv	v:pred	nc	rv	rv	rv	=ln	np:p,,gaqg,∅	∅	∅	∅	∅	∅	∅	∅	∅	∅	∅	∅	∅	∅	∅	∅	∅	∅	∅	∅	∅	∅	∅	∅,∅	∅	∅	∅	∅	∅	∅	4031	∅	∅	∅	∅	∅	4029	∅	4027	∅	∅	∅	∅	∅	∅	∅	4029,∅	∅	∅	∅	∅	∅	∅	4031	∅	∅	∅	∅	∅	4029	∅	4027	∅	∅	∅	∅	∅	∅	∅	4029
gaqg_0077,mcveraa,n rōrōgi ne van ma so n ... n qono di me lak wōl gēn 'amēn sul dirēk 'ēn,#	n	rōrō	-gi	ne	van	ma	#	so	n	n	qono	di	me	lak	wōl	#	'amēn	sul	dir	=ēk	'ēn	ZERO,#	ART	news	-3SG	TAM2:3SG	go	hither	#	CPL	ART	ART	seagull	3SG	FUT	dance	DIR<wōl>:DEM2	#	ASS	folks	3PL	=TAM2	see	ZERO,the news came that a pigeon would dance in <wōl> so for the people to see.,en,MORPHEME_ALIGNED,,gaqg_mp3 gaqg_wav gaqg_eaf gaqg_xml gaqg_tsv,,390064,397919,##	ln	np:s	-rn_pro.d:poss	lv-pro_s	v:pred	rv	#cc	other	nc	ln	np.d:dt_s	pro.d:s	lv	v:pred	other:l	#ac	other	np.h:dt_a	pro.h:a	=lv	v:pred	0:p,,gaqg,∅	∅	new	∅	∅	∅	∅	∅	∅	∅	∅	∅	∅	∅	∅	∅	∅	∅	∅	∅	∅	∅	bridging,∅	∅	4035	4001	∅	∅	∅	∅	∅	∅	∅	4001	4001	∅	∅	4033	∅	∅	4027	4027	∅	∅	4036,∅	∅	4035	4001	∅	∅	∅	∅	∅	∅	∅	4001	4001	∅	∅	4033	∅	∅	4027	4027	∅	∅	4036
gaqg_0078,mcveraa,son qono dim van ma 'ōn nōgin qeseg 'ir suw lēn serege 'anē laklaka,#	so	=n	qono	di	=m	van	ma	'ō'	=n	nō	-gi	=n	qeseg	#	ZERO	'ir	suw	lē	=n	sere-ge	anē	#	ZERO	laklaka,#	CPL	=ART	seagull	3SG	=TAM1	go	hither	with	=ART	POSS.DOM	-3SG	=ART	k.o.body.decoration	#	ZERO	stand	down	LOC	=ART	square-DIS	DEM1.A	#	ZERO	RED-dance,"Then the pigeon came with his qeseg, landed on the village squared, danced.",en,WORD_ALIGNED,,gaqg_mp3 gaqg_wav gaqg_eaf gaqg_xml gaqg_tsv,,397919,403795,##	other	=ln	np.d:dt_s	pro.d:s	=lv	v:pred	rv	adp	=ln	ln	-rn_pro.d:poss	=ln	np:obl	##	0.d:s	v:pred	rv	adp	=ln	np:g	rn_dem1	##	0.d:s	v:pred,,gaqg,∅	∅	∅	∅	∅	∅	∅	∅	∅	∅	∅	∅	∅	∅	∅	∅	∅	∅	∅	∅	∅	∅	∅	∅	∅,∅	∅	∅	4001	4001	∅	∅	∅	∅	∅	∅	4001	∅	4032	∅	4001	∅	∅	∅	∅	4033	∅	∅	4001	∅,∅	∅	∅	4001	4001	∅	∅	∅	∅	∅	∅	4001	∅	4032	∅	4001	∅	∅	∅	∅	4033	∅	∅	4001	∅
gaqg_0079,mcveraa,laklaka n sul dōl 'e raga dōl len qan̄ris 'a dirēm 'e'ewe ... 'ewe kal 'ēn nev dir qē wōl lē..lēn serege dirēk 'en ēn qono ne laklaka,#	ZERO	laklaka	#	n	sul	dōl	e	raga	dōl	lē	=n	qan̄ris	#	a	dir	=ēm	'e-'ewe	'ewe	kal	ēn	nev	%	dir	qē'	wōl	lē—	lē	=n	sere-ge	#	dir	=ēk	'ēn	#	ēn	qono	ne	laklaka,#	ZERO	RED-dance	#	ART	folks	all	PERS.ART	people	all	LOC	=ART	oven	#	REL	3PL	=TAM1	RED-fan.up	fan.up	upwards	ART	fire	%	3PL	finish	DIR<wōl>	NC	LOC	=ART	square-DIS	#	3PL	=TAM2	see	#	ART	seagull	TAM2:3SG	RED-dance,"Danced, and the people, all the people who were busy with lighting the fire, they had not lit the fire yet, all of them were <wōl> on the square. And now they saw the pigeon dancing.",en,WORD_ALIGNED,,gaqg_mp3 gaqg_wav gaqg_eaf gaqg_xml gaqg_tsv,,403814,413650,##	0.d:s	v:pred	##	ln	np.h:dt_s	rn	ln	np.h:dt_s	rn	rn	=rn	rn_np	#rc_rn	other	pro.h:a	=lv	nc	v:pred	rv	ln	np:p	%	pro.h:s	rn	other:pred	nc	adp	=ln	np:dt_pred	##	pro.h:s	=lv	v:pred	#cc	ln	np.d:s	lv-pro_d_s	v:pred,,gaqg,∅	∅	∅	∅	∅	∅	∅	∅	∅	∅	∅	∅	∅	∅	∅	∅	∅	∅	∅	∅	∅	∅	∅	∅	∅	∅	∅	∅	∅	∅	∅	∅	∅	∅	∅	∅	∅	∅	∅,∅	4001	∅	∅	∅	4027	∅	∅	4027	∅	∅	∅	∅	∅	∅	4027	∅	∅	∅	∅	∅	4029	∅	4027	∅	∅	∅	∅	∅	4033	∅	4027	∅	∅	∅	∅	4001	∅	∅,∅	4001	∅	∅	∅	4027	∅	∅	4027	∅	∅	∅	∅	∅	∅	4027	∅	∅	∅	∅	∅	4029	∅	4027	∅	∅	∅	∅	∅	4033	∅	4027	∅	∅	∅	∅	4001	∅	∅
gaqg_0080,mcveraa,qono dim laka laka laka laka laka laka laka,#	qono	di	=m	laka	laka	laka	laka	laka	laka	laka,#	seagull	3SG	=TAM1	dance	dance	dance	dance	dance	dance	dance,"While the pigeon, he was dancing and dancing",en,MORPHEME_ALIGNED,,gaqg_mp3 gaqg_wav gaqg_eaf gaqg_xml gaqg_tsv,,413650,418874,##	np.d:dt_s	pro.d:s	=lv	v:pred	nc	nc	nc	nc	nc	nc,,gaqg,∅	∅	∅	∅	∅	∅	∅	∅	∅	∅	∅,∅	4001	4001	∅	∅	∅	∅	∅	∅	∅	∅,∅	4001	4001	∅	∅	∅	∅	∅	∅	∅	∅
gaqg_0081,mcveraa,gōsuwō ne rōw sur rōw lu den ēn qorogi ne van,#	gusuwō	ne	rōw	sur	#	ZERO	rōw	lu	den	ēn	qoro	-gi	#	ZERO	ne	van,#	rat	TAM2:3SG	skip	down	#	ZERO	skip	through	ABL	ART	hole	-3SG	#	ZERO	TAM2:3SG	go,the rat jumped out of the hole and went,en,MORPHEME_ALIGNED,,gaqg_mp3 gaqg_wav gaqg_eaf gaqg_xml gaqg_tsv,,418874,423730,##	np.d:s	lv-pro_d_s	v:pred	rv	##	0.d:s	v:pred	rv	adp	ln	np:obl	-rn_pro.d:poss	##	0.d:s	lv-pro_d_s	v:pred,,gaqg,∅	∅	∅	∅	∅	∅	∅	∅	∅	∅	∅	∅	∅	∅	∅	∅	∅,∅	4002	∅	∅	∅	∅	4002	∅	∅	∅	∅	4022	4002	∅	4002	∅	∅,∅	4002	∅	∅	∅	∅	4002	∅	∅	∅	∅	4022	4002	∅	4002	∅	∅
gaqg_0082,mcveraa,van din̄ man 'ekē a dirēm 'ewen nev bēne ne ... n qo.. 'ōon nuō ga 'ōn salma 'amēn dirēk ... dirēk 'ēv dirēk qan̄ris,#	ZERO	van	din̄	ma	=n	'ekē	#	a	dir	=ēm	'ewe	=n	nev	bēne	#	ne	n	qo—	'ōo	#	=n	nuō	ga	ōn	salma	#	'amēn	dirēk	dir	=ēk	'ēv	ZERO	#	dir	=ēk	qan̄ris	ZERO,#	ZERO	go	reach	hither	=ART	place	#	REL	3PL	=TAM1	fan.up	=ART	fire	PRO.OBL	#	TAM2:3SG	ART	NC	'ōo	#	=ART	turtle	STAT	lie	ready	#	ASS	3PL=TAM2	3PL	=TAM2	cut	ZERO	#	3PL	=TAM2	bake	ZERO,"until he reached the place where they had lit the fire. Oh, the turtle was lying ready so that they would cut it to pieces and bake it.",en,WORD_ALIGNED,,gaqg_mp3 gaqg_wav gaqg_eaf gaqg_xml gaqg_tsv,,423740,431791,##	0.d:a	v:pred	rv	rv	=ln	np:p	#rc_rn	other	pro.h:a	=lv	v:pred	=ln	np:p	other:l	#nc	nc	nc	nc	nc	##	=ln	np.d:s	lv	v:pred	rv	#cc	other	nc_pro.h	pro.h:a	=lv	v:pred	0.d:p	##	pro.h:a	=lv	v:pred	0.d:p,,gaqg,∅	∅	∅	∅	∅	∅	bridging	∅	∅	∅	∅	∅	∅	∅	∅	∅	∅	∅	∅	∅	∅	∅	∅	∅	∅	∅	∅	∅	∅	∅	∅	∅	∅	∅	∅	∅	∅	∅,∅	4002	∅	∅	∅	∅	4037	∅	∅	4027	∅	∅	∅	4029	∅	∅	∅	∅	∅	∅	∅	∅	4016	∅	∅	∅	∅	∅	4027	4027	∅	∅	4016	∅	4027	∅	∅	4016,∅	4002	∅	∅	∅	∅	4037	∅	∅	4027	∅	∅	∅	4029	∅	∅	∅	∅	∅	∅	∅	∅	4016	∅	∅	∅	∅	∅	4027	4027	∅	∅	4016	∅	4027	∅	∅	4016
gaqg_0083,mcveraa,dim v... rōw kal sag lēn n n 'aqa nuwōm kur kur kuuōkur kur kirm̄ō qēn gaga,#	di	=m	v—	rōw	kal	sag	lē	=n	n	n	'aqa	nuwō	#	ZERO	=m	kur	ZERO	kur	kuuōkur	#	ZERO	kur	kirm̄ō	qē'	=n	gaga,#	3SG	=TAM1	NC	jump	upwards	up	LOC	=ART	ART	ART	belly	turtle	#	ZERO	=TAM1	nibble	ZERO	nibble	RED:nibble	#	ZERO	nibble	apart	finish	=ART	vine,"He jumped up onto the turtle's belly, bit and bit, bit the vine to pieces.",en,MORPHEME_ALIGNED,,gaqg_mp3 gaqg_wav gaqg_eaf gaqg_xml gaqg_tsv,,431801,440762,##	pro.d:s	=lv	nc	v:pred	rv	rv	adp	=ln	nc	nc	np:g	rn_np.d:poss	##	0.d:a	=lv	v:pred	0:p	nc	nc	##	0.d:a	v:pred	rv	rv	=ln	np:p,,gaqg,∅	∅	∅	∅	∅	∅	∅	∅	∅	∅	∅	bridging	∅	∅	∅	∅	∅	∅	∅	∅	∅	∅	∅	∅	∅	∅	∅,∅	4002	∅	∅	∅	∅	∅	∅	∅	∅	∅	4038	4016	∅	4002	∅	∅	4034	∅	∅	∅	4002	∅	∅	∅	∅	4034,∅	4002	∅	∅	∅	∅	∅	∅	∅	∅	∅	4038	4016	∅	4002	∅	∅	4034	∅	∅	∅	4002	∅	∅	∅	∅	4034
gaqg_0084,mcveraa,n nuō dim lan̄lan̄ ēn bēnēgi wēl wēl '.. wēl 'a vir kēl die,#	n	nuō	di	=m	lan̄lan̄	ēn	bini	-gi	#	wēl	wēl	wēl	'a	vir	kēl	diē,#	ART	turtle	3SG	=TAM1	RED:slap	ART	arm/hand	-3SG	#	wēl	wēl	wēl	'REL	vir	back	3SG,"The turtle, he flailed his arms until he had turned himself around again.",en,MORPHEME_ALIGNED,,gaqg_mp3 gaqg_wav gaqg_eaf gaqg_xml gaqg_tsv,,440762,449621,##	ln	np.d:dt_a	pro.d:a	=lv	v:pred	ln	np:p	-rn_pro.d:poss	#nc	nc	nc	nc	nc	nc	nc	nc,,gaqg,∅	∅	∅	∅	∅	∅	∅	bridging	∅	∅	∅	∅	∅	∅	∅	∅	∅,∅	∅	4016	4016	∅	∅	∅	4039	4016	∅	∅	∅	∅	∅	∅	∅	∅,∅	∅	4016	4016	∅	∅	∅	4039	4016	∅	∅	∅	∅	∅	∅	∅	∅
gaqg_0085,mcveraa,di ne 'ēqēl van 'a'ag ēn mē'ēsala ne 'ēqēl,#	di	ne	'ēqēl	#	ZERO	van	'a-'ag	ēn	mē'ēsala	#	ZERO	ne	'ēqēl,#	3SG	TAM2:3SG	descend	#	ZERO	go	RED-follow	ART	way	#	ZERO	TAM2:3SG	descend,"He went down to the sea, went down following the path,",en,MORPHEME_ALIGNED,,gaqg_mp3 gaqg_wav gaqg_eaf gaqg_xml gaqg_tsv,,449621,454573,##	pro.d:s	lv-pro_d_s	v:pred	##	0.d:a	v:pred	rv	ln	np:p	##	0.d:s	lv-pro_d_s	v:pred,,gaqg,∅	∅	∅	∅	∅	∅	∅	∅	∅	bridging	∅	∅	∅	∅,∅	4016	∅	∅	∅	4016	∅	∅	∅	4040	∅	4016	∅	∅,∅	4016	∅	∅	∅	4016	∅	∅	∅	4040	∅	4016	∅	∅
gaqg_0086,mcveraa,van van vavavan ne van din̄ man n naw,#	ZERO	van	van	vavavan	#	ZERO	ne	van	din̄	ma	=n	n	naw,#	ZERO	go	go	vavavan	#	ZERO	TAM2:3SG	go	reach	hither	=ART	ART	saltwater,"went on and on, and then reached the saltwater.",en,MORPHEME_ALIGNED,,gaqg_mp3 gaqg_wav gaqg_eaf gaqg_xml gaqg_tsv,,454573,458618,##	0.d:s	v:pred	other	other	##	0.d:a	lv-pro_d_s	v:pred	rv	rv	=ln	nc	np:p,,gaqg,∅	∅	∅	∅	∅	∅	∅	∅	∅	∅	∅	∅	∅	∅,∅	4016	∅	∅	∅	∅	4016	∅	∅	∅	∅	∅	∅	4011,∅	4016	∅	∅	∅	∅	4016	∅	∅	∅	∅	∅	∅	4011
gaqg_0087,mcveraa,dim van din̄ man naw di ne kal raka di ne wōswōs ēn naw,#	di	=m	van	din̄	ma	=n	naw	#	di	ne	kalraka	#	di	ne	wōswōs	ēn	naw,#	3SG	=TAM1	go	reach	hither	=ART	saltwater	#	3SG	TAM2:3SG	get.up	#	3SG	TAM2:3SG	RED:beat	ART	saltwater,"When he had come to the saltwater, he got up and smacked the saltwater.",en,MORPHEME_ALIGNED,,gaqg_mp3 gaqg_wav gaqg_eaf gaqg_xml gaqg_tsv,,458630,463567,##	pro.d:a	=lv	v:pred	rv	rv	=ln	np:p	##	pro.d:s	lv-pro_d_s	v:pred	##	pro.d:a	lv-pro_d_a	v:pred	ln	np:p,,gaqg,∅	∅	∅	∅	∅	∅	∅	∅	∅	∅	∅	∅	∅	∅	∅	∅	∅	∅,∅	4016	∅	∅	∅	∅	∅	4011	∅	4016	∅	∅	∅	4016	∅	∅	∅	4011,∅	4016	∅	∅	∅	∅	∅	4011	∅	4016	∅	∅	∅	4016	∅	∅	∅	4011
gaqg_0088,mcveraa,dim lan̄ ēn naw vag'ōl,#	di	=m	lan̄	ēn	naw	vag-'ōl,#	3SG	=TAM1	slap	ART	saltwater	MULT-three,He slapped the saltwater thrice,en,MORPHEME_ALIGNED,,gaqg_mp3 gaqg_wav gaqg_eaf gaqg_xml gaqg_tsv,,463581,465968,##	pro.d:a	=lv	v:pred	ln	np:p	other,,gaqg,∅	∅	∅	∅	∅	∅	∅,∅	4016	∅	∅	∅	4011	∅,∅	4016	∅	∅	∅	4011	∅
gaqg_0089,mcveraa,qono sar lēn sērēge di ga rōn̄ 'i so nuō di wom van qē' di me lan̄ ēn naw vag'ōl qono ne qē' laklaka sar lēn sērēge,#	qono	sar	lē	=n	sērē-ge	di	ga	rōn̄	'i	#	so	nuō	di	wo	=m	van	qē'	#	di	me	lan̄	ēn	naw	vag-'ōl	#	qono	ne	qē'	laklaka	sar	lē	=n	sērē-ge,#	seagull	inwards	LOC	=ART	square-DIS	3SG	STAT	hear	DEL	#	CPL	turtle	3SG	and	=TAM1	go	finish	#	3SG	FUT	slap	ART	saltwater	MULT-three	#	seagull	TAM2:3SG	finish	RED-dance	inwards	LOC	=ART	square-DIS,"The pigeon up on the village square, it understood that when the turtle has gone he will smack the saltwater thrice, and the pigeon will stop dancing up on the village square.",en,WORD_ALIGNED,,gaqg_mp3 gaqg_wav gaqg_eaf gaqg_xml gaqg_tsv,,465968,474845,##	np.d:dt_s	rn	rn	=rn	rn_np	pro.d:s	lv	v:pred	rv	#cc	other	np.d:dt_s	pro.d:s	other	=lv	v:pred	rv	#cc	pro.d:a	lv	v:pred	ln	np:p	other	##	np.d:s	lv-pro_d_s	lv	v:pred	rv	adp	=ln	np:l,,gaqg,∅	∅	∅	∅	∅	∅	∅	∅	∅	∅	∅	∅	∅	∅	∅	∅	∅	∅	∅	∅	∅	∅	∅	∅	∅	∅	∅	∅	∅	∅	∅	∅	∅	∅,∅	4001	∅	∅	∅	4033	4001	∅	∅	∅	∅	∅	4016	4016	∅	∅	∅	∅	∅	4016	∅	∅	∅	4011	∅	∅	4001	∅	∅	∅	∅	∅	∅	4033,∅	4001	∅	∅	∅	4033	4001	∅	∅	∅	∅	∅	4016	4016	∅	∅	∅	∅	∅	4016	∅	∅	∅	4011	∅	∅	4001	∅	∅	∅	∅	∅	∅	4033
gaqg_0090,mcveraa,so dim van din̄ rōw ēn naw dim lan̄ ēn naw vag'ōl n qono dim rōn̄ so n nuō di man din̄ lēn naw,#	so	di	=m	van	din̄	rōw	ēn	naw	#	di	=m	lan̄	ēn	naw	vag-'ōl	#	n	qono	di	=m	rōn̄	#	so	n	nuō	di	man	din̄	lē	=n	naw,#	NC	3SG	=TAM1	go	reach	down	ART	saltwater	#	3SG	=TAM1	slap	ART	saltwater	MULT-three	#	ART	seagull	3SG	=TAM1	hear	#	CPL	ART	turtle	3SG	PFV	reach	LOC	=ART	saltwater,"So, when he arrived down at the sea he slapped the saltwater thrice and the pigeon, he realized that the turtle had reache the sea.",en,MORPHEME_ALIGNED,,gaqg_mp3 gaqg_wav gaqg_eaf gaqg_xml gaqg_tsv,,474845,482659,##	other	pro.d:a	=lv	v:pred	rv	rv	ln	np:p	##	pro.d:a	=lv	v:pred	ln	np:p	other	##	ln	np.d:dt_s	pro.d:s	=lv	v:pred	#cc	other	ln	np.d:dt_s	pro.d:s	lv	v:pred	adp	=ln	np:g,,gaqg,∅	∅	∅	∅	∅	∅	∅	∅	∅	∅	∅	∅	∅	∅	∅	∅	∅	∅	∅	∅	∅	∅	∅	∅	∅	∅	∅	∅	∅	∅	∅	∅,∅	∅	4016	∅	∅	∅	∅	∅	4011	∅	4016	∅	∅	∅	4011	∅	∅	∅	4001	4001	∅	∅	∅	∅	∅	4016	4016	∅	∅	∅	∅	4011,∅	∅	4016	∅	∅	∅	∅	∅	4011	∅	4016	∅	∅	∅	4011	∅	∅	∅	4001	4001	∅	∅	∅	∅	∅	4016	4016	∅	∅	∅	∅	4011
gaqg_0091,mcveraa,di ne kal raka di ne tēk mēn 'e raga sul so,#	di	ne	kalraka	#	di	ne	tēk	mē-n	e	raga	sul	so,#	3SG	TAM2:3SG	get.up	#	3SG	TAM2:3SG	speak	DAT-CS	PERS.ART	people	folks	QUOT,He [pigeon] got up and said to the peopleː,en,MORPHEME_ALIGNED,,gaqg_mp3 gaqg_wav gaqg_eaf gaqg_xml gaqg_tsv,,482678,485584,##	pro.d:s	lv-pro_d_s	v:pred	##	pro.d:s_ds	lv-pro_d_s_ds	v:pred	adp	ln	ln	np.h:g	other,,gaqg,∅	∅	∅	∅	∅	∅	∅	∅	∅	∅	∅	∅	∅,∅	4001	∅	∅	∅	4001	∅	∅	∅	∅	∅	4027	∅,∅	4001	∅	∅	∅	4001	∅	∅	∅	∅	∅	4027	∅
gaqg_0092,mcveraa,wunva 'e raga sul ēn sava nom ... no me ... no me da 'aram mē kimi sin laklaka no me lak 'aram mē kimi di ... di vuva sa nē,#	wunva	e	raga	sul	ēn	sava	nom—	no	me	no	me	da	'aram	ZERO	mē	kimi	#	si	=n	laklaka	no	me	lak	'aram	ZERO	mē	kimi	#	di	di	vuva	sa	nē,#	probably	PERS.ART	people	folks	ART	what	NC	1SG	FUT	1SG	FUT	do	inform	ZERO	DAT	2PL	#	or	=ART	RED-dance	1SG	FUT	dance	inform	ZERO	DAT	2PL	#	3SG	3SG	only	EMPH	DEM1,"'Probably, people, there is something I would like to express to you, or the dance I would like to convey a message to you through my dancing. That's it.",en,WORD_ALIGNED,,gaqg_mp3 gaqg_wav gaqg_eaf gaqg_xml gaqg_tsv,,485593,496741,##ds	other	ln	ln	np.h:voc	ln	np:dt_p	nc	nc_pro.1	nc	pro.1:a	lv	v:pred	rv	0:p	adp	pro.2:g	##ds	other	=ln	np:dt_p	pro.1:a	lv	v:pred	rv	0:p	adp	pro.2:g	##ds	nc	pro:s	rn	rn	dem_pro:pred,,gaqg,∅	∅	∅	∅	∅	∅	∅	∅	∅	∅	∅	∅	∅	∅	∅	∅	∅	∅	∅	∅	∅	∅	∅	∅	∅	∅	∅	∅	∅	∅	bridging	∅	∅	∅,∅	∅	∅	∅	4027	∅	∅	∅	4001	∅	4001	∅	∅	∅	4036	∅	4027	∅	∅	∅	4036	4001	∅	∅	∅	4036	∅	4027	∅	∅	4041	∅	∅	∅,∅	∅	∅	∅	4027	∅	∅	∅	4001	∅	4001	∅	∅	∅	4036	∅	4027	∅	∅	∅	4036	4001	∅	∅	∅	4036	∅	4027	∅	∅	4041	∅	∅	∅
gaqg_0093,mcveraa,no me qē',#	no	me	qē',#	1SG	FUT	finish,I will stop.',en,MORPHEME_ALIGNED,,gaqg_mp3 gaqg_wav gaqg_eaf gaqg_xml gaqg_tsv,,496751,497962,##ds	pro.1:s	lv	v:pred,,gaqg,∅	∅	∅	∅,∅	4001	∅	∅,∅	4001	∅	∅
gaqg_0094,mcveraa,so lēn masōgi 'anē 'e raga dir'ōlm kal raka van kēl lēn 'ekē a rekso dirē me qan̄ris ēn nuō gore bene,#	so	lē	=n	masōgi	anē	e	raga	dir'ōl	=m	kalraka	#	ZERO	van	kēl	lē	=n	'ekē	#	a	rekso	dirē	me	qan̄ris	ēn	nuō	go	-re	bēne,#	NC	LOC	=ART	time	DEM1.A	PERS.ART	people	3TL	=TAM1	get.up	#	ZERO	go	back	LOC	=ART	place	#	REL	like	3PL	FUT	bake	ART	turtle	POSS.EAT	-3PL	PRO.OBL,"At this point in time, the people got up and went back to the place where they would bake their turtle.",en,MORPHEME_ALIGNED,,gaqg_mp3 gaqg_wav gaqg_eaf gaqg_xml gaqg_tsv,,497976,507922,##	other	adp	=ln	np:other	rn_dem1	ln	np.h:dt_s	pro.h:s	=lv	v:pred	##	0.h:s	v:pred	rv	adp	=ln	np:g	#rc_rn	other	other	pro.h:a	lv	v:pred	ln	np.d:p	rn	-rn_pro.h:poss	other:l,,gaqg,∅	∅	∅	∅	bridging	∅	∅	∅	∅	∅	∅	∅	∅	∅	∅	∅	∅	∅	∅	∅	∅	∅	∅	∅	∅	∅	∅	∅	∅,∅	∅	∅	∅	4042	∅	∅	4027	4027	∅	∅	∅	4027	∅	∅	∅	∅	4037	∅	∅	∅	4027	∅	∅	∅	4016	∅	4027	4037,∅	∅	∅	∅	4042	∅	∅	4027	4027	∅	∅	∅	4027	∅	∅	∅	∅	4037	∅	∅	∅	4027	∅	∅	∅	4016	∅	4027	4037
gaqg_0095,mcveraa,dirēk din̄ ma,#	dir	=ēk	din̄	ma,#	3PL	=TAM2	reach	hither,When they arrived,en,MORPHEME_ALIGNED,,gaqg_mp3 gaqg_wav gaqg_eaf gaqg_xml gaqg_tsv,,507928,508939,##	pro.h:s	=lv	v:pred	rv,,gaqg,∅	∅	∅	∅	∅,∅	4027	∅	∅	∅,∅	4027	∅	∅	∅
gaqg_0096,mcveraa,dirēk 'ēn vuva ēn gagas ōn 'i ne gitag ēn nuō bene,#	dir	=ēk	'ēn	vuva	#	ēn	gaga	=s	ōn	'i	#	ne	gitag	ēn	nuō	bēne,#	3PL	=TAM2	see	only	#	ART	vine	=SIM	lie	DEL	#	NC	not.exist	ART	turtle	PRO.OBL,"they only found the vines lying around there, (but) there was no turtle.",en,MORPHEME_ALIGNED,,gaqg_mp3 gaqg_wav gaqg_eaf gaqg_xml gaqg_tsv,,508957,512400,##	pro.h:s	=lv	v:pred	other	#cc	ln	np:s	=lv	v:pred	rv	#cc	other	other:pred	ln	np.d:s	other:l,,gaqg,∅	∅	∅	∅	∅	∅	∅	∅	∅	∅	∅	∅	∅	∅	∅	∅	∅,∅	4027	∅	∅	∅	∅	∅	4034	∅	∅	∅	∅	∅	∅	∅	4016	4037,∅	4027	∅	∅	∅	∅	∅	4034	∅	∅	∅	∅	∅	∅	∅	4016	4037
gaqg_0097,mcveraa,nuō man van kēl,#	nuō	man	van	kēl,#	turtle	PFV	go	back,The turtle had already returned.,en,MORPHEME_ALIGNED,,gaqg_mp3 gaqg_wav gaqg_eaf gaqg_xml gaqg_tsv,,512401,513589,##	np.d:s	lv	v:pred	rv,,gaqg,∅	∅	∅	∅	∅,∅	4016	∅	∅	∅,∅	4016	∅	∅	∅
gaqg_0098,mcveraa,son n kakaka 'e sēvēen gōsuwō dim sal 'i lēn bē wōqē'enge,#	so	=n	n	kakaka	#	asiviē	=n	gusuwō	di	=m	sal	'i	lē	=n	bē	wōqē'enge,#	NC	=ART	ART	story	#	how	=ART	rat	3SG	=TAM1	float	DEL	LOC	=ART	trunk	tree,So that's the story (about) how the rat floated on the trunk of a tree,en,MORPHEME_ALIGNED,,gaqg_mp3 gaqg_wav gaqg_eaf gaqg_xml gaqg_tsv,,513605,519171,##	other	=ln	nc	np:dt	#cc	other	=ln	np.d:dt_s	pro.d:s	=lv	v:pred	rv	adp	=ln	np:l	rn_np,,gaqg,∅	∅	∅	∅	∅	∅	∅	∅	∅	∅	∅	∅	∅	∅	∅	∅	∅,∅	∅	∅	∅	∅	∅	∅	∅	4002	4002	∅	∅	∅	∅	∅	4010	∅,∅	∅	∅	∅	∅	∅	∅	∅	4002	4002	∅	∅	∅	∅	∅	4010	∅
gaqg_0099,mcveraa,wo dim kēl ma lēn n̄ērē'iē,#	wo	di	=m	kēl	ma	lē	=n	n̄ērē'iē,#	and	3SG	=TAM1	back	hither	LOC	=ART	shore,and how he got back to the shore.,en,MORPHEME_ALIGNED,,gaqg_mp3 gaqg_wav gaqg_eaf gaqg_xml gaqg_tsv,,519171,521225,#cc	other	pro.d:s	=lv	v:pred	rv	adp	=ln	np:g,,gaqg,∅	∅	∅	∅	∅	∅	∅	∅	∅,∅	∅	4002	∅	∅	∅	∅	∅	4019,∅	∅	4002	∅	∅	∅	∅	∅	4019
gaqg_0100,mcveraa,a... 'esēvēen dim 'm...'m... m tēktēk lēn qono sin qono dim kaka mē die,#	a—	esiviē	di	=m	'm—	'm—	m—	tēktēk	lē	=n	qono	#	si	=n	qono	di	=m	kaka	mē	diē,#	HES	how	3SG	=TAM1	NC	NC	NC	RED:speak	LOC	=ART	seagull	#	or	=ART	seagull	3SG	=TAM1	narrate	DAT	3SG,"How he talked to the pigeon, or how the pigeon talked to him.",en,MORPHEME_ALIGNED,,gaqg_mp3 gaqg_wav gaqg_eaf gaqg_xml gaqg_tsv,,521234,527524,#cc	nc	other	pro.d:s	=lv	nc	nc	nc	v:pred	adp	=ln	np.d:g	#cc	other	=ln	np.d:dt_s	pro.d:s	=lv	v:pred	adp	pro.d:g,,gaqg,∅	∅	∅	∅	∅	∅	∅	∅	∅	∅	∅	∅	∅	∅	∅	∅	∅	∅	∅	∅	∅,∅	∅	∅	4002	∅	∅	∅	∅	∅	∅	∅	4001	∅	∅	∅	4001	4001	∅	∅	∅	4002,∅	∅	∅	4002	∅	∅	∅	∅	∅	∅	∅	4001	∅	∅	∅	4001	4001	∅	∅	∅	4002
gaqg_0101,mcveraa,wunvan kakaka di me qe'i wuva sa kēnē,#	wunva	=n	kakaka	di	me	qe'i	wuva	sa	kēnē,#	probably	=ART	story	3SG	FUT	a.moment	only	EMPH	LOC.DEM1,"Probably, the story, it is simply over right here.",en,MORPHEME_ALIGNED,,gaqg_mp3 gaqg_wav gaqg_eaf gaqg_xml gaqg_tsv,,527524,532512,##	other	=ln	np:dt_s	pro.d:s	lv	v:pred	rv	other	other:l,,gaqg,∅	∅	∅	∅	∅	∅	∅	∅	∅	∅,∅	∅	∅	∅	∅	∅	∅	∅	∅	∅,∅	∅	∅	∅	∅	∅	∅	∅	∅	∅
hhak_0001,mcveraa,qōn̄ ne vōwal 'ama' kurkur,#	qōn̄	ne	vōwal	'ama'	kurkur,#	night	NUM.ART	NUM-one	devil	RED:devour,"Once upon a time, there was a devouring-devil.",en,WORD_ALIGNED,,hhak_mp3 hhak_wav hhak_eaf hhak_xml hhak_tsv,,0,5123,##	np:other	rn	rn	np.d:pred	rn,,hhak,∅	∅	∅	∅	new	∅,∅	∅	∅	∅	5001	∅,∅	∅	∅	∅	5001	∅
hhak_0002,mcveraa,di ga kurkur ēn 'erē 'an̄sara di ga kur ēn 'an̄sara deln̄en Vunu Lava,#	di	ga	kurkur	ēn	'erē	'an̄sara	#	di	ga	kur	ēn	'an̄sara	deln̄e	=n	Vunu	Lava,#	3SG	STAT	RED:devour	ART	PL	person	#	3SG	STAT	devour	ART	person	around	=ART	Vunu	Lava,"He ate all the people, he ate the people all around Vanua Lava.",en,MORPHEME_ALIGNED,,hhak_mp3 hhak_wav hhak_eaf hhak_xml hhak_tsv,,5123,9850,##	pro.d:a	lv	v:pred	ln	ln	np.h:p	##	pro.d:a	lv	v:pred	ln	np.h:p	adp	=ln	pn_np:l	rn,,hhak,∅	∅	∅	∅	∅	∅	∅	∅	∅	∅	∅	∅	new	∅	∅	unused	∅,∅	5001	∅	∅	∅	∅	∅	∅	5001	∅	∅	∅	5002	∅	∅	5003	∅,∅	5001	∅	∅	∅	∅	∅	∅	5001	∅	∅	∅	5002	∅	∅	5003	∅
hhak_0003,mcveraa,dim kur ... dim qē'ēg kur ēn 'a... ēn 'erē 'an̄sara lēn mē'ē lōo dim kur kur kur vavavan,#	di	=m	kur	#	di	=m	qē'ēg	kur	ēn	'a	ēn	'erē	'an̄sara	lē	=n	mē'ē	lōo	#	di	=m	kur	kur	kur	ZERO	vavavan,#	3SG	=TAM1	devour	#	3SG	=TAM1	begin	devour	ART	HES	ART	PL	person	LOC	=ART	eye	sun	#	3SG	=TAM1	devour	devour	devour	ZERO	go,"He started to eat people where the sun rises, ate and ate until",en,MORPHEME_ALIGNED,,hhak_mp3 hhak_wav hhak_eaf hhak_xml hhak_tsv,,9850,16481,##	pro.d:s	=lv	v:pred	##	pro.d:a	=lv	v:pred	rv	ln	nc	nc	ln	np.h:p	adp	=ln	np:l	rn	##	pro.d:a	=lv	v:pred	nc	nc	0.h:p	other,,hhak,∅	∅	∅	∅	∅	∅	∅	∅	∅	∅	∅	∅	∅	new	∅	∅	unused	∅	∅	∅	∅	∅	∅	∅	∅	∅,∅	5001	∅	∅	∅	5001	∅	∅	∅	∅	∅	∅	∅	5004	∅	∅	5005	∅	∅	5001	∅	∅	∅	∅	5004	∅,∅	5001	∅	∅	∅	5001	∅	∅	∅	∅	∅	∅	∅	5004	∅	∅	5005	∅	∅	5001	∅	∅	∅	∅	5004	∅
hhak_0004,mcveraa,ne din̄ ma lēn 'ōnō 'ul nō lō 'anē n vunu ne vōwal rak suwēn di rekso dim kurkur vavan ba di din̄ rakrak 'ēn suwō lēn... qōn ne vōwal,#	ZERO	ne	din̄	ma	lē	=n	'ōnō	'ul	nō	lō	anē	#	n	vunu	ne	vōwal	rak	suwēn	di	rekso	di	=m	kurkur	vavan	#	ba	di	din̄	rakrak	'ēn	suwō	lēn	#	qōn	ne	vōwal,#	ZERO	TAM2:3SG	reach	hither	LOC	=ART	place	drown	POSS.DOM	sun	DEM1.A	#	ART	village	NUM.ART	NUM-one	out	DIR<suw>	3SG	like	3SG	=TAM1	RED:devour	RED:go	#	but	3SG	reach	out	NY.NEG2	DIR<suw>	LOC	#	night	NUM.ART	NUM-one,"he reached the place where the sun goes down, one island further down he, like he was eating there, on and on, but he had not yet reached further down. One day,",en,WORD_ALIGNED,,hhak_mp3 hhak_wav hhak_eaf hhak_xml hhak_tsv,,16481,28313,##	0.d:s	lv-pro_d_s	v:pred	rv	adp	=ln	np:g	rn	rn	rn	rn_dem1	##	ln	np:dt	rn	rn	rn	rn	pro.d:dt_s	other	pro.d:s	=lv	v:pred	other	##neg	other	pro.d:s	v:pred	rv	rv	rv	nc	##	np:other	rn	rn,,hhak,∅	∅	∅	∅	∅	∅	∅	unused	∅	∅	∅	∅	∅	∅	new	∅	∅	∅	∅	∅	∅	∅	∅	∅	∅	∅	∅	∅	∅	∅	∅	∅	∅	∅	∅	∅	∅,∅	5001	∅	∅	∅	∅	∅	5006	∅	∅	∅	∅	∅	∅	5007	∅	∅	∅	∅	5001	∅	5001	∅	∅	∅	∅	∅	5001	∅	∅	∅	∅	∅	∅	∅	∅	∅,∅	5001	∅	∅	∅	∅	∅	5006	∅	∅	∅	∅	∅	∅	5007	∅	∅	∅	∅	5001	∅	5001	∅	∅	∅	∅	∅	5001	∅	∅	∅	∅	∅	∅	∅	∅	∅
hhak_0005,mcveraa,direk mimi'ir 'i n 'ama' kurkur ne van ma sir dire,dir	=ēk	mi-mi'ir	'i	#	n	'ama'	kurkur	ne	van	ma	sir	dirē,3PL	=TAM2	RED-sleep	DEL	#	ART	devil	RED:devour	TAM2:3SG	go	hither	for	3PL,"they were already sleeping, and the devouring-devil came for them.",en,MORPHEME_ALIGNED,,hhak_mp3 hhak_wav hhak_eaf hhak_xml hhak_tsv,,28313,32050,pro.h:s	=lv	v:pred	rv	##	ln	np.d:s	rn	lv-pro_d_s	v:pred	rv	adp	pro.h:g,,hhak,new	∅	∅	∅	∅	∅	∅	∅	∅	∅	∅	∅	∅,5008	∅	∅	∅	∅	∅	5001	∅	∅	∅	∅	∅	5008,5008	∅	∅	∅	∅	∅	5001	∅	∅	∅	∅	∅	5008
hhak_0006,mcveraa,van ma di (m)? van ma van sar lēn lōlō vunu 'anē,#	ZERO	van	ma	#	di	=m	van	ma	#	ZERO	van	sar	lē	=n	lōlō	vunu	anē,#	ZERO	go	hither	#	3SG	=TAM1	go	hither	#	ZERO	go	inland	LOC	=ART	inside	village	DEM1.A,"Came, he came and went up into that village.",en,MORPHEME_ALIGNED,,hhak_mp3 hhak_wav hhak_eaf hhak_xml hhak_tsv,,32050,35968,##	0.d:s	v:pred	rv	##	pro.d:s	=lv	v:pred	rv	##	0.d:s	v:pred	rv	adp	=ln	ln	np:g	rn_dem1,,hhak,∅	∅	∅	∅	∅	∅	∅	∅	∅	∅	∅	∅	∅	∅	∅	∅	∅	∅,∅	5001	∅	∅	∅	5001	∅	∅	∅	∅	5001	∅	∅	∅	∅	∅	5007	∅,∅	5001	∅	∅	∅	5001	∅	∅	∅	∅	5001	∅	∅	∅	∅	∅	5007	∅
hhak_0007,mcveraa,kur ēn 'erē 'an̄sara vavavan ne qē' van ... kur ēn tōo kur ēn qō' kur ēn buluk dim kur vavavan m qē',#	ZERO	kur	ēn	'erē	'an̄sara	vavavan	#	ZERO	ne	qē'	van	#	ZERO	kur	ēn	tōo	#	ZERO	kur	ēn	qō	#	ZERO	kur	ēn	buluk	#	di	=m	kur	vavavan	#	ZERO	m	qē',#	ZERO	devour	ART	PL	person	RED:go	#	ZERO	TAM2:3SG	finish	go	#	ZERO	devour	ART	fowl	#	ZERO	devour	ART	pig	#	ZERO	devour	ART	cow	#	3SG	=TAM1	devour	RED:go	#	ZERO	TAM1	finish,"Ate all the people, on and on, finished (them), ate the chickens, ate the pigs, ate the cattle, he ate on and on, then had finished.",en,MORPHEME_ALIGNED,,hhak_mp3 hhak_wav hhak_eaf hhak_xml hhak_tsv,,35968,44374,##	0.d:a	v:pred	ln	ln	np.h:p	other	##	0.d:s	lv-pro_d_s	v:pred	other	##	0.d:a	v:pred	ln	np:p	##	0.d:a	v:pred	ln	np:p	##	0.d:a	v:pred	ln	np:p	##	pro.d:s	=lv	v:pred	other	##	0.d:s	lv	v:pred,,hhak,∅	∅	∅	∅	∅	∅	∅	∅	∅	∅	∅	∅	∅	∅	∅	∅	new	∅	∅	∅	∅	new	∅	∅	∅	∅	new	∅	∅	∅	∅	∅	∅	∅	∅	∅,∅	5001	∅	∅	∅	5008	∅	∅	5001	∅	∅	∅	∅	5001	∅	∅	5009	∅	5001	∅	∅	5010	∅	5001	∅	∅	5011	∅	5001	∅	∅	∅	∅	5001	∅	∅,∅	5001	∅	∅	∅	5008	∅	∅	5001	∅	∅	∅	∅	5001	∅	∅	5009	∅	5001	∅	∅	5010	∅	5001	∅	∅	5011	∅	5001	∅	∅	∅	∅	5001	∅	∅
hhak_0008,mcveraa,ne van n ... nē ... nen vunu ne vōwal m ma'ava,#	ZERO	ne	van	n	nē	#	nē	=n	vunu	ne	vōwal	#	m	ma'ava,#	ZERO	TAM2:3SG	go	ART	DEM1	#	DEM1	=ART	village	NUM.ART	NUM-one	#	TAM1	morning,"Went. One village, it got daylight.",en,WORD_ALIGNED,,hhak_mp3 hhak_wav hhak_eaf hhak_xml hhak_tsv,,44374,49126,##	0.d:s	lv-pro_d_s	v:pred	nc	nc	##	dem_pro:s	=ln	np:pred	rn	rn	##	lv	v:pred,,hhak,∅	∅	∅	∅	∅	∅	∅	∅	∅	new	∅	∅	∅	∅	∅,∅	5001	∅	∅	∅	∅	∅	∅	∅	5012	∅	∅	∅	∅	∅,∅	5001	∅	∅	∅	∅	∅	∅	∅	5012	∅	∅	∅	∅	∅
hhak_0009,mcveraa,dim van lik lēn ... dine mi'ir lēn ge 'ew'i m ma'ava dine van lik lēn ge 'ew vunu 'anē,#	di	=m	van	lik	lē=n	#	di	ne	mi'ir	lē	=n	ge	'ew'i	#	m	ma'ava	#	di	ne	van	lik	lē	=n	ge	'ew	vunu	anē,#	3SG	=TAM1	go	more	LOC=ART	#	3SG	TAM2:3SG	sleep	LOC	=ART	THING	other	#	TAM1	morning	#	3SG	TAM2:3SG	go	more	LOC	=ART	THING	other	village	DEM1.A,"He also went in ... He slept in the other one, and when it got daylight, he went also to that other village.",en,MORPHEME_ALIGNED,,hhak_mp3 hhak_wav hhak_eaf hhak_xml hhak_tsv,,49126,55031,#nc	nc_pro.h	nc	nc	nc	nc	##	pro.d:s	lv-pro_d_s	v:pred	adp	=ln	np:l	rn	##	lv	v:pred	##	pro.d:s	lv-pro_d_s	v:pred	other	adp	=ln	ln	ln	np:g	rn_dem1,,hhak,∅	∅	∅	∅	∅	∅	∅	∅	∅	∅	∅	∅	∅	∅	∅	∅	∅	∅	∅	∅	∅	∅	∅	∅	∅	∅	∅	∅,∅	5001	∅	∅	∅	∅	∅	5001	∅	∅	∅	∅	5007	∅	∅	∅	∅	∅	5001	∅	∅	∅	∅	∅	∅	∅	5012	∅,∅	5001	∅	∅	∅	∅	∅	5001	∅	∅	∅	∅	5007	∅	∅	∅	∅	∅	5001	∅	∅	∅	∅	∅	∅	∅	5012	∅
hhak_0010,mcveraa,'eraga sul 'alēn vunu 'anē direk rorow va'anē,#	e	raga	sul	'alē	=n	vunu	anē	dir	=ēk	rō-rōw	va'anē,#	PERS.ART	people	folks	ASS	=ART	village	DEM1.A	3PL	=TAM2	RED-skip	TEMP.DEM1,"All the people of this village, they were fleeing now.",en,MORPHEME_ALIGNED,,hhak_mp3 hhak_wav hhak_eaf hhak_xml hhak_tsv,,55031,58864,##	ln	ln	np.h:dt_s	rn	=rn	rn	rn_dem1	pro.h:s	=lv	v:pred	other,,hhak,∅	∅	∅	bridging	∅	∅	∅	∅	∅	∅	∅	∅,∅	∅	∅	5013	∅	∅	5012	∅	5013	∅	∅	∅,∅	∅	∅	5013	∅	∅	5012	∅	5013	∅	∅	∅
hhak_0011,mcveraa,direk row den ēn vonore 'anē,#	dir	=ēk	rōw	den	ēn	vono	-re	anē,#	3PL	=TAM2	skip	ABL	ART	home	-3PL	DEM1.A,They fled from their home.,en,MORPHEME_ALIGNED,,hhak_mp3 hhak_wav hhak_eaf hhak_xml hhak_tsv,,58864,61050,##	pro.h:s	=lv	v:pred	adp	ln	np:obl	-rn_pro.h:poss	rn_dem1,,hhak,∅	∅	∅	∅	∅	∅	∅	∅	∅,∅	5013	∅	∅	∅	∅	5012	5013	∅,∅	5013	∅	∅	∅	∅	5012	5013	∅
hhak_0012,mcveraa,direk van,#	dir	=ēk	van,#	3PL	=TAM2	go,They went.,en,MORPHEME_ALIGNED,,hhak_mp3 hhak_wav hhak_eaf hhak_xml hhak_tsv,,61050,63799,##	pro.h:s	=lv	v:pred,,hhak,∅	∅	∅	∅,∅	5013	∅	∅,∅	5013	∅	∅
hhak_0013,mcveraa,dirēm dirēk van dirē sok suō qelen̄ den ēn ... nēn 'ama kurkur direk suō lēn ni'i vunuō ne vōwal nē,#	dirēm	dir	=ēk	van	#	dirē	so	=k	suō	qēlēn̄	den	ēn	nēn	'ama'	kurkur	#	dir	=ēk	suō	lē	=n	ni'i	vunuō	ne	vōwal	nē,#	3PL=TAM	3PL	=TAM2	go	#	3PL	PROSP	=TAM2	paddle	lost	ABL	ART	ART	devil	RED:devour	#	3PL	=TAM2	paddle	LOC	=ART	small	village	NUM.ART	NUM-one	DEM1,"They went, they were gonna paddle away from the devouring-devil, they paddled to one small island.",en,WORD_ALIGNED,TAM marker not adjacent to verb; Pro + PROSP + TAM.,hhak_mp3 hhak_wav hhak_eaf hhak_xml hhak_tsv,,63799,75642,##	nc	pro.h:s	=lv	v:pred	##	pro.h:s	other	=lv	v:pred	rv	adp	ln	nc	np.d:obl	rn	##	pro.h:s	=lv	v:pred	adp	=ln	ln	np:g	rn	rn	other,,hhak,∅	∅	∅	∅	∅	∅	∅	∅	∅	∅	∅	∅	∅	∅	∅	∅	∅	∅	∅	∅	∅	∅	∅	new	∅	∅	∅,∅	∅	5013	∅	∅	∅	5013	∅	∅	∅	∅	∅	∅	∅	5001	∅	∅	5013	∅	∅	∅	∅	∅	5014	∅	∅	∅,∅	∅	5013	∅	∅	∅	5013	∅	∅	∅	∅	∅	∅	∅	5001	∅	∅	5013	∅	∅	∅	∅	∅	5014	∅	∅	∅
hhak_0014,mcveraa,direk suō su den 'anēn ren̄e ne vōwal di ga wōtōqtōqō,#	dir	=ēk	suō	#	ZERO	su	den	anē	#	=n	ren̄e	ne	vōwal	di	ga	wōtōqtōqō,#	3PL	=TAM2	paddle	#	ZERO	paddle	ABL	DEM1.A	#	=ART	woman	NUM.ART	NUM-one	3SG	STAT	pregnant,"They paddled, paddled away from that one. One woman, she was pregnant.",en,WORD_ALIGNED,,hhak_mp3 hhak_wav hhak_eaf hhak_xml hhak_tsv,,75642,79332,##	pro.h:s	=lv	v:pred	##	0.h:s	v:pred	adp	dem1_other:obl	##	=ln	np.h:dt_s	rn	rn	pro.h:s	lv	v:pred,,hhak,∅	∅	∅	∅	∅	∅	∅	∅	∅	∅	∅	new	∅	∅	∅	∅	∅,∅	5013	∅	∅	∅	5013	∅	∅	∅	∅	∅	5015	∅	∅	5015	∅	∅,∅	5013	∅	∅	∅	5013	∅	∅	∅	∅	∅	5015	∅	∅	5015	∅	∅
hhak_0015,mcveraa,ban ren̄e 'anē dis 'og 'i birin̄ e 'eraga 'anē duru ... duru ... ruwa mēn 'oworuō,#	ba	=n	ren̄e	anē	di	=s	'ōg	'i	birin̄	e	raga	anē	#	duru	duru	ruwa	mē	=n	'owo-ruō,#	but	=ART	woman	DEM1.A	3SG	=SIM	stay	DEL	COM	PERS.ART	people	DEM1.A	#	3DL	3DL	two.people	DAT	=ART	different.sex.sibling-3DL,"But this woman, she was staying with ... these people ... the two ... they were brother and sister.",en,MORPHEME_ALIGNED,,hhak_mp3 hhak_wav hhak_eaf hhak_xml hhak_tsv,,79332,86222,##	other	=ln	np.h:dt_s	rn_dem1	pro.h:s	=lv	v:pred	rv	adp	ln	np.h:obl	rn_dem1	##	nc	nc	np.h:dt	rn	=rn	rn,,hhak,∅	∅	∅	∅	∅	∅	∅	∅	∅	∅	∅	∅	∅	∅	∅	∅	bridging	∅	∅	∅,∅	∅	∅	5015	∅	5015	∅	∅	∅	∅	∅	5013	∅	∅	∅	∅	5016	∅	∅	∅,∅	∅	∅	5015	∅	5015	∅	∅	∅	∅	∅	5013	∅	∅	∅	∅	5016	∅	∅	∅
hhak_0016,mcveraa,'am̄an ne vōwal ren̄e ne vōwal ban ren̄e 'anē sa dim wōtōqtōqō ele,'am̄an	ne	vōwal	ren̄e	ne	vōwal	ba	=n	ren̄e	anē	sa	di	=m	wōtōqtōqō	ele,man	NUM.ART	NUM-one	woman	NUM.ART	NUM-one	but	=ART	woman	DEM1.A	EMPH	3SG	=ART	pregnant	NC,"One man, one woman, but exactly this woman, she had got pregnant.",en,WORD_ALIGNED,,hhak_mp3 hhak_wav hhak_eaf hhak_xml hhak_tsv,,86222,89981,np.h:dt	rn	rn	np.h:dt_s	rn	rn	other	=ln	np.h:dt_s	rn_dem1	rn	pro.h:s	=lv	v:pred	nc,,hhak,new	∅	∅	∅	∅	∅	∅	∅	∅	∅	∅	∅	∅	∅	∅,5017	∅	∅	5015	∅	∅	∅	∅	5015	∅	∅	5015	∅	∅	∅,5017	∅	∅	5015	∅	∅	∅	∅	5015	∅	∅	5015	∅	∅	∅
hhak_0017,mcveraa,n qō' kurkur 'anēm van ma suwō sir dire direk kalrakak suō suō den ēn vunu 'anē direk suō 'a Rōu,#	n	qō	kurkur	anē	=m	van	ma	suwō	sir	dirē	#	dir	=ēk	kalraka	#	ZERO	=k	suō	suō	den	ēn	vunu	anē	#	dir	=ēk	suō	a	Rōu,#	ART	pig	RED:devour	DEM1.A	=TAM1	go	hither	DIR<suw>	for	3PL	#	3PL	=TAM2	get.up	#	ZERO	=TAM2	paddle	paddle	ABL	ART	village	DEM1.A	#	3PL	=TAM2	paddle	LOC.SP	Rōu,"This devouring-pig came down for them, and they got up to paddle, to paddle away from this village. They paddled to Rōu.",en,MORPHEME_ALIGNED,,hhak_mp3 hhak_wav hhak_eaf hhak_xml hhak_tsv,,89981,95260,##	ln	np.d:s	rn	rn_dem1	=lv	v:pred	rv	rv	adp	pro.h:g	##	pro.h:s	=lv	v:pred	##	0.h:s	=lv	v:pred	rv	adp	ln	np:obl	rn_dem1	##	pro.h:s	=lv	v:pred	adp	pn_np:g,,hhak,∅	∅	∅	∅	∅	∅	∅	∅	∅	∅	∅	∅	∅	∅	∅	∅	∅	∅	∅	∅	∅	∅	∅	∅	∅	∅	∅	∅	∅	∅,∅	∅	5001	∅	∅	∅	∅	∅	∅	∅	5013	∅	5013	∅	∅	∅	5013	∅	∅	∅	∅	∅	5012	∅	∅	5013	∅	∅	∅	5014,∅	∅	5001	∅	∅	∅	∅	∅	∅	∅	5013	∅	5013	∅	∅	∅	5013	∅	∅	∅	∅	∅	5012	∅	∅	5013	∅	∅	∅	5014
hhak_0018,mcveraa,direk van 'a Rōu,#	dir	=ēk	van	a	Rōu,#	3PL	=TAM2	go	LOC.SP	Rōu,"They went to Rōu,",en,MORPHEME_ALIGNED,,hhak_mp3 hhak_wav hhak_eaf hhak_xml hhak_tsv,,95260,96951,##	pro.h:s	=lv	v:pred	adp	pn_np:g,,hhak,∅	∅	∅	∅	∅	∅,∅	5013	∅	∅	∅	5014,∅	5013	∅	∅	∅	5014
hhak_0019,mcveraa,n ren̄e 'anē ne vrig ma sir diē ne tek so nik me le m̄as no,#	n	ren̄e	anē	ne	vrig	ma	sir	ZERO	#	di	ne	tēk	so	#	nik	me	le	m̄as	no,#	ART	woman	DEM1.A	TAM2:3SG	rush	hither	for	ZERO	#	3SG	TAM2:3SG	speak	QUOT	#	2SG	ABIL1	transfer	ABIL2	1SG,and this woman came running to them and asked: 'Can you take me?',en,MORPHEME_ALIGNED,,hhak_mp3 hhak_wav hhak_eaf hhak_xml hhak_tsv,,96951,100450,##	ln	np.h:s	rn_dem1	lv-pro_h_s	v:pred	rv	adp	0.h:g	##	pro.h:s_ds	lv-pro_d_s_ds	v:pred	other	##ds	pro.2:a	lv	v:pred	rv	pro.1:p,,hhak,∅	∅	∅	∅	∅	∅	∅	∅	∅	∅	∅	∅	∅	∅	∅	new	∅	∅	∅	∅,∅	∅	5015	∅	∅	∅	∅	∅	5013	∅	5015	∅	∅	∅	∅	5018	∅	∅	∅	5015,∅	∅	5015	∅	∅	∅	∅	∅	5013	∅	5015	∅	∅	∅	∅	5018	∅	∅	∅	5015
hhak_0020,mcveraa,so oo no as le m̄as nike sirēn nak susuō ga tik 'eraga nini'ik ga mew,#	ZERO	so	#	oo	no	as	le	m̄as	nikē	#	sirē	=n	nak	su-suō	ga	tik	#	e	raga	ni-ni'i	-k	ga	mew,#	ZERO	QUOT	#	no	1SG	INABIL1	transfer	INABIL2	2SG	#	for	=ART	canoe	RED-paddle	STAT	small	#	PERS.ART	people	RED-small	-1SG	STAT	many,"He said: 'No, I can't take, because the canoe is small and there are many children of mine.'",en,MORPHEME_ALIGNED,,hhak_mp3 hhak_wav hhak_eaf hhak_xml hhak_tsv,,100450,108349,##	0.h:s	other:pred	##ds.neg	other	pro.1:a	lv	v:pred	rv	pro.2:p	##ds	other	=ln	np:s	rn	lv	v:pred	##ds	ln	ln	np.h:s	-rn_pro.1:poss	lv	v:pred,,hhak,∅	∅	∅	∅	∅	∅	∅	∅	∅	∅	∅	∅	∅	bridging	∅	∅	∅	∅	∅	∅	bridging	∅	∅	∅,∅	5018	∅	∅	∅	5018	∅	∅	∅	5015	∅	∅	∅	5019	∅	∅	∅	∅	∅	∅	5020	5018	∅	∅,∅	5018	∅	∅	∅	5018	∅	∅	∅	5015	∅	∅	∅	5019	∅	∅	∅	∅	∅	∅	5020	5018	∅	∅
hhak_0021,mcveraa,ni... 'aqam ga luwo nik as van m̄as birin̄ kamam sire den nike van birin̄ kamam n nak susuō ne 'ul,#	ni—	'aqa	-m	ga	luwo	#	nik	as	van	m̄as	birin̄	kamam	#	sirē	den	nik	ē	van	birin̄	kamam	#	n	nak	su-suō	ne	'ul,#	NC	belly	-2SG	STAT	big	#	2SG	INABIL1	go	INABIL2	COM	1PL.EX	#	for	ABL	2SG	TAM2:2SG	go	COM	1PL.EX	#	ART	canoe	RED-paddle	TAM2:3SG	drown,"You have a big belly, you can't come with us, because if you come with us the canoe will sink.",en,MORPHEME_ALIGNED,,hhak_mp3 hhak_wav hhak_eaf hhak_xml hhak_tsv,,108349,113056,##ds	nc	np:s	-rn_pro.2:poss	lv	v:pred	##ds.neg	pro.2:a	lv	v:pred	rv	adp	pro.1:obl	##ds	other	other	pro.2:s	lv-pro_2_s	v:pred	adp	pro.1:obl	##ds	ln	np:s	rn	lv-pro_s	v:pred,,hhak,∅	∅	bridging	∅	∅	∅	∅	∅	∅	∅	∅	∅	unused	∅	∅	∅	∅	∅	∅	∅	∅	∅	∅	∅	∅	∅	∅,∅	∅	5021	5015	∅	∅	∅	5015	∅	∅	∅	∅	5022	∅	∅	∅	5015	∅	∅	∅	5022	∅	∅	5019	∅	∅	∅,∅	∅	5021	5015	∅	∅	∅	5015	∅	∅	∅	∅	5022	∅	∅	∅	5015	∅	∅	∅	5022	∅	∅	5019	∅	∅	∅
hhak_0022,mcveraa,'alē dine sagsag 'i dine 'ēn 'eraga 'aklēgik 'ēqēl lik ma,#	alē	di	ne	sagsag	'i	#	di	ne	'ēn	#	e	raga	'aklē	-gi	=k	'ēqēl	lik	ma,#	alright	3SG	TAM2:3SG	RED:sit	DEL	#	3SG	TAM2:3SG	see	#	PERS.ART	people	some	-3SG	=TAM2	descend	more	hither,"Alright, then she sat there for now and she saw that some more people were still coming down.",en,MORPHEME_ALIGNED,,hhak_mp3 hhak_wav hhak_eaf hhak_xml hhak_tsv,,113056,117357,##	other	pro.h:s	lv-pro_h_s	v:pred	rv	##	pro.h:s	lv-pro_h_s	v:pred	#cc	ln	ln	np.h:s	-rn_pro.h:poss	=lv	v:pred	rv	rv,,hhak,∅	∅	∅	∅	∅	∅	∅	∅	∅	∅	∅	∅	∅	∅	bridging	∅	∅	∅	∅,∅	∅	5015	∅	∅	∅	∅	5015	∅	∅	∅	∅	∅	∅	5023	∅	∅	∅	∅,∅	∅	5015	∅	∅	∅	∅	5015	∅	∅	∅	∅	∅	∅	5023	∅	∅	∅	∅
hhak_0023,mcveraa,dine vesir dire kimi me le m̄as no kimi me magarsine m̄as no kimik le no,#	di	ne	vesir	dirē	#	kimi	me	le	m̄as	no	#	kimi	me	magarsine	m̄as	no	#	kimi	=k	le	no,#	3SG	TAM2:3SG	ask	3PL	#	2PL	ABIL1	transfer	ABIL2	1SG	#	2PL	ABIL1	pity	ABIL2	1SG	#	2PL	=TAM2	transfer	1SG,She asked them: 'Can you take me? Can you take pity on me? Will you take me?,en,MORPHEME_ALIGNED,,hhak_mp3 hhak_wav hhak_eaf hhak_xml hhak_tsv,,117357,121352,##	pro.h:a	lv-pro_h_a	v:pred	pro.h:p	##ds	pro.2:a	lv	v:pred	rv	pro.1:p	##ds	pro.2:	lv	v:pred	rv	pro.1:p	##ds	pro.2:a	=lv	v:pred	pro.1:p,,hhak,∅	∅	∅	∅	∅	∅	∅	∅	∅	∅	∅	∅	∅	∅	∅	∅	∅	∅	∅	∅	∅	∅,∅	5015	∅	∅	5023	∅	5023	∅	∅	∅	5015	∅	5023	∅	∅	∅	5015	∅	5023	∅	∅	5015,∅	5015	∅	∅	5023	∅	5023	∅	∅	∅	5015	∅	5023	∅	∅	∅	5015	∅	5023	∅	∅	5015
hhak_0024,mcveraa,nok van 'a'ag kimi,#	no	=k	van	'a-'ag	kimi,#	1SG	=TAM2	go	RED-follow	2PL,So I will come with you?',en,MORPHEME_ALIGNED,,hhak_mp3 hhak_wav hhak_eaf hhak_xml hhak_tsv,,121352,123718,##ds	pro.1:a	=lv	v:pred	rv	pro.2:p,,hhak,∅	∅	∅	∅	∅	∅,∅	5015	∅	∅	∅	5023,∅	5015	∅	∅	∅	5023
hhak_0025,mcveraa,dire so o siren nak susuō ga tik n 'erē ni'imam ga mew,#	dirē	so	#	o	sirē	=n	nak	su-suō	ga	tik	#	n	'erē	ni'i	-mam	ga	mew,#	3PL	QUOT	#	INTERJ	for	=ART	canoe	RED-paddle	STAT	little	#	ART	PL	small	-1PL.EX	STAT	many,"They said: 'No, because the canoe is too small, we have lots of children.",en,MORPHEME_ALIGNED,,hhak_mp3 hhak_wav hhak_eaf hhak_xml hhak_tsv,,123718,128250,##	pro.h:s	other:pred	##ds	other	other	=ln	np:s	rn	lv	v:pred	##ds	ln	ln	np.h:s	-rn_pro.1:poss	lv	v:pred,,hhak,∅	∅	∅	∅	∅	∅	∅	bridging	∅	∅	∅	∅	∅	∅	bridging	∅	∅	∅,∅	5023	∅	∅	∅	∅	∅	5024	∅	∅	∅	∅	∅	∅	5025	5023	∅	∅,∅	5023	∅	∅	∅	∅	∅	5024	∅	∅	∅	∅	∅	∅	5025	5023	∅	∅
hhak_0026,mcveraa,kamam as le m̄as nike siren 'aqam ga luwo den ēn nak susuō ne 'ul,#	kamam	as	le	m̄as	nikē	#	sirē	=n	'aqa	-m	ga	luwo	#	den	ēn	nak	su-suō	ne	'ul,#	1PL.EX	INABIL1	transfer	INABIL2	2SG	#	for	=ART	belly	-2SG	STAT	big	#	ABL	ART	canoe	RED-paddle	TAM2:3SG	drown,We can't take you because your belly is big and so the canoe could sink.',en,MORPHEME_ALIGNED,,hhak_mp3 hhak_wav hhak_eaf hhak_xml hhak_tsv,,128250,131442,##ds.neg	pro.1:a	lv	v:pred	rv	pro.2:p	##ds	other	=ln	np:s	-rn_pro.2:poss	lv	v:pred	##ds	other	ln	np:s	rn	lv-pro_s	v:pred,,hhak,∅	∅	∅	∅	∅	∅	∅	∅	∅	∅	∅	∅	∅	∅	∅	∅	∅	∅	∅	∅,∅	5023	∅	∅	∅	5015	∅	∅	∅	5021	5015	∅	∅	∅	∅	∅	5024	∅	∅	∅,∅	5023	∅	∅	∅	5015	∅	∅	∅	5021	5015	∅	∅	∅	∅	∅	5024	∅	∅	∅
hhak_0027,mcveraa,so a ga itok,#	ZERO	so	#	a	ga	itok,#	ZERO	QUOT	#	INTERJ	STAT	good,"(She) said: 'Ah, alright.'",en,MORPHEME_ALIGNED,,hhak_mp3 hhak_wav hhak_eaf hhak_xml hhak_tsv,,131442,133218,##	0.h:s	other:pred	##ds	other	lv	v:pred,,hhak,∅	∅	∅	∅	∅	∅	∅,∅	5015	∅	∅	∅	∅	∅,∅	5015	∅	∅	∅	∅	∅
hhak_0028,mcveraa,dim van 'a'ag dire sēnēm vavavan 'eraga 'anēk van mak susu qē',#	di	=m	van	'a-'ag	dirē	senē	#	ZERO	=m	vavavan	#	e	raga	anē	=k	van	ma	#	ZERO	=k	susu	qē',#	3SG	=TAM1	go	RED-follow	3PL	MAN.DEM1	#	ZERO	=TAM1	RED-go	#	PERS.ART	people	DEM1.A	=TAM2	go	hither	#	ZERO	=TAM2	RED:paddle	finish,"She went after them like this, on and on, these people came and paddled all (away).",en,WORD_ALIGNED,,hhak_mp3 hhak_wav hhak_eaf hhak_xml hhak_tsv,,133218,137253,##	pro.h:a	=lv	v:pred	rv	pro.h:p	other	##	0.h:s	=lv	v:pred	##	ln	np.h:s	rn_dem1	=lv	v:pred	rv	##	0.h:s	=lv	v:pred	rv,,hhak,∅	∅	∅	∅	∅	∅	∅	∅	∅	∅	∅	∅	∅	∅	∅	∅	∅	∅	∅	∅	∅	∅	∅,∅	5015	∅	∅	∅	5013	∅	∅	5015	∅	∅	∅	∅	5013	∅	∅	∅	∅	∅	5013	∅	∅	∅,∅	5015	∅	∅	∅	5013	∅	∅	5015	∅	∅	∅	∅	5013	∅	∅	∅	∅	∅	5013	∅	∅	∅
hhak_0029,mcveraa,direk su qē' rōw,#	dir	=ēk	su	qē'	rōw,#	3PL	=TAM2	paddle	finish	seawards,Then they had all paddled out.,en,MORPHEME_ALIGNED,,hhak_mp3 hhak_wav hhak_eaf hhak_xml hhak_tsv,,137253,138625,##	pro.h:s	=lv	v:pred	rv	rv,,hhak,∅	∅	∅	∅	∅	∅,∅	5013	∅	∅	∅	∅,∅	5013	∅	∅	∅	∅
hhak_0030,mcveraa,lēn qōn̄ dine mi'ir,#	lē	=n	qōn̄	di	ne	mi'ir,#	LOC	=ART	night	3SG	TAM2:3SG	sleep,At night she went to sleep.,en,MORPHEME_ALIGNED,,hhak_mp3 hhak_wav hhak_eaf hhak_xml hhak_tsv,,138625,140904,##	adp	=ln	np:other	pro.h:s	lv-pro_h_s	v:pred,,hhak,∅	∅	∅	∅	∅	∅	∅,∅	∅	∅	∅	5015	∅	∅,∅	∅	∅	∅	5015	∅	∅
hhak_0031,mcveraa,ne qōn̄ ma dine mi'ir va'agēn,#	ne	qōn̄	ma	#	di	ne	mi'ir	va'agēn,#	TAM2:3SG	night	hither	#	3SG	TAM2:3SG	sleep	TEMP.DEM2,When it got night she went to sleep.,en,MORPHEME_ALIGNED,,hhak_mp3 hhak_wav hhak_eaf hhak_xml hhak_tsv,,140904,144144,##	lv-pro_s	v:pred	rv	##	pro.h:s	lv-pro_h_s	v:pred	other,,hhak,∅	∅	∅	∅	∅	∅	∅	∅	∅,∅	∅	∅	∅	∅	5015	∅	∅	∅,∅	∅	∅	∅	∅	5015	∅	∅	∅
hhak_0032,mcveraa,dine mi'ir,#	di	ne	mi'ir,#	3SG	TAM2:3SG	sleep,She slept.,en,MORPHEME_ALIGNED,,hhak_mp3 hhak_wav hhak_eaf hhak_xml hhak_tsv,,144144,145638,##	pro.h:s	lv-pro_h_s	v:pred,,hhak,∅	∅	∅	∅,∅	5015	∅	∅,∅	5015	∅	∅
hhak_0033,mcveraa,ne maran kel ma,#	ne	maran	kel	ma,#	TAM2:3SG	daylight	back	hither,"And when it got daylight again,",en,MORPHEME_ALIGNED,,hhak_mp3 hhak_wav hhak_eaf hhak_xml hhak_tsv,,145638,148301,##	lv-pro_s	v:pred	rv	rv,,hhak,∅	∅	∅	∅	∅,∅	∅	∅	∅	∅,∅	∅	∅	∅	∅
hhak_0034,mcveraa,'erē qō' ... ēn qō' ... ēn 'ama' kurkur ne van siksik dire va'agēn van ma ba dir man rorow den san vovonore,#	'erē	qō'	ēn	qō'	#	ēn	'ama'	kurkur	ne	van	siksik	dirē	va'agēn	#	ZERO	van	ma	#	ba	dir	man	rō-rōw	den	sa	=n	vo-vono	-re,#	PL	pig	ART	pig	#	ART	devil	RED:devour	TAM2:3SG	go	RED:search	3PL	TEMP.DEM2	#	ZERO	go	hither	#	but	3PL	PFV	RED-skip	ABL	EMPH	=ART	RED-home	-3PL,"the devouring devil went to look for them now, came but they had already fled from their homes.",en,MORPHEME_ALIGNED,,hhak_mp3 hhak_wav hhak_eaf hhak_xml hhak_tsv,,148301,154763,#nc	nc	nc	nc	nc	##	ln	np.d:a	rn	lv-pro_d_a	v:pred	rv	pro.h:p	other	##	0.d:s	v:pred	rv	##	other	pro.h:s	lv	v:pred	adp	other	=ln	np:obl	-rn_pro.h:poss,,hhak,∅	∅	∅	∅	∅	∅	∅	∅	∅	∅	∅	∅	∅	∅	∅	∅	∅	∅	∅	∅	∅	∅	∅	∅	∅	∅	∅	∅,∅	∅	∅	∅	∅	∅	∅	5001	∅	∅	∅	∅	5013	∅	∅	5001	∅	∅	∅	∅	5013	∅	∅	∅	∅	∅	5012	5013,∅	∅	∅	∅	∅	∅	∅	5001	∅	∅	∅	∅	5013	∅	∅	5001	∅	∅	∅	∅	5013	∅	∅	∅	∅	∅	5012	5013
hhak_0035,mcveraa,'alēn .... n 'am... 'ama' dine van din̄ man vunu 'anēn ren̄e 'anē man van ... van dim kal ba'a lēn qoro liē,#	'alēn	n	'am—	'ama'	di	ne	van	din̄	ma	=n	vunu	anē	#	=n	ren̄e	anē	man	van	#	ZERO	van	#	di	=m	kal	ba'a	lē	=n	qoro	liē,#	ASS=ART	ART	NC	devil	3SG	TAM2:3SG	go	reach	hither	=ART	village	DEM1.A	#	=ART	woman	DEM1.A	PFV	go	#	ZERO	go	#	3SG	=TAM1	enter	into	LOC	=ART	hole	cave,"Alright, when the ghost came to this village, that woman had already gone. She went into a cave.",en,WORD_ALIGNED,,hhak_mp3 hhak_wav hhak_eaf hhak_xml hhak_tsv,,154763,164137,##	other	ln	nc	np.d:dt_a	pro.d:a	lv-pro_d_a	v:pred	rv	rv	=ln	np:p	rn_dem1	##	=ln	np.h:s	rn_dem1	lv	v:pred	##	0.h:s	v:pred	##	pro.h:s	=lv	v:pred	rv	adp	=ln	np:g	rn,,hhak,∅	∅	∅	∅	∅	∅	∅	∅	∅	∅	∅	∅	∅	∅	∅	∅	∅	∅	∅	∅	∅	∅	∅	∅	∅	∅	∅	∅	∅	new	∅,∅	∅	∅	∅	5001	5001	∅	∅	∅	∅	∅	5012	∅	∅	∅	5015	∅	∅	∅	∅	5015	∅	∅	5015	∅	∅	∅	∅	∅	5026	∅,∅	∅	∅	∅	5001	5001	∅	∅	∅	∅	∅	5012	∅	∅	∅	5015	∅	∅	∅	∅	5015	∅	∅	5015	∅	∅	∅	∅	∅	5026	∅
hhak_0036,mcveraa,ka... kal ba'a lēn qoro liē dine 'aq'a sa kēnē,#	ZERO	ka—	kal	ba'a	lē	=n	qoro	liē	#	di	ne	'aq'a	sa	kēnē,#	ZERO	NC	enter	into	LOC	=ART	hole	cave	#	3SG	TAM2:3SG	duck.away	EMPH	LOC.DEM1,"Entered the cave, she hid right there.",en,MORPHEME_ALIGNED,,hhak_mp3 hhak_wav hhak_eaf hhak_xml hhak_tsv,,164137,168147,##	0.h:s	nc	v:pred	rv	adp	=ln	np:g	rn	##	pro.h:s	lv-pro_h_s	v:pred	other	other:l,,hhak,∅	∅	∅	∅	∅	∅	∅	∅	∅	∅	∅	∅	∅	∅	∅,∅	5015	∅	∅	∅	∅	∅	5026	∅	∅	5015	∅	∅	∅	5026,∅	5015	∅	∅	∅	∅	∅	5026	∅	∅	5015	∅	∅	∅	5026
hhak_0037,mcveraa,dim 'ogo lēn qoro liē ne 'ogo 'ogo 'ogo vavavan,#	di	=m	'ōgo	lē	=n	qoro	liē	#	ZERO	ne	'ōgo	'ōgo	'ōgo	vavavan,#	3SG	=TAM1	stay	LOC	=ART	hole	cave	#	ZERO	TAM2:3SG	stay	stay	stay	RED-go,She stayed in the cave on and on.,en,WORD_ALIGNED,,hhak_mp3 hhak_wav hhak_eaf hhak_xml hhak_tsv,,168147,172375,##	pro.h:s	=lv	v:pred	adp	=ln	np:l	rn	##	0.h:s	lv-pro_h_s	v:pred	nc	nc	other,,hhak,∅	∅	∅	∅	∅	∅	∅	∅	∅	∅	∅	∅	∅	∅	∅,∅	5015	∅	∅	∅	∅	5026	∅	∅	5015	∅	∅	∅	∅	∅,∅	5015	∅	∅	∅	∅	5026	∅	∅	5015	∅	∅	∅	∅	∅
hhak_0038,mcveraa,dine ... dine rōn̄ sier,#	dine	di	ne	rōn̄	sier,#	3SG=TAM2:3SG	3SG	TAM2:3SG	feel	realise,Then she felt (that it was time to give birth).,en,WORD_ALIGNED,,hhak_mp3 hhak_wav hhak_eaf hhak_xml hhak_tsv,,172375,175917,##	nc	pro.h:s	lv-pro_h_s	v:pred	rv,,hhak,∅	∅	∅	∅	∅	∅,∅	∅	5015	∅	∅	∅,∅	∅	5015	∅	∅	∅
hhak_0039,mcveraa,a qē dine ... dine visis,#	a	qē'	dine	di	ne	visis,#	HES	finish	3SG=TAM2:3SG	3SG	TAM2:3SG	give.birth,Then she gave birth.,en,WORD_ALIGNED,,hhak_mp3 hhak_wav hhak_eaf hhak_xml hhak_tsv,,175917,180188,##	nc	other	nc	pro.h:s	lv-pro_h_s	v:pred,,hhak,∅	∅	∅	∅	∅	∅	∅,∅	∅	∅	∅	5015	∅	∅,∅	∅	∅	∅	5015	∅	∅
hhak_0040,mcveraa,dim visis ēn ... n m̄ērm̄ēre ne vōruōn varaba,#	di	=m	visis	ēn	n	m̄ērm̄ēre	ne	vō-ruō	=n	varaba,#	3SG	=TAM1	give.birth	ART	ART	kid	NUM.ART	NUM-two	=ART	twins,"She gave birth to two babies, twins.",en,MORPHEME_ALIGNED,,hhak_mp3 hhak_wav hhak_eaf hhak_xml hhak_tsv,,180188,183688,##	pro.h:a	=lv	v:pred	ln	nc	np.h:p	rn	rn	=ln	np.h:appos,,hhak,∅	∅	∅	∅	∅	∅	new	∅	∅	∅	∅,∅	5015	∅	∅	∅	∅	5027	∅	∅	∅	5027,∅	5015	∅	∅	∅	∅	5027	∅	∅	∅	5027
hhak_0041,mcveraa,varaba ne vōruō 'alē d... 'ogo ... 'ogo vavavan,#	varaba	ne	vō-ruō	alē	d—	ZERO	'ōgo	'ōgo	vavavan,#	twins	NUM.ART	NUM-two	alright	NC	ZERO	stay	stay	RED-go,"Two twins, alright, she stayed like this, on and on.",en,WORD_ALIGNED,,hhak_mp3 hhak_wav hhak_eaf hhak_xml hhak_tsv,,183688,187983,##	np.h:dt	rn	rn	other	nc	0.h:s	v:pred	nc	other,,hhak,∅	∅	∅	∅	∅	∅	bridging	∅	∅	∅,∅	5027	∅	∅	∅	∅	5028	∅	∅	∅,∅	5027	∅	∅	∅	∅	5028	∅	∅	∅
hhak_0042,mcveraa,ne qōn̄ dine mul ba'a lēn lōlō qoro liē ne maran dine kalu ne van ne lele gor e gengen lēn 'ēqē,#	ne	qōn̄	#	di	ne	mul	ba'a	lē	=n	lōlō	qoro	liē	#	ne	maran	#	di	ne	kalu	#	ZERO	ne	van	#	ZERO	ne	lele	go	-re	gengen	lē	=n	'ēqē,#	TAM2:3SG	night	#	3SG	TAM2:3SG	part	into	LOC	=ART	inside	hole	cave	#	TAM2:3SG	daylight	#	3SG	TAM2:3SG	exit	#	ZERO	TAM2:3SG	go	#	ZERO	TAM2:3SG	RED:transfer	POSS.EAT	-3PL	RED:eat	LOC	=ART	taro.garden,"When it got night, she went into the cave (for the night) and when it got daylight she came out again, went and got food for them in the garden.",en,MORPHEME_ALIGNED,,hhak_mp3 hhak_wav hhak_eaf hhak_xml hhak_tsv,,187983,197070,##	lv-pro_s	v:pred	##	pro.h:s	lv-pro_h_s	v:pred	rv	adp	=ln	ln	np:g	rn	##	lv-pro_s	v:pred	##	pro.h:s	lv-pro_h_s	v:pred	##	0.h:s	lv-pro_h_s	v:pred	##	0.h:a	lv-pro_h_a	v:pred	np:p	-rn_pro.h:poss	rn	adp	=ln	np:l,,hhak,∅	∅	∅	∅	∅	∅	∅	∅	∅	∅	∅	∅	∅	∅	∅	∅	∅	∅	∅	∅	∅	∅	∅	∅	∅	∅	∅	∅	new	∅	∅	∅	∅	new,∅	∅	∅	∅	5015	∅	∅	∅	∅	∅	∅	5026	∅	∅	∅	∅	∅	5015	∅	∅	∅	5015	∅	∅	∅	5015	∅	∅	5029	5028	∅	∅	∅	5030,∅	∅	∅	∅	5015	∅	∅	∅	∅	∅	∅	5026	∅	∅	∅	∅	∅	5015	∅	∅	∅	5015	∅	∅	∅	5015	∅	∅	5029	5028	∅	∅	∅	5030
hhak_0043,mcveraa,van din̄ mule len gengen dine kel ma lēn qoro liē sir e ruwa nini'igi,#	ZERO	van	din̄	mule	#	ZERO	le	=n	gengen	#	di	ne	kel	ma	lē	=n	qoro	liē	sir	e	ruwa	ni-ni'i	-gi,#	ZERO	go	reach	DIR<mul>	#	ZERO	transfer	=ART	RED:eat	#	3SG	TAM2:3SG	back	hither	LOC	=ART	hole	cave	for	PERS.ART	two.people	RED-small	-3SG,"Went over there, got food, then she came back to her two children in the cave.",en,MORPHEME_ALIGNED,,hhak_mp3 hhak_wav hhak_eaf hhak_xml hhak_tsv,,197070,201484,##	0.h:s	v:pred	rv	other:g	##	0.h:a	v:pred	=ln	np:p	##	pro.h:s	lv-pro_h_s	v:pred	rv	adp	=ln	np:g	rn	adp	ln	ln	np.h:g	-rn_pro.h:poss,,hhak,∅	∅	∅	∅	∅	∅	∅	∅	∅	∅	∅	∅	∅	∅	∅	∅	∅	∅	∅	∅	∅	∅	∅	∅,∅	5015	∅	∅	∅	∅	5015	∅	∅	5029	∅	5015	∅	∅	∅	∅	∅	5026	∅	∅	∅	∅	5027	5015,∅	5015	∅	∅	∅	∅	5015	∅	∅	5029	∅	5015	∅	∅	∅	∅	∅	5026	∅	∅	∅	∅	5027	5015
hhak_0044,mcveraa,'alē dine len mēdēr dine burbur gōr san 'erē qoro liē,#	alē	di	ne	le	=n	mēdēr	#	di	ne	burbur	gōr	sa	=n	'erē	qoro	liē,#	alright	3SG	TAM2:3SG	transfer	=ART	rock	#	3SG	TAM2:3SG	RED:shut	secure	EMPH	=ART	PL	hole	cave,"Alright, she took rocks and blocked the openings of the cave.",en,MORPHEME_ALIGNED,,hhak_mp3 hhak_wav hhak_eaf hhak_xml hhak_tsv,,201484,205794,##	other	pro.h:a	lv-pro_h_a	v:pred	=ln	np:p	##	pro.h:a	lv-pro_h_a	v:pred	rv	other	=ln	ln	np:p	rn,,hhak,∅	∅	∅	∅	∅	∅	new	∅	∅	∅	∅	∅	∅	∅	∅	∅	∅,∅	∅	5015	∅	∅	∅	5031	∅	5015	∅	∅	∅	∅	∅	∅	5026	∅,∅	∅	5015	∅	∅	∅	5031	∅	5015	∅	∅	∅	∅	∅	∅	5026	∅
hhak_0045,mcveraa,dine van qēl ma dine len mēdēr ne vōwal ne bur gōr,#	di	ne	van	qēl	ma	#	di	ne	le	=n	mēdēr	ne	vōwal	#	ZERO	ne	bur	gōr	ZERO,#	3SG	TAM2:3SG	go	descend	hither	#	3SG	TAM2:3SG	transfer	=ART	rock	NUM.ART	NUM-one	#	ZERO	TAM2:3SG	shut	secure	ZERO,She came down took one rock and blocked (it).,en,WORD_ALIGNED,,hhak_mp3 hhak_wav hhak_eaf hhak_xml hhak_tsv,,205794,208960,##	pro.h:s	lv-pro_h_s	v:pred	rv	rv	##	pro.h:a	lv-pro_h_a	v:pred	=ln	np:p	rn	rn	##	0.h:a	lv-pro_h_a	v:pred	rv	0:p,,hhak,∅	∅	∅	∅	∅	∅	∅	∅	∅	∅	∅	new	∅	∅	∅	∅	∅	∅	∅	∅,∅	5015	∅	∅	∅	∅	∅	5015	∅	∅	∅	5032	∅	∅	∅	5015	∅	∅	∅	5026,∅	5015	∅	∅	∅	∅	∅	5015	∅	∅	∅	5032	∅	∅	∅	5015	∅	∅	∅	5026
hhak_0046,mcveraa,ne van qēl suwo ne len ge 'ew'i mēdēr ne bur gōr,#	ZERO	ne	van	qēl	suwo	#	ZERO	ne	le	=n	ge	'ew'i	mēdēr	#	ZERO	ne	bur	gōr	ZERO,#	ZERO	TAM2:3SG	go	descend	DIR<suw>	#	ZERO	TAM2:3SG	transfer	=ART	THING	other	rock	#	ZERO	TAM2:3SG	shut	secure	ZERO,"Went down, took another rock and blocked (it).",en,MORPHEME_ALIGNED,,hhak_mp3 hhak_wav hhak_eaf hhak_xml hhak_tsv,,208960,212133,##	0.h:s	lv-pro_d_s	v:pred	rv	other:g	##	0.h:a	lv-pro_h_a	v:pred	=ln	ln	ln	np:p	##	0.h:a	lv-pro_h_a	v:pred	rv	0:p,,hhak,∅	∅	∅	∅	∅	∅	∅	∅	∅	∅	∅	∅	∅	new	∅	∅	∅	∅	∅	∅,∅	5015	∅	∅	∅	∅	∅	5015	∅	∅	∅	∅	∅	5033	∅	5015	∅	∅	∅	5026,∅	5015	∅	∅	∅	∅	∅	5015	∅	∅	∅	∅	∅	5033	∅	5015	∅	∅	∅	5026
hhak_0047,mcveraa,dim da 'esēnē din̄ san̄wul,#	di	=m	da	esenē	din̄	san̄wul,#	3SG	=TAM1	do	MAN.DEM1.E	reach	ten,She did like this until ten.,en,MORPHEME_ALIGNED,,hhak_mp3 hhak_wav hhak_eaf hhak_xml hhak_tsv,,212133,214767,##	pro.h:s	=lv	v:pred	other	adp	np:other,,hhak,∅	∅	∅	∅	∅	∅	∅,∅	5015	∅	∅	∅	∅	∅,∅	5015	∅	∅	∅	∅	∅
hhak_0048,mcveraa,mēdēr san̄wul dim mom gōr ē(n) (?) qoro liē,#	mēdēr	san̄wul	di	=m	mom	gōr	ēn?	qoro	liē,#	rock	ten	3SG	=TAM1	put	secure	ART	hole	cave,"Ten rocks, she blocked the cave.",en,MORPHEME_ALIGNED,,hhak_mp3 hhak_wav hhak_eaf hhak_xml hhak_tsv,,214767,216972,##	np:dt	rn	pro.h:a	=lv	v:pred	rv	ln	np:p	rn,,hhak,∅	∅	∅	∅	∅	∅	∅	∅	∅	∅,∅	5031	∅	5015	∅	∅	∅	∅	5026	∅,∅	5031	∅	5015	∅	∅	∅	∅	5026	∅
hhak_0049,mcveraa,'alē direm 'ogo 'ogo 'ogo dim 'ēn gōr ēn 'erē nini'igi 'asēnē,#	alē	dir	=ēm	'ōgo	'ōgo	'ōgo	#	di	=m	'ēn	gōr	ēn	'erē	ni-ni'i	-gi	asenē,#	alright	3PL	=TAM1	stay	stay	stay	#	3SG	=TAM1	see	secure	ART	PL	RED-small	-3SG	MAN.DEM1.A,"Alright, they stayed like this, on and on, she looked after her children like this.",en,MORPHEME_ALIGNED,,hhak_mp3 hhak_wav hhak_eaf hhak_xml hhak_tsv,,216972,222609,##	other	pro.h:s	=lv	v:pred	nc	nc	##	pro.h:a	=lv	v:pred	rv	ln	ln	np.h:p	-rn_pro.h:poss	other,,hhak,∅	∅	∅	∅	∅	∅	∅	∅	∅	∅	∅	∅	∅	∅	∅	∅	∅,∅	∅	5028	∅	∅	∅	∅	∅	5015	∅	∅	∅	∅	∅	5027	5015	∅,∅	∅	5028	∅	∅	∅	∅	∅	5015	∅	∅	∅	∅	∅	5027	5015	∅
hhak_0050,mcveraa,van vavavan,van	vavavan,go	RED-go,On and on ...,en,WORD_ALIGNED,,hhak_mp3 hhak_wav hhak_eaf hhak_xml hhak_tsv,,222609,225462,v:pred	other,,hhak,∅	∅,∅	∅,∅	∅
hhak_0051,mcveraa,'erē nini'igi 'anēm luwo durum lulumgav qē',#	'erē	ni-ni'i	-gi	anē	=m	luwo	#	duru	=m	lu-lumgav	qē',#	PL	RED-small	-3SG	DEM1.A	=TAM1	big	#	3DL	=TAM1	RED-adolescent	finish,her children grew up and when they had become young men,en,MORPHEME_ALIGNED,,hhak_mp3 hhak_wav hhak_eaf hhak_xml hhak_tsv,,225462,229288,##	ln	np.h:s	-rn_pro.h:poss	rn_dem1	=lv	v:pred	##	pro.h:s	=lv	v:pred	rv,,hhak,∅	∅	∅	∅	∅	∅	∅	∅	∅	∅	∅	∅,∅	∅	5027	5015	∅	∅	∅	∅	5027	∅	∅	∅,∅	∅	5027	5015	∅	∅	∅	∅	5027	∅	∅	∅
hhak_0052,mcveraa,duruk tek mē di so ba 'eraga sul 'a kēnē 'a ve ē,#	duru	=k	tēk	mē	di	so	#	ba	e	raga	sul	'a	kēnē	a	viē	ē,#	3DL	=TAM2	speak	DAT	3SG	QUOT	#	but	PERS.ART	people	community	ASS.SP	LOC.DEM1	LOC.SP	where	DEM3,they said to her: 'But where are all the people from here?',en,MORPHEME_ALIGNED,,hhak_mp3 hhak_wav hhak_eaf hhak_xml hhak_tsv,,229288,232392,##	pro.h:s_ds	=lv	v:pred	adp	pro.h:g	other	##ds	other	ln	ln	np.h:s	rn	rn	adp	other:pred	other,,hhak,∅	∅	∅	∅	∅	∅	∅	∅	∅	∅	∅	∅	∅	∅	∅	∅	∅,∅	5027	∅	∅	∅	5015	∅	∅	∅	∅	∅	5013	∅	5012	∅	∅	∅,∅	5027	∅	∅	∅	5015	∅	∅	∅	∅	∅	5013	∅	5012	∅	∅	∅
hhak_0053,mcveraa,so o 'eraga sul 'a kēgēnē kamam 'og 'i kēnē ban qō' kurkur ... en 'ama' kurkur dim kurkur 'eraga sul deln̄en Vunu Lava 'anei,#	ZERO	so	#	o	e	raga	sul	'a	kēgēnē	kamam	'ōg	'i	kēnē	#	ba	=n	qō	kurkur	e	=n	'ama'	kurkur	di	=m	kurkur	e	raga	sul	deln̄e	=n	Vunu	Lava	anei,#	ZERO	QUOT	#	INTERJ	PERS.ART	people	folks	ASS.SP	LOC.DEM2	1PL.EX:TAM1	stay	DEL	LOC.DEM1	#	but	=ART	pig	RED:devour	COR	=ART	devil	RED:devour	3SG	=TAM1	RED:devour	PERS.ART	people	community	around	=ART	Vunu	Lava	DEM4.A,"(She) said: 'Oh, the people from here, we lived here, but the devouring devil, he ate the people all around Vanua Lava.",en,MORPHEME_ALIGNED,,hhak_mp3 hhak_wav hhak_eaf hhak_xml hhak_tsv,,232392,242120,##	0.h:s	other:pred	##ds	other	ln	ln	np.h:s	rn	rn_dem2	pro.1:s	v:pred	rn	other:l	#	other	nc	nc	nc	nc	=ln	np.d:dt_a	rn	pro.d:a	=lv	v:pred	ln	ln	np.h:p	adp	=ln	pn_np:l	rn	rn_dem4,,hhak,∅	∅	∅	∅	∅	∅	∅	∅	∅	∅	∅	∅	∅	∅	∅	∅	∅	∅	∅	∅	∅	∅	∅	∅	∅	∅	∅	∅	∅	∅	∅	∅	∅	∅,∅	5015	∅	∅	∅	∅	∅	5013	∅	5012	5013	∅	∅	5012	∅	∅	∅	∅	∅	∅	∅	5001	∅	5001	∅	∅	∅	∅	5002	∅	∅	5003	∅	∅,∅	5015	∅	∅	∅	∅	∅	5013	∅	5012	5013	∅	∅	5012	∅	∅	∅	∅	∅	∅	∅	5001	∅	5001	∅	∅	∅	∅	5002	∅	∅	5003	∅	∅
hhak_0054,mcveraa,direm susu kal 'a Ruō,#	dir	=ēm	susu	kal	a	Ruō,#	3PL	=TAM1	RED:paddle	up	LOC.SP	Ruō,They paddled to Ruo2.,en,MORPHEME_ALIGNED,,hhak_mp3 hhak_wav hhak_eaf hhak_xml hhak_tsv,,242120,244404,##ds	pro.h:s	=lv	v:pred	rv	adp	pn_np:g,,hhak,∅	∅	∅	∅	∅	∅	∅,∅	5002	∅	∅	∅	∅	5014,∅	5002	∅	∅	∅	∅	5014
hhak_0055,mcveraa,ban 'owok ne vōwal nom tek so dine le no kamak van kal dim 'awi no sire so no ga 'oqo,#	ba	=n	'owo	-k	ne	vōwal	no	=m	tēk	so	#	di	ne	le	no	#	kamak	van	kal	#	di	=m	'awi	no	#	sirē	so	no	ga	'oqo,#	but	=ART	different.sex.sibling	-1SG	NUM.ART	NUM-one	1SG	=TAM1	speak	QUOT	#	3SG	TAM2:3SG	transfer	1SG	#	1PL.EX:TAM2	go	up	#	3SG	=TAM1	dislike	1SG	#	for	CPL	1SG	STAT	pregnant,"But one of my brothers, I said that he should take me so that we go there, he didn't want me because I was pregnant.'",en,WORD_ALIGNED,,hhak_mp3 hhak_wav hhak_eaf hhak_xml hhak_tsv,,244404,252301,##ds	other	=ln	np.h:dt	-rn_pro.1:poss	rn	rn	pro.1:s_ds	=lv	v:pred	other	#ds_cc	pro.h:a	lv-pro_h_a	v:pred	pro.1:p	#ds_cc	pro.1:s	v:pred	rv	##ds	pro.h:a	=lv	v:pred	pro.1:p	#ds_ac	other	other	pro.1:s	lv	v:pred,,hhak,∅	∅	∅	bridging	∅	∅	∅	∅	∅	∅	∅	∅	∅	∅	∅	∅	∅	bridging	∅	∅	∅	∅	∅	∅	∅	∅	∅	∅	∅	∅	∅,∅	∅	∅	5034	5015	∅	∅	5015	∅	∅	∅	∅	5034	∅	∅	5015	∅	5035	∅	∅	∅	5034	∅	∅	5015	∅	∅	∅	5015	∅	∅,∅	∅	∅	5034	5015	∅	∅	5015	∅	∅	∅	∅	5034	∅	∅	5015	∅	5035	∅	∅	∅	5034	∅	∅	5015	∅	∅	∅	5015	∅	∅
hhak_0056,mcveraa,'alē dim ...,#	'alē	dim,#	alright	3SG=TAM1,...,en,WORD_ALIGNED,,hhak_mp3 hhak_wav hhak_eaf hhak_xml hhak_tsv,,252301,255135,#nc	nc	nc,,hhak,∅	∅	∅,∅	∅	∅,∅	∅	∅
hhak_0057,mcveraa,so oo ga itok,#	ZERO	so	#	oo	ga	itok,#	ZERO	QUOT	#	no	STAT	good,'Alright.',en,MORPHEME_ALIGNED,,hhak_mp3 hhak_wav hhak_eaf hhak_xml hhak_tsv,,255135,256410,##	0.h:s	other:pred	##ds	other	lv	v:pred,,hhak,∅	∅	∅	∅	∅	∅	∅,∅	5015	∅	∅	∅	∅	∅,∅	5015	∅	∅	∅	∅	∅
hhak_0058,mcveraa,so ban 'ama' kurkur ne 'og'og kivie so oo di ga van deln̄en Vunu Lava,#	ZERO	so	#	ba	=n	'ama'	kurkur	ne	'ōg'ōg	kiviē	#	ZERO	so	#	oo	di	ga	van	deln̄e	=n	Vunu	Lava,#	ZERO	QUOT	#	but	=ART	devil	RED:devour	TAM2:3SG	RED:stay	where	#	ZERO	QUOT	#	no	3SG	STAT	go	around	=ART	Vunu	Lava,"'But the devouring devil lives where?' 'No, no, he wanders all around Vanua Lava.'",en,MORPHEME_ALIGNED,,hhak_mp3 hhak_wav hhak_eaf hhak_xml hhak_tsv,,256410,261091,##	0.h:s	other:pred	##ds	other	=ln	np.d:s	rn	lv-pro_d_s	v:pred	other:l	##	0.h:s	other:pred	##ds	other	pro.d:s	lv	v:pred	adp	=ln	pn_np:obl	rn,,hhak,∅	∅	∅	∅	∅	∅	∅	∅	∅	∅	∅	∅	∅	∅	∅	∅	∅	∅	∅	∅	∅	∅	∅,∅	5027	∅	∅	∅	∅	5001	∅	∅	∅	∅	∅	5015	∅	∅	∅	5001	∅	∅	∅	∅	5003	∅,∅	5027	∅	∅	∅	∅	5001	∅	∅	∅	∅	∅	5015	∅	∅	∅	5001	∅	∅	∅	∅	5003	∅
hhak_0059,mcveraa,so okay ga itok ba nik me 'es m̄as mumadu e vus,#	ZERO	so	#	okay	#	ga	itok	#	ba	nik	me	'es	m̄as	mu	-maduō	'e	vus,#	ZERO	QUOT	#	okay	#	STAT	good	#	but	2SG	ABIL1	carve	ABIL2	POSS.GEN	-1DL.EX	PART.ART	bow,"'Okay, that's alright. But can you cut us bow and arrow?'",en,MORPHEME_ALIGNED,,hhak_mp3 hhak_wav hhak_eaf hhak_xml hhak_tsv,,261091,264599,##	0.h:s	other:pred	##ds	other	##ds	lv	v:pred	##ds	other	pro.2:a	lv	v:pred	rv	rv	-rv_pro.1:poss	ln	np:p,,hhak,∅	∅	∅	∅	∅	∅	∅	∅	∅	∅	∅	∅	∅	∅	∅	∅	∅	new,∅	5027	∅	∅	∅	∅	∅	∅	∅	∅	5015	∅	∅	∅	∅	5027	∅	5036,∅	5027	∅	∅	∅	∅	∅	∅	∅	∅	5015	∅	∅	∅	∅	5027	∅	5036
hhak_0060,mcveraa,so 'e'e e 'es ēn murun vus durum 'ogo 'ogo 'ogo duruk vanēk karkar gor'ōl e mes van kal ma 'o'ogo so ba nik me 'es m̄as komadu e nak susuō,#	ZERO	so	#	'e'e	#	e	ZERO	'es	ēn	mu	-ru	=n	vus	#	duru	=m	'ōgo	'ōgo	'ōgo	#	duru	=k	van	#	ZERO	=ēk	karkar	go	-r'ōl	ēn	mes	#	ZERO	van	kal	ma	#	ZERO	'o'ōgo	#	ZERO	so	#	ba	nik	me	'es	m̄as	ko	-madu	'e	nak	su-suō,#	ZERO	QUOT	#	yes	#	DISC	ZERO	carve	ART	POSS.GEN	-3DL	=ART	bow	#	3DL	=TAM1	stay	stay	stay	#	3DL	=TAM2	go	#	ZERO	=TAM2	RED:shoot	POSS.EAT	-3TL	ART	fish	#	ZERO	go	up	hither	#	ZERO	RED-stay	#	ZERO	QUOT	#	but	2SG	ABIL1	carve	ABIL2	POSS.VES	-1DL.EX	PART.ART	canoe	RED-paddle,"'Yes.' Cut them bow and arrow. The two stayed like this on and on, the two went and shot fish for the three of them, came upwards, stayed like this: 'But can you cut us a canoe?'",en,WORD_ALIGNED,,hhak_mp3 hhak_wav hhak_eaf hhak_xml hhak_tsv,,264599,277324,##	0.h:s	other:pred	##ds	other:pred	##	other	0.h:a	v:pred	ln	ln	-ln_pro.h:poss	=rn	np:p	##	pro.h:s	=lv	v:pred	nc	nc	##	pro.h:s	=lv	v:pred	##	0.h:a	=lv	v:pred	ln	-ln_pro.h:poss	ln	np:p	##	0.h:s	v:pred	rv	rv	##	0.h:s	v:pred	##	0.h:s	other:pred	##ds	other	pro.2:a	lv	v:pred	rv	ln	-ln_pro.1:poss	ln	np:p	rn,,hhak,∅	∅	∅	∅	∅	∅	∅	∅	∅	∅	∅	∅	∅	∅	∅	∅	∅	∅	∅	∅	∅	∅	∅	∅	∅	∅	∅	∅	∅	∅	∅	new	∅	∅	∅	∅	∅	∅	∅	∅	∅	∅	∅	∅	∅	∅	∅	∅	∅	∅	∅	∅	new	∅,∅	5015	∅	∅	∅	∅	∅	5015	∅	∅	∅	5027	∅	5036	∅	5027	∅	∅	∅	∅	∅	5027	∅	∅	∅	5027	∅	∅	∅	5028	∅	5037	∅	5027	∅	∅	∅	∅	5028	∅	∅	5027	∅	∅	∅	5015	∅	∅	∅	∅	5027	∅	5038	∅,∅	5015	∅	∅	∅	∅	∅	5015	∅	∅	∅	5027	∅	5036	∅	5027	∅	∅	∅	∅	∅	5027	∅	∅	∅	5027	∅	∅	∅	5028	∅	5037	∅	5027	∅	∅	∅	∅	5028	∅	∅	5027	∅	∅	∅	5015	∅	∅	∅	∅	5027	∅	5038	∅
hhak_0061,mcveraa,so 'e'e ga itok no me 'es m̄as komru e nak susuō,#	ZERO	so	#	'e'e	#	ga	itok	#	no	me	'es	m̄as	ko	-mru	'e	nak	su-suō,#	ZERO	QUOT	#	yes	#	STAT	good	#	1SG	ABIL1	carve	ABIL2	POSS.VES	-2DL	PART.ART	canoe	RED-paddle,"'Yes, that's all right. I can cut a canoe for you.'",en,MORPHEME_ALIGNED,,hhak_mp3 hhak_wav hhak_eaf hhak_xml hhak_tsv,,277324,281071,##	0.h:s	other:pred	##ds	other:pred	##ds	lv	v:pred	##ds	pro.1:a	lv	v:pred	rv	ln	-ln_pro.1:poss	ln	np:p	rn,,hhak,∅	∅	∅	∅	∅	∅	∅	∅	∅	∅	∅	∅	∅	∅	∅	∅	∅	∅,∅	5015	∅	∅	∅	∅	∅	∅	∅	5015	∅	∅	∅	∅	5027	∅	5038	∅,∅	5015	∅	∅	∅	∅	∅	∅	∅	5015	∅	∅	∅	∅	5027	∅	5038	∅
hhak_0062,mcveraa,'alē ne 'es ēn korun nak susuō,#	alē	ZERO	ne	'es	ēn	ko	-ru	=n	nak	su-suō,#	alright	ZERO	TAM2:3SG	carve	ART	POSS.VES	-3DL	=ART	canoe	RED-paddle,"Alright, then she cut a canoe for them.",en,MORPHEME_ALIGNED,,hhak_mp3 hhak_wav hhak_eaf hhak_xml hhak_tsv,,281071,284477,##	other	0.h:a	lv-pro_h_a	v:pred	ln	ln	-ln_pro.h:poss	=ln	np:p	rn,,hhak,∅	∅	∅	∅	∅	∅	∅	∅	∅	∅	∅,∅	∅	5015	∅	∅	∅	∅	5027	∅	5038	∅,∅	∅	5015	∅	∅	∅	∅	5027	∅	5038	∅
hhak_0063,mcveraa,qōn̄ ne vōwal dine tek mē duru so,#	qōn̄	ne	vō-wal	di	ne	tēk	mē	duru	so,#	night	NUM.ART	NUM-one	3SG	TAM2:3SG	speak	DAT	3DL	QUOT,"One day, she said to them:",en,MORPHEME_ALIGNED,,hhak_mp3 hhak_wav hhak_eaf hhak_xml hhak_tsv,,284477,288231,##	np:other	rn	rn	pro.h:s_ds	lv-pro_h_s_ds	v:pred	adp	pro.h:g	other,,hhak,∅	∅	∅	∅	∅	∅	∅	∅	∅	∅,∅	∅	∅	∅	5015	∅	∅	∅	5027	∅,∅	∅	∅	∅	5015	∅	∅	∅	5027	∅
hhak_0064,mcveraa,duruk tek mē di so kamaduk vanēk gogo,#	duru	=k	tēk	mē	di	so	#	kamadu	=k	van	#	ZERO	=ēk	go-go',#	3DL	=TAM2	speak	DAT	3SG	QUOT	#	1DL.EX	=TAM2	go	#	ZERO	=TAM2	RED-hook,They said to her: 'We're going hooking.',en,MORPHEME_ALIGNED,,hhak_mp3 hhak_wav hhak_eaf hhak_xml hhak_tsv,,288231,291446,##	pro.h:s_ds	=lv	v:pred	adp	pro.h:g	other	##ds	pro.1:s	=lv	v:pred	##ds	0.1:s	=lv	v:pred,,hhak,∅	∅	∅	∅	∅	∅	∅	∅	∅	∅	∅	∅	∅	∅	∅,∅	5027	∅	∅	∅	5015	∅	∅	5027	∅	∅	∅	5027	∅	∅,∅	5027	∅	∅	∅	5015	∅	∅	5027	∅	∅	∅	5027	∅	∅
hhak_0065,mcveraa,so okay ga itok,#	ZERO	so	#	okay	#	ga	itok,#	ZERO	QUOT	#	okay	#	STAT	good,'Alright.',en,MORPHEME_ALIGNED,,hhak_mp3 hhak_wav hhak_eaf hhak_xml hhak_tsv,,291446,293429,##	0.h:s	other:pred	##ds	other:pred	##ds	lv	v:pred,,hhak,∅	∅	∅	∅	∅	∅	∅	∅,∅	5015	∅	∅	∅	∅	∅	∅,∅	5015	∅	∅	∅	∅	∅	∅
hhak_0066,mcveraa,[UNCLEAR] kumru wom van,#	ZERO	so	#	kumru	wo	=m	van,#	ZERO	QUOT	#	2DL	and	=TAM1	go,When you go,en,MORPHEME_ALIGNED,,hhak_mp3 hhak_wav hhak_eaf hhak_xml hhak_tsv,,293429,295527,##	0.h:s	other:pred	##ds	pro.2:s	other	=lv	v:pred,,hhak,∅	∅	∅	∅	∅	∅	∅	∅,∅	5015	∅	∅	5027	∅	∅	∅,∅	5015	∅	∅	5027	∅	∅	∅
hhak_0067,mcveraa,kumru me rōn̄rōn̄ gōr kel no ma sire den ēn 'ama' kurkur ne van ma sir no,#	kumru	me	rōn̄rōn̄	gōr	kel	no	ma	#	sirē	den	ēn	'ama'	kurkur	ne	van	ma	sir	no,#	2DL	FUT	RED:feel	secure	back	1SG	hither	#	for	ABL	ART	devil	RED:devour	TAM2:3SG	go	hither	for	1SG,you will have an ear on me back here because the devouring devil could come for me.',en,MORPHEME_ALIGNED,,hhak_mp3 hhak_wav hhak_eaf hhak_xml hhak_tsv,,295527,300531,##ds	pro.2:a	lv	v:pred	rv	rv	pro.1:p	rv	#ds_ac	other	other	ln	np.d:s	rn	lv-pro_h_s	v:pred	rv	adp	pro.1:g,,hhak,∅	∅	∅	∅	∅	∅	∅	∅	∅	∅	∅	∅	∅	∅	∅	∅	∅	∅	∅,∅	5027	∅	∅	∅	∅	5015	∅	∅	∅	∅	∅	5001	∅	∅	∅	∅	∅	5015,∅	5027	∅	∅	∅	∅	5015	∅	∅	∅	∅	∅	5001	∅	∅	∅	∅	∅	5015
hhak_0068,mcveraa,so ga itok,#	ZERO	so	#	ga	itok,#	ZERO	QUOT	#	STAT	good,'Alright.',en,MORPHEME_ALIGNED,,hhak_mp3 hhak_wav hhak_eaf hhak_xml hhak_tsv,,300531,301672,##	0.h:s	other:pred	##ds	lv	v:pred,,hhak,∅	∅	∅	∅	∅	∅,∅	5027	∅	∅	∅	∅,∅	5027	∅	∅	∅	∅
hhak_0069,mcveraa,'alēn son e ruwa m̄ērm̄̄erē 'anē ge'ew'in sogi e Mulēmulēo ge'ew'in sogi Mulēmulēmarinō,#	alē	=n	son	e	ruwa	m̄ērm̄̄erē	anē	ge	'ew'i	=n	so	-gi	e	Mulēmulēo	#	ge	'ew'i	=n	so	-gi	Mulēmulēmarinō,#	alright	=ART	CPL=ART	PERS.ART	two.people	kid	DEM1.A	THING	other	=ART	name	-3SG	PERS.ART	Mulēmulēo	#	THING	other	=ART	name	-3SG	Mulēmulēmarinō,"Alright, the names of these two children, the one, his name is Mule2mule2o, the other, his name is Mule2mule2marino2.",en,WORD_ALIGNED,,hhak_mp3 hhak_wav hhak_eaf hhak_xml hhak_tsv,,301672,310237,##	other	nc	nc	ln	ln	np.h:dt	rn_dem1	np.h:dt_poss	rn	=ln	np:s	-rn_pro.h:poss	ln	pn_np:pred	##	np.h:dt_poss	rn	=ln	np:s	-rn_pro.h:poss	pn_np:pred,,hhak,∅	∅	∅	∅	∅	∅	∅	∅	bridging	∅	∅	bridging	∅	∅	∅	∅	bridging	∅	∅	bridging	∅	∅,∅	∅	∅	∅	∅	∅	5027	∅	5039	∅	∅	5040	5039	∅	∅	∅	5041	∅	∅	5042	5041	∅,∅	∅	∅	∅	∅	∅	5027	∅	5039	∅	∅	5040	5039	∅	∅	∅	5041	∅	∅	5042	5041	∅
hhak_0070,mcveraa,'alē duruk kalraka ne ... direm 'o'ogo ne revrev duruk van va'agēn van lēn gogo,#	alē	duru	=k	kalraka	ne	#	dir	=ēm	'ō-'ōgo	#	ne	revrev	#	duru	=k	van	va'agēn	#	ZERO	van	lē	=n	go-go',#	alright	3DL	=TAM2	get.up	TAM2:3SG	#	3PL	=TAM1	RED-stay	#	TAM2:3SG	evening	#	3DL	=TAM2	go	TEMP.DEM2	#	ZERO	go	LOC	=ART	RED-hook,"Alright, the two got up ... They stayed like this, and when it got evening, the two went. Went hooking.",en,MORPHEME_ALIGNED,,hhak_mp3 hhak_wav hhak_eaf hhak_xml hhak_tsv,,310237,316238,##	other	pro.h:s	=lv	v:pred	nc	##	pro.h:s	=lv	v:pred	##	lv-pro_s	v:pred	##	pro.h:s	=lv	v:pred	other	##	0.h:s	v:pred	adp	=ln	np:g,,hhak,∅	∅	∅	∅	∅	∅	∅	∅	∅	∅	∅	∅	∅	∅	∅	∅	∅	∅	∅	∅	∅	∅	∅	∅,∅	∅	5027	∅	∅	∅	∅	5028	∅	∅	∅	∅	∅	∅	5027	∅	∅	∅	∅	5027	∅	∅	∅	∅,∅	∅	5027	∅	∅	∅	∅	5028	∅	∅	∅	∅	∅	∅	5027	∅	∅	∅	∅	5027	∅	∅	∅	∅
hhak_0071,mcveraa,durum len korun nak... len vus len korun nak susuōn 'erē wo'iqē duruk van,#	duru	=m	le	=n	ko	-ru	=n	nak	#	ZERO	le	=n	vus	#	ZERO	le	=n	ko	-ru	=n	nak	su-suō	=n	'erē	wo'iqē	#	duru	=k	van,#	3DL	=TAM1	transfer	=ART	POSS.VES	-3DL	=ART	canoe	#	ZERO	transfer	=ART	bow	#	ZERO	transfer	=ART	POSS.VES	-3DL	=ART	canoe	RED-paddle	=ART	PL	arrow	#	3DL	=TAM2	go,"The two took their ... took bows, took their canoe, the arrows, then the two went.",en,MORPHEME_ALIGNED,,hhak_mp3 hhak_wav hhak_eaf hhak_xml hhak_tsv,,316238,321183,##	pro.h:a	=lv	v:pred	=ln	ln	-ln_pro.h:poss	=ln	np:p	##	0.h:a	v:pred	=ln	np:p	##	0.h:a	v:pred	=ln	ln	-ln_pro.h:poss	=ln	np:p	rn	=rn	rn	rn	##	pro.h:s	=lv	v:pred,,hhak,∅	∅	∅	∅	∅	∅	∅	∅	∅	∅	∅	∅	∅	∅	∅	∅	∅	∅	∅	∅	∅	∅	∅	∅	∅	bridging	∅	∅	∅	∅,∅	5027	∅	∅	∅	5027	5027	∅	5038	∅	5027	∅	∅	5036	∅	5027	∅	∅	∅	5027	∅	5038	∅	∅	∅	5044	∅	5027	∅	∅,∅	5027	∅	∅	∅	5027	5027	∅	5038	∅	5027	∅	∅	5036	∅	5027	∅	∅	∅	5027	∅	5038	∅	∅	∅	5044	∅	5027	∅	∅
hhak_0072,mcveraa,van rōw 'alo rēv sur ēn nak susuō duruk van,#	ZERO	van	rōw	a	lo	#	ZERO	rēv	sur	ēn	nak	su-suō	#	duru	=k	van,#	ZERO	go	seawards	LOC.SP	seaside	#	ZERO	drag	down	ART	canoe	RED-paddle	#	3DL	=TAM2	go,"Went down to the sea, dragged down the canoe, then the two went.",en,MORPHEME_ALIGNED,,hhak_mp3 hhak_wav hhak_eaf hhak_xml hhak_tsv,,321183,324486,##	0.h:s	v:pred	rv	adp	np:g	##	0.h:a	v:pred	rv	ln	np:p	rn	##	pro.h:s	=lv	v:pred,,hhak,∅	∅	∅	∅	∅	unused	∅	∅	∅	∅	∅	∅	∅	∅	∅	∅	∅,∅	5027	∅	∅	∅	5045	∅	5027	∅	∅	∅	5038	∅	∅	5027	∅	∅,∅	5027	∅	∅	∅	5045	∅	5027	∅	∅	∅	5038	∅	∅	5027	∅	∅
hhak_0073,mcveraa,durum van rōw salsal 'i lēn lama,#	duru	=m	van	rōw	#	ZERO	salsal	'i	lē	=n	lama,#	3DL	=TAM1	go	seawards	#	ZERO	RED:float	DEL	LOC	=ART	ocean,"The two went out, floated in the open sea.",en,MORPHEME_ALIGNED,"The second clause is considered here making a statement about the characters position rather than their floating, hence the PP is considered an argument here.",hhak_mp3 hhak_wav hhak_eaf hhak_xml hhak_tsv,,324486,327336,##	pro.h:s	=lv	v:pred	rv	##	0.h:s	v:pred	rv	adp	=ln	np:l,,hhak,∅	∅	∅	∅	∅	∅	∅	∅	∅	∅	∅	unused,∅	5027	∅	∅	∅	∅	5027	∅	∅	∅	∅	5046,∅	5027	∅	∅	∅	∅	5027	∅	∅	∅	∅	5046
hhak_0074,mcveraa,salsal 'i lēn lama rōn̄ sar lēn n̄ērē'iē,#	ZERO	salsal	'i	lē	=n	lama	#	ZERO	rōn̄	sar	lē	=n	n̄ērē'iē,#	ZERO	RED:float	DEL	LOC	=ART	ocean	#	ZERO	feel	bushwards	LOC	=ART	coast,"While floating in the open sea, (they) listened landwards to the shore.",en,MORPHEME_ALIGNED,,hhak_mp3 hhak_wav hhak_eaf hhak_xml hhak_tsv,,327336,330280,##	0.h:s	v:pred	rv	adp	=ln	np:l	##	0.h:s	v:pred	rv	adp	=ln	np:g,,hhak,∅	∅	∅	∅	∅	∅	∅	∅	∅	∅	∅	∅	∅	unused,∅	5027	∅	∅	∅	∅	5046	∅	5027	∅	∅	∅	∅	5047,∅	5027	∅	∅	∅	∅	5046	∅	5027	∅	∅	∅	∅	5047
hhak_0075,mcveraa,duruk gogo e rōn̄ wuvan lasbon,#	duru	=k	go-go'	#	e	ZERO	rōn̄	wuva	#	=n	lasbon,#	3DL	=TAM2	RED-hook	#	DISC	ZERO	feel	only	#	=ART	younger.sib,"Then they hooked, just heard, the lastborn",en,MORPHEME_ALIGNED,,hhak_mp3 hhak_wav hhak_eaf hhak_xml hhak_tsv,,330280,334307,##	pro.h:s	=lv	v:pred	##	other	0.h:s	v:pred	other	##	=ln	np.h:s_ds,,hhak,∅	∅	∅	∅	∅	∅	∅	∅	∅	∅	∅	∅,∅	5027	∅	∅	∅	∅	5027	∅	∅	∅	∅	5039,∅	5027	∅	∅	∅	∅	5027	∅	∅	∅	∅	5039
hhak_0076,mcveraa,ne te2k so hei Marino rōn̄ sare2 lēn ... rōn̄ sarē n,ne	tēk	so	#	hei	Marino	#	ZERO	rōn̄	sarē	lēn	#	rōn̄	sarē	ēn,TAM2:3SG	speak	QUOT	#	INTERJ	Marino	#	ZERO	feel	bushwards	LOC=ART	#	feel	bushwards	ART,"said: 'Hey, Marino, listen landwards.",en,WORD_ALIGNED,,hhak_mp3 hhak_wav hhak_eaf hhak_xml hhak_tsv,,334307,341056,lv-pro_h_s_ds	v:pred	other	##ds	other	pn_np.h:voc	##ds	0.2:s	vother:pred	other:g	nc	#nc	nc	nc	nc,,hhak,∅	∅	∅	∅	∅	∅	∅	∅	∅	∅	∅	∅	∅	∅	∅,∅	∅	∅	∅	∅	5041	∅	5041	∅	∅	∅	∅	∅	∅	∅,∅	∅	∅	∅	∅	5041	∅	5041	∅	∅	∅	∅	∅	∅	∅
hhak_0077,mcveraa,nok rōn̄ 'i son qorotot e ote ne sursur ēn nes,#	no	=k	rōn̄	'i	#	so	=n	qorotot	#	e	ote	ne	sursur	ēn	nes,#	1SG	=TAM2	feel	DEL	#	CPL	=ART	noise	#	PERS.ART	mum	TAM2:3SG	RED:sing	ART	song,"I hear noise, mum is singing a song.",en,MORPHEME_ALIGNED,,hhak_mp3 hhak_wav hhak_eaf hhak_xml hhak_tsv,,341056,343750,##ds	pro.1:s	=lv	v:pred	rv	#ds_cc	other	=ln	np:pred	##ds	ln	np.h:a	lv-pro_h_a	v:pred	ln	np:p,,hhak,∅	∅	∅	∅	∅	∅	∅	∅	new	∅	∅	∅	∅	∅	∅	new,∅	5039	∅	∅	∅	∅	∅	∅	5048	∅	∅	5015	∅	∅	∅	5049,∅	5039	∅	∅	∅	∅	∅	∅	5048	∅	∅	5015	∅	∅	∅	5049
hhak_0078,mcveraa,wunva,#	wunva,#	probably,maybe...',en,MORPHEME_ALIGNED,,hhak_mp3 hhak_wav hhak_eaf hhak_xml hhak_tsv,,343750,344824,#nc	nc,,hhak,∅	∅,∅	∅,∅	∅
hhak_0079,mcveraa,e 'm ... mm Mulē... Mulēo so 'oo n,e	'm	mm—	Mulē—	#	Mulēo	so	#	'oo	#	n,PERS.ART	HES	NC	NC	#	Mulēo	QUOT	#	no	#	ART,...,en,MORPHEME_ALIGNED,,hhak_mp3 hhak_wav hhak_eaf hhak_xml hhak_tsv,,344824,352072,nc	nc	nc	nc	##	pn_np.h:s	other:pred	##ds	other	#nc	nc,,hhak,∅	∅	∅	∅	∅	∅	∅	∅	∅	∅	∅,∅	∅	∅	∅	∅	∅	∅	∅	∅	∅	∅,∅	∅	∅	∅	∅	∅	∅	∅	∅	∅	∅
hhak_0080,mcveraa,n... e Mulē... Marino ne tek mē di so oon ner n ner ne ... n lan̄ ne vever ēn ner n ner ne dan qorotot,n—	e	Mulē—	#	Marino	ne	tēk	mē	di	so	#	oo	ZERO	=n	ner	#	n	ner	ne	#	n	lan̄	ne	vever	ēn	ner	#	n	ner	ne	da	=n	qorotot,NC	PERS.ART	NC	#	Marino	TAM2:3SG	speak	DAT	3SG	QUOT	#	no	ZERO	=ART	seaoak	#	ART	seaoak	TAM2:3SG	#	ART	wind	TAM2:3SG	RED-blow	ART	seaoak	#	ART	seaoak	TAM2:3SG	do	=ART	noise,"Then Marino said to him: 'No, it's the seaoaks. The wind is shaking the seaoaks, and the seaoaks are making a noise.'",en,WORD_ALIGNED,,hhak_mp3 hhak_wav hhak_eaf hhak_xml hhak_tsv,,352072,359955,nc	nc	nc	##	pn_np.h:s_ds	lv-pro_h_s_ds	v:pred	adp	pro.h:g	other	##ds	other	0:s	=ln	np:pred	#nc	nc	nc	nc	##ds	ln	np:a	lv-pro_a	v:pred	ln	np:p	##ds	ln	np:a	lv-pro_a	v:pred	=ln	np:p,,hhak,∅	∅	∅	∅	∅	∅	∅	∅	∅	∅	∅	∅	∅	∅	∅	∅	∅	∅	∅	∅	∅	unused	∅	∅	∅	new	∅	∅	∅	∅	∅	∅	∅,∅	∅	∅	∅	5041	∅	∅	∅	5039	∅	∅	∅	5048	∅	∅	∅	∅	∅	∅	∅	∅	5050	∅	∅	∅	5051	∅	∅	5051	∅	∅	∅	5048,∅	∅	∅	∅	5041	∅	∅	∅	5039	∅	∅	∅	5048	∅	∅	∅	∅	∅	∅	∅	∅	5050	∅	∅	∅	5051	∅	∅	5051	∅	∅	∅	5048
hhak_0081,mcveraa,so 'o gēduk sal duk rōn̄da,#	ZERO	so	#	'o	gidu	=k	sal	#	du	=k	rōn̄da,#	ZERO	QUOT	#	INTERJ	1DL.IN	=TAM2	float	#	1DL.IN	=TAM2	listen,"'No, while we are floating (here), we should listen to it.'",en,MORPHEME_ALIGNED,,hhak_mp3 hhak_wav hhak_eaf hhak_xml hhak_tsv,,359955,362545,##	0.h:s	other:pred	##ds	other	pro.1:s	=lv	v:pred	##ds	wpro.1:s	=lv	v:pred,,hhak,∅	∅	∅	∅	∅	∅	∅	∅	∅	∅	∅	∅,∅	5039	∅	∅	∅	5027	∅	∅	∅	5027	∅	∅,∅	5039	∅	∅	∅	5027	∅	∅	∅	5027	∅	∅
hhak_0082,mcveraa,so 'o gogo den gogo den,#	ZERO	so	#	'o	#	ZERO	go-go'	den	#	ZERO	gogo'	den,#	ZERO	QUOT	#	INTERJ	#	ZERO	RED:hook	ABL	#	ZERO	RED:hook	ABL,"'No, let's just hook, let's just hook.'",en,WORD_ALIGNED,,hhak_mp3 hhak_wav hhak_eaf hhak_xml hhak_tsv,,362545,364078,##	0.h:s	other:pred	##ds	other	##ds	0.2:s	vother:pred	rv	##ds	0.2:s	vother:pred	rv,,hhak,∅	∅	∅	∅	∅	∅	∅	∅	∅	∅	∅	∅	∅,∅	5041	∅	∅	∅	∅	5039	∅	∅	∅	5039	∅	∅,∅	5041	∅	∅	∅	∅	5039	∅	∅	∅	5039	∅	∅
hhak_0083,mcveraa,duruk salsal 'ik rōn̄,#	duru	=k	salsal	'i	#	ZERO	=k	rōn̄,#	3DL	=TAM2	RED:float	DEL	#	ZERO	=TAM2	feel,Then the two were floating there and listening.,en,MORPHEME_ALIGNED,,hhak_mp3 hhak_wav hhak_eaf hhak_xml hhak_tsv,,364078,366299,##	pro.h:s	=lv	v:pred	rv	##	0.h:s	=lv	v:pred,,hhak,∅	∅	∅	∅	∅	∅	∅	∅	∅,∅	5027	∅	∅	∅	∅	5027	∅	∅,∅	5027	∅	∅	∅	∅	5027	∅	∅
hhak_0084,mcveraa,'o sursur ēn nes,#	'o	ZERO	sursur	ēn	nes,#	INTERJ	ZERO	RED:sing	ART	song,"No, is singing a song.",en,MORPHEME_ALIGNED,,hhak_mp3 hhak_wav hhak_eaf hhak_xml hhak_tsv,,366299,369169,##ds	other	0.h:a	v:pred	ln	np:p,,hhak,∅	∅	∅	∅	∅	∅,∅	∅	5015	∅	∅	5049,∅	∅	5015	∅	∅	5049
hhak_0085,mcveraa,'alē Mari... Mulē... Mulēmulēo ne tek mēn e Mulēmarino so,#	alē	Mari—	Mulē—	Mulēmulēo	ne	tēk	mē-n	e	Mulēmarino	so,#	alright	NC	NC	Mulēmulēo	TAM2:3SG	speak	DAT-CS	PERS.ART	Mulēmarino	QUOT,Mule2mul2o said to Mule2marino:,en,MORPHEME_ALIGNED,,hhak_mp3 hhak_wav hhak_eaf hhak_xml hhak_tsv,,369169,375243,##	other	nc	nc	pn_np.h:s_ds	lv-pro_h_s_ds	v:pred	adp	ln	pn_np.h:g	other,,hhak,∅	∅	∅	∅	∅	∅	∅	∅	∅	∅	∅,∅	∅	∅	∅	5039	∅	∅	∅	∅	5041	∅,∅	∅	∅	∅	5039	∅	∅	∅	∅	5041	∅
hhak_0086,mcveraa,Marino rōn̄ 'i nēn nes e ote sas sursur ēn nes 'anē so 'o n ner ēn ner,#	Marino	ZERO	rōn̄	'i	#	nē	=n	nes	#	e	ote	sa	=s	sursur	ēn	nes	anē	#	ZERO	so	#	'o	ZERO	=n	ner	ēn	ner,#	Marino	ZERO	feel	DEL	#	DEM1	=ART	song	#	PERS.ART	mum	EMPH	=SIM	RED:sing	ART	song	DEM1.A	#	ZERO	QUOT	#	INTERJ	ZERO	=ART	seaoak	ART	seaoak,"'Marino, listen, a song, it's mum who is singing this song.' 'Oh, (it's) the seaoaks, the seaoaks.",en,MORPHEME_ALIGNED,,hhak_mp3 hhak_wav hhak_eaf hhak_xml hhak_tsv,,375243,380622,##ds	pn_np.h:voc	0.2:s	vother:pred	rv	##ds	dem1_pro:s	=ln	np:pred	##ds	ln	np.h:a	other	=lv	v:pred	ln	np:p	rn_dem1	##	0.h:s	other:pred	##ds	other	0:s	=ln	np:pred	nc	nc_np,,hhak,∅	∅	∅	∅	∅	∅	∅	∅	∅	∅	∅	∅	∅	∅	∅	∅	∅	∅	∅	∅	∅	∅	∅	∅	∅	∅	∅	∅,∅	5041	5041	∅	∅	∅	5048	∅	5049	∅	∅	5015	∅	∅	∅	∅	5049	∅	∅	5039	∅	∅	∅	5048	∅	5051	∅	5051,∅	5041	5041	∅	∅	∅	5048	∅	5049	∅	∅	5015	∅	∅	∅	∅	5049	∅	∅	5039	∅	∅	∅	5048	∅	5051	∅	5051
hhak_0087,mcveraa,en masōgin lan̄ ne ver ēn ner n ner ne dan qorotot,#	e	=n	masōgi	=n	lan̄	ne	ver	ēn	ner	#	n	ner	ne	da	=n	qorotot,#	DISC	=ART	time	=ART	wind	TAM2:3SG	blow	ART	seaoak	#	ART	seaoak	TAM2:3SG	do	=ART	noise,"When the wind is shaking the seaoaks, the seaoaks make noise.'",en,MORPHEME_ALIGNED,,hhak_mp3 hhak_wav hhak_eaf hhak_xml hhak_tsv,,380622,385379,##ds	other	=ln	np:other	=ln	np:a	lv-pro_a	v:pred	ln	np:p	##ds	ln	np:a	lv-pro_a	v:pred	=ln	np:p,,hhak,∅	∅	∅	∅	∅	∅	∅	∅	∅	∅	∅	∅	∅	∅	∅	∅	∅,∅	∅	∅	∅	∅	5050	∅	∅	∅	5051	∅	∅	5051	∅	∅	∅	5048,∅	∅	∅	∅	∅	5050	∅	∅	∅	5051	∅	∅	5051	∅	∅	∅	5048
hhak_0088,mcveraa,'a logi so duru so o e Mulēo so qe'i gēduk sal rōn̄ gēduk rōn̄da,#	'alo-gi	so	duru	so	o	#	e	Mulēo	so	#	qe'i	#	gidu	=k	sal	rōn̄	#	gidu	=k	rōn̄da,#	inner-3SG	QUOT	3DL	QUOT	INTERJ	#	PERS.ART	Mulēo	QUOT	#	for.a.moment	#	1DL.IN	=TAM2	float	calm	#	1DL.IN	=TAM2	listen,"Mule2o said: 'Wait, let's float quietly and listen carefully.'",en,MORPHEME_ALIGNED,,hhak_mp3 hhak_wav hhak_eaf hhak_xml hhak_tsv,,385379,390441,#nc	nc	nc	nc	nc	nc	##	ln	pn_np.h:s	other:pred	##ds	other:pred	##ds	pro.1:s	=lv	v:pred	rv	##ds	pro.1:s	=lv	v:pred,,hhak,∅	∅	∅	∅	∅	∅	∅	∅	∅	∅	∅	∅	∅	∅	∅	∅	∅	∅	∅	∅	∅,∅	∅	∅	∅	∅	∅	∅	∅	5039	∅	∅	∅	∅	5027	∅	∅	∅	∅	5027	∅	∅,∅	∅	∅	∅	∅	∅	∅	∅	5039	∅	∅	∅	∅	5027	∅	∅	∅	∅	5027	∅	∅
hhak_0089,mcveraa,e duruk sal rōrōn̄ duruk sal rōrōn̄ 'anē,#	e	duru	=k	sal	rō-rōn̄	#	duru	=k	sal	rō-rōn̄	anē,#	DISC	3DL	=TAM2	float	RED-calm	#	3DL	=TAM2	float	RED-calm	DEM1.A,"So then the two floated quietly, and when the two floated quietly,",en,MORPHEME_ALIGNED,,hhak_mp3 hhak_wav hhak_eaf hhak_xml hhak_tsv,,390441,393533,##	other	pro.h:s	=lv	v:pred	rv	##	pro.h:s	=lv	v:pred	rv	rn_dem1,,hhak,∅	∅	∅	∅	∅	∅	∅	∅	∅	∅	∅	∅,∅	∅	5027	∅	∅	∅	∅	5027	∅	∅	∅	∅,∅	∅	5027	∅	∅	∅	∅	5027	∅	∅	∅	∅
hhak_0090,mcveraa,rōn̄ sarē ote muru ne surusur ēn nes va'anē,#	ZERO	rōn̄	sarē	#	ote	mu	-ru	ne	sursur	ēn	nes	va'anē,#	ZERO	feel	bushwards	#	mum	POSS.GEN	-3DL	TAM2:3SG	RED:sing	ART	song	TEMP.DEM1,"listened landwards, their mum was singing a song now.",en,MORPHEME_ALIGNED,,hhak_mp3 hhak_wav hhak_eaf hhak_xml hhak_tsv,,393533,396674,##	0.h:s	v:pred	other:g	#cc	np.h:a	rn	-rn_pro.h:poss	lv-pro_h_a	v:pred	ln	np:p	other,,hhak,∅	∅	∅	∅	∅	∅	∅	∅	∅	∅	∅	∅	∅,∅	5027	∅	∅	∅	5015	∅	∅	∅	∅	∅	5049	∅,∅	5027	∅	∅	∅	5015	∅	∅	∅	∅	∅	5049	∅
hhak_0091,mcveraa,sur ēn nes lēn nes 'a bēne dim van esēgēn,#	ZERO	sur	ēn	nes	#	lē	=n	nes	'a	bēne	di	=m	van	esegēn,#	ZERO	sing	ART	song	#	LOC	=ART	song	ASS.SP	PRO.OBL	3SG	=TAM1	go	MAN.DEM2.E,"Sang a song, the song to it goes like this:",en,MORPHEME_ALIGNED,,hhak_mp3 hhak_wav hhak_eaf hhak_xml hhak_tsv,,396674,400567,##	0.h:a	v:pred	ln	np:p	##	adp	=ln	np:dt	rn	rn	pro:s	=lv	v:pred	other,,hhak,∅	∅	∅	∅	∅	∅	∅	∅	∅	∅	∅	∅	∅	∅	∅,∅	5015	∅	∅	5049	∅	∅	∅	5049	∅	∅	5049	∅	∅	∅,∅	5015	∅	∅	5049	∅	∅	∅	5049	∅	∅	5049	∅	∅	∅
hhak_0092,mcveraa,[SONG],NC,NC,[SONG],en,MORPHEME_ALIGNED,,hhak_mp3 hhak_wav hhak_eaf hhak_xml hhak_tsv,,400567,405856,nc,,hhak,∅,∅,∅
hhak_0093,mcveraa,[SONG],NC,NC,[SONG],en,MORPHEME_ALIGNED,,hhak_mp3 hhak_wav hhak_eaf hhak_xml hhak_tsv,,405856,410451,nc,,hhak,∅,∅,∅
hhak_0094,mcveraa,'alē dine le den ēn n mēdēr ne vowal kal lu ma sagē ne 'ēqēl suwō,#	alē	di	ne	le	den	ēn	n	mēdēr	ne	vowal	#	ZERO	kalu	ma	sagē	#	ZERO	ne	'ēqēl	suwō,#	alright	3SG	TAM2:3SG	transfer	ABL	ART	ART	rock	NUM.ART	NUM-one	#	ZERO	exit	hither	DIR<sag>	#	ZERO	TAM2:3SG	descend	DIR<suw>,"Then she removed one rock, came out and went down.",en,WORD_ALIGNED,,hhak_mp3 hhak_wav hhak_eaf hhak_xml hhak_tsv,,410451,417172,##	other	pro.d:a	lv-pro_h_a	v:pred	rv	ln	nc	np:p	rn	rn	##	0.h:s	v:pred	rv	other:g	##	0.d:s	lv-pro_d_s	v:pred	other:g,,hhak,∅	∅	∅	∅	∅	∅	∅	∅	bridging	∅	∅	∅	∅	∅	∅	∅	∅	∅	∅	∅	∅,∅	∅	5001	∅	∅	∅	∅	∅	5052	∅	∅	∅	5015	∅	∅	∅	∅	5001	∅	∅	∅,∅	∅	5001	∅	∅	∅	∅	∅	5052	∅	∅	∅	5015	∅	∅	∅	∅	5001	∅	∅	∅
hhak_0095,mcveraa,e ne kalraka durus salsal 'i durus rōn̄ ē sur lik ēn nes,#	e	ZERO	ne	kalraka	#	duru	=s	salsal	'i	#	duru	=s	rōn̄	#	ē	ZERO	sur	lik	ēn	nes,#	DISC	ZERO	TAM2:3SG	get.up	#	3DL	=SIM	RED:float	DEL	#	3DL	=SIM	feel	#	DISC	ZERO	sing	more	ART	song,"Then got up, the two floating there they heard, sang the song again:",en,MORPHEME_ALIGNED,,hhak_mp3 hhak_wav hhak_eaf hhak_xml hhak_tsv,,417172,421728,##	other	0.h:s	lv-pro_h_s	v:pred	##	pro.h:s	=lv	v:pred	rv	##	pro.h:s	=lv	v:pred	#cc:obl	other	0.h:a	v:pred	rv	ln	np:p,,hhak,∅	∅	∅	∅	∅	∅	∅	∅	∅	∅	∅	∅	∅	∅	∅	∅	∅	∅	∅	∅	∅,∅	∅	5015	∅	∅	∅	5027	∅	∅	∅	∅	5027	∅	∅	∅	∅	5015	∅	∅	∅	5049,∅	∅	5015	∅	∅	∅	5027	∅	∅	∅	∅	5027	∅	∅	∅	∅	5015	∅	∅	∅	5049
hhak_0096,mcveraa,[SONG],NC,NC,[SONG],en,MORPHEME_ALIGNED,,hhak_mp3 hhak_wav hhak_eaf hhak_xml hhak_tsv,,421728,426095,nc,,hhak,∅,∅,∅
hhak_0097,mcveraa,[SONG],NC,NC,[SONG],en,MORPHEME_ALIGNED,,hhak_mp3 hhak_wav hhak_eaf hhak_xml hhak_tsv,,426095,430874,nc,,hhak,∅,∅,∅
hhak_0098,mcveraa,duruk susuō sar susuō sar susuō sar,#	duru	=k	su-suō	sar	#	ZERO	su-suō	sar	#	ZERO	su-suō	sar,#	3DL	=TAM2	RED-paddle	bushwards	#	ZERO	RED-paddle	bushwards	#	ZERO	RED-paddle	bushwards,"Then the two paddled landwards, paddled landwards, paddled landwards.",en,MORPHEME_ALIGNED,,hhak_mp3 hhak_wav hhak_eaf hhak_xml hhak_tsv,,430874,433958,##	pro.h:s	=lv	v:pred	rv	##	0.h:s	v:pred	rv	##	0.h:s	v:pred	rv,,hhak,∅	∅	∅	∅	∅	∅	∅	∅	∅	∅	∅	∅	∅,∅	5027	∅	∅	∅	∅	5027	∅	∅	∅	5027	∅	∅,∅	5027	∅	∅	∅	∅	5027	∅	∅	∅	5027	∅	∅
hhak_0099,mcveraa,so 'ekē n 'ama' 'ama' kurkur qiri ne kur ēn vēvēduō,#	ZERO	so	#	'ekē	n	'ama'	#	'ama'	kurkur	qiri	ne	kur	ēn	vēvē	-duō,#	ZERO	QUOT	#	INTERJ	ART	devil	#	devil	RED:devour	today	TAM2:3SG	devour	ART	mother	-1DL.IN,"'Oh dear, the devouring devil today, he will eat our mother.'",en,MORPHEME_ALIGNED,,hhak_mp3 hhak_wav hhak_eaf hhak_xml hhak_tsv,,433958,438075,##	0.h:s	other:pred	##ds	other	ln	np.d:pred	##ds	np.d:a	rn	other	lv-pro_d_a	v:pred	ln	np.h:p	-rn_pro.1:poss,,hhak,∅	∅	∅	∅	∅	∅	∅	∅	∅	∅	∅	∅	∅	∅	∅	∅,∅	5027	∅	∅	∅	∅	5001	∅	5001	∅	∅	∅	∅	∅	5015	5027,∅	5027	∅	∅	∅	∅	5001	∅	5001	∅	∅	∅	∅	∅	5015	5027
hhak_0100,mcveraa,duruk susuō,#	duru	=k	su-suō,#	3DL	=TAM2	RED-paddle,The two paddled,en,MORPHEME_ALIGNED,,hhak_mp3 hhak_wav hhak_eaf hhak_xml hhak_tsv,,438075,439931,##	pro.h:s	=lv	v:pred,,hhak,∅	∅	∅	∅,∅	5027	∅	∅,∅	5027	∅	∅
hhak_0101,mcveraa,o wē n vēvēru ne sursur ēn nes,#	o	wē	n	vēvē	-ru	ne	sursur	ēn	nes,#	INTERJ	good	ART	mother	-3DL	TAM2:3SG	RED:sing	ART	song,"Their mother was singing the song,",en,MORPHEME_ALIGNED,,hhak_mp3 hhak_wav hhak_eaf hhak_xml hhak_tsv,,439931,442291,##	other	other	ln	np.h:a	-rn_pro.h:poss	lv-pro_h_a	v:pred	ln	np:p,,hhak,∅	∅	∅	∅	∅	∅	∅	∅	∅	∅,∅	∅	∅	∅	5015	5027	∅	∅	∅	5049,∅	∅	∅	∅	5015	5027	∅	∅	∅	5049
hhak_0102,mcveraa,'ama' ne lele den ēn ... n mēdēr den ēn mē'ēm̄ē 'a lēn qoro liē,#	'ama'	ne	lele	den	ēn	n	mēdēr	den	ēn	mē'ēm̄ē	'alē	=n	qoro	liē,#	devil	TAM2:3SG	RED:transfer	ABL	ART	ART	rock	ABL	ART	door	ASS	=ART	hole	cave,and the devil was removing the rocks from the door of the cave.,en,MORPHEME_ALIGNED,,hhak_mp3 hhak_wav hhak_eaf hhak_xml hhak_tsv,,442291,446696,##	np.d:a	lv-pro_d_a	v:pred	rv	ln	nc	np:p	adp	ln	np:obl	rn	=rn	rn	rn,,hhak,∅	∅	∅	∅	∅	∅	∅	∅	∅	∅	bridging	∅	∅	∅	∅,∅	5001	∅	∅	∅	∅	∅	5031	∅	∅	5053	∅	∅	5026	∅,∅	5001	∅	∅	∅	∅	∅	5031	∅	∅	5053	∅	∅	5026	∅
hhak_0103,mcveraa,durum susuō susuō susuō vavan duruk suō kal sar rōn̄,#	duru	=m	su-suō	susuō	susuō	vavan	#	duru	=k	suō	kal	sar	#	ZERO	rōn̄,#	3DL	=TAM1	RED-paddle	RED-paddle	RED-paddle	RED-go	#	3DL	=TAM2	paddle	up	bushwards	#	ZERO	feel,"The two paddled and paddled, they paddled towards the shore, heard:",en,WORD_ALIGNED,,hhak_mp3 hhak_wav hhak_eaf hhak_xml hhak_tsv,,446696,450014,##	pro.h:s	=lv	v:pred	nc	nc	other	##	pro.h:s	=lv	v:pred	rv	rv	##	0.h:s	v:pred,,hhak,∅	∅	∅	∅	∅	∅	∅	∅	∅	∅	∅	∅	∅	∅	∅	∅,∅	5027	∅	∅	∅	∅	∅	∅	5027	∅	∅	∅	∅	∅	5027	∅,∅	5027	∅	∅	∅	∅	∅	∅	5027	∅	∅	∅	∅	∅	5027	∅
hhak_0104,mcveraa,[SONG],NC,NC,[SONG],en,MORPHEME_ALIGNED,,hhak_mp3 hhak_wav hhak_eaf hhak_xml hhak_tsv,,450014,452050,nc,,hhak,∅,∅,∅
hhak_0105,mcveraa,[SONG],NC,NC,[SONG],en,MORPHEME_ALIGNED,,hhak_mp3 hhak_wav hhak_eaf hhak_xml hhak_tsv,,452050,454413,nc,,hhak,∅,∅,∅
hhak_0106,mcveraa,[SONG],NC,NC,[SONG],en,MORPHEME_ALIGNED,,hhak_mp3 hhak_wav hhak_eaf hhak_xml hhak_tsv,,454413,458218,nc,,hhak,∅,∅,∅
hhak_0107,mcveraa,durum sususuō suō din̄ sar ēn n̄ere'ie,#	duru	=m	sususuō	#	ZERO	suō	din̄	sar	ēn	n̄ere'ie,#	3DL	=TAM1	RED-paddle	#	ZERO	paddle	reach	bushwards	ART	coast,"The two were paddling, paddled ashore,",en,WORD_ALIGNED,,hhak_mp3 hhak_wav hhak_eaf hhak_xml hhak_tsv,,458218,461425,##	pro.h:s	=lv	v:pred	##	0.h:a	v:pred	rv	rv	ln	np:p,,hhak,∅	∅	∅	∅	∅	∅	∅	∅	∅	∅	∅,∅	5027	∅	∅	∅	5027	∅	∅	∅	∅	5047,∅	5027	∅	∅	∅	5027	∅	∅	∅	∅	5047
hhak_0108,mcveraa,rēv kal sar ēn nak susuō,#	ZERO	rēv	kal	sar	ēn	nak	su-suō,#	ZERO	drag	up	bushwards	ART	canoe	RED-paddle,"dragged the canoe ashore,",en,MORPHEME_ALIGNED,,hhak_mp3 hhak_wav hhak_eaf hhak_xml hhak_tsv,,461425,463813,##	0.h:a	v:pred	rv	rv	ln	np:p	rn,,hhak,∅	∅	∅	∅	∅	∅	∅	∅,∅	5027	∅	∅	∅	∅	5038	∅,∅	5027	∅	∅	∅	∅	5038	∅
hhak_0109,mcveraa,duruk van gis ēn vus birin̄ ēn 'erē wō'iqe duruk van,#	duru	=k	van	#	ZERO	gis	ēn	vus	birin̄	ēn	'erē	wō'iqe	#	duru	=k	van,#	3DL	=TAM2	go	#	ZERO	hold	ART	bow	COM	ART	PL	arrow	#	3DL	=TAM2	go,"then the two went, holding the bows and the arrows, then the two went.",en,MORPHEME_ALIGNED,,hhak_mp3 hhak_wav hhak_eaf hhak_xml hhak_tsv,,463813,467756,##	pro.h:s	=lv	v:pred	##	0.h:a	v:pred	ln	np:p	adp	ln	ln	np:obl	##	pro.h:s	=lv	v:pred,,hhak,∅	∅	∅	∅	∅	∅	∅	∅	∅	∅	∅	∅	∅	∅	∅	∅	∅,∅	5027	∅	∅	∅	5027	∅	∅	5036	∅	∅	∅	5044	∅	5027	∅	∅,∅	5027	∅	∅	∅	5027	∅	∅	5036	∅	∅	∅	5044	∅	5027	∅	∅
hhak_0110,mcveraa,van van vavavan sar,#	ZERO	van	van	vavavan	sar,#	ZERO	go	go	RED-go	bushwards,"Went, on and on, went bushwards,",en,WORD_ALIGNED,,hhak_mp3 hhak_wav hhak_eaf hhak_xml hhak_tsv,,467756,469499,##	0.h:s	v:pred	rv	rv	rv,,hhak,∅	∅	∅	∅	∅	∅,∅	5027	∅	∅	∅	∅,∅	5027	∅	∅	∅	∅
hhak_0111,mcveraa,duruk din̄ sar,#	duru	=k	din̄	sar,#	3DL	=TAM2	reach	bushwards,"and when they arrived up there,",en,MORPHEME_ALIGNED,,hhak_mp3 hhak_wav hhak_eaf hhak_xml hhak_tsv,,469499,471561,##	pro.h:s	=lv	v:pred	rv,,hhak,∅	∅	∅	∅	∅,∅	5027	∅	∅	∅,∅	5027	∅	∅	∅
hhak_0112,mcveraa,n ... n mēdēr ne vōruō va'i wo 'ama' ne sēs din̄ suw e ote muruō,#	n	n	mēdēr	ne	vō-ruō	va'i	#	wo	'ama'	ne	sēs	din̄	suw	e	ote	mu	-ruō,#	ART	ART	rock	NUM.ART	NUM-two	still.exist	#	and	devil	TAM2:3SG	root	reach	DIR<suw>	PERS.ART	mum	POSS.GEN	-3DL,"two rocks were left, and the devil rooted through (them) reaching their mother.",en,MORPHEME_ALIGNED,,hhak_mp3 hhak_wav hhak_eaf hhak_xml hhak_tsv,,471561,478329,##	nc	ln	np:s	rn	rn	other:pred	##	other	np.d:a	lv-pro_d_a	v:pred	rv	rv	ln	np.h:p	rn	-rn_pro.h:poss,,hhak,∅	∅	∅	bridging	∅	∅	∅	∅	∅	∅	∅	∅	∅	∅	∅	∅	∅	∅,∅	∅	∅	5054	∅	∅	∅	∅	∅	5001	∅	∅	∅	∅	∅	5015	∅	5027,∅	∅	∅	5054	∅	∅	∅	∅	∅	5001	∅	∅	∅	∅	∅	5015	∅	5027
hhak_0113,mcveraa,e duruk din̄ sar ote muru so,#	e	duru	=k	din̄	sar	#	ote	muru	so,#	DISC	3DL	=TAM2	reach	bushwards	#	mum	POSS.GEN-3DL	QUOT,"Then they arrived up there, and their mother:",en,WORD_ALIGNED,,hhak_mp3 hhak_wav hhak_eaf hhak_xml hhak_tsv,,478329,480119,##	other	pro.h:s	=lv	v:pred	rv	##	np.h:s	rn_pro.h:poss	other:pred,,hhak,∅	∅	∅	∅	∅	∅	∅	∅	∅	∅,∅	∅	5027	∅	∅	∅	∅	5015	5027	∅,∅	∅	5027	∅	∅	∅	∅	5015	5027	∅
hhak_0114,mcveraa,[SONG],NC,NC,[SONG],en,MORPHEME_ALIGNED,,hhak_mp3 hhak_wav hhak_eaf hhak_xml hhak_tsv,,480119,483721,nc,,hhak,∅,∅,∅
hhak_0115,mcveraa,[SONG],NC,NC,[SONG],en,MORPHEME_ALIGNED,,hhak_mp3 hhak_wav hhak_eaf hhak_xml hhak_tsv,,483721,488097,nc,,hhak,∅,∅,∅
hhak_0116,mcveraa,duruk din̄ sar duruk din̄ wal sar ēn qoro liē 'anē n 'ama' ne le kal ge'ew'i mēdēr lik mēdēr ne vōwal lik,#	duru	=k	din̄	sar	#	duru	=k	din̄	wal	sar	ēn	qoro	liē	anē	#	n	'ama'	ne	le	kal	ge	'ew'i	mēdēr	lik	mēdēr	ne	vōwal	lik,#	3DL	=TAM2	reach	bushwards	#	3DL	=TAM2	reach	once	bushwards	ART	hole	cave	DEM1.A	#	ART	devil	TAM2:3SG	transfer	up	THING	other	rock	more	rock	NUM.ART	NUM-one	more,"The two arrived up there, reached the opening of the cave, then the devil lifted another rock, one more rock.",en,WORD_ALIGNED,,hhak_mp3 hhak_wav hhak_eaf hhak_xml hhak_tsv,,488097,495414,##	pro.h:s	=lv	v:pred	rv	##	pro.h:a	=lv	v:pred	rv	rv	ln	np:p	rn	rn_dem1	##	ln	np.d:a	lv-pro_d_a	v:pred	rv	ln	ln	np:p	rn	np:dt_p	rn	rn	rn,,hhak,∅	∅	∅	∅	∅	∅	∅	∅	∅	∅	∅	∅	∅	∅	∅	∅	∅	∅	∅	∅	∅	∅	∅	bridging	∅	∅	∅	∅	∅,∅	5027	∅	∅	∅	∅	5027	∅	∅	∅	∅	∅	5026	∅	∅	∅	∅	5001	∅	∅	∅	∅	∅	5055	∅	5055	∅	∅	∅,∅	5027	∅	∅	∅	∅	5027	∅	∅	∅	∅	∅	5026	∅	∅	∅	∅	5001	∅	∅	∅	∅	∅	5055	∅	5055	∅	∅	∅
hhak_0117,mcveraa,duruk kalraka duruk tek mē di so ei nike van 'akēnē so nike da sivie,#	duru	=k	kalraka	#	duru	=k	tēk	mē	di	so	#	ei	nik	ē	van	akēnē	#	so	nik	ē	da	siviē,#	3DL	=TAM2	get.up	#	3DL	=TAM2	speak	DAT	3SG	QUOT	#	INTERJ	2SG	TAM2:2SG	go	LOC.DEM1.A	#	PROSP	2SG	TAM2:2SG	do	how,"They got up and said: 'Ei, you came here, what are you up to?'",en,MORPHEME_ALIGNED,,hhak_mp3 hhak_wav hhak_eaf hhak_xml hhak_tsv,,495414,499899,##	pro.h:s	=lv	v:pred	##	pro.h:s_ds	=lv	v:pred	adp	pro.d:g	other	##ds	other	pro.2:s	lv-pro_2_s	v:pred	other:g	##ds	other	pro.2:s	lv-pro_2_s	v:pred	other,,hhak,∅	∅	∅	∅	∅	∅	∅	∅	∅	∅	∅	∅	∅	∅	∅	∅	∅	∅	∅	∅	∅	∅	∅,∅	5027	∅	∅	∅	5027	∅	∅	∅	5001	∅	∅	∅	5001	∅	∅	5026	∅	∅	5001	∅	∅	∅,∅	5027	∅	∅	∅	5027	∅	∅	∅	5001	∅	∅	∅	5001	∅	∅	5026	∅	∅	5001	∅	∅	∅
hhak_0118,mcveraa,so o gitag so kamadu me vus ma' wal nike sa ēnē,#	ZERO	so	#	o	gitag	#	ZERO	so	#	kamadu	me	vus	ma'	wal	nikē	sa	ēnē,#	ZERO	QUOT	#	INTERJ	not.exist	#	ZERO	QUOT	#	1DL.EX	FUT	hit	dead	once	2SG	EMPH	NC,"'Oh, nothing.' 'We will kill you right now.'",en,MORPHEME_ALIGNED,,hhak_mp3 hhak_wav hhak_eaf hhak_xml hhak_tsv,,499899,503302,##	0.d:s	other:pred	##ds	other	other:pred	##	0.h:s	other:pred	##ds	pro.1:a	lv	v:pred	rv	rv	pro.2:p	other	nc,,hhak,∅	∅	∅	∅	∅	∅	∅	∅	∅	∅	∅	∅	∅	∅	∅	∅	∅	∅,∅	5001	∅	∅	∅	∅	∅	5027	∅	∅	5027	∅	∅	∅	∅	5001	∅	∅,∅	5001	∅	∅	∅	∅	∅	5027	∅	∅	5027	∅	∅	∅	∅	5001	∅	∅
hhak_0119,mcveraa,so o magarsine 'erē ... 'erē buls.. 'erē bulsal kumru 'ovi'i da magarsin no,#	ZERO	so	#	o	magarsine	'erē	'erē	buls—	'erē	bulsal	#	kumru	'ovi'i	da	magarsin	no,#	ZERO	QUOT	#	INTERJ	pity	PL	PL	NC	PL	friend	#	2DL	PROH	do	pity	1SG,"'Oh, sorry, friends, you mustn't harm me.'",en,MORPHEME_ALIGNED,,hhak_mp3 hhak_wav hhak_eaf hhak_xml hhak_tsv,,503302,508049,##	0.d:s	other:pred	##ds	other	other:pred	nc	nc	nc	ln	np.h:voc	##ds	pro.2:a	lv	v:pred	rv	pro.1:p,,hhak,∅	∅	∅	∅	∅	∅	∅	∅	∅	∅	∅	∅	∅	∅	∅	∅	∅,∅	5001	∅	∅	∅	∅	∅	∅	∅	∅	5027	∅	5027	∅	∅	∅	5001,∅	5001	∅	∅	∅	∅	∅	∅	∅	∅	5027	∅	5027	∅	∅	∅	5001
hhak_0120,mcveraa,so nike 'anē sa nikem kur qē' 'eraga sul 'alēn ... 'a lē Vunu Lava 'anē qiri 'anei kamadu me vus wal ēn es nōm sa qiri 'anei,#	ZERO	so	#	nikē	anē	sa	nik	=ēm	kur	qē'	e	raga	sul	'alē=n	'alē	Vunu	Lava	anē	#	qiri	anei	kamadu	me	vus	wal	ēn	es	nō	-m	sa	qiri	anei,#	ZERO	QUOT	#	2SG	DEM1.A	EMPH	2SG	=TAM1	devour	finish	PERS.ART	people	folks	ASS=ART	ASS	Vunu	Lava	DEM1.A	#	today	DEM4.A	1DL.EX	FUT	kill	once	ART	life	POSS.DOM	-2SG	EMPH	today	DEM4.A,"'It was you who killed the people of Vanua Lava. Today, we will extinguish your life today.'",en,MORPHEME_ALIGNED,,hhak_mp3 hhak_wav hhak_eaf hhak_xml hhak_tsv,,508049,515583,##	0.h:s	other:pred	##ds	pro.2:dt_a	rn_dem1	other	pro.2:a	=lv	v:pred	rv	ln	ln	np.h:p	nc	rn	rn_pn_np	rn	rn_dem1	#ds	other	rn_dem4	pro.1:a	lv	v:pred	rv	ln	np:p	rn	-rn_pro.2:poss	other	other	rn_dem4,,hhak,∅	∅	∅	∅	∅	∅	∅	∅	∅	∅	∅	∅	∅	∅	∅	∅	∅	∅	∅	∅	∅	∅	∅	∅	∅	∅	∅	bridging	∅	∅	∅	∅	∅,∅	5027	∅	∅	5001	∅	∅	5001	∅	∅	∅	∅	∅	5002	∅	∅	5003	∅	∅	∅	∅	∅	5027	∅	∅	∅	∅	5056	∅	5001	∅	∅	∅,∅	5027	∅	∅	5001	∅	∅	5001	∅	∅	∅	∅	∅	5002	∅	∅	5003	∅	∅	∅	∅	∅	5027	∅	∅	∅	∅	5056	∅	5001	∅	∅	∅
hhak_0121,mcveraa,dine rara mē duruō duruk kar die vōwal ne kar 'ōn vus,#	di	ne	rara	mē	duruō	#	duru	=k	kar	diē	#	vōwal	ne	kar	'ō'	=n	vus,#	3SG	TAM2:3SG	cry	DAT	3DL	#	3DL	=TAM2	shoot	3SG	#	NUM-one	TAM2:3SG	shoot	with	=ART	bow,"Then he cried to them, and they shot at him, one shot with (his) bow and arrow,",en,WORD_ALIGNED,,hhak_mp3 hhak_wav hhak_eaf hhak_xml hhak_tsv,,515583,518971,##	pro.d:s	lv-pro_d_s	v:pred	adp	pro.h:g	##	pro.h:a	=lv	v:pred	pro.d:p	##	np.h:s	lv-pro_h_s	v:pred	adp	=ln	np:obl,,hhak,∅	∅	∅	∅	∅	∅	∅	∅	∅	∅	∅	∅	bridging	∅	∅	∅	∅	bridging,∅	5001	∅	∅	∅	5027	∅	5027	∅	∅	5001	∅	5057	∅	∅	∅	∅	5059,∅	5001	∅	∅	∅	5027	∅	5027	∅	∅	5001	∅	5057	∅	∅	∅	∅	5059
hhak_0122,mcveraa,dine aw vōwal ne kar,#	di	ne	aw	#	vōwal	ne	kar,#	3SG	TAM2:3SG	yell	#	NUM-one	TAM2:3SG	shoot,"and he cried out, one shot",en,WORD_ALIGNED,,hhak_mp3 hhak_wav hhak_eaf hhak_xml hhak_tsv,,518971,520890,##	pro.d:s	lv-pro_d_s	v:pred	##	np.h:s	lv-pro_h_s	v:pred,,hhak,∅	∅	∅	∅	∅	bridging	∅	∅,∅	5001	∅	∅	∅	5058	∅	∅,∅	5001	∅	∅	∅	5058	∅	∅
hhak_0123,mcveraa,dine aw rōw sir e ge'ew'i ge'ew'i ne kar,#	di	ne	aw	#	ZERO	rōw	sir	e	ge	'ew'i	#	ge	'ew'i	ne	kar,#	3SG	TAM2:3SG	yell	#	ZERO	skip	for	PERS.ART	THING	oher	#	THING	other	TAM2:3SG	shoot,"he cried out, ran towards the other one, and the other one shot.",en,MORPHEME_ALIGNED,,hhak_mp3 hhak_wav hhak_eaf hhak_xml hhak_tsv,,520890,523161,##	pro.d:s	lv-pro_d_s	v:pred	##	0.d:s	v:pred	adp	ln	np.h:g	rn	##	np.h:s	rn	lv-pro_h_s	v:pred,,hhak,∅	∅	∅	∅	∅	∅	∅	∅	∅	∅	∅	∅	∅	∅	∅	∅,∅	5001	∅	∅	∅	5001	∅	∅	∅	5057	∅	∅	5057	∅	∅	∅,∅	5001	∅	∅	∅	5001	∅	∅	∅	5057	∅	∅	5057	∅	∅	∅
hhak_0124,mcveraa,duruk kar die kar die vavavan,#	duru	=k	kar	diē	#	ZERO	kar	diē	vavavan,#	3DL	=TAM2	shoot	3SG	#	ZERO	shoot	3SG	RED-go,"They shot at him, shot at him, on and on,",en,WORD_ALIGNED,,hhak_mp3 hhak_wav hhak_eaf hhak_xml hhak_tsv,,523161,525235,##	pro.h:a	=lv	v:pred	pro.h:p	##	0.h:a	v:pred	pro.d:p	other,,hhak,∅	∅	∅	∅	∅	∅	∅	∅	∅	∅,∅	5027	∅	∅	5001	∅	5027	∅	5001	∅,∅	5027	∅	∅	5001	∅	5027	∅	5001	∅
hhak_0125,mcveraa,dine ma',#	di	ne	ma',#	3SG	TAM2:3SG	dead,and then he was dead.,en,MORPHEME_ALIGNED,,hhak_mp3 hhak_wav hhak_eaf hhak_xml hhak_tsv,,525235,526682,##	pro.d:s	lv-pro_d_s	v:pred,,hhak,∅	∅	∅	∅,∅	5001	∅	∅,∅	5001	∅	∅
hhak_0126,mcveraa,dim ma' duruk le die 'ev'ē den ēn mē'ēm̄ē 'alēn ge 'anē,#	di	=m	ma'	#	duru	=k	le	diē	#	ZERO	'ev'ē	ZERO	den	ēn	mē'ēm̄ē	'alē	=n	ge	anē,#	3SG	=TAM2	dead	#	3DL	=TAM2	transfer	3SG	#	ZERO	throw.out	ZERO	ABL	ART	door	ASS	=ART	THING	DEM1.A,"When he was dead, they took him, threw him off the door of that thing.",en,MORPHEME_ALIGNED,,hhak_mp3 hhak_wav hhak_eaf hhak_xml hhak_tsv,,526682,533462,##	pro.d:s	=lv	v:pred	##	pro.h:a	=lv	v:pred	pro.d:p	##	0.h:a	v:pred	0.d:p	adp	ln	np:obl	rn	rn	rn	rn_dem1,,hhak,∅	∅	∅	∅	∅	∅	∅	∅	∅	∅	∅	∅	∅	∅	∅	∅	∅	∅	∅	∅,∅	5001	∅	∅	∅	5027	∅	∅	5001	∅	5027	∅	5001	∅	∅	5053	∅	∅	∅	∅,∅	5001	∅	∅	∅	5027	∅	∅	5001	∅	5027	∅	5001	∅	∅	5053	∅	∅	∅	∅
hhak_0127,mcveraa,dir'ōl .. dir ga kal duruk kal suwō sir e ote muruō dir'ōl 'og 'i 'anē,#	dir'ōl	dir	ga	kal	#	duru	=k	kal	suw	sir	e	ote	mu	-ruō	#	dir'ōl	'ōg	'i	anē,#	3TL	3PL	STAT	enter	#	3DL	=TAM2	enter	DIR<suw>	for	PERS.ART	mum	POSS.GEN	-3DL	#	3TL	stay	DEL	DEM1.A,"Then they went inside to their mother, and the three of them stayed there for now.",en,MORPHEME_ALIGNED,,hhak_mp3 hhak_wav hhak_eaf hhak_xml hhak_tsv,,533462,537967,#nc	nc	nc	nc	nc	##	pro.h:s	=lv	v:pred	rv	adp	ln	np.h:g	rn	-rn_pro.h:poss	##	pro.h:s	v:pred	rv	dem1_other,,hhak,∅	∅	∅	∅	∅	∅	∅	∅	∅	∅	∅	∅	∅	∅	∅	∅	∅	∅	∅	∅,∅	∅	∅	∅	∅	∅	5027	∅	∅	∅	∅	∅	5015	∅	5027	∅	5028	∅	∅	∅,∅	∅	∅	∅	∅	∅	5027	∅	∅	∅	∅	∅	5015	∅	5027	∅	5028	∅	∅	∅
hhak_0128,mcveraa,so ban 'amam van lu vie so kadu man vus,#	ZERO	so	#	ba	=n	'ama'	=m	van	lu	viē	#	ZERO	so	#	kamadu	man	vus	ZERO,#	ZERO	QUOT	#	but	=ART	devil	=TAM1	go	through	where	#	ZERO	QUOT	#	1DL.EX	PFV	hit	ZERO,'But where did the devil go?' 'We've killed him.',en,MORPHEME_ALIGNED,,hhak_mp3 hhak_wav hhak_eaf hhak_xml hhak_tsv,,537967,541355,##	0.h:s	other:pred	##ds	other	=ln	np.d:s	=lv	v:pred	rv	other:g	##	0.h:s	other:pred	##ds	pro.1:a	lv	v:pred	0.d:p,,hhak,∅	∅	∅	∅	∅	∅	∅	∅	∅	∅	∅	∅	∅	∅	∅	∅	∅	∅	∅,∅	5015	∅	∅	∅	∅	5001	∅	∅	∅	∅	∅	5027	∅	∅	5027	∅	∅	5001,∅	5015	∅	∅	∅	∅	5001	∅	∅	∅	∅	∅	5027	∅	∅	5027	∅	∅	5001
hhak_0129,mcveraa,so 'aw kumru ga magarsine kumru ga tiktik soksok kumru as vus m̄as so oo kamadu man vus ēn 'ama' kadum kar ma' ēn 'ama' sag ma nē,#	ZERO	so	#	'aw	kumru	ga	magarsine	#	kumru	ga	tiktik	soksok	#	kumru	as	vus	m̄as	ZERO	#	ZERO	so	#	oo	kamadu	man	vus	ēn	'ama'	#	kamadu	=m	kar	ma'	ēn	'ama'	sagmanē,#	ZERO	QUOT	#	INTERJ	2DL	STAT	pity	#	2DL	STAT	RED:little	too.much	#	2DL	INABIL1	hit	INABIL2	ZERO	#	ZERO	QUOT	#	no	1DL.EX	PFV	hit	ART	devil	#	1DL.EX	=TAM1	shoot	dead	ART	devil	up.there,"'Oh dear, you are pitiful, as you are too small so you can't kill (him).' 'Oh no, we have already killed the devil, we shot the devil to death up here.'",en,MORPHEME_ALIGNED,,hhak_mp3 hhak_wav hhak_eaf hhak_xml hhak_tsv,,541355,547548,##	0.h:s	other:pred	##ds	other	pro.2:s	lv	v:pred	##ds	pro.2:s	lv	v:pred	rv	##ds.neg	pro.2:a	lv	v:pred	rv	0.d:p	##	0.h:s	other:pred	##ds	other	pro.1:a	lv	v:pred	ln	np.d:p	##ds	pro.1:a	=lv	v:pred	rv	ln	np.d:p	other:l,,hhak,∅	∅	∅	∅	∅	∅	∅	∅	∅	∅	∅	∅	∅	∅	∅	∅	∅	∅	∅	∅	∅	∅	∅	∅	∅	∅	∅	∅	∅	∅	∅	∅	∅	∅	∅	∅	∅,∅	5015	∅	∅	∅	5027	∅	∅	∅	5027	∅	∅	∅	∅	5027	∅	∅	∅	5001	∅	5027	∅	∅	∅	5027	∅	∅	∅	5001	∅	5027	∅	∅	∅	∅	5001	∅,∅	5015	∅	∅	∅	5027	∅	∅	∅	5027	∅	∅	∅	∅	5027	∅	∅	∅	5001	∅	5027	∅	∅	∅	5027	∅	∅	∅	5001	∅	5027	∅	∅	∅	∅	5001	∅
hhak_0130,mcveraa,ga itok,#	ga	itok,#	STAT	good,'Alright.,en,MORPHEME_ALIGNED,,hhak_mp3 hhak_wav hhak_eaf hhak_xml hhak_tsv,,547548,549168,##ds	lv	v:pred,,hhak,∅	∅	∅,∅	∅	∅,∅	∅	∅
hhak_0131,mcveraa,kal ma gēdōl mi'ir,#	ZERO	kal	ma	#	gidō'ōl	mi'ir,#	ZERO	enter	hither	#	1TL.IN:TAM2	sleep,"Come inside, let's sleep.",en,MORPHEME_ALIGNED,,hhak_mp3 hhak_wav hhak_eaf hhak_xml hhak_tsv,,549168,551007,##ds	0.2:s	v:pred	rv	##ds	pro.1:s	v:pred,,hhak,∅	∅	∅	∅	∅	∅	∅,∅	5027	∅	∅	∅	5028	∅,∅	5027	∅	∅	∅	5028	∅
hhak_0132,mcveraa,dirōl van qēl suwē dirōlm mi'ir mi'ir vavan din̄ ēn ma'ava,#	dir'ōl	van	qēl	suwē	#	dir'ōl	=m	mi'ir	#	ZERO	mi'ir	vavan	din̄	ēn	ma'ava,#	3TL:TAM2	go	descend	DIR<suw>	#	3TL	=TAM1	sleep	#	ZERO	sleep	RED-go	reach	ART	morning,"They went down and slept, on and on, until the morning.",en,WORD_ALIGNED,,hhak_mp3 hhak_wav hhak_eaf hhak_xml hhak_tsv,,551007,554910,##	pro.h:s	v:pred	rv	other:g	##	pro.h:s	=lv	v:pred	##	0.h:s	v:pred	other	adp	ln	np:other,,hhak,∅	∅	∅	∅	∅	∅	∅	∅	∅	∅	∅	∅	∅	∅	∅	new,∅	5028	∅	∅	∅	∅	5028	∅	∅	∅	5028	∅	∅	∅	∅	5060,∅	5028	∅	∅	∅	∅	5028	∅	∅	∅	5028	∅	∅	∅	∅	5060
hhak_0133,mcveraa,ne ma'av ma,#	ne	ma'av	ma,#	TAM2:3SG	morning	hither,When it got morning,en,MORPHEME_ALIGNED,,hhak_mp3 hhak_wav hhak_eaf hhak_xml hhak_tsv,,554910,556819,##	lv-pro_s	v:pred	rv,,hhak,∅	∅	∅	∅,∅	∅	∅	∅,∅	∅	∅	∅
hhak_0134,mcveraa,dirōl ... e ote muruō ne tek mē duruō so,#	dirōl	e	ote	mu	-ruō	ne	tēk	mē	duruō	so,#	3TL	PERS.ART	mum	POSS.GEN	-3DL	TAM2:3SG	speak	DAT	3DL	QUOT,their mum said to them:,en,MORPHEME_ALIGNED,,hhak_mp3 hhak_wav hhak_eaf hhak_xml hhak_tsv,,556819,560976,##	nc	ln	np.h:s_ds	rn	-rn_pro.h:poss	lv-pro_h_s_ds	v:pred	adp	pro.h:g	other,,hhak,∅	∅	∅	∅	∅	∅	∅	∅	∅	∅	∅,∅	∅	∅	5015	∅	5027	∅	∅	∅	5027	∅,∅	∅	∅	5015	∅	5027	∅	∅	∅	5027	∅
hhak_0135,mcveraa,gēdōl sin̄ ēn 'ama',#	gidō'ōl	sin̄	ēn	'ama',#	1TL.IN:TAM2	burn	ART	devil,'Let's burn the devil / the corpse.',en,MORPHEME_ALIGNED,,hhak_mp3 hhak_wav hhak_eaf hhak_xml hhak_tsv,,560976,563168,##ds	pro.1:a	v:pred	ln	np.d:p,,hhak,∅	∅	∅	∅	∅,∅	5028	∅	∅	5001,∅	5028	∅	∅	5001
hhak_0136,mcveraa,okay ga itok,#	okay	ga	itok,#	okay	STAT	good,"'Ok, (that)'s alright.'",en,MORPHEME_ALIGNED,,hhak_mp3 hhak_wav hhak_eaf hhak_xml hhak_tsv,,563168,565258,##ds	other	lv	v:pred,,hhak,∅	∅	∅	∅,∅	∅	∅	∅,∅	∅	∅	∅
hhak_0137,mcveraa,dirōl kalraka van sar 'ev kirm̄ōn qi'i 'ama',#	dir'ōl	kalraka	#	ZERO	van	sar	#	ZERO	'ev	kirm̄ō	=n	qi'i	'ama',#	3TL	get.up	#	ZERO	go	bushwards	#	ZERO	throw	smash	=ART	head	devil,"They got up, went bushwards, smashed the corpse's head to pieces,",en,MORPHEME_ALIGNED,,hhak_mp3 hhak_wav hhak_eaf hhak_xml hhak_tsv,,565258,569869,##	pro.h:s	v:pred	##	0.h:s	v:pred	rv	##	0.h:a	v:pred	rv	=ln	np:p	rn_np.d:poss,,hhak,∅	∅	∅	∅	∅	∅	∅	∅	∅	∅	∅	∅	bridging	∅,∅	5028	∅	∅	5028	∅	∅	∅	5028	∅	∅	∅	5061	5001,∅	5028	∅	∅	5028	∅	∅	∅	5028	∅	∅	∅	5061	5001
hhak_0138,mcveraa,mom kal sag lēn wōwō nev,#	ZERO	mom	kal	sag	ZERO	lē	=n	wōwō	nev,#	ZERO	put	up	DIR<sag>	ZERO	LOC	=ART	top	fire,"put it on top of a fire,",en,MORPHEME_ALIGNED,,hhak_mp3 hhak_wav hhak_eaf hhak_xml hhak_tsv,,569869,572235,##	0.h:a	v:pred	rv	rv	0:p	adp	=ln	ln	np:g,,hhak,∅	∅	∅	∅	∅	∅	∅	∅	∅	new,∅	5028	∅	∅	∅	5061	∅	∅	∅	5062,∅	5028	∅	∅	∅	5061	∅	∅	∅	5062
hhak_0139,mcveraa,'alē sin ̄ēn 'irbē 'ama' sin̄sin̄ qē' so gēdōl dan gengen,#	alē	ZERO	sin̄	̄ēn	'irbē	'ama'	#	ZERO	sin̄sin̄	qē'	ZERO	#	ZERO	so	#	gidō'ōl	da	=n	gengen,#	alright	ZERO	burn	ART	body	devil	#	ZERO	RED:burn	finish	ZERO	#	ZERO	QUOT	#	1TL.IN	do	=ART	RED:eat,"alright, burned the dead body. When they had burnt (it) (their mother) said: 'Let's make some food.'",en,MORPHEME_ALIGNED,,hhak_mp3 hhak_wav hhak_eaf hhak_xml hhak_tsv,,572235,577557,##	other	0.h:a	v:pred	ln	np:p	rn_np.d:poss	##	0.h:a	v:pred	rv	0:p	##	0.h:s	other:pred	##ds	pro.1:a	v:pred	=ln	np:p,,hhak,∅	∅	∅	∅	∅	bridging	∅	∅	∅	∅	∅	∅	∅	∅	∅	∅	∅	∅	∅	new,∅	∅	5028	∅	∅	5063	5001	∅	5028	∅	∅	5063	∅	5015	∅	∅	5028	∅	∅	5064,∅	∅	5028	∅	∅	5063	5001	∅	5028	∅	∅	5063	∅	5015	∅	∅	5028	∅	∅	5064
hhak_0140,mcveraa,taem ... lēn masōgi direk sin̄sin̄ ēn 'ama' 'eraga lēn ... 'eraga 'a rōw m 'ēn kal man nos,#	taem	lē	=n	masōgi	dir	=ēk	sin̄sin̄	ēn	'ama'	#	'eraga	lēn	e	raga	a	Rōw	=m	'ēn	kal	ma	=n	nos,#	time	LOC	=ART	time	3PL	=TAM2	RED:burn	ART	devil	#	PERS.ART.people	LOC=ART	PERS.ART	people	LOC.SP	Rōw	=TAM1	see	up	hither	=ART	smoke,"When they burnt the corpse, the ones at Ro2w looked hither and saw smoke,",en,WORD_ALIGNED,,hhak_mp3 hhak_wav hhak_eaf hhak_xml hhak_tsv,,577557,584970,##	nc	adp	=ln	np:other	pro.h:a	=lv	v:pred	ln	np.d:p	##	nc	nc	ln	np.h:s	rn	rn_pn_np	=lv	v:pred	rv	rv	=ln	np:p,,hhak,∅	∅	∅	∅	∅	∅	∅	∅	∅	∅	∅	∅	∅	∅	∅	∅	∅	∅	∅	∅	∅	∅	bridging,∅	∅	∅	∅	∅	5028	∅	∅	∅	5001	∅	∅	∅	∅	5013	∅	5014	∅	∅	∅	∅	∅	5065,∅	∅	∅	∅	∅	5028	∅	∅	∅	5001	∅	∅	∅	∅	5013	∅	5014	∅	∅	∅	∅	∅	5065
hhak_0141,mcveraa,'aval Vunu Lava 'a gēn,'aval	Vunu	Lava	agēn,one.side	Vunu	Lava	DEM2.A,on the other side of Vanua Lava from here.,en,MORPHEME_ALIGNED,,hhak_mp3 hhak_wav hhak_eaf hhak_xml hhak_tsv,,584970,586777,ln	pn_np:l	rn	rn_dem2,,hhak,∅	∅	∅	∅,∅	5003	∅	∅,∅	5003	∅	∅
hhak_0142,mcveraa,direk 'ēn kal man nos direk 'ēn nos bibis ēn nos bibis ēn nos so 'ei,#	dir	=ēk	'ēn	kal	ma	=n	nos	#	dir	=ēk	'ēn	nos	#	ZERO	bi-bis	ēn	nos	#	ZERO	bi-bis	ēn	nos	#	ZERO	so	#	'ei,#	3PL	=TAM2	see	up	hither	=ART	smoke	#	3PL	=TAM2	see	smoke	#	ZERO	RED-cope.with	ART	smoke	#	ZERO	RED-cope.with	ART	smoke	#	ZERO	QUOT	#	INTERJ,"They looked hither and saw smoke, they saw the smoke, got the smoke, said: 'Hey",en,MORPHEME_ALIGNED,,hhak_mp3 hhak_wav hhak_eaf hhak_xml hhak_tsv,,586777,590762,##	pro.h:a	=lv	v:pred	rv	rv	=ln	np:p	##	pro.h:a	=lv	v:pred	np:p	##	0.h:a	v:pred	ln	np:p	##	0.h:a	v:pred	ln	np:p	##	0.h:s	other:pred	##ds	other,,hhak,∅	∅	∅	∅	∅	∅	∅	∅	∅	∅	∅	∅	∅	∅	∅	∅	∅	∅	∅	∅	∅	∅	∅	∅	∅	∅	∅	∅,∅	5013	∅	∅	∅	∅	∅	5065	∅	5013	∅	∅	5065	∅	5013	∅	∅	5065	∅	5013	∅	∅	5065	∅	5013	∅	∅	∅,∅	5013	∅	∅	∅	∅	∅	5065	∅	5013	∅	∅	5065	∅	5013	∅	∅	5065	∅	5013	∅	∅	5065	∅	5013	∅	∅	∅
hhak_0143,mcveraa,n sava ne vōwal sar gēn,n	sava	ne	vōwal	sar=gēn,ART	what	NUM.ART	NUM-one	DIR<sar>=DEM2,there is something up there (on the shore).',en,WORD_ALIGNED,,hhak_mp3 hhak_wav hhak_eaf hhak_xml hhak_tsv,,590762,593613,ln	np:s	rn	rn	other:predex,,hhak,∅	∅	∅	∅	∅,∅	∅	∅	∅	∅,∅	∅	∅	∅	∅
hhak_0144,mcveraa,direk kalrak direk su kal ma,#	dir	=ēk	kalrak	#	dir	=ēk	su	kal	ma,#	3PL	=TAM2	get.up	#	3PL	=TAM2	paddle	up	hither,Then they got up and came paddling.,en,MORPHEME_ALIGNED,,hhak_mp3 hhak_wav hhak_eaf hhak_xml hhak_tsv,,593613,596862,##	pro.h:s	=lv	v:pred	##	pro.h:s	=lv	v:pred	rv	rv,,hhak,∅	∅	∅	∅	∅	∅	∅	∅	∅	∅,∅	5013	∅	∅	∅	5013	∅	∅	∅	∅,∅	5013	∅	∅	∅	5013	∅	∅	∅	∅
hhak_0145,mcveraa,su kal ma ba e ... e ruwa m̄ērm̄ērem van lēn 'ēqē' le gengen direk dan gengen sir san 'ama durum vus ē,#	ZERO	su	kal	ma	#	ba	e	e	ruwa	m̄ērm̄ēre	=m	van	lē	=n	'ēqē'	#	ZERO	le	gengen	#	dir	=ēk	da	=n	gengen	sir	sa	=n	'ama'	#	duru	=m	vus	ZERO	%	ē,#	ZERO	paddle	up	hither	#	but	PERS.ART	PERS.ART	two.people	kid	=TAM1	go	LOC	=ART	taro.garden	#	ZERO	transfer	RED:eat	#	3PL	=TAM2	do	=ART	RED:eat	for	EMPH	=ART	devil	#	3DL	=TAM1	hit	ZERO	%	DEM3,"Came paddling landwards, the two children went to the garden to get food, so that they could make a meal because of that devil they had killed.",en,MORPHEME_ALIGNED,,hhak_mp3 hhak_wav hhak_eaf hhak_xml hhak_tsv,,596862,604636,##	0.h:s	v:pred	rv	rv	##	other	nc	ln	ln	np.h:s	=lv	v:pred	adp	=ln	np:g	##	0.h:s	v:pred	rv	##	pro.h:a	=lv	v:pred	=ln	np:p	adp	other	=ln	np.d:obl	#rc_rn	pro.h:a	=lv	v:pred	0.d:p	%	rn,,hhak,∅	∅	∅	∅	∅	∅	∅	∅	∅	∅	∅	∅	∅	∅	∅	∅	∅	∅	∅	∅	∅	∅	∅	∅	∅	∅	∅	∅	∅	∅	∅	∅	∅	∅	∅	∅	∅,∅	5013	∅	∅	∅	∅	∅	∅	∅	∅	5027	∅	∅	∅	∅	5030	∅	5027	∅	∅	∅	5028	∅	∅	∅	5064	∅	∅	∅	5001	∅	5027	∅	∅	5001	∅	∅,∅	5013	∅	∅	∅	∅	∅	∅	∅	∅	5027	∅	∅	∅	∅	5030	∅	5027	∅	∅	∅	5028	∅	∅	∅	5064	∅	∅	∅	5001	∅	5027	∅	∅	5001	∅	∅
hhak_0146,mcveraa,le gengen lēn 'ēqē' ote murum 'og 'i lēn vunum vus ēn tōo vus ēn qō',#	ZERO	le	gengen	lē	=n	'ēqē'	#	ote	mu	-ru	=m	'ōg	'i	lē	=n	vunu	#	ZERO	=m	vus	ēn	tōo	#	ZERO	vus	ēn	qō,#	ZERO	transfer	RED:eat	LOC	=ART	taro.garden	#	mum	POSS.GEN	-3DL	=TAM1	stay	DEL	LOC	=ART	village	#	ZERO	=TAM1	kill	ART	fowl	#	ZERO	kill	ART	pig,"Got food in the garden, their mother stayed behind in the village, killed a chicken, killed a pig,",en,MORPHEME_ALIGNED,,hhak_mp3 hhak_wav hhak_eaf hhak_xml hhak_tsv,,604636,610100,##	0.h:s	v:pred	rv	adp	=ln	np:l	##	np.h:s	rn	-rn_pro.h:poss	=lv	v:pred	rv	adp	=ln	np:l	##	0.h:a	=lv	v:pred	ln	np:p	##	0.h:a	v:pred	ln	np:p,,hhak,∅	∅	∅	∅	∅	∅	∅	∅	∅	∅	∅	∅	∅	∅	∅	∅	∅	∅	∅	∅	∅	∅	new	∅	∅	∅	∅	new,∅	5027	∅	∅	∅	∅	5030	∅	5015	∅	5027	∅	∅	∅	∅	∅	5012	∅	5015	∅	∅	∅	5066	∅	5015	∅	∅	5067,∅	5027	∅	∅	∅	∅	5030	∅	5015	∅	5027	∅	∅	∅	∅	∅	5012	∅	5015	∅	∅	∅	5066	∅	5015	∅	∅	5067
hhak_0147,mcveraa,dine da sir ēn bigbig gor'ōl e ruwa ne ... e ruwa m̄ērm̄ērek vanek le gor'ō... gor'ōln gengen,#	di	ne	da	sir	ēn	bigbig	go	-r'ōl	#	e	ruwa	ne	#	e	ruwa	m̄ērm̄ēre	=k	van	#	ZERO	=ēk	le	gor'ō—	go	-r'ōl	=n	gengen,#	3SG	TAM2:3SG	do	for	ART	RED:eat.meat	POSS.EAT	-3TL	#	PERS.ART	two.people	TAM2:3SG	#	PERS.ART	two.people	kid	=TAM2	go	#	ZERO	=TAM2	transfer	NC	POSS.EAT	-3TL	=ART	RED:eat,she looked after the 'meat' for the three of them and the two children went and got food for the three of them.,en,MORPHEME_ALIGNED,,hhak_mp3 hhak_wav hhak_eaf hhak_xml hhak_tsv,,610100,615938,##	pro.h:s	lv-pro_h_s	v:pred	adp	ln	np:obl	rn	-rn_pro.h:poss	#nc	nc	nc	nc	##	ln	ln	np.h:s	=lv	v:pred	##	0.h:a	=lv	v:pred	nc	rv	-rv_pro.h:poss	=ln	np:p,,hhak,∅	∅	∅	∅	∅	∅	new	∅	∅	∅	∅	∅	∅	∅	∅	∅	∅	∅	∅	∅	∅	∅	∅	∅	∅	∅	∅	new,∅	5015	∅	∅	∅	∅	5068	∅	5028	∅	∅	∅	∅	∅	∅	∅	5027	∅	∅	∅	5027	∅	∅	∅	∅	5028	∅	5069,∅	5015	∅	∅	∅	∅	5068	∅	5028	∅	∅	∅	∅	∅	∅	∅	5027	∅	∅	∅	5027	∅	∅	∅	∅	5028	∅	5069
hhak_0148,mcveraa,dir'ōl 'ēqēl 'ō' kel ma,#	dir'ōl	'ēqēl	'ō'	kel	ma	ZERO,#	3TL:TAM2	descend	carry	back	hither	ZERO,"The three came down again bringing (it),",en,MORPHEME_ALIGNED,,hhak_mp3 hhak_wav hhak_eaf hhak_xml hhak_tsv,,615938,617886,##	pro.h:a	v:pred	rv	rv	rv	0:p,,hhak,∅	∅	∅	∅	∅	∅	∅,∅	5028	∅	∅	∅	∅	5069,∅	5028	∅	∅	∅	∅	5069
hhak_0149,mcveraa,wana dir'ōl so sag sōk gengen,#	wana	dir'ōl	so	sag	sōk	gengen,#	and	3TL	QUOT	sit	NC	RED:eat,sat down and started to eat,en,MORPHEME_ALIGNED,,hhak_mp3 hhak_wav hhak_eaf hhak_xml hhak_tsv,,617886,620353,#nc	nc	nc	nc	nc	nc	nc,,hhak,∅	∅	∅	∅	∅	∅	∅,∅	∅	∅	∅	∅	∅	∅,∅	∅	∅	∅	∅	∅	∅
hhak_0150,mcveraa,maranaga ne su kal ma maranaga ne su ma so oo,#	maranaga	ne	su	kal	ma	#	maranaga	ne	su	ma	#	ZERO	so	#	oo,#	chief	TAM2:3SG	paddle	up	hither	#	chief	TAM2:3SG	paddle	hither	#	ZERO	QUOT	#	INTERJ,"when the chief pulled ashore, the chief pulled hither and said: 'Oh",en,MORPHEME_ALIGNED,,hhak_mp3 hhak_wav hhak_eaf hhak_xml hhak_tsv,,620353,624449,##	np.h:s	lv-pro_h_s	v:pred	rv	rv	##	np.h:s	lv-pro_h_s	v:pred	rv	##	0.h:s	other:pred	##ds	other:pred,,hhak,∅	unused	∅	∅	∅	∅	∅	∅	∅	∅	∅	∅	∅	∅	∅	∅,∅	5070	∅	∅	∅	∅	∅	5070	∅	∅	∅	∅	5070	∅	∅	∅,∅	5070	∅	∅	∅	∅	∅	5070	∅	∅	∅	∅	5070	∅	∅	∅
hhak_0151,mcveraa,ei m van kal ma rēv kal man nak susuō ne van sar vavavan sar,#	ei	ZERO	m	van	kal	ma	#	ZERO	rēv	kal	ma	=n	nak	su-suō	#	ZERO	ne	van	sar	#	ZERO	vavavan	sar,#	INTERJ	ZERO	TAM1	go	up	hither	#	ZERO	drag	up	hither	=ART	canoe	RED-paddle	#	ZERO	TAM2:3SG	go	bushwards	#	ZERO	RED-go	bushwards,"hey!' came up the shore, dragged the canoe ashore and went bushwards, on and on bushwards,",en,WORD_ALIGNED,,hhak_mp3 hhak_wav hhak_eaf hhak_xml hhak_tsv,,624449,628565,##	nc	0.h:s	lv	v:pred	rv	rv	##	0.h:a	v:pred	rv	rv	=ln	np:p	rn	##	0.h:s	lv-pro_h_s	v:pred	rv	##	0.h:s	v:pred	rv,,hhak,∅	∅	∅	∅	∅	∅	∅	∅	∅	∅	∅	∅	∅	bridging	∅	∅	∅	∅	∅	∅	∅	∅	∅	∅,∅	∅	5070	∅	∅	∅	∅	∅	5070	∅	∅	∅	∅	5071	∅	∅	5070	∅	∅	∅	∅	5070	∅	∅,∅	∅	5070	∅	∅	∅	∅	∅	5070	∅	∅	∅	∅	5071	∅	∅	5070	∅	∅	∅	∅	5070	∅	∅
hhak_0152,mcveraa,e so n nos 'anēm da sivie so oo n ... e ruwa m̄ērm̄ēre muk vus ēn 'ama',#	e	ZERO	so	#	n	nos	anē	=m	da	siviē	#	ZERO	so	#	oo	n	e	ruwa	m̄ērm̄ēre	mu	-k	vus	ēn	'ama',#	DISC	ZERO	QUOT	#	ART	smoke	DEM1.A	=TAM1	do	how	#	ZERO	QUOT	#	no	ART	PERS.ART	two.people	kid	POSS.GEN	-1SG	kill	ART	devil,"then said: 'This smoke, what's up?' 'No no, my two children killed the devil.",en,MORPHEME_ALIGNED,,hhak_mp3 hhak_wav hhak_eaf hhak_xml hhak_tsv,,628565,634546,##	other	0.h:s	other:pred	##ds	ln	np:s	rn_dem1	=lv	v:pred	other	##	0.h:s	other:pred	##ds	other	nc	ln	ln	np.h:s	rn	-rn_pro.1:poss	v:pred	ln	np.d:p,,hhak,∅	∅	∅	∅	∅	∅	∅	∅	∅	∅	∅	∅	∅	∅	∅	∅	∅	∅	∅	∅	∅	∅	∅	∅	∅,∅	∅	5070	∅	∅	∅	5065	∅	∅	∅	∅	∅	5015	∅	∅	∅	∅	∅	∅	5027	∅	5015	∅	∅	5001,∅	∅	5070	∅	∅	∅	5065	∅	∅	∅	∅	∅	5015	∅	∅	∅	∅	∅	∅	5027	∅	5015	∅	∅	5001
hhak_0153,mcveraa,ba 'erē su kal kel ma n 'ama' mal ma',#	ba	ZERO	'erē	su	kal	kel	ma	#	n	'ama'	mal	ma',#	but	ZERO	PL	paddle	up	back	hither	#	ART	devil	REM.PST	dead,"But, everybody, come up here, the devil is already dead long ago.",en,MORPHEME_ALIGNED,,hhak_mp3 hhak_wav hhak_eaf hhak_xml hhak_tsv,,634546,637491,##ds	other	0.2:s	other:voc	vother:pred	rv	rv	rv	##ds	ln	np.d:s	lv	v:pred,,hhak,∅	∅	∅	∅	∅	∅	∅	∅	∅	∅	∅	∅	∅,∅	∅	5013	∅	∅	∅	∅	∅	∅	∅	5001	∅	∅,∅	∅	5013	∅	∅	∅	∅	∅	∅	∅	5001	∅	∅
hhak_0154,mcveraa,e ruwa m̄ērm̄ēre man vus,#	e	ruwa	m̄ērm̄ēre	man	vus	ZERO,#	PERS.ART	two.people	kid	PFV	kill	ZERO,The two children have killed him.',en,MORPHEME_ALIGNED,,hhak_mp3 hhak_wav hhak_eaf hhak_xml hhak_tsv,,637491,639505,##ds	ln	ln	np.h:a	lv	v:pred	0.d:p,,hhak,∅	∅	∅	∅	∅	∅	∅,∅	∅	∅	5027	∅	∅	5001,∅	∅	∅	5027	∅	∅	5001
hhak_0155,mcveraa,so oo duru as vus m̄as so 'an̄ kal sag ma nē lēn qōtō,#	ZERO	so	#	oo	duru	as	vus	m̄as	ZERO	#	ZERO	so	#	ZERO	'an̄	kal	sag	ma	nē	lē	=n	qōtō,#	ZERO	QUOT	#	no	3DL	INABIL1	kill	INABIL2	ZERO	#	ZERO	QUOT	#	ZERO	hand.move	up	DIR<sag>	hither	DEM1	LOC	=ART	k.o.basket,"'Oh, the two cannot have killed (him).' Then reached out for the qo2to2 basket -",en,MORPHEME_ALIGNED,,hhak_mp3 hhak_wav hhak_eaf hhak_xml hhak_tsv,,639505,643293,##	0.h:s	other:pred	##ds.neg	other	pro.h:a	lv	v:pred	rv	0.d:p	#nc	nc_0.h	nc	##	0.h:s	v:pred	rv	rv	rv	other	adp	=ln	np:g,,hhak,∅	∅	∅	∅	∅	∅	∅	∅	∅	∅	∅	∅	∅	∅	∅	∅	∅	∅	∅	∅	∅	∅	new,∅	5070	∅	∅	∅	5027	∅	∅	∅	5001	∅	5015	∅	∅	5015	∅	∅	∅	∅	∅	∅	∅	5072,∅	5070	∅	∅	∅	5027	∅	∅	∅	5001	∅	5015	∅	∅	5015	∅	∅	∅	∅	∅	∅	∅	5072
hhak_0156,mcveraa,qōtō din ge 'alēn mom n̄ar,#	qōtō	di	=n	ge	'alē=n	mom	n̄ar,#	k.o.basket	3SG	=ART	THING	ASS=ART	put	nangae,"qo2to2, it's something to put almonds into",en,MORPHEME_ALIGNED,,hhak_mp3 hhak_wav hhak_eaf hhak_xml hhak_tsv,,643293,646262,#nc	nc	nc	nc	nc	nc	nc	nc,,hhak,∅	∅	∅	∅	∅	∅	∅	∅,∅	∅	∅	∅	∅	∅	∅	∅,∅	∅	∅	∅	∅	∅	∅	∅
hhak_0157,mcveraa,si 'alēn ga nos 'ama',si	'alē=n	ga	nos	'ama',or	ASS=ART	STAT	insert	corpse,"or to put dead bodies into it,",en,MORPHEME_ALIGNED,,hhak_mp3 hhak_wav hhak_eaf hhak_xml hhak_tsv,,646262,648083,nc	nc	nc	nc	nc,,hhak,∅	∅	∅	∅	∅,∅	∅	∅	∅	∅,∅	∅	∅	∅	∅
hhak_0158,mcveraa,nos ēn 'erē 'an̄sara lēn lōlōgi,nos	ēn	'erē	'an̄sara	lē	=n	lōlō-gi,insert	ART	PL	person	LOC	=ART	inside-3SG,"to put a couple people into it,",en,MORPHEME_ALIGNED,,hhak_mp3 hhak_wav hhak_eaf hhak_xml hhak_tsv,,648083,650442,nc	nc	nc	nc	nc	nc	nc,,hhak,∅	∅	∅	∅	∅	∅	∅,∅	∅	∅	∅	∅	∅	∅,∅	∅	∅	∅	∅	∅	∅
hhak_0159,mcveraa,n sogin qōtō,n	so-gi=n	qōtō,ART	name-3SG=ART	k.o.basket,its name is 'qo2to2'.,en,MORPHEME_ALIGNED,,hhak_mp3 hhak_wav hhak_eaf hhak_xml hhak_tsv,,650442,651846,nc	nc	nc,,hhak,∅	∅	∅,∅	∅	∅,∅	∅	∅
hhak_0160,mcveraa,'alē qē' direk ... dine 'an̄ kal sag lēn qōtō dine le qēl man qi'i 'ama' dine 'ēn,#	alē	qē'	direk	di	ne	'an̄	kal	sag	lē	=n	qōtō	#	di	ne	le	qēl	ma	=n	qi'i	'ama'	#	di	ne	'ēn	ZERO,#	alright	finish	3PL=TAM2	3SG	TAM2:3SG	hand.move	up	DIR<sag>	LOC	=ART	k.o.basket	#	3SG	TAM2:3SG	transfer	descend	hither	=ART	head	devil	#	3SG	TAM2:3SG	see	ZERO,"Alright, then he reached up into the qo2to2 basket and took down the devil's head and he had a look (at it).",en,WORD_ALIGNED,,hhak_mp3 hhak_wav hhak_eaf hhak_xml hhak_tsv,,651846,657485,##	other	other	nc	pro.h:s	lv-pro_h_s	v:pred	rv	rv	adp	=ln	np:g	##	pro.h:a	lv-pro_h_a	v:pred	rv	rv	=ln	np:p	rn_np.d:poss	##	pro.h:a	lv-pro_h_a	v:pred	0:p,,hhak,∅	∅	∅	∅	∅	∅	∅	∅	∅	∅	∅	∅	∅	∅	∅	∅	∅	∅	∅	∅	∅	∅	∅	∅	∅	∅,∅	∅	∅	∅	5015	∅	∅	∅	∅	∅	∅	5072	∅	5015	∅	∅	∅	∅	∅	5061	5001	∅	5070	∅	∅	5061,∅	∅	∅	∅	5015	∅	∅	∅	∅	∅	∅	5072	∅	5015	∅	∅	∅	∅	∅	5061	5001	∅	5070	∅	∅	5061
hhak_0161,mcveraa,dim 'ēn'ēn qē' dine susur kel 'anē ne van,#	di	=m	'ēn'ēn	qē'	ZERO	#	di	ne	susu	kel	anē	#	ZERO	ne	van,#	3SG	=TAM1	RED:see	finish	ZERO	#	3SG	TAM2:3SG	RED:paddle	back	DEM1.A	#	ZERO	TAM2:3SG	go,"When he had had a look (at it), he paddled (off) again, went.",en,MORPHEME_ALIGNED,,hhak_mp3 hhak_wav hhak_eaf hhak_xml hhak_tsv,,657485,660258,##	pro.h:a	=lv	v:pred	rv	0:p	##	pro.h:s	lv-pro_h_s	v:pred	rv	dem1_other	##	0.h:s	lv-pro_h_s	v:pred,,hhak,∅	∅	∅	∅	∅	∅	∅	∅	∅	∅	∅	∅	∅	∅	∅	∅,∅	5070	∅	∅	∅	5061	∅	5070	∅	∅	∅	∅	∅	5070	∅	∅,∅	5070	∅	∅	∅	5061	∅	5070	∅	∅	∅	∅	∅	5070	∅	∅
hhak_0162,mcveraa,ne van ne 'aram mēn 'eraga sul 'a Ruō,#	ZERO	ne	van	#	ZERO	ne	'aram	ZERO	mē-n	e	raga	sul	a	Ruō,#	ZERO	TAM2:3SG	go	#	ZERO	TAM2:3SG	inform	ZERO	DAT-CS	PERS.ART	people	community	LOC.SP	Ruō,"Went, told the people at Ruo2,",en,MORPHEME_ALIGNED,,hhak_mp3 hhak_wav hhak_eaf hhak_xml hhak_tsv,,660258,662172,##	0.h:s	lv-pro_h_s	v:pred	##	0.h:a	lv-pro_h_a	v:pred	0:p	adp	ln	ln	np.h:g	rn	rn_pn_np,,hhak,∅	∅	∅	∅	∅	∅	∅	∅	∅	∅	∅	∅	∅	∅	∅,∅	5070	∅	∅	∅	5070	∅	∅	∅	∅	∅	∅	5013	∅	5014,∅	5070	∅	∅	∅	5070	∅	∅	∅	∅	∅	∅	5013	∅	5014
hhak_0163,mcveraa,direk su kal ma dir'ōlk 'og 'ik gengen,#	dir	=ēk	su	kal	ma	#	dir'ōl	=k	'ōg	'i	#	ZERO	=k	gengen,#	3PL	=TAM2	paddle	up	hither	#	3TL	=TAM2	stay	DEL	#	ZERO	=TAM2	RED:eat,"then they came paddling, and the three stayed behind and ate.",en,MORPHEME_ALIGNED,,hhak_mp3 hhak_wav hhak_eaf hhak_xml hhak_tsv,,662172,665026,##	pro.h:s	=lv	v:pred	rv	rv	##	pro.h:s	=lv	v:pred	rv	##	0.h:s	=lv	v:pred,,hhak,∅	∅	∅	∅	∅	∅	∅	∅	∅	∅	∅	∅	∅	∅	∅,∅	5013	∅	∅	∅	∅	∅	5028	∅	∅	∅	∅	5028	∅	∅,∅	5013	∅	∅	∅	∅	∅	5028	∅	∅	∅	∅	5028	∅	∅
hhak_0164,mcveraa,gengen vavan qē' ote muru ne tek mē duruō so,#	ZERO	gengen	vavan	#	qē'	ote	mu	-ru	ne	tēk	mē	duruō	so,#	ZERO	RED:eat	RED-go	#	finish	mum	POSS.GEN	-3DL	TAM2:3SG	speak	DAT	3DL	QUOT,"Ate and ate, then their (DL) mum said to them:",en,WORD_ALIGNED,,hhak_mp3 hhak_wav hhak_eaf hhak_xml hhak_tsv,,665026,668581,##	0.h:s	v:pred	other	##	other	np.h:s_ds	rn	-rn_pro.h:poss	lv-pro_h_s_ds	v:pred	adp	pro.h:g	other,,hhak,∅	∅	∅	∅	∅	∅	∅	∅	∅	∅	∅	∅	∅	∅,∅	5028	∅	∅	∅	∅	5015	∅	5027	∅	∅	∅	5027	∅,∅	5028	∅	∅	∅	∅	5015	∅	5027	∅	∅	∅	5027	∅
hhak_0165,mcveraa,kumru me 'ēn ēn marumruō,#	kumru	me	'ēn	ēn	maru	-mruō,#	2DL	FUT	see	ART	uncle	-2DL,'(When) you will see your (DL) uncle,en,MORPHEME_ALIGNED,,hhak_mp3 hhak_wav hhak_eaf hhak_xml hhak_tsv,,668581,670489,##ds	pro.2:a	lv	v:pred	ln	np.h:p	-rn_pro.2:poss,,hhak,∅	∅	∅	∅	∅	∅	∅,∅	5027	∅	∅	∅	5034	5027,∅	5027	∅	∅	∅	5034	5027
hhak_0166,mcveraa,nome ... nome ... no me 'aram mē kumrun marumruō dim su kal ma nom ... kēm? 'ēn eraga susuō kumrum rōn̄ nom tek so,#	nome	nome	no	me	'aram	mē	kumru	=n	maru	-mruō	#	di	=m	su	kal	ma	nom	#	kēm?	'ēn	eraga	susuō	#	kumru	=m	rōn̄	#	no	=m	tēk	so,#	1SG=FUT	1SG=FUT	1SG	FUT	inform	DAT	2DL	=ART	uncle	-2DL	#	3SG	=TAM1	paddle	up	hither	1SG=TAM1	#	NC	see	PERS.ART=people	RED-paddle	#	2DL	=TAM1	feel	#	1SG	=TAM1	speak	QUOT,"I will point out your (DL) uncle to you, when he has paddled ashore here, [UNCLEAR] see the people paddling, if you hear (that) I say:",en,WORD_ALIGNED,,hhak_mp3 hhak_wav hhak_eaf hhak_xml hhak_tsv,,670489,679526,##ds	nc	nc	pro.1:a	lv	v:pred	adp	pro.2:g	=ln	np.h:p	-rn_pro.2:poss	##ds	pro.h:s	=lv	v:pred	rv	rv	nc	#nc	nc	nc	nc	nc	##ds	pro.2:s	=lv	v:pred	#ds_cc	pro.1:s_ds	=lv	v:pred	other,,hhak,∅	∅	∅	∅	∅	∅	∅	∅	∅	∅	∅	∅	∅	∅	∅	∅	∅	∅	∅	∅	∅	∅	∅	∅	∅	∅	∅	∅	∅	∅	∅	∅,∅	∅	∅	5015	∅	∅	∅	5027	∅	5034	5027	∅	5034	∅	∅	∅	∅	∅	∅	∅	∅	∅	∅	∅	5027	∅	∅	∅	5015	∅	∅	∅,∅	∅	∅	5015	∅	∅	∅	5027	∅	5034	5027	∅	5034	∅	∅	∅	∅	∅	∅	∅	∅	∅	∅	∅	5027	∅	∅	∅	5015	∅	∅	∅
hhak_0167,mcveraa,n mamrumruō gēn,#	n	maru	-mruō	gēn,#	ART	uncle	-2DL	DEM2,'Your uncle (is) here.',en,MORPHEME_ALIGNED,,hhak_mp3 hhak_wav hhak_eaf hhak_xml hhak_tsv,,679526,681160,##ds	ln	np.h:pred	-rn_pro.2:poss	dem_pro:s,,hhak,∅	∅	∅	∅	∅,∅	∅	5034	5027	∅,∅	∅	5034	5027	∅
hhak_0168,mcveraa,e wo kumruk vus die,#	e	wo	kumru	=k	vus	diē,#	DISC	and	2DL	=TAM2	kill	3SG,then you kill him.',en,MORPHEME_ALIGNED,,hhak_mp3 hhak_wav hhak_eaf hhak_xml hhak_tsv,,681160,683598,##ds	other	other	pro.2:a	=lv	v:pred	pro.h:p,,hhak,∅	∅	∅	∅	∅	∅	∅,∅	∅	∅	5027	∅	∅	5034,∅	∅	∅	5027	∅	∅	5034
hhak_0169,mcveraa,ba dim da ... durum da 'a'ag wal sa sēnē,#	ba	dim	da	duru	=m	da	'a-'ag	wal	sa	senē,#	but	3SG=TAM1	do	3DL	=TAM1	do	RED-follow	once	EMPH	MAN.DEM1,"And the two did (it) exactly like this, following (her advice).",en,WORD_ALIGNED,,hhak_mp3 hhak_wav hhak_eaf hhak_xml hhak_tsv,,683598,686425,##	other	nc	nc	pro.h:s	=lv	v:pred	rv	rv	other	other,,hhak,∅	∅	∅	∅	∅	∅	∅	∅	∅	∅	∅,∅	∅	∅	∅	5027	∅	∅	∅	∅	∅	∅,∅	∅	∅	∅	5027	∅	∅	∅	∅	∅	∅
hhak_0170,mcveraa,maranagam out kel den sarē dim van,#	maranaga	=m	out	kel	den	sarē	#	di	=m	van,#	chief	=TAM1	leave	back	ABL	bushwards	#	3SG	=TAM1	go,"The chief had left again from uphill, had gone,",en,MORPHEME_ALIGNED,,hhak_mp3 hhak_wav hhak_eaf hhak_xml hhak_tsv,,686425,689406,##	np.h:s	=lv	v:pred	rv	adp	other:l	##	pro.h:s	=lv	v:pred,,hhak,∅	∅	∅	∅	∅	∅	∅	∅	∅	∅	∅,∅	5070	∅	∅	∅	∅	∅	∅	5070	∅	∅,∅	5070	∅	∅	∅	∅	∅	∅	5070	∅	∅
hhak_0171,mcveraa,din̄ rōwē 'a Ruō 'aram mēn 'eraga sul,#	ZERO	din̄	rōwē	a	Ruō	#	ZERO	'aram	ZERO	mē-n	e	raga	sul,#	ZERO	reach	seawards	LOC.SP	Ruō	#	ZERO	inform	ZERO	DAT-CS	PERS.ART	people	community,"reach(ed) Ruo2 out (in the ocean), told the people,",en,MORPHEME_ALIGNED,,hhak_mp3 hhak_wav hhak_eaf hhak_xml hhak_tsv,,689406,692182,##	0.h:s	v:pred	other:g	adp	pn_np:g	##	0.h:a	v:pred	0:p	adp	ln	ln	np.h:g,,hhak,∅	∅	∅	∅	∅	∅	∅	∅	∅	bridging	∅	∅	∅	∅,∅	5070	∅	∅	∅	5014	∅	5070	∅	5073	∅	∅	∅	5013,∅	5070	∅	∅	∅	5014	∅	5070	∅	5073	∅	∅	∅	5013
hhak_0172,mcveraa,direm su kal kel ma,#	dir	=ēm	su	kal	kel	ma,#	3PL	=TAM1	paddle	up	back	hither,they paddled hither again.,en,MORPHEME_ALIGNED,,hhak_mp3 hhak_wav hhak_eaf hhak_xml hhak_tsv,,692182,693735,##	pro.h:s	=lv	v:pred	rv	rv	rv,,hhak,∅	∅	∅	∅	∅	∅	∅,∅	5013	∅	∅	∅	∅	∅,∅	5013	∅	∅	∅	∅	∅
hhak_0173,mcveraa,su kal kel ma van ma van ma vavavan direk su kal ma dir'ōlm van rōw lēn mē'ērsa dir'ōlm sagsag 'ēn'ēn gōr ēn erē nak susuō,#	ZERO	su	kal	kel	ma	#	ZERO	van	ma	#	ZERO	van	ma	vavavan	#	dir	=ēk	su	kal	ma	#	dir'ōl	=m	van	rōw	lē	=n	mē'ērsa	#	dir'ōl	=m	sagsag	#	ZERO	'ēn'ēn	gōr	ēn	'erē	nak	su-suō,#	ZERO	paddle	up	back	hither	#	ZERO	go	hither	#	ZERO	go	hither	RED-go	#	3PL	=TAM2	paddle	up	hither	#	3TL	=TAM1	go	seawards	LOC	=ART	harbour	#	3TL	=TAM1	RED:sit	#	ZERO	RED:see	secure	ART	PL	canoe	RED-paddle,"Paddled up hither again, came, came, on and on,then they came ashore. The three had gone down to the harbour and were sitting there, observing the canoes.",en,WORD_ALIGNED,,hhak_mp3 hhak_wav hhak_eaf hhak_xml hhak_tsv,,693735,700979,##	0.h:s	v:pred	rv	rv	rv	##	0.h:s	v:pred	rv	##	0.h:s	v:pred	rv	other	##	pro.h:s	=lv	v:pred	rv	rv	##	pro.h:s	=lv	v:pred	rv	adp	=ln	np:g	##	pro.h:s	=lv	v:pred	##	0.h:a	v:pred	rv	ln	ln	np:p	rn,,hhak,∅	∅	∅	∅	∅	∅	∅	∅	∅	∅	∅	∅	∅	∅	∅	∅	∅	∅	∅	∅	∅	∅	∅	∅	∅	∅	∅	∅	unused	∅	∅	∅	∅	∅	∅	∅	∅	∅	∅	bridging	∅,∅	5013	∅	∅	∅	∅	∅	5013	∅	∅	∅	5013	∅	∅	∅	∅	5013	∅	∅	∅	∅	∅	5028	∅	∅	∅	∅	∅	5074	∅	5028	∅	∅	∅	5028	∅	∅	∅	∅	5075	∅,∅	5013	∅	∅	∅	∅	∅	5013	∅	∅	∅	5013	∅	∅	∅	∅	5013	∅	∅	∅	∅	∅	5028	∅	∅	∅	∅	∅	5074	∅	5028	∅	∅	∅	5028	∅	∅	∅	∅	5075	∅
hhak_0174,mcveraa,'erē nak susuōm van van van van vavavan,#	'erē	nak	su-suō	=m	van	van	van	van	vavavan,#	PL	canoe	RED-paddle	=TAM1	go	go	go	go	RED-go,"The canoes, went on and on.",en,WORD_ALIGNED,"TOP or SUBJ? Note the vowel-final form of ""susuo2"". Also, it's not the canoes coming here.",hhak_mp3 hhak_wav hhak_eaf hhak_xml hhak_tsv,,700979,705236,##	ln	np:s	rn	=lv	v:pred	nc	nc	nc	other,,hhak,∅	∅	∅	∅	∅	∅	∅	∅	∅	∅,∅	∅	5075	∅	∅	∅	∅	∅	∅	∅,∅	∅	5075	∅	∅	∅	∅	∅	∅	∅
hhak_0175,mcveraa,ote muru son marumruō sa nē s lele 'i 'anē,#	ote	mu	-ru	so	#	=n	maru	-mruō	sa	nē	#	s	lele	'i	anē,#	mum	POSS.GEN	-3DL	QUOT	#	=ART	uncle	-2DL	EMPH	DEM1	#	SIM	RED:transfer	DEL	DEM1.A,"Their (DL) mum said: 'Your uncle is this (one), (the one [taking (it)] (?)).'",en,MORPHEME_ALIGNED,,hhak_mp3 hhak_wav hhak_eaf hhak_xml hhak_tsv,,705236,709690,##	np.h:s	rn	-rn_pro.h:poss	other:pred	##ds	=ln	np.h:s	-rn_pro.2:poss	other	other:pred	#nc	nc	nc	nc	nc,,hhak,∅	∅	∅	∅	∅	∅	∅	∅	∅	∅	∅	∅	∅	∅	∅	∅,∅	5015	∅	5027	∅	∅	∅	5034	5027	∅	∅	∅	∅	∅	∅	∅,∅	5015	∅	5027	∅	∅	∅	5034	5027	∅	∅	∅	∅	∅	∅	∅
hhak_0176,mcveraa,durum le man vusuruō mom lēn ... mom rōvrōv'e duruō,#	duru	=m	le	ma	=n	vusu	-ruō	#	ZERO	mom	lēn	mom	ZERO	rōvrōv'e	duruō,#	3DL	=TAM1	transfer	hither	=ART	bow	-3DL	#	ZERO	put	LOC=ART	put	ZERO	close.to	3DL,"The two took their bow and arrows, put (them) close to them (DL).",en,WORD_ALIGNED,,hhak_mp3 hhak_wav hhak_eaf hhak_xml hhak_tsv,,709690,714830,##	pro.h:a	=lv	v:pred	rv	=ln	np:p	-rn_pro.h:poss	##	0.h:a	nc	nc	v:pred	0:p	adp	pro.h:g,,hhak,∅	∅	∅	∅	∅	∅	∅	∅	∅	∅	∅	∅	∅	∅	∅	∅,∅	5027	∅	∅	∅	∅	5036	5027	∅	5027	∅	∅	∅	5036	∅	5027,∅	5027	∅	∅	∅	∅	5036	5027	∅	5027	∅	∅	∅	5036	∅	5027
hhak_0177,mcveraa,duruk watchem dim van kal ma van kal ma van kal ma,#	duru	=k	watchem	#	di	=m	van	kal	ma	#	ZERO	van	kal	ma	#	ZERO	van	kal	ma,#	3DL	=TAM2	watch	#	3SG	=TAM1	go	up	hither	#	ZERO	go	up	hither	#	ZERO	go	up	hither,"Then they (DL) watched him coming up the shore, coming up the shore,",en,MORPHEME_ALIGNED,,hhak_mp3 hhak_wav hhak_eaf hhak_xml hhak_tsv,,714830,717969,##	pro.h:s	=lv	v:pred	##	pro.h:s	=lv	v:pred	rv	rv	##	0.h:s	v:pred	rv	rv	##	0.h:s	v:pred	rv	rv,,hhak,∅	∅	∅	∅	∅	∅	∅	∅	∅	∅	∅	∅	∅	∅	∅	∅	∅	∅	∅	∅,∅	5027	∅	∅	∅	5034	∅	∅	∅	∅	∅	5034	∅	∅	∅	∅	5034	∅	∅	∅,∅	5027	∅	∅	∅	5034	∅	∅	∅	∅	∅	5034	∅	∅	∅	∅	5034	∅	∅	∅
hhak_0178,mcveraa,vavavan kal ma dim siōl kal sar lēn nōn,#	ZERO	vavavan	kal	ma	#	di	=m	siōl	kal	sar	lē	=n	nōn,#	ZERO	RED-go	up	hither	#	3SG	=TAM1	float	up	bushwards	LOC	=ART	sand,"coming and coming up the shore, he pulled ashore onto the beach,",en,WORD_ALIGNED,,hhak_mp3 hhak_wav hhak_eaf hhak_xml hhak_tsv,,717969,721176,##	0.h:s	v:pred	rv	rv	##	pro.h:s	=lv	v:pred	rv	rv	adp	=ln	np:g,,hhak,∅	∅	∅	∅	∅	∅	∅	∅	∅	∅	∅	∅	∅	unused,∅	5034	∅	∅	∅	∅	5034	∅	∅	∅	∅	∅	∅	5076,∅	5034	∅	∅	∅	∅	5034	∅	∅	∅	∅	∅	∅	5076
hhak_0179,mcveraa,ne gis ēn nak susuō e ruwa m̄ērm̄ērek din̄ di rōw,#	ZERO	ne	gis	ēn	nak	su-suō	#	e	ruwa	m̄ērm̄ēre	=k	din̄	di	rōw,#	ZERO	TAM2:3SG	hold	ART	canoe	RED-paddle	#	PERS.ART	two.people	kid	=TAM2	reach	3SG	seawards,"then took the canoe, and the two children reached him down (at the sea):",en,MORPHEME_ALIGNED,,hhak_mp3 hhak_wav hhak_eaf hhak_xml hhak_tsv,,721176,724524,##	0.h:a	lv-pro_h_a	v:pred	ln	np:p	rn	##	ln	ln	np.h:a	=lv	v:pred	pro.h:p	rv,,hhak,∅	∅	∅	∅	∅	bridging	∅	∅	∅	∅	∅	∅	∅	∅	∅,∅	5034	∅	∅	∅	5077	∅	∅	∅	∅	5027	∅	∅	5034	∅,∅	5034	∅	∅	∅	5077	∅	∅	∅	∅	5027	∅	∅	5034	∅
hhak_0180,mcveraa,nik 'agēnēsa nikem da ōsōs e ote mumaduō lēn masōgi di ga wotoqtoqo,#	nik	agēnē	sa	nik	=ēm	da	ōsōs	e	ote	mu	-maduō	#	lē	=n	masōgi	di	ga	wotoqtoqo,#	2SG	DEM2.A	EMPH	2SG	=TAM1	do	NC	PERS.ART	mum	POSS.GEN	-1DL.EX	#	LOC	=ART	time	3SG	STAT	pregnant,'Wasn't it you who [UNCLEAR] our mum at the time that she was pregnant?,en,MORPHEME_ALIGNED,,hhak_mp3 hhak_wav hhak_eaf hhak_xml hhak_tsv,,724524,728895,##ds	pro.2:dt_a	rn_dem2	rn	pro.2:a	=lv	v:pred	rv	ln	np.h:p	rn	-rn_pro.1:poss	#ds_ac	adp	=ln	np:other	pro.h:s	lv	v:pred,,hhak,∅	∅	∅	∅	∅	∅	∅	∅	∅	∅	∅	∅	∅	∅	∅	∅	∅	∅	∅,∅	5034	∅	∅	5034	∅	∅	∅	∅	5015	∅	5027	∅	∅	∅	∅	5015	∅	∅,∅	5034	∅	∅	5034	∅	∅	∅	∅	5015	∅	5027	∅	∅	∅	∅	5015	∅	∅
hhak_0181,mcveraa,dim tek so ne van birin̄ nike,#	di	=m	tēk	so	#	ZERO	ne	van	birin̄	nikē,#	3SG	=TAM1	speak	QUOT	#	ZERO	TAM2:3SG	go	COM	2SG,"She said (that she) should go with you,",en,MORPHEME_ALIGNED,,hhak_mp3 hhak_wav hhak_eaf hhak_xml hhak_tsv,,728895,731063,##ds	pro.h:s_ds	=lv	v:pred	other	##ds	0.h:s	lv-pro_h_s	v:pred	adp	pro.2:obl,,hhak,∅	∅	∅	∅	∅	∅	∅	∅	∅	∅	∅,∅	5015	∅	∅	∅	∅	5015	∅	∅	∅	5034,∅	5015	∅	∅	∅	∅	5015	∅	∅	∅	5034
hhak_0182,mcveraa,e nike tek so ooo den ēn nak susuō ne 'ul,#	e	nik	ē	tēk	so	#	ooo	den	ēn	nak	susuō	ne	'ul,#	DISC	2SG	TAM2:2SG	speak	QUOT	#	no	ABL	ART	canoe	RED-paddle	TAM2:3SG	drown,"and then you said: 'No, the canoe might sink.'",en,WORD_ALIGNED,,hhak_mp3 hhak_wav hhak_eaf hhak_xml hhak_tsv,,731063,733498,##ds	other	pro.2:s_ds	lv-pro_2_s_ds	v:pred	other	##ds	other	other	ln	np:s	rn	lv-pro_s	v:pred,,hhak,∅	∅	∅	∅	∅	∅	∅	∅	∅	∅	∅	∅	∅	∅,∅	∅	5034	∅	∅	∅	∅	∅	∅	∅	5077	∅	∅	∅,∅	∅	5034	∅	∅	∅	∅	∅	∅	∅	5077	∅	∅	∅
hhak_0183,mcveraa,kamaduō me vus wal nik sa qiri 'anei,#	kamaduō	me	vus	wal	nik	sa	qiri	anei,#	1DL.EX	FUT	kill	once	2SG	EMPH	today	DEM4.A,We will definitely kill you today.',en,MORPHEME_ALIGNED,,hhak_mp3 hhak_wav hhak_eaf hhak_xml hhak_tsv,,733498,735988,##ds	pro.1:a	lv	v:pred	rv	pro.2:p	other	other	dem4_other,,hhak,∅	∅	∅	∅	∅	∅	∅	∅	∅,∅	5027	∅	∅	∅	5034	∅	∅	∅,∅	5027	∅	∅	∅	5034	∅	∅	∅
hhak_0184,mcveraa,dine rara dine awaw so 'awo e ruwa vanvann̄ok kumru 'ovi'i da magarsin no,#	di	ne	rara	#	di	ne	awaw	so	#	'awo	e	ruwa	van-vann̄o	-k	kumru	'ovi'i	da	magarsin	no,#	3SG	TAM2:3SG	cry	#	3SG	TAM2:3SG	RED:yell	QUOT	#	INTERJ	PERS.ART	two.people	RED-nephew	-1SG	2DL	PROH	do	pity	1SG,"Then he started to cry, to shout: 'Oh no, my two nephews, you mustn't harm me.'",en,MORPHEME_ALIGNED,,hhak_mp3 hhak_wav hhak_eaf hhak_xml hhak_tsv,,735988,740748,##	pro.h:s	lv-pro_h_s	v:pred	##	pro.h:s	lv-pro_h_s	v:pred	other	##ds	other	ln	ln	np.h:voc	-rn_pro.1:poss	pro.2:a	lv	v:pred	rv	pro.1:p,,hhak,∅	∅	∅	∅	∅	∅	∅	∅	∅	∅	∅	∅	∅	∅	∅	∅	∅	∅	∅	∅,∅	5034	∅	∅	∅	5034	∅	∅	∅	∅	∅	∅	∅	5027	5034	∅	∅	∅	∅	5034,∅	5034	∅	∅	∅	5034	∅	∅	∅	∅	∅	∅	∅	5027	5034	∅	∅	∅	∅	5034
hhak_0185,mcveraa,man qē' kumru man vus ēn 'ama' ga 'i'irisē,#	man	qē'	#	#	kumru	man	vus	ēn	'ama'	%	ga	'i'irisē,#	PFV	finish	#	#	2DL	PFV	kill	ART	devil	%	STAT	equal,"That's it, you have already killed the devil, (it)'s enough.",en,MORPHEME_ALIGNED,,hhak_mp3 hhak_wav hhak_eaf hhak_xml hhak_tsv,,740748,743670,##ds	lv	v:pred	##ds	#ds_cc:s	pro.2:a	lv	v:pred	ln	np.d:p	%	lv	v:pred,,hhak,∅	∅	∅	∅	∅	∅	∅	∅	∅	∅	∅	∅	∅,∅	∅	∅	∅	∅	5027	∅	∅	∅	5001	∅	∅	∅,∅	∅	∅	∅	∅	5027	∅	∅	∅	5001	∅	∅	∅
hhak_0186,mcveraa,'enei gēdēk van kal wuva gēdēk dan lavet sir e kumrum vus ēn 'ama',#	'enei	gidē	=k	van	kal	wuva	#	gidē	=k	da	=n	lavet	#	sir	e	kumru	=m	vus	ēn	'ama',#	DEM4.TEMP	1PL.IN	=TAM2	go	up	only	#	1PL.IN	=TAM2	do	=ART	feast	#	for	NC	2DL	=TAM2	kill	ART	devil,"Now we will go just (a bit) upwards, we will make a feast because you killed the devil.'",en,MORPHEME_ALIGNED,,hhak_mp3 hhak_wav hhak_eaf hhak_xml hhak_tsv,,743670,748317,##ds	other	pro.1:s	=lv	v:pred	rv	other	##ds	pro.1:a	=lv	v:pred	=ln	np:p	#ds_ac	adp	nc	pro.2:a	=lv	v:pred	ln	np.d:p,,hhak,∅	∅	∅	∅	∅	∅	∅	∅	∅	∅	∅	∅	∅	∅	∅	∅	∅	∅	∅	∅	∅,∅	∅	5013	∅	∅	∅	∅	∅	5013	∅	∅	∅	5064	∅	∅	∅	5027	∅	∅	∅	5001,∅	∅	5013	∅	∅	∅	∅	∅	5013	∅	∅	∅	5064	∅	∅	∅	5027	∅	∅	∅	5001
hhak_0187,mcveraa,so kamadu me vus wal nike sa qiri 'anei,#	ZERO	so	#	kamadu	me	vus	wal	nikē	sa	qiri	anei,#	ZERO	QUOT	#	1DL.EX	FUT	kill	once	2SG	EMPH	today	DEM4.A,'We will definitely kill you today.',en,MORPHEME_ALIGNED,,hhak_mp3 hhak_wav hhak_eaf hhak_xml hhak_tsv,,748317,750970,##	0.h:s	other:pred	##ds	pro.1:a	lv	v:pred	rv	pro.2:p	other	other	dem4_other,,hhak,∅	∅	∅	∅	∅	∅	∅	∅	∅	∅	∅	∅,∅	5027	∅	∅	5027	∅	∅	∅	5034	∅	∅	∅,∅	5027	∅	∅	5027	∅	∅	∅	5034	∅	∅	∅
hhak_0188,mcveraa,n maruruō ne awaw ge'ew'i ne kar ge'ew'i ne kar ge'ew'i ne kar ge'ew'i ne kar vavavan kar mama' di e qē,#	n	maru	-ruō	ne	awaw	#	ge	'ew'i	ne	kar	#	ge	'ew'i	ne	kar	#	ge	'ew'i	ne	kar	#	ge	'ew'i	ne	kar	vavavan	#	ZERO	kar	mama'	di	#	e	qē,#	ART	uncle	-3DL	TAM2:3SG	RED:yell	#	THING	other	TAM2:3SG	shoot	#	THING	other	TAM2:3SG	shoot	#	THING	other	TAM2:3SG	shoot	#	THING	other	TAM2:3SG	shoot	RED-go	#	ZERO	shoot	RED-dead	3SG	#	DISC	finish,"Their uncle was shouting, and one shot and the other shot, and the (first) one shot, and the other one shot, and so on, shot him dead, and (this is the) end.",en,WORD_ALIGNED,,hhak_mp3 hhak_wav hhak_eaf hhak_xml hhak_tsv,,750970,759845,##	ln	np.h:s	-rn_pro.h:poss	lv-pro_h_s	v:pred	##	ln	np.h:s	lv-pro_h_s	v:pred	##	ln	np.h:s	lv-pro_h_s	v:pred	##	ln	np.h:s	lv-pro_h_s	v:pred	##	ln	np.h:s	lv-pro_h_s	v:pred	other	##	0.h:a	v:pred	rv	pro.h:p	##	other	v:pred,,hhak,∅	∅	∅	∅	∅	∅	∅	∅	∅	∅	∅	∅	∅	∅	∅	∅	∅	∅	∅	∅	∅	∅	∅	∅	∅	∅	∅	∅	∅	∅	∅	∅	∅	∅	∅,∅	∅	5034	5027	∅	∅	∅	∅	5057	∅	∅	∅	∅	5058	∅	∅	∅	∅	5057	∅	∅	∅	∅	5058	∅	∅	∅	∅	5027	∅	∅	5034	∅	∅	∅,∅	∅	5034	5027	∅	∅	∅	∅	5057	∅	∅	∅	∅	5058	∅	∅	∅	∅	5057	∅	∅	∅	∅	5058	∅	∅	∅	∅	5027	∅	∅	5034	∅	∅	∅
isam_0001,mcveraa,lēn qōn̄ ne vōwal kaka din 'a kelgi lusuwēn so lēn 'a lēn mērig,#	lē	=n	qōn̄	ne	vō-wal	kaka	di	=n	a	kel-gi	lusuwēn	so	lē	=n	a	lēn	mērig,#	LOC	=ART	night	NUM.ART	NUM-one	story	3SG	=ART	LOC.SP	behind-3SG	downwind	QUOT	LOC	=ART	LOC.SP	Lemerig	NC,"One day - this story is from the other side over there, from Lēmērig.",en,MORPHEME_ALIGNED,"In the second half of this, the speaker stumbles and restarts a couple of times. He refers to the place where the story is situated, which is the village of Lemerig. This village lies in the other side of a coastal point and the area can be reached only by canoe. It is commonly referrd to by Vera'a speakers as 'the other side', in downwind direction from Vera'a village.",isam_mp3 isam_wav isam_eaf isam_xml isam_tsv,,0,14079,#nc	nc	nc	nc	nc	nc	nc	nc	nc	nc	nc	nc	nc	nc	nc	nc	nc_np	nc,,isam,∅	∅	∅	∅	∅	∅	∅	∅	∅	∅	∅	∅	∅	∅	∅	∅	new	∅,∅	∅	∅	∅	∅	∅	∅	∅	∅	∅	∅	∅	∅	∅	∅	∅	6001	∅,∅	∅	∅	∅	∅	∅	∅	∅	∅	∅	∅	∅	∅	∅	∅	∅	6001	∅
isam_0002,mcveraa,qōn ne vōwal 'erē 'an̄sar 'a lēmērig,#	qōn	ne	vō-wal	'erē	'an̄sar	'a	lēmērig,#	night	NUM.ART	NUM-one	PL	person	ASS.SP	Lemerig,One day there were the people of Lemerig.,en,MORPHEME_ALIGNED,"The clausal core consists only of the predicative NP, and this type of non-verbal clause expresses existence of the NP's referent.",isam_mp3 isam_wav isam_eaf isam_xml isam_tsv,,14085,18119,##	np:other	rn	rn	ln	np.h:pred	rn	rn,,isam,∅	∅	∅	∅	∅	new	∅	∅,∅	∅	∅	∅	∅	6002	∅	6001,∅	∅	∅	∅	∅	6002	∅	6001
isam_0003,mcveraa,vaga dir ga van qel dir ga vovon̄odo lēn me' ne vōwal rōvrōv'en vonore,#	vaga	dir	ga	van	qel	#	dir	ga	vo-von̄odo	lē	=n	me'	ne	vō-wal	rōv-rōv'e	=n	vono	-re,#	always	3PL	STAT	go	down	#	3PL	STAT	RED-sea.harvest	LOC	=ART	reef	NUM.ART	NUM-one	RED-close	=ART	home	-3PL,All the time they went down [to the sea] and went fishing and collecting shells at one reef close to their home [village].,en,MORPHEME_ALIGNED,,isam_mp3 isam_wav isam_eaf isam_xml isam_tsv,,18119,23748,##	other	pro.h:s	lv	v:pred	rv	##	pro.h:s	lv	v:pred	adp	ln	np:l	rn	rn	rn	rn	rn_np	-rn_pro.h:poss,,isam,∅	∅	∅	∅	∅	∅	∅	∅	∅	∅	∅	∅	new	∅	∅	∅	∅	∅	∅,∅	∅	6002	∅	∅	∅	∅	6002	∅	∅	∅	∅	6003	∅	∅	∅	∅	6001	6002,∅	∅	6002	∅	∅	∅	∅	6002	∅	∅	∅	∅	6003	∅	∅	∅	∅	6001	6002
isam_0004,mcveraa,lēn masōgi direm vovon̄odo,#	lē	=n	masō-gi	dir	=ēm	vo-von̄odo,#	LOC	=ART	time	3PL	=TAM1	RED-sea.harvest,"When they went fishing and collecting shells,",en,WORD_ALIGNED,,isam_mp3 isam_wav isam_eaf isam_xml isam_tsv,,23748,27126,##	adp	=ln	np:other	pro.h:s	=lv	v:pred,,isam,∅	∅	∅	∅	∅	∅	∅,∅	∅	∅	∅	6002	∅	∅,∅	∅	∅	∅	6002	∅	∅
isam_0005,mcveraa,dirēk mul kal dirēk bigbig ēn gorēn vovon̄odo sin mes dirēm da sin goto sin wōkalkal sin wōsēs senē,#	dir	=ēk	mul	kal	#	dir	=ēk	bigbig	ēn	go	-rē	=n	vo-von̄odo	si	=n	mes	#	dir	=ēm	da	ZERO	%	si	=n	goto	si	=n	wōkalkal	si	=n	wōsēs	senē,#	3PL	=TAM2	go	upwards	#	3PL	=TAM2	RED-eat	ART	POSS.EAT	-3PL	=ART	RED-sea.harvest	or	=ART	fish	#	3PL	=TAM1	do	ZERO	%	or	=ART	hermit.crab	or	=ART	crab	or	=ART	mussel	MAN.DEM1,"then they went up home and ate their catch: fish which they prepared, hermit crab, crab or shells; like this.",en,WORD_ALIGNED,"""bigbig"" denotes the non-staple component of a usually two-component meal. It translates as ""mit"" into Bislama (Engl. 'meat') and can be meat, fish, other seafood, vegetables like cabbage or cucumber. Bigbig is usually cooked in coconut cream.",isam_mp3 isam_wav isam_eaf isam_xml isam_tsv,,27126,36021,##	pro.h:s	=lv	v:pred	rv	##	pro.h:a	=lv	v:pred	ln	ln	-ln_pro.h:poss	=ln	np:p	rn	=rn	rn_np	#rc_rn	pro.h:a	=lv	v:pred	0:p	%	rn	=rn	rn_np	rn	=rn	rn_np	rn	=rn	rn_np	rn,,isam,∅	∅	∅	∅	∅	∅	∅	∅	∅	∅	∅	∅	∅	bridging	∅	∅	bridging	∅	∅	∅	∅	∅	∅	∅	∅	bridging	∅	∅	bridging	∅	∅	bridging	∅,∅	6002	∅	∅	∅	∅	6002	∅	∅	∅	∅	6002	∅	6004	∅	∅	6005	∅	6002	∅	∅	6005	∅	∅	∅	6006	∅	∅	6007	∅	∅	6008	∅,∅	6002	∅	∅	∅	∅	6002	∅	∅	∅	∅	6002	∅	6004	∅	∅	6005	∅	6002	∅	∅	6005	∅	∅	∅	6006	∅	∅	6007	∅	∅	6008	∅
isam_0006,mcveraa,dirēk mul 'ō kal lēn vonore dirēk big,#	dir	=ēk	mul	'ō'	kal	ZERO	lē	=n	vono	-re	#	dir	=ēk	big	ZERO,#	3PL	=TAM2	go	carry	upwards	ZERO	LOC	=ART	home	-3PL	#	3PL	=TAM2	eat	ZERO,They took it up to their village and had it [with sth. else].,en,MORPHEME_ALIGNED,,isam_mp3 isam_wav isam_eaf isam_xml isam_tsv,,36021,39393,##	pro.h:a	=lv	v:pred	rv	rv	0:p	adp	=ln	np:g	-rn_pro.h:poss	##	pro.h:a	=lv	v:pred	0:p,,isam,∅	∅	∅	∅	∅	∅	∅	∅	∅	∅	∅	∅	∅	∅	∅	∅,∅	6002	∅	∅	∅	∅	6004	∅	∅	6001	6002	∅	6002	∅	∅	6004,∅	6002	∅	∅	∅	∅	6004	∅	∅	6001	6002	∅	6002	∅	∅	6004
isam_0007,mcveraa,dirēm da senē vagam da vaga da vaga vavan,#	dir	=ēm	da	senē	vaga	#	ZERO	=m	da	vaga	#	ZERO	da	vaga	va-van,#	3PL	=TAM1	do	MAN.DEM1	always=TAM1	#	ZERO	=TAM1	do	always	#	ZERO	do	always	RED-go,"They did it like this all the time, did it all the time",en,WORD_ALIGNED,,isam_mp3 isam_wav isam_eaf isam_xml isam_tsv,,39393,42416,##	pro.h:s	=lv	v:pred	other	other	##	0.h:s	=lv	v:pred	other	##	0.h:s	v:pred	other	other,,isam,∅	∅	∅	∅	∅	∅	∅	∅	∅	∅	∅	∅	∅	∅	∅	∅,∅	6002	∅	∅	∅	∅	∅	6002	∅	∅	∅	∅	6002	∅	∅	∅,∅	6002	∅	∅	∅	∅	∅	6002	∅	∅	∅	∅	6002	∅	∅	∅
isam_0008,mcveraa,lēn qōn̄ ne vōwal e ruwa vōruō duru mak leg 'i,#	lē	=n	qōn̄	ne	vō-wal	e	ruwa	vō-ruō	duru	mak	leg	'i,#	LOC	=ART	night	NUM.ART	NUM-one	PERS.ART	two.people	NUM-two	3DL	IMM	marry	DEL,"when one day there was a couple, the two had just got married,",en,MORPHEME_ALIGNED,,isam_mp3 isam_wav isam_eaf isam_xml isam_tsv,,42416,47012,##	adp	=ln	np:other	rn	rn	ln	np.h:dt_s	rn	pro.h:s	lv	v:pred	rv,,isam,∅	∅	∅	∅	∅	∅	∅	new	∅	∅	∅	∅	∅,∅	∅	∅	∅	∅	∅	∅	6009	∅	6009	∅	∅	∅,∅	∅	∅	∅	∅	∅	∅	6009	∅	6009	∅	∅	∅
isam_0009,mcveraa,rekse duru mak leg 'i,#	rekse	duru	mak	leg	'i,#	like	3DL	IMM	marry	DEL,"yes, the two had just got married.",en,MORPHEME_ALIGNED,The clause is not considered for GRAID glossing as it is a mere repetition of the previous clause (cf. Bickel 2003; Haig & Schnell 2011),isam_mp3 isam_wav isam_eaf isam_xml isam_tsv,,47012,49278,##	other	pro.h:s	lv	v:pred	rv,,isam,∅	∅	∅	∅	∅	∅,∅	∅	6009	∅	∅	∅,∅	∅	6009	∅	∅	∅
isam_0010,mcveraa,durum 'ēqel rek lēn me' duruk vovon̄odo,#	duru	=m	'ēqēl	rek	lē	=n	me'	#	duru	=k	vo-von̄odo,#	3DL	=TAM1	descend	also	LOC	=ART	reef	#	3DL	=TAM2	RED-sea.harvest,The two went down to the reef to go fishing.,en,MORPHEME_ALIGNED,,isam_mp3 isam_wav isam_eaf isam_xml isam_tsv,,49278,53544,##	pro.h:s	=lv	v:pred	rv	adp	=ln	np:g	##	pro.h:s	=lv	v:pred,,isam,∅	∅	∅	∅	∅	∅	∅	∅	∅	∅	∅	∅,∅	6009	∅	∅	∅	∅	∅	6003	∅	6009	∅	∅,∅	6009	∅	∅	∅	∅	∅	6003	∅	6009	∅	∅
isam_0011,mcveraa,lēn masōgi durum vovon̄odo qē' duruk mul kal den,#	lē	=n	masō-gi	duru	=m	vo-von̄odo	qē'	#	duru	=k	mul	kal	den,#	LOC	=ART	time-3SG	3DL	=TAM1	RED-sea.harvest	finish	#	3DL	=TAM2	go	upwards	ABL,When the two finished fishing and collecting shells the two left and went up home.,en,MORPHEME_ALIGNED,,isam_mp3 isam_wav isam_eaf isam_xml isam_tsv,,53544,57345,##	adp	=ln	np:other	pro.h:s	=lv	v:pred	rv	##	pro.h:s	=lv	v:pred	rv	rv,,isam,∅	∅	∅	∅	∅	∅	∅	∅	∅	∅	∅	∅	∅	∅,∅	∅	∅	∅	6009	∅	∅	∅	∅	6009	∅	∅	∅	∅,∅	∅	∅	∅	6009	∅	∅	∅	∅	6009	∅	∅	∅	∅
isam_0012,mcveraa,'an̄sara ne vōwal wuva dim kalak den ēn m̄ogi gēr lēn 'ēnēs qōn̄ gēr senē,#	'an̄sara	ne	vō-wal	wuva	di	=m	kalak	den	ēn	m̄o-gi	gēr	lē	=n	'ēnēs	qōn̄	gēr	senē,#	person	NUM.ART	NUM-one	only	3SG	=TAM1	get.up	ABL	ART	POSS.HOUSE-3SG	approximately	LOC	=ART	middle	night	approximately	MAN.DEM1,"One person only, he came out of his house, probably in the middle of the night, like this.",en,MORPHEME_ALIGNED,,isam_mp3 isam_wav isam_eaf isam_xml isam_tsv,,57345,63840,##	np.h:dt_s	rn	rn	rn	pro.h:s	=lv	v:pred	adp	ln	np:obl	other	adp	=ln	np:other	rn	other	other,,isam,∅	new	∅	∅	∅	∅	∅	∅	∅	∅	new	∅	∅	∅	new	∅	∅	∅,∅	6010	∅	∅	∅	6010	∅	∅	∅	∅	6011	∅	∅	∅	6012	∅	∅	∅,∅	6010	∅	∅	∅	6010	∅	∅	∅	∅	6011	∅	∅	∅	6012	∅	∅	∅
isam_0013,mcveraa,di ne 'ēqel lēn me' rek di ne sin̄ ēn mugin nev lēn lēn m̄ogi,#	di	ne	'ēqēl	lē	=n	me'	rek	#	di	ne	sin̄	ēn	mu-gi	=n	nev	lē	=n	lē	=n	m̄o-gi,#	3SG	TAM2:3SG	descend	LOC	=ART	reef	also	#	3SG	TAM2:3SG	light	ART	POSS.GEN.3SG	=ART	fire	LOC	=ART	LOC	=ART	POSS.HOUSE-3SG,"He went down to the reef, too; he lit a light in his house",en,WORD_ALIGNED,,isam_mp3 isam_wav isam_eaf isam_xml isam_tsv,,63840,69520,##	pro.h:s	lv-pro_h_s	v:pred	adp	ln	np:g	other	##	pro.h:a	lv-pro_h_a	v:pred	ln	ln_pro.h:poss	=ln	np:p	nc	nc	adp	=ln	np:l,,isam,∅	∅	∅	∅	∅	∅	∅	∅	∅	∅	∅	∅	∅	∅	∅	new	∅	∅	∅	∅	∅,∅	6010	∅	∅	∅	∅	6003	∅	∅	6010	∅	∅	∅	6010	∅	6013	∅	∅	∅	∅	6011,∅	6010	∅	∅	∅	∅	6003	∅	∅	6010	∅	∅	∅	6010	∅	6013	∅	∅	∅	∅	6011
isam_0014,mcveraa,di ne 'ēqel rek 'an me',#	di	ne	'ēqēl	rek	a	=n	me',#	3SG	TAM2:3SG	descend	also	LOC.SP	=ART	reef,and also went down to the reef.,en,MORPHEME_ALIGNED,,isam_mp3 isam_wav isam_eaf isam_xml isam_tsv,,69521,72095,##	pro.h:s	lv-pro_h_s	v:pred	rv	adp	=ln	np:g,,isam,∅	∅	∅	∅	∅	∅	∅	∅,∅	6010	∅	∅	∅	∅	∅	6003,∅	6010	∅	∅	∅	∅	∅	6003
isam_0015,mcveraa,dim 'ēqel 'an me' dim sōsōk kelkel 'an me' 'anē van van van,#	di	=m	'ēqēl	a	=n	me'	#	di	=m	sō-sōk	kelkel	a	=n	me'	anē	van	van	van,#	3SG	=TAM1	descend	LOC.SP	=ART	reef	#	3SG	=TAM1	RED-scan	RED:back	LOC.SP	=ART	reef	DEM1.A	go	go	go,"When he went down to the reef, he started to look around on the reef until",en,MORPHEME_ALIGNED,,isam_mp3 isam_wav isam_eaf isam_xml isam_tsv,,72095,77625,##	pro.h:s	=lv	v:pred	adp	=ln	np:g	##	pro.h:s	=lv	v:pred	rv	adp	=ln	np:l	rn	other	nc	nc,,isam,∅	∅	∅	∅	∅	∅	∅	∅	∅	∅	∅	∅	∅	∅	∅	∅	∅	∅	∅,∅	6010	∅	∅	∅	∅	6003	∅	6010	∅	∅	∅	∅	∅	6003	∅	∅	∅	∅,∅	6010	∅	∅	∅	∅	6003	∅	6010	∅	∅	∅	∅	∅	6003	∅	∅	∅	∅
isam_0016,mcveraa,dim m̄alrow den so n me' dim kalaka,#	di	=m	m̄alrow	den	#	so	=n	me'	di	=m	kalaka,#	3SG	=TAM1	startle	ABL	#	CPL	=ART	reef	3SG	=TAM1	get.up,"he was shocked for the reef, it got up.",en,MORPHEME_ALIGNED,,isam_mp3 isam_wav isam_eaf isam_xml isam_tsv,,77625,81322,##	pro.h:s	=lv	v:pred	adp	#cc:obl	other	=ln	np:dt_s	pro:s	=lv	v:pred,,isam,∅	∅	∅	∅	∅	∅	∅	∅	∅	∅	∅	∅,∅	6010	∅	∅	∅	∅	∅	∅	6003	6003	∅	∅,∅	6010	∅	∅	∅	∅	∅	∅	6003	6003	∅	∅
isam_0017,mcveraa,'enei di ne qē'ēg van sir ēn 'ekē ga rōr,#	enei	di	ne	qē'ēg	van	sir	ēn	'ekē	ga	rōr,#	now	3SG	TAM2:3SG	begin	go	for	ART	place	STAT	deep,Now it began to move towards a deep spot / towards the dep sea.,en,MORPHEME_ALIGNED,,isam_mp3 isam_wav isam_eaf isam_xml isam_tsv,,81322,84947,##	other	pro:s	lv-pro_s	v:pred	rv	adp	ln	np:g	rn	rn,,isam,∅	∅	∅	∅	∅	∅	∅	∅	new	∅	∅,∅	∅	6003	∅	∅	∅	∅	∅	6014	∅	∅,∅	∅	6003	∅	∅	∅	∅	∅	6014	∅	∅
isam_0018,mcveraa,ba di masōgi dim 'ēn sier so me' dim da 'esenē dim m̄alrow den di ne rara,#	ba	di	masō-gi	di	=m	'ēn	sier	#	so	me'	di	=m	da	esenē	#	di	=m	m̄alrow	den	#	di	ne	rara,#	but	3SG	time-3SG	3SG	=TAM1	see	realise	#	CPL	reef	3SG	=TAM1	do	MAN.DEM1.E	#	3SG	=TAM1	startle	ABL	#	3SG	TAM2:3SG	cry,"And he, when he noticed that the reef it was doing thishe was shocked and cried.",en,MORPHEME_ALIGNED,,isam_mp3 isam_wav isam_eaf isam_xml isam_tsv,,84947,90289,##	other	nc_pro.h	np:other	pro.h:s	=lv	v:pred	rv	#cc	other	np:dt_s	pro:s	=lv	v:pred	other	##	pro.h:s	lv	v:pred	rv	##	pro.h:s	lv-pro_h_s	v:pred,,isam,∅	∅	∅	new	∅	∅	∅	∅	∅	∅	∅	∅	∅	∅	∅	∅	∅	∅	∅	∅	∅	∅	∅	∅,∅	∅	6010	6015	6010	∅	∅	∅	∅	∅	6003	6003	∅	∅	∅	∅	6010	∅	∅	∅	∅	6010	∅	∅,∅	∅	6010	6015	6010	∅	∅	∅	∅	∅	6003	6003	∅	∅	∅	∅	6010	∅	∅	∅	∅	6010	∅	∅
isam_0019,mcveraa,di ga moros rōw lēn naw ba di mas da m̄as,#	di	ga	moros	rōw	lē	=n	naw	#	ba	di	mas	da	m̄as,#	3SG	STAT	want	jump	LOC	=ART	saltwater	#	but	3SG	INABIL1	do	INABIL2,"He wanted to jump into the sea, but he couldn't do so",en,MORPHEME_ALIGNED,,isam_mp3 isam_wav isam_eaf isam_xml isam_tsv,,90289,93088,##	pro.h:s	lv	v:pred	rv	adp	=ln	np:g	##neg	other	pro.h:s	lv	v:pred	rv,,isam,∅	∅	∅	∅	∅	∅	∅	bridging	∅	∅	∅	∅	∅	∅,∅	6010	∅	∅	∅	∅	∅	6016	∅	∅	6010	∅	∅	∅,∅	6010	∅	∅	∅	∅	∅	6016	∅	∅	6010	∅	∅	∅
isam_0020,mcveraa,managi si dim rōw lēn naw di me 'ul,#	mana-gi	si	di	=m	rōw	lē	=n	naw	#	di	me	'ul,#	reason-3SG	or	3SG	=TAM1	jump	LOC	=ART	saltwater	#	3SG	FUT	drown,"because if he jumped into the sea, he would drown.",en,MORPHEME_ALIGNED,,isam_mp3 isam_wav isam_eaf isam_xml isam_tsv,,93088,96339,##	np:other	other	pro.h:s	=lv	v:pred	adp	=ln	np:g	##	pro.h:s	lv	v:pred,,isam,∅	∅	∅	∅	∅	∅	∅	∅	∅	∅	∅	∅	∅,∅	∅	∅	6010	∅	∅	∅	∅	6016	∅	6010	∅	∅,∅	∅	∅	6010	∅	∅	∅	∅	6016	∅	6010	∅	∅
isam_0021,mcveraa,so dim 'ukeg wuva diē,#	so	di	=m	'ukeg	wuva	diē,#	CPL	3SG	=TAM1	letgo	only	3SG,"So he just let it do so,",en,MORPHEME_ALIGNED,,isam_mp3 isam_wav isam_eaf isam_xml isam_tsv,,96339,98510,##	other	pro.h:a	=lv	v:pred	rv	pro:p,,isam,∅	∅	∅	∅	∅	∅	∅,∅	∅	6010	∅	∅	∅	6003,∅	∅	6010	∅	∅	∅	6003
isam_0022,mcveraa,dim 'ir 'i 'an me' 'anē'ē,#	di	=m	'ir	'i	a	=n	me'	anē'ē,#	3SG	=TAM1	stand	DEL	LOC.SP	=ART	reef	DEM1.A,and so he was standing on the reef now.,en,MORPHEME_ALIGNED,,isam_mp3 isam_wav isam_eaf isam_xml isam_tsv,,98510,100841,##	pro.h:s	=lv	v:pred	rv	adp	=ln	np:l	rn,,isam,∅	∅	∅	∅	∅	∅	∅	∅	∅,∅	6010	∅	∅	∅	∅	∅	6003	∅,∅	6010	∅	∅	∅	∅	∅	6003	∅
isam_0023,mcveraa,lēn masōgi di ne n me' ne vanvan rak lik row lēn 'ekē ga rōr di ne sōk sier son me' dim gis reksen dim van ma reksen 'an̄sara,#	lē	=n	masō-gi	di	ne	=n	me'	ne	vanvan	rak	lik	row	lē	=n	'ekē	ga	rōr	#	di	ne	sōk	sier	#	so	=n	me'	#	di	=m	gis	rekse	=n	%	di	=m	van	ma	rekse	=n	'an̄sara,#	LOC	=ART	time-3SG	3SG	TAM2	=ART	reef	TAM2:3SG	RED:go	out	more	down	LOC	=ART	place	STAT	deep	#	3SG	TAM2:3SG	scan	realise	#	CPL	=ART	reef	#	3SG	=TAM1	hold	like	=ART	%	3SG	=TAM1	go	hither	like	=ART	person,"While it ... the reef was moving further out (into the sea) towards where it is deep, he found that the reef, it became like a person / human being.",en,MORPHEME_ALIGNED,,isam_mp3 isam_wav isam_eaf isam_xml isam_tsv,,100841,111563,##	adp	=ln	np:other	nc	nc	=ln	np:s	lv-pro_s	v:pred	rv	rv	rv	adp	=ln	np:g	rn	rn	##	pro.h:s	lv-pro_h_s	v:pred	rv	#cc	other	=ln	np:dt_s	#nc	nc	nc	nc	nc	nc	%	pro:s	=lv	v:pred	rv	other	=ln	np:obl,,isam,∅	∅	∅	∅	∅	∅	∅	∅	∅	∅	∅	∅	∅	∅	∅	∅	∅	∅	∅	∅	∅	∅	∅	∅	∅	∅	∅	∅	∅	∅	∅	∅	∅	∅	∅	∅	∅	∅	∅	∅	∅,∅	∅	∅	∅	∅	∅	∅	6003	∅	∅	∅	∅	∅	∅	∅	6014	∅	∅	∅	6010	∅	∅	∅	∅	∅	∅	6003	∅	∅	∅	∅	∅	∅	∅	6003	∅	∅	∅	∅	∅	∅,∅	∅	∅	∅	∅	∅	∅	6003	∅	∅	∅	∅	∅	∅	∅	6014	∅	∅	∅	6010	∅	∅	∅	∅	∅	∅	6003	∅	∅	∅	∅	∅	∅	∅	6003	∅	∅	∅	∅	∅	∅
isam_0024,mcveraa,dim rērē kal reksen 'aval n̄ēn̄ērē' me' dim rērē kal den ēn naw di ne tek mē diē so bul,#	di	=m	rērē	kal	#	rekse	=n	aval	n̄ēn̄ērē'	me'	di	=m	rērē	kal	den	ēn	naw	#	di	ne	tek	mē	diē	so	#	bul,#	3SG	=TAM1	crane	upwards	#	like	=ART	other.side	shoreline	reef	3SG	=TAM1	crane	upwards	ABL	ART	saltwater	#	3SG	TAM2:3SG	speak	DAT	3SG	QUOT	#	friend,"It craned its neck upwards like one end of the reef it stretched out of the sea and said to him: ""Friend,",en,MORPHEME_ALIGNED,,isam_mp3 isam_wav isam_eaf isam_xml isam_tsv,,111573,118542,##	pro.d:s	=lv	v:pred	rv	##	other	=ln	np:dt_s	rn	rn_np	pro:s	=lv	v:pred	rv	adp	ln	np:obl	##	pro.d:s	lv-pro_d_s	v:pred	adp	pro.h:g	other	##ds	np.h:voc,,isam,∅	∅	∅	∅	∅	∅	∅	∅	∅	∅	∅	∅	∅	∅	∅	∅	∅	∅	∅	∅	∅	∅	∅	∅	∅	∅	∅,∅	6003	∅	∅	∅	∅	∅	∅	∅	∅	6003	6003	∅	∅	∅	∅	∅	6016	∅	6003	∅	∅	∅	6010	∅	∅	6010,∅	6003	∅	∅	∅	∅	∅	∅	∅	∅	6003	6003	∅	∅	∅	∅	∅	6016	∅	6003	∅	∅	∅	6010	∅	∅	6010
isam_0025,mcveraa,nik van man lēn kolok lēn basbas nagi itok gēduk van tetel,#	nik	van	ma	=n	lē	=n	kolo	-k	lē	=n	basbas	na-gi	#	itok	#	gēdu	=k	van	tetel,#	2SG	go	hither	=ART	LOC	=ART	back	-1SG	LOC	=ART	end	ORD-3SG	#	good	#	1DL.IN	=TAM2	go	walk,"come onto my back, onto the end of it, then, all right, we two go.""",en,MORPHEME_ALIGNED,Constructional error with the common article inserted after the directional particle 'hither'. A locative PP expressing the goal of the movement follows rather than an object NP -- which would not be licensed by the valency of the VC here anyway.,isam_mp3 isam_wav isam_eaf isam_xml isam_tsv,,118542,125329,##ds	pro.2:s	vother:pred	rv	nc	adp	=ln	np:g	-rn_pro.1:poss	adp	=ln	np:other	rn	##ds	v:pred	##ds	pro.1:s	=lv	v:pred	rv,,isam,∅	∅	∅	∅	∅	∅	∅	bridging	∅	∅	∅	∅	∅	∅	∅	∅	bridging	∅	∅	∅,∅	6010	∅	∅	∅	∅	∅	6017	6003	∅	∅	6017	∅	∅	∅	∅	6018	∅	∅	∅,∅	6010	∅	∅	∅	∅	∅	6017	6003	∅	∅	6017	∅	∅	∅	∅	6018	∅	∅	∅
isam_0026,mcveraa,so nik m 'enei gēduō va'a lēn venē lama,#	so	nik	m	#	enei	giduō	va'a	lē	=n	venē	lama,#	QUOT	2SG	TAM1	#	now	1DL.IN	already	LOC	=ART	middle	ocean,"""You ... now we are in the middle of the sea.""",en,MORPHEME_ALIGNED,,isam_mp3 isam_wav isam_eaf isam_xml isam_tsv,,125335,129571,#nc	nc	nc_pro.2	nc	##ds	other	pro.1:s	other:pred	adp	=ln	np:l	rn,,isam,∅	∅	∅	∅	∅	∅	∅	∅	∅	∅	∅	∅,∅	∅	6010	∅	∅	∅	6018	∅	∅	∅	6014	∅,∅	∅	6010	∅	∅	∅	6018	∅	∅	∅	6014	∅
isam_0027,mcveraa,itok so gēduk 'ēqel lēn vunuō ne vōwal dir ga ul son Torres lēn suwēn vunuō ne vōwal rak rōw 'ēnē dir ga ul Torres,#	itok	#	so	gidu	=k	'ēqēl	lē	=n	vunuō	ne	vō-wal	#	dir	ga	ul	ZERO	so	=n	Torres	lē	=n	suwē	=n	vunuō	ne	vō-wal	rak	rōwē	nē	#	dir	ga	ul	ZERO	Torres,#	good	#	PROSP	1DL.IN	=TAM2	descend	LOC	=ART	land	NUM.ART	NUM-one	#	3PL	STAT	call	ZERO	QUOT	=ART	Torres	LOC	=ART	downwind	=ART	land	NUM.ART	NUM-one	out	down	DEM1	#	3PL	STAT	call	ZERO	Torres,"All right, then: ""We two are going to go to one island which is called Torres. Down there, one island further down(wind) which is called Torres.",en,MORPHEME_ALIGNED,"The locative preposition does not make sense here, and the local adverb 'downwind' occurs on clause level.",isam_mp3 isam_wav isam_eaf isam_xml isam_tsv,,129571,139734,##ds	v:pred	##ds	other	pro.1:s	=lv	v:pred	adp	=ln	np:g	rn	rn	#ds_rc_rn	pro.h:a	lv	v:pred	0:p	other	=ln	pn_np:other	adp	=ln	np:other	=ln	np:other	rn	rn	rn	rn	rn	#ds_rc_rn	pro.h:a	lv	v:pred	0:p	pn_np:other,,isam,∅	∅	∅	∅	∅	∅	∅	∅	∅	new	∅	∅	∅	new	∅	∅	∅	∅	∅	∅	∅	∅	∅	∅	∅	∅	∅	∅	∅	∅	∅	∅	∅	∅	∅	∅,∅	∅	∅	∅	6018	∅	∅	∅	∅	6019	∅	∅	∅	6020	∅	∅	6019	∅	∅	∅	∅	∅	∅	∅	6019	∅	∅	∅	∅	∅	∅	6020	∅	∅	6019	∅,∅	∅	∅	∅	6018	∅	∅	∅	∅	6019	∅	∅	∅	6020	∅	∅	6019	∅	∅	∅	∅	∅	∅	∅	6019	∅	∅	∅	∅	∅	∅	6020	∅	∅	6019	∅
isam_0028,mcveraa,ba nik wom 'ēn son naw wom lōl luwo ma si wom van kal gōr gēduō nike kalraka nike 'ir kal den gōr n naw ne le nike,#	ba	nik	wo	=m	'ēn	#	so	=n	naw	wo	=m	lōl	luwo	ma	#	si	ZERO	wo	=m	van	kal	gōr	giduō	#	nik	ē	kalraka	#	nik	ē	'ir	kal	#	den	gōr	n	naw	ne	le	nikē,#	but	2SG	and	=TAM1	see	#	CPL	=ART	saltwater	and	=TAM1	flooded	big	hither	#	or	ZERO	and	=TAM1	go	upwards	block	1DL.IN	#	2SG	TAM2:2SG	get.up	#	2SG	TAM2:2SG	stand	upwards	#	ABL	secure	ART	saltwater	TAM2:3SG	transfer	2SG,"But when you see when the sea is getting big and rising to flood us, get up and stand away to save yourself from the sea to take you.",en,MORPHEME_ALIGNED,,isam_mp3 isam_wav isam_eaf isam_xml isam_tsv,,139734,147888,##ds	other	pro.2:s	other	=lv	v:pred	#cc	other	=ln	np:s	other	=lv	v:pred	rv	rv	#cc	other	0:a	other	=lv	v:pred	rv	rv	pro.1:p	##ds	pro.2:s	lv-pro_2_s	v:pred	##ds	pro.2:s	lv-pro_2_s	v:pred	rv	##ds	other	nc	ln	np:a	lv-pro_a	v:pred	pro.2:p,,isam,∅	∅	∅	∅	∅	∅	∅	∅	∅	∅	∅	∅	∅	∅	∅	∅	∅	∅	∅	∅	∅	∅	∅	∅	∅	∅	∅	∅	∅	∅	∅	∅	∅	∅	∅	∅	∅	∅	∅	∅	∅,∅	∅	6010	∅	∅	∅	∅	∅	∅	6016	∅	∅	∅	∅	∅	∅	∅	6016	∅	∅	∅	∅	∅	6003	∅	6010	∅	∅	∅	6010	∅	∅	∅	∅	∅	∅	∅	6016	∅	∅	6010,∅	∅	6010	∅	∅	∅	∅	∅	∅	6016	∅	∅	∅	∅	∅	∅	∅	6016	∅	∅	∅	∅	∅	6003	∅	6010	∅	∅	∅	6010	∅	∅	∅	∅	∅	∅	∅	6016	∅	∅	6010
isam_0029,mcveraa,wo nikm 'ēn n naw dim 'ēqel kel nike sag sur kel,#	wo	nik	=m	'ēn	#	n	naw	di	=m	'ēqēl	kel	#	nik	ē	sag	sur	kel,#	and	2SG	=TAM1	see	#	ART	saltwater	3SG	=TAM1	descend	back	#	2SG	TAM2:2SG	sit	down	back,"When you see the sea that it lowers again, sit down again.""",en,MORPHEME_ALIGNED,,isam_mp3 isam_wav isam_eaf isam_xml isam_tsv,,147888,151623,##ds	other	pro.2:s	=lv	v:pred	#cc	ln	np:dt_s	pro:s	=lv	v:pred	rv	##ds	pro.2:s	lv-pro_2_s	v:pred	rv	rv,,isam,∅	∅	∅	∅	∅	∅	∅	∅	∅	∅	∅	∅	∅	∅	∅	∅	∅	∅,∅	∅	6010	∅	∅	∅	∅	6016	6016	∅	∅	∅	∅	6010	∅	∅	∅	∅,∅	∅	6010	∅	∅	∅	∅	6016	6016	∅	∅	∅	∅	6010	∅	∅	∅	∅
isam_0030,mcveraa,durum da 'eseneē van van van vavavan,#	duru	=m	da	esenē	van	van	van	va-va-van,#	3DL	=TAM1	do	MAN.DEM1.E	go	go	go	RED:go,The two did like this on and on.,en,WORD_ALIGNED,,isam_mp3 isam_wav isam_eaf isam_xml isam_tsv,,151623,154176,##	pro.h:s	=lv	v:pred	other	other	nc	nc	nc,,isam,∅	∅	∅	∅	∅	∅	∅	∅	∅,∅	6018	∅	∅	∅	∅	∅	∅	∅,∅	6018	∅	∅	∅	∅	∅	∅	∅
isam_0031,mcveraa,ne maran ne qōn̄,#	ne	maran	#	ne	qōn̄,#	TAM2:3SG	daylight	#	TAM2:3SG	night,"It got day, and it got night.",en,MORPHEME_ALIGNED,,isam_mp3 isam_wav isam_eaf isam_xml isam_tsv,,154176,156585,##	lv-pro_s	v:pred	##	lv-pro_s	v:pred,,isam,∅	∅	∅	∅	∅	∅,∅	∅	∅	∅	∅	∅,∅	∅	∅	∅	∅	∅
isam_0032,mcveraa,ne maran duruk din̄ ēn mē'ērsa,#	ne	maran	#	duru	=k	din̄	ēn	mē'ērsa,#	TAM2:3SG	daylight	#	3DL	=TAM2	reach	ART	harbour,"When it got day, the two reached a harbour.",en,MORPHEME_ALIGNED,,isam_mp3 isam_wav isam_eaf isam_xml isam_tsv,,156595,160174,##	lv-pro_s	v:pred	##	pro.h:a	=lv	v:pred	ln	np:p,,isam,∅	∅	bridging	∅	∅	∅	∅	∅	bridging,∅	∅	6021	∅	6018	∅	∅	∅	6022,∅	∅	6021	∅	6018	∅	∅	∅	6022
isam_0033,mcveraa,durum kal lēn mē'ērsa lēn vunuō ne vōwal dir ga ul so Hiw lēn Torres 'erē vunuō 'arn̄i vunuō 'a suwēn 'a Torres dir ga ul Hiw,#	duru	=m	kal	lē	=n	mē'ērsa	lē	=n	vunuō	ne	vō-wal	#	dir	ga	ul	ZERO	so	Hiw	lē	=n	Torres	'erē	vunuō	'arn̄i	vunuō	a	suwēn	a	Torres	#	dir	ga	ul	ZERO	Hiw,#	3DL	=TAM1	enter	LOC	=ART	harbour	LOC	=ART	land	NUM.ART	NUM-one	#	3PL	STAT	call	ZERO	QUOT	Hiw	LOC	=ART	Torres	PL	land	group	land	LOC.SP	downwind	LOC.SP	Torres	#	3PL	STAT	call	ZERO	Hiw,"The two came to the shore at a harbour at one island which is called Hiw in the Torres, some islands, a group of islands down at Torres which is called Hiw,",en,MORPHEME_ALIGNED,,isam_mp3 isam_wav isam_eaf isam_xml isam_tsv,,160179,172896,##	pro.h:s	=lv	v:pred	adp	=ln	np:g	rn	=rn	rn_np	rn	rn	#rc_rn	pro.h:a	lv	v:pred	0:p	other	pn_np:other	adp	=ln	pn_np:other	ln	np:other	np:other	rn	rn	rn	rn	rn_pn_np	##	pro.h:a	lv	v:pred	0:p	pn_np:other,,isam,∅	∅	∅	∅	∅	∅	∅	∅	∅	bridging	∅	∅	∅	∅	∅	∅	∅	∅	∅	∅	∅	∅	∅	∅	∅	∅	∅	∅	∅	∅	∅	∅	∅	∅	∅	∅,∅	6018	∅	∅	∅	∅	6022	∅	∅	6023	∅	∅	∅	6020	∅	∅	6023	∅	∅	∅	∅	6019	∅	∅	∅	∅	∅	∅	∅	6019	∅	6020	∅	∅	6023	∅,∅	6018	∅	∅	∅	∅	6022	∅	∅	6023	∅	∅	∅	6020	∅	∅	6023	∅	∅	∅	∅	6019	∅	∅	∅	∅	∅	∅	∅	6019	∅	6020	∅	∅	6023	∅
isam_0034,mcveraa,durum kal ba' 'ekēnē,#	duru	=m	kal	ba'	'ekēnē,#	3DL	=TAM1	enter	into	LOC.DEM1,the two landed there.,en,MORPHEME_ALIGNED,,isam_mp3 isam_wav isam_eaf isam_xml isam_tsv,,172896,174504,##	pro.h:s	=lv	v:pred	rv	other:l,,isam,∅	∅	∅	∅	∅	∅,∅	6018	∅	∅	∅	6022,∅	6018	∅	∅	∅	6022
isam_0035,mcveraa,durum van sar lēn mē'ērsa ne vōwal,#	duru	=m	van	sar	lē	=n	mē'ērsa	ne	vō-wal,#	3DL	=TAM1	go	inland	LOC	=ART	harbour	NUM.ART	NUM-one,"When the two went into a harbour,",en,MORPHEME_ALIGNED,,isam_mp3 isam_wav isam_eaf isam_xml isam_tsv,,174504,176764,##	pro.h:s	=lv	v:pred	rv	adp	=ln	np:g	rn	rn,,isam,∅	∅	∅	∅	∅	∅	∅	∅	∅	∅,∅	6018	∅	∅	∅	∅	∅	6022	∅	∅,∅	6018	∅	∅	∅	∅	∅	6022	∅	∅
isam_0036,mcveraa,me' ne tek mē die so 'ama' lēn 'an̄sara lēn me' ne tek mē diē so,#	me'	ne	tek	mē	diē	so	#	'ama'	lē	=n	'an̄sara	lē	=n	me'	ne	tek	mē	diē	so,#	reef	TAM2:3SG	speak	DAT	3SG	QUOT	#	spirit	LOC	=ART	person	LOC	=ART	reef	TAM2:3SG	speak	DAT	3SG	QUOT,"reef said to him, the ghost in … the person in the reef said to him:",en,MORPHEME_ALIGNED,,isam_mp3 isam_wav isam_eaf isam_xml isam_tsv,,176764,182341,##	np.d:s	lv-pro_d_s	v:pred	adp	pro.h:g	other	##	nc	nc	=ln	np.d:s	rn	=rn	rn_np	lv-pro_d_s	v:pred	adp	pro.h:g	other,,isam,∅	∅	∅	∅	∅	∅	∅	∅	∅	∅	∅	bridging	∅	∅	∅	∅	∅	∅	∅	∅,∅	6003	∅	∅	∅	6010	∅	∅	∅	∅	∅	6024	∅	∅	6003	∅	∅	∅	6010	∅,∅	6003	∅	∅	∅	6010	∅	∅	∅	∅	∅	6024	∅	∅	6003	∅	∅	∅	6010	∅
isam_0037,mcveraa,bul duk kal ba'a duk momse ke'i 'ekēgēn du me momse 'alēn 'aklē qōn̄ duk mul kel lēn 'ekē gēdum van ma den,#	bul	#	du	=k	kal	ba'a	#	du	=k	momse	ke'i	'ekēgēn	#	du	me	momse	alē	=n	'aklē	qōn̄	#	du	=k	mul	kel	lē	=n	'ekē	#	gidu	=m	van	ma	den	ZERO,#	friend	#	1DL.IN	=TAM2	enter	into	#	1DL.IN	=TAM2	breathe	for.a.moment	LOC.DEM2	#	1DL.IN	FUT	breathe	ASS	=ART	some	night	#	1DL.IN	=TAM2	go	back	LOC	=ART	place	#	1DL.IN	=TAM1	go	hither	ABL	ZERO,"""Friend, we two are going to land and rest for a while here; we will rest here for a few days, and then we go back to where we came from.""",en,MORPHEME_ALIGNED,,isam_mp3 isam_wav isam_eaf isam_xml isam_tsv,,182341,189540,##ds	np.h:voc	##ds	wpro.1:s	=lv	v:pred	rv	##ds	wpro.1:s	=lv	v:pred	other	other:l	##ds	wpro.1:s	lv	v:pred	adp	=ln	ln	np:other	##ds	wpro.1:s	=lv	v:pred	rv	adp	=ln	np:g	#ds_rc_rn	pro.1:s	=lv	v:pred	rv	adp	0:obl,,isam,∅	∅	∅	∅	∅	∅	∅	∅	∅	∅	∅	∅	∅	∅	∅	∅	∅	∅	∅	∅	new	∅	∅	∅	∅	∅	∅	∅	∅	∅	∅	∅	∅	∅	∅	∅,∅	6010	∅	6018	∅	∅	∅	∅	6018	∅	∅	∅	6022	∅	6018	∅	∅	∅	∅	∅	6025	∅	6018	∅	∅	∅	∅	∅	6001	∅	6018	∅	∅	∅	∅	6001,∅	6010	∅	6018	∅	∅	∅	∅	6018	∅	∅	∅	6022	∅	6018	∅	∅	∅	∅	∅	6025	∅	6018	∅	∅	∅	∅	∅	6001	∅	6018	∅	∅	∅	∅	6001
isam_0038,mcveraa,durum kal ba' sar kēne,#	duru	=m	kal	ba'	sar	kēnē,#	3DL	=TAM1	enter	into	inland	LOC.DEM1,"The two went inside to the shore at this place,",en,MORPHEME_ALIGNED,,isam_mp3 isam_wav isam_eaf isam_xml isam_tsv,,189540,191630,##	pro.h:s	=lv	v:pred	rv	rv	other:g,,isam,∅	∅	∅	∅	∅	∅	bridging,∅	6018	∅	∅	∅	∅	6026,∅	6018	∅	∅	∅	∅	6026
isam_0039,mcveraa,va n me' m van sar van sar van sar m van sar lēn lēn qil anē'ē m kal ba' 'enteg sar,va	#	n	me'	m	van	sar	#	ZERO	van	sar	#	ZERO	van	sar	#	ZERO	m	van	sar	lē	=n	lē	=n	qil	anē'ē	#	ZERO	m	kal	ba'	'enteg	sar,go	#	ART	reef	TAM1	go	inland	#	ZERO	go	inland	#	ZERO	go	inland	#	ZERO	TAM1	go	inland	LOC	=ART	LOC	=ART	lagoon	DEM1.A	#	ZERO	TAM1	enter	into	well	inland,"the reef went inside, went inside, and when it had gone into the bay, had gone well inside,",en,MORPHEME_ALIGNED,,isam_mp3 isam_wav isam_eaf isam_xml isam_tsv,,191630,198862,nc	##	ln	np.d:s	lv	v:pred	rv	##	0.d:s	v:pred	rv	##	0.d:s	v:pred	rv	##	0.d:s	lv	v:pred	rv	nc	nc	adp	=ln	np:g	rn	##	0.d:s	lv	v:pred	rv	rv	rv,,isam,∅	∅	∅	∅	∅	∅	∅	∅	∅	∅	∅	∅	∅	∅	∅	∅	∅	∅	∅	∅	∅	∅	∅	∅	∅	∅	∅	∅	∅	∅	∅	∅	∅,∅	∅	∅	6003	∅	∅	∅	∅	6003	∅	∅	∅	6003	∅	∅	∅	6003	∅	∅	∅	∅	∅	∅	∅	6026	∅	∅	6003	∅	∅	∅	∅	∅,∅	∅	∅	6003	∅	∅	∅	∅	6003	∅	∅	∅	6003	∅	∅	∅	6003	∅	∅	∅	∅	∅	∅	∅	6026	∅	∅	6003	∅	∅	∅	∅	∅
isam_0040,mcveraa,so no me sag ren̄ kēgēn bak,#	ZERO	so	#	no	me	sag	ren̄	kēgēn	#	ba	=k,#	ZERO	QUOT	#	1SG	FUT	sit	stuck	LOC.DEM2	#	but	=TAM2,"it said: ""I'll be stuck here, but",en,MORPHEME_ALIGNED,,isam_mp3 isam_wav isam_eaf isam_xml isam_tsv,,198862,200696,##	0.d:s	other:pred	##ds	pro.1:s	lv	v:pred	rv	other:l	#nc	nc	nc,,isam,∅	∅	∅	∅	∅	∅	∅	∅	∅	∅	∅	∅,∅	6003	∅	∅	6003	∅	∅	∅	6026	∅	∅	∅,∅	6003	∅	∅	6003	∅	∅	∅	6026	∅	∅	∅
isam_0041,mcveraa,bul nike row kal sar 'an n 'ekē ga mamasa 'anē'ē,#	bul	#	nik	ē	row	kal	sar	a	=n	n	'ekē	ga	mamasa	anē'ē,#	friend	#	2SG	TAM2:2SG	jump	upwards	inland	LOC.SP	=ART	ART	place	STAT	dry	DEM1.A,"friend, you, jump onto the shore at this dry place here.",en,MORPHEME_ALIGNED,,isam_mp3 isam_wav isam_eaf isam_xml isam_tsv,,200696,204178,##ds	np.h:voc	##ds	pro.2:s	lv-pro_2_s	v:pred	rv	rv	adp	=ln	nc	np:g	rn	rn	rn,,isam,∅	∅	∅	∅	∅	∅	∅	∅	∅	∅	∅	bridging	∅	∅	∅,∅	6010	∅	6010	∅	∅	∅	∅	∅	∅	∅	6027	∅	∅	∅,∅	6010	∅	6010	∅	∅	∅	∅	∅	∅	∅	6027	∅	∅	∅
isam_0042,mcveraa,nike van kal lēn n̄ērē'iē,#	nik	ē	van	kal	lē	=n	n̄ērē'iē,#	2SG	TAM2:2SG	go	upwards	LOC	=ART	shore,"Go up to the shore,",en,MORPHEME_ALIGNED,,isam_mp3 isam_wav isam_eaf isam_xml isam_tsv,,204178,205730,##ds	pro.2:s	lv-pro_2_s	v:pred	rv	adp	=ln	np:g,,isam,∅	∅	∅	∅	∅	∅	∅	∅,∅	6010	∅	∅	∅	∅	∅	6026,∅	6010	∅	∅	∅	∅	∅	6026
isam_0043,mcveraa,nike dar ekēne nike siksik gom ēn gengen rekse sava nik me 'ēn sier m̄as 'alēn nik ga gen nike gen,#	nik	ē	dar	'ekēnē	#	nik	ē	siksik	go	-m	ēn	gengen	#	rekse	sava	nik	me	'ēn	sier	m̄as	ZERO	#	alē	nik	ga	gen	ZERO	#	nik	ē	gen	ZERO,#	2SG	TAM2:2SG	wait	LOC.DEM1	#	2SG	TAM2:2SG	RED:search	POSS.EAT	-2SG	ART	food	#	like	what	2SG	ABIL1	see	realise	ABIL2	ZERO	#	ASS	2SG	STAT	eat	ZERO	#	2SG	TAM2:2SG	eat	ZERO,"and wait there. Search some food for you, like: what you can find in order to eat, eat it.",en,MORPHEME_ALIGNED,The possessive classifier for EAT possession plus possessor suffix is incorporated into the VC here and expresses a beneficiary.,isam_mp3 isam_wav isam_eaf isam_xml isam_tsv,,205730,210744,##ds	pro.2:s	lv-pro_2_s	v:pred	other:l	##ds	pro.2:a	lv-pro_2_a	v:pred	ln	-ln_pro.2:poss	ln	np:p	##ds	other	np:dt_p	pro.2:a	lv	v:pred	rv	rv	0:p	#ds_cc:other	other	pro.2:a	lv	v:pred	0:p	##ds	pro.2:a	lv-pro_2_a	v:pred	0:p,,isam,∅	∅	∅	∅	∅	∅	∅	∅	∅	∅	∅	∅	new	∅	∅	∅	∅	∅	∅	∅	∅	∅	∅	∅	∅	∅	∅	∅	∅	∅	∅	∅	∅,∅	6010	∅	∅	6026	∅	6010	∅	∅	∅	6010	∅	6028	∅	∅	∅	6010	∅	∅	∅	∅	6028	∅	∅	6010	∅	∅	6028	∅	6010	∅	∅	6028,∅	6010	∅	∅	6026	∅	6010	∅	∅	∅	6010	∅	6028	∅	∅	∅	6010	∅	∅	∅	∅	6028	∅	∅	6010	∅	∅	6028	∅	6010	∅	∅	6028
isam_0044,mcveraa,nike dar gōr si nom tek mē nikē so duk mul kel duk mulō,#	nik	ē	dar	gōr	#	si	no	=m	tek	mē	nikē	so	#	du	=k	mul	kel	#	du	=k	mulō,#	2SG	TAM2:2SG	wait	secure	#	or	1SG	=TAM1	speak	DAT	2SG	QUOT	#	1DL.IN	=TAM2	go	back	#	1DL.IN	=TAM2	go,"You wait and if I tell you: ""We two are gonna go back home."" we'll go home.",en,MORPHEME_ALIGNED,,isam_mp3 isam_wav isam_eaf isam_xml isam_tsv,,210744,214729,##ds	pro.2:s	lv-pro_2_s	v:pred	rv	##ds	other	pro.1:s	=lv	v:pred	adp	pro.2:g	other	##ds	wpro.1:s	=lv	v:pred	rv	##ds	wpro.1:s	=lv	v:pred,,isam,∅	∅	∅	∅	∅	∅	∅	∅	∅	∅	∅	∅	∅	∅	∅	∅	∅	∅	∅	∅	∅	∅,∅	6010	∅	∅	∅	∅	∅	6003	∅	∅	∅	6010	∅	∅	6018	∅	∅	∅	∅	6018	∅	∅,∅	6010	∅	∅	∅	∅	∅	6003	∅	∅	∅	6010	∅	∅	6018	∅	∅	∅	∅	6018	∅	∅
isam_0045,mcveraa,nike sōk sier lik ēn 'ōnō mimi'ir nōm nike mi'ir,#	nik	ē	sōk	sier	lik	ēn	'ōnō	mi-mi'ir	nō	-m	#	nik	ē	mi'ir,#	2SG	TAM2:2SG	scan	realise	more	ART	place	RED-sleep	POSS.DOM	-2SG	#	2SG	TAM2:2SG	sleep,"Further more, find a place to sleep for you and sleep (there).",en,MORPHEME_ALIGNED,,isam_mp3 isam_wav isam_eaf isam_xml isam_tsv,,214729,217661,##ds	pro.2:a	lv-pro_2_a	v:pred	rv	rv	ln	np:p	rn	rn	-rn_pro.2:poss	##ds	pro.2:s	lv-pro_2_s	v:pred,,isam,∅	∅	∅	∅	∅	∅	∅	new	∅	∅	∅	∅	∅	∅	∅,∅	6010	∅	∅	∅	∅	∅	6029	∅	∅	6010	∅	6010	∅	∅,∅	6010	∅	∅	∅	∅	∅	6029	∅	∅	6010	∅	6010	∅	∅
isam_0046,mcveraa,nike on sur nike mi'ir,#	nik	ē	on	sur	#	nik	ē	mi'ir,#	2SG	TAM2:2SG	lie	down	#	2SG	TAM2:2SG	sleep,Lay down and sleep.,en,MORPHEME_ALIGNED,,isam_mp3 isam_wav isam_eaf isam_xml isam_tsv,,217661,219464,##ds	pro.2:s	lv-pro_2_s	v:pred	rv	##ds	pro.2:s	lv-pro_2_s	v:pred,,isam,∅	∅	∅	∅	∅	∅	∅	∅	∅,∅	6010	∅	∅	∅	∅	6010	∅	∅,∅	6010	∅	∅	∅	∅	6010	∅	∅
isam_0047,mcveraa,'alēn masōgi rekse nom ulul kel nikē lēn sav qōn̄ du wom mulō duk mulō,#	alē	=n	masō-gi	rekse	no	=m	ulul	kel	nikē	lē	=n	sav	qōn̄	#	du	wo	=m	mulō	#	du	=k	mulō,#	INTERJ	=ART	time-3SG	like	1SG	=TAM1	RED:call	back	2SG	LOC	=ART	what	night	#	3DL	and	=TAM1	go	#	1DL.IN	=TAM2	go,"All right, when I am calling you again, on some day that we two are going home, we two go home.""",en,MORPHEME_ALIGNED,,isam_mp3 isam_wav isam_eaf isam_xml isam_tsv,,219464,223688,##ds	nc	=ln	np:other	other	pro.1:a	=lv	v:pred	rv	pro.2:p	adp	=ln	np:other	rn	#ds_rc_rn	wpro.1:s	other	=lv	v:pred	##ds	wpro.1:s	=lv	v:pred,,isam,∅	∅	∅	bridging	∅	∅	∅	∅	∅	∅	∅	∅	∅	∅	∅	∅	∅	∅	∅	∅	∅	∅	∅,∅	∅	∅	6030	∅	6003	∅	∅	∅	6010	∅	∅	6030	∅	∅	6018	∅	∅	∅	∅	6018	∅	∅,∅	∅	∅	6030	∅	6003	∅	∅	∅	6010	∅	∅	6030	∅	∅	6018	∅	∅	∅	∅	6018	∅	∅
isam_0048,mcveraa,itok duruk van kal di ne van kal row kal sarēn dim 'ōg kelkel 'ōg kelkel n me' ne onon rōw nē',#	itok	#	duru	=k	van	kal	#	di	ne	van	kal	#	ZERO	row	kal	sarē	#	di	=m	'ōg	kelkel	#	ZERO	'ōg	kelkel	#	n	me'	ne	onon	rōw	nē',#	good	#	3DL	=TAM2	go	upwards	#	3SG	TAM2:3SG	go	upwards	#	ZERO	jump	upwards	inland	#	3SG	=TAM1	stay	RED:back	#	ZERO	stay	RED-back	#	ART	reef	TAM2:3SG	RED:lie	down	DEM1,"All right, the two went landwards ... he jumped up onto the shore, and while he was staying there all the time, staying there all the time, the reef was lying down there.",en,WORD_ALIGNED,,isam_mp3 isam_wav isam_eaf isam_xml isam_tsv,,223688,230366,##	v:pred	##	pro.h:s	=lv	v:pred	rv	##	pro.h:s	lv-pro_h_s	v:pred	rv	##	0.h:s	v:pred	rv	other:g	##	pro.h:s	=lv	v:pred	rv	##	0.h:s	v:pred	rv	##	ln	np.d:s	lv-pro_d_s	v:pred	rv	other,,isam,∅	∅	∅	∅	∅	∅	∅	∅	∅	∅	∅	∅	∅	∅	∅	∅	∅	∅	∅	∅	∅	∅	∅	∅	∅	∅	∅	∅	∅	∅	∅	∅	∅,∅	∅	∅	6018	∅	∅	∅	∅	6010	∅	∅	∅	∅	6010	∅	∅	∅	∅	6010	∅	∅	∅	∅	6010	∅	∅	∅	∅	6003	∅	∅	∅	∅,∅	∅	∅	6018	∅	∅	∅	∅	6010	∅	∅	∅	∅	6010	∅	∅	∅	∅	6010	∅	∅	∅	∅	6010	∅	∅	∅	∅	6003	∅	∅	∅	∅
isam_0049,mcveraa,dim 'ōg kelkel van van van vavavavan,#	di	=m	'ōg	kelkel	van	van	van	vavavavan,#	3SG	=TAM1	stay	RED-back	go	go	go	RED-RED-RED-go,"He stayed around there on and on,",en,WORD_ALIGNED,,isam_mp3 isam_wav isam_eaf isam_xml isam_tsv,,230366,232901,##	pro.h:s	=lv	v:pred	rv	other	nc	nc	nc,,isam,∅	∅	∅	∅	∅	∅	∅	∅	∅,∅	6010	∅	∅	∅	∅	∅	∅	∅,∅	6010	∅	∅	∅	∅	∅	∅	∅
isam_0050,mcveraa,dim qōn̄ ne vōwal dim mi'ir lik,#	di	=m	#	qōn̄	ne	vō-wal	di	=m	mi'ir	lik,#	3SG	=TAM1	#	night	NUM.ART	NUM-one	3SG	=TAM1	sleep	more,"He ... one night when he slept again,",en,MORPHEME_ALIGNED,,isam_mp3 isam_wav isam_eaf isam_xml isam_tsv,,232901,235814,#nc	nc_pro.h	nc	##	np:other	rn	rn	pro.h:s	=lv	v:pred	rv,,isam,∅	∅	∅	∅	∅	∅	∅	∅	∅	∅	∅,∅	6010	∅	∅	∅	∅	∅	6010	∅	∅	∅,∅	6010	∅	∅	∅	∅	∅	6010	∅	∅	∅
isam_0051,mcveraa,di ne mi'ir suwō di ne qōrqōr n me' ne van ma ne tēk mē diē so,#	di	ne	mi'ir	suwō	#	di	ne	qōrqōr	#	n	me'	ne	van	ma	#	ZERO	ne	tēk	mē	diē	so,#	3SG	TAM2:3SG	sleep	thither	#	3SG	TAM2:3SG	RED-dream	#	ART	reef	TAM2:3SG	go	hither	#	ZERO	TAM2:3SG	speak	DAT	3SG	QUOT,"he slept deep and was dreaming, the reef came and said to him:",en,WORD_ALIGNED,,isam_mp3 isam_wav isam_eaf isam_xml isam_tsv,,235814,240788,##	pro.h:s	lv-pro_h_s	v:pred	rv	##	pro.h:s	lv-pro_h_s	v:pred	##	ln	np.d:s	lv-pro_d_s	v:pred	rv	##	0.d:s	lv-pro_d_s	v:pred	adp	pro.h:g	other,,isam,∅	∅	∅	∅	∅	∅	∅	∅	∅	∅	∅	∅	∅	∅	∅	∅	∅	∅	∅	∅	∅	∅,∅	6010	∅	∅	∅	∅	6010	∅	∅	∅	∅	6003	∅	∅	∅	∅	6003	∅	∅	∅	6010	∅,∅	6010	∅	∅	∅	∅	6010	∅	∅	∅	∅	6003	∅	∅	∅	∅	6003	∅	∅	∅	6010	∅
isam_0052,mcveraa,gōduō me mul kel qiri lēn kalraka duk 'ēqel,#	giduō	me	mul	kel	qiri	lē	=n	#	ZERO	kalraka	#	du	=k	'ēqēl,#	1DL.IN	FUT	go	back	today	LOC	=ART	#	ZERO	get.up	#	1DL.IN	=TAM2	descend,"""we two will go back home today at ... get up, let us two go down (off the shore)!",en,MORPHEME_ALIGNED,,isam_mp3 isam_wav isam_eaf isam_xml isam_tsv,,240788,244897,##ds	pro.1:s	lv	v:pred	rv	other	nc	nc	##ds	0.2:s	vother:pred	##ds	wpro.1:s	=lv	v:pred,,isam,∅	∅	∅	∅	∅	bridging	∅	∅	∅	∅	∅	∅	∅	∅	∅,∅	6018	∅	∅	∅	6031	∅	∅	∅	6010	∅	∅	6018	∅	∅,∅	6018	∅	∅	∅	6031	∅	∅	∅	6010	∅	∅	6018	∅	∅
isam_0053,mcveraa,n 'an̄saram kalraka van 'a'ag diē,#	n	'an̄sara	=m	kalraka	#	ZERO	van	'a-'ag	diē,#	ART	person	=TAM1	get.up	#	ZERO	go	RED-follow	3SG,"The man got up and followed him,",en,MORPHEME_ALIGNED,,isam_mp3 isam_wav isam_eaf isam_xml isam_tsv,,244897,247346,##	ln	np.h:s	=lv	v:pred	##	0.h:a	v:pred	rv	pro.d:p,,isam,∅	∅	∅	∅	∅	∅	∅	∅	∅	∅,∅	∅	6010	∅	∅	∅	6010	∅	∅	6003,∅	∅	6010	∅	∅	∅	6010	∅	∅	6003
isam_0054,mcveraa,rekse dim van 'ag ēn qōrqōr ne 'ēqel din̄ rōwē ne vavan kal ma 'an me' n me' mal dar diē rekse ga di mal sal kal,#	rekse	di	=m	van	'ag	ēn	qōrqōr	#	ZERO	ne	'ēqēl	din̄	rōwē	#	ZERO	ne	va-van	kal	ma	a	=n	me'	#	n	me'	mal	dar	diē	#	rekse	ga	#	di	mal	sal	kal,#	like	3SG	=TAM1	go	follow	ART	RED-dream	#	ZERO	TAM2:3SG	descend	reach	down.there	#	ZERO	TAM2:3SG	RED-go	upwards	hither	LOC.SP	=ART	reef	#	ART	reef	REM.PST	wait	3SG	#	like	STAT	#	3SG	REM.PST	float	upwards,"i.e. he went following the dream, went down to the sea, went back onto the reef; the reef had already floated upwards;",en,WORD_ALIGNED,,isam_mp3 isam_wav isam_eaf isam_xml isam_tsv,,247346,254315,##	other	pro.h:a	=lv	v:pred	rv	ln	np:p	##	0.h:s	lv-pro_h_s	v:pred	rv	other:g	##	0.h:s	lv-pro_h_s	v:pred	rv	rv	adp	=ln	np.d:g	##	ln	np.d:a	lv	v:pred	pro.h:p	#nc	nc	nc	##	pro.d:s	lv	v:pred	rv,,isam,∅	∅	∅	∅	∅	∅	∅	bridging	∅	∅	∅	∅	∅	∅	∅	∅	∅	∅	∅	∅	∅	∅	∅	∅	∅	∅	∅	∅	∅	∅	∅	∅	∅	∅	∅	∅	∅,∅	∅	6010	∅	∅	∅	∅	6032	∅	6010	∅	∅	∅	6027	∅	6010	∅	∅	∅	∅	∅	∅	6003	∅	∅	6003	∅	∅	6010	∅	∅	∅	∅	6003	∅	∅	∅,∅	∅	6010	∅	∅	∅	∅	6032	∅	6010	∅	∅	∅	6027	∅	6010	∅	∅	∅	∅	∅	∅	6003	∅	∅	6003	∅	∅	6010	∅	∅	∅	∅	6003	∅	∅	∅
isam_0055,mcveraa,n me' mal kalrak den 'onogi a dim on 'i bēne dim sal kal,#	n	me'	mal	kalrak	den	'ono	-gi	#	a	di	=m	on	'i	bēne	#	di	=m	sal	kal,#	ART	reef	REM.PST	get.up	ABL	place	-3SG	#	REL	3SG	=TAM1	lie	DEL	PRO.OBL	#	3SG	=TAM1	float	upwards,"the reef had already got up from the place where it had been lying, it floated up there (on the surface).",en,MORPHEME_ALIGNED,,isam_mp3 isam_wav isam_eaf isam_xml isam_tsv,,254315,257770,##	ln	np.d:s	lv	v:pred	adp	np:obl	-rn_pro.d:poss	#rc_rn	other	pro.d:s	=lv	v:pred	rv	other:l	##	pro.d:s	=lv	v:pred	rv,,isam,∅	∅	∅	∅	∅	∅	bridging	∅	∅	∅	∅	∅	∅	∅	∅	∅	∅	∅	∅	∅,∅	∅	6003	∅	∅	∅	6033	6003	∅	∅	6003	∅	∅	∅	6033	∅	6003	∅	∅	∅,∅	∅	6003	∅	∅	∅	6033	6003	∅	∅	6003	∅	∅	∅	6033	∅	6003	∅	∅	∅
isam_0056,mcveraa,'enei di ga dar diē va'anē so duruk itok rem 'an kolok,#	enei	di	ga	dar	diē	va'anē	#	so	duru	=k	itok	#	ZERO	rem	a	=n	kolo	-k,#	now	3SG	STAT	wait	3SG	TEMP.DEM1	#	NC	3DL	=TAM2	good	#	ZERO	climb	LOC.SP	=ART	back	-1SG,"Now it was waiting for him: ""All right, climb onto my back.""",en,MORPHEME_ALIGNED,,isam_mp3 isam_wav isam_eaf isam_xml isam_tsv,,257770,261461,##	other	pro.d:a	lv	v:pred	pro.h:p	other	#nc	nc	nc_pro.h	nc	nc	##ds	0.2:s	vother:pred	adp	=ln	np:g	-rn_pro.1:poss,,isam,∅	∅	∅	∅	∅	∅	∅	∅	∅	∅	∅	∅	∅	∅	∅	∅	∅	∅	∅,∅	∅	6003	∅	∅	6010	∅	∅	∅	6018	∅	∅	∅	6010	∅	∅	∅	6017	6003,∅	∅	6003	∅	∅	6010	∅	∅	∅	6018	∅	∅	∅	6010	∅	∅	∅	6017	6003
isam_0057,mcveraa,dim rem kal 'an kologim row kal kel 'an me' 'anē so ga itok gēduōm van,#	di	=m	rem	kal	a	=n	kolo	-gi	#	ZERO	=m	row	kal	kel	a	=n	me'	anē	#	ZERO	so	#	ga	itok	#	giduō	=m	van,#	3SG	=TAM1	climb	upwards	LOC.SP	=ART	back	-3SG	#	ZERO	=TAM1	jump	upwards	back	LOC.SP	=ART	reef	DEM1.A	#	ZERO	QUOT	#	STAT	good	#	1DL.IN	=TAM1	go,"He climbed up his back, jumped back up onto the reef: ""That's good, we two are going.",en,MORPHEME_ALIGNED,,isam_mp3 isam_wav isam_eaf isam_xml isam_tsv,,261461,265382,##	pro.h:s	=lv	v:pred	rv	adp	=lv	np:g	-rn_pro.d:poss	##	0.h:s	=lv	v:pred	rv	rv	adp	=ln	np.d:g	rn	##	0.d:s	other:pred	##ds	lv	v:pred	##ds	pro.1:s	=lv	v:pred,,isam,∅	∅	∅	∅	∅	∅	∅	∅	∅	∅	∅	∅	∅	∅	∅	∅	∅	∅	∅	∅	∅	∅	∅	∅	∅	∅	∅	∅	∅,∅	6010	∅	∅	∅	∅	∅	6017	6003	∅	6010	∅	∅	∅	∅	∅	∅	6003	∅	∅	6003	∅	∅	∅	∅	∅	6018	∅	∅,∅	6010	∅	∅	∅	∅	∅	6017	6003	∅	6010	∅	∅	∅	∅	∅	∅	6003	∅	∅	6003	∅	∅	∅	∅	∅	6018	∅	∅
isam_0058,mcveraa,nik me da lik rekse gēdum van ma nik da rekse n naw wom van ma ga lōwōo nike 'ir kal n naw wom 'ēqel nike sag sur,#	nik	me	da	lik	#	rekse	gidu	=m	van	ma	#	nik	da	#	rekse	=n	naw	wo	=m	van	ma	ga	lōwōo	#	nik	ē	'ir	kal	#	n	naw	wo	=m	'ēqēl	#	nik	ē	sag	sur,#	2SG	FUT	do	more	#	like	1DL.IN	=TAM1	go	hither	#	2SG	do	#	like	=ART	saltwater	and	=TAM1	go	hither	STAT	big	#	2SG	TAM2:2SG	stand	upwards	#	ART	saltwater	and	=TAM1	descend	#	2SG	TAM2:2SG	sit	down,"Do it again like when we two came here: do it like this: when the sea becomes big, stand up; and when the sea lowers, sit down.",en,MORPHEME_ALIGNED,,isam_mp3 isam_wav isam_eaf isam_xml isam_tsv,,265382,273690,##ds	pro.2:s	lv	v:pred	rv	##ds	other	pro.1:s	=lv	v:pred	rv	##ds	pro.2:s	vother:pred	##ds	other	=ln	np:s	other	=lv	v:pred	rv	rv	rv	##ds	pro.2:s	lv-pro_2_s	v:pred	rv	##ds	ln	np:s	other	=lv	v:pred	##ds	pro.2:s	lv-pro_2_s	v:pred	rv,,isam,∅	∅	∅	∅	∅	∅	∅	∅	∅	∅	∅	∅	∅	∅	∅	∅	∅	∅	∅	∅	∅	∅	∅	∅	∅	∅	∅	∅	∅	∅	∅	∅	∅	∅	∅	∅	∅	∅	∅	∅,∅	6010	∅	∅	∅	∅	∅	6018	∅	∅	∅	∅	6010	∅	∅	∅	∅	6016	∅	∅	∅	∅	∅	∅	∅	6010	∅	∅	∅	∅	∅	6016	∅	∅	∅	∅	6010	∅	∅	∅,∅	6010	∅	∅	∅	∅	∅	6018	∅	∅	∅	∅	6010	∅	∅	∅	∅	6016	∅	∅	∅	∅	∅	∅	∅	6010	∅	∅	∅	∅	∅	6016	∅	∅	∅	∅	6010	∅	∅	∅
isam_0059,mcveraa,dim row kal rōw 'an kologi duruk 'ēqel va'anē,#	di	=m	row	kal	rōw	a	=n	kolo	-gi	#	duru	=k	'ēqēl	va'anē,#	3SG	=TAM1	jump	upwards	down	LOC.SP	=ART	back	-3SG	#	3DL	=TAM2	descend	TEMP.DEM1,"He jumped (seawards) onto its back, and then the two went down (i.e. moved away from the shore).",en,MORPHEME_ALIGNED,,isam_mp3 isam_wav isam_eaf isam_xml isam_tsv,,273690,277671,##	pro.h:s	=lv	v:pred	rv	rv	adp	=ln	np:g	-rn_pro.d:poss	##	pro.h:s	=lv	v:pred	other,,isam,∅	∅	∅	∅	∅	∅	∅	∅	∅	∅	∅	∅	∅	∅	∅,∅	6010	∅	∅	∅	∅	∅	∅	6017	6003	∅	6018	∅	∅	∅,∅	6010	∅	∅	∅	∅	∅	∅	6017	6003	∅	6018	∅	∅	∅
isam_0060,mcveraa,durum van van da 'esēne van vavavan 'an kele qōn̄ wunvan qōn̄ vōruō duruk din̄ kel ma n mē'ērsa suw 'a ga lēn man̄ri bēne,#	duru	=m	van	van	#	ZERO	da	esenē	van	va-va-van	#	a	=n	kele	qōn̄	wunva	=n	qōn̄	vō-ruō	duru	=k	din̄	kel	ma	=n	mē'ērsa	suw	a	ga	lē	=n	man̄ri	bēne,#	3DL	=TAM1	go	go	#	ZERO	do	MAN.DEM1.E	go	RED-RED-go	#	LOC.SP	=ART	behind	night	perhaps	=ART	night	NUM-two	3DL	=TAM2	reach	back	hither	=ART	harbour	downwind	LOC.SP	STAT	LOC	=ART	Man̄ri	PRO.OBL,"They went acting like this until after, I think, two days they reached the harbour again [UNCLEAR]",en,MORPHEME_ALIGNED,,isam_mp3 isam_wav isam_eaf isam_xml isam_tsv,,277677,288448,##	pro.h:s	=lv	v:pred	rv	##	0.h:s	v:pred	other	other	nc	##	adp	=ln	ln	nc	other	nc	np:other	rn	pro.h:a	=lv	v:pred	rv	rv	=ln	np:p	rn	nc	nc	rn	=rn	rn	rn,,isam,∅	∅	∅	∅	∅	∅	∅	∅	∅	∅	∅	∅	∅	∅	∅	∅	∅	∅	bridging	∅	∅	∅	∅	∅	∅	∅	bridging	∅	∅	∅	∅	∅	∅	∅,∅	6018	∅	∅	∅	∅	6018	∅	∅	∅	∅	∅	∅	∅	∅	∅	∅	∅	6034	∅	6018	∅	∅	∅	∅	∅	6035	∅	∅	∅	∅	∅	∅	∅,∅	6018	∅	∅	∅	∅	6018	∅	∅	∅	∅	∅	∅	∅	∅	∅	∅	∅	6034	∅	6018	∅	∅	∅	∅	∅	6035	∅	∅	∅	∅	∅	∅	∅
isam_0061,mcveraa,duruk kal ba'a kel sarē,#	duru	=k	kal	ba'a	kel	sarē,#	3DL	=TAM2	enter	into	back	bushwards,They entered it again.,en,MORPHEME_ALIGNED,,isam_mp3 isam_wav isam_eaf isam_xml isam_tsv,,288448,290035,##	pro.h:s	=lv	v:pred	rv	rv	other:g,,isam,∅	∅	∅	∅	∅	∅	∅,∅	6018	∅	∅	∅	∅	6035,∅	6018	∅	∅	∅	∅	6035
isam_0062,mcveraa,ban masōgi durum van ma rōwēn me' di ne mōwōrōo ne vōruō bēne,#	ba	=n	masō-gi	duru	=m	van	ma	rōwēn	#	me'	di	ne	mōwōrōo	ne	vō-ruō	bēne,#	but	=ART	time-3SG	3DL	=TAM1	go	hither	down.there	#	reef	3SG	TAM2:3SG	falll.apart	NUM.ART	NUM-two	PRO.OBL,"But when they came down, the reef broke into two,",en,MORPHEME_ALIGNED,,isam_mp3 isam_wav isam_eaf isam_xml isam_tsv,,290035,293531,##	other	=ln	np:other	pro.h:s	=lv	v:pred	rv	other:g	##	np.d:dt_s	pro.d:s	lv-pro_d_s	v:pred	ln	np:other	rn,,isam,∅	∅	∅	bridging	∅	∅	∅	∅	∅	∅	∅	∅	∅	∅	∅	new	∅,∅	∅	∅	6036	∅	∅	∅	∅	∅	∅	6003	6003	∅	∅	∅	6037	∅,∅	∅	∅	6036	∅	∅	∅	∅	∅	∅	6003	6003	∅	∅	∅	6037	∅
isam_0063,mcveraa,rekse di ne mēlē' kirm̄o' ne vōruō bēne,#	rekse	di	ne	mēlē'	kirm̄o'	ne	vō-ruō	bēne,#	like	3SG	TAM2:3SG	break	broken	NUM.ART	NUM-two	PRO.OBL,i.e. it split into two pieces.,en,MORPHEME_ALIGNED,,isam_mp3 isam_wav isam_eaf isam_xml isam_tsv,,293531,296645,##	other	pro.d:s	lv-pro_h_s	v:pred	rv	ln	np:other	rn,,isam,∅	∅	∅	∅	∅	∅	∅	∅	∅,∅	∅	6003	∅	∅	∅	∅	6037	∅,∅	∅	6003	∅	∅	∅	∅	6037	∅
isam_0064,mcveraa,ge 'ew'i ga lōwōon kum̄ ga lōwōo ne sag 'i rōwē,#	ge	'ew'i	ga	lōwōo	#	=n	kum̄	ga	lōwōo	ne	sag	'i	rōwē,#	DEICT	other	STAT	big	#	=ART	floating.reef	STAT	big	TAM2:3SG	sit	DEL	down.there,"The big one, the big reef sat down there,",en,MORPHEME_ALIGNED,,isam_mp3 isam_wav isam_eaf isam_xml isam_tsv,,296645,299880,#nc	nc	nc	nc	nc	##	=ln	np.d:s	rn	rn	lv-pro_d_s	v:pred	rv	other:l,,isam,∅	∅	∅	∅	∅	∅	∅	bridging	∅	∅	∅	∅	∅	∅,∅	∅	∅	∅	∅	∅	∅	6038	∅	∅	∅	∅	∅	∅,∅	∅	∅	∅	∅	∅	∅	6038	∅	∅	∅	∅	∅	∅
isam_0065,mcveraa,wo n menre kum̄ 'ane'ē̄ ne van kel sar ne kal 'ō ba'a kel sar ēn 'an̄sara ē lēn lēn mē'ērsa,#	wo	n	menre	kum̄	'ane'ē̄	ne	van	kel	sar	#	ZERO	ne	kal	'ō'	ba'a	kel	sar	ēn	'an̄sara	ē	lē	=n	lē	=n	mē'ērsa,#	and	ART	piece	floating.reef	DEM1	TAM2:3SG	go	back	inland	#	ZERO	TAM2:3SG	enter	carry	into	back	inland	ART	person	DEM3	LOC	=ART	LOC	=ART	harbour,while this piece of the reef moved towards the shore and took this person up the harbour.,en,MORPHEME_ALIGNED,,isam_mp3 isam_wav isam_eaf isam_xml isam_tsv,,299880,305855,##	other	ln	np.d:s	rn	rn	lv-pro_d_s	v:pred	rv	rv	##	0.d:a	lv-pro_d_a	v:pred	rv	rv	rv	rv	ln	np.h:p	rn	nc	nc	adp	=ln	np:g,,isam,∅	∅	∅	bridging	∅	∅	∅	∅	∅	∅	∅	∅	∅	∅	∅	∅	∅	∅	∅	∅	∅	∅	∅	∅	∅	∅,∅	∅	∅	6039	∅	∅	∅	∅	∅	∅	∅	6039	∅	∅	∅	∅	∅	∅	∅	6010	∅	∅	∅	∅	∅	6035,∅	∅	∅	6039	∅	∅	∅	∅	∅	∅	∅	6039	∅	∅	∅	∅	∅	∅	∅	6010	∅	∅	∅	∅	∅	6035
isam_0066,mcveraa,masōgi dim vavavan dim din̄ sar ēn mē'ērsa,#	masō-gi	di	=m	va-va-van	#	di	=m	din̄	sar	ēn	mē'ērsa,#	time-3SG	3SG	=TAM1	RED-RED-RED-go	#	3SG	=TAM1	reach	inland	ART	harbour,"When it moved and arrived inside the harbour,",en,WORD_ALIGNED,,isam_mp3 isam_wav isam_eaf isam_xml isam_tsv,,305861,308893,##	np:other	pro.d:s	=lv	v:pred	##	pro.d:a	=lv	v:pred	rv	ln	np:p,,isam,∅	∅	∅	∅	∅	∅	∅	∅	∅	∅	∅	∅,∅	∅	6039	∅	∅	∅	6039	∅	∅	∅	∅	6035,∅	∅	6039	∅	∅	∅	6039	∅	∅	∅	∅	6035
isam_0067,mcveraa,di ne tēk mēn me' ne tēk mēn 'an̄sara ē so nike vidir kal va'anē nike van kal 'enei e raga dirēm da gengen sir nikē 'alēn qōn̄ vēlimē sagē,#	di	ne	tēk	mē	#	=n	me'	ne	tēk	mē	=n	'an̄sara	ē	so	#	nik	ē	vidir	kal	va'anē	#	nik	ē	van	kal	#	enei	e	raga	dir	=ēm	da	gengen	sir	nikē	alē	=n	qōn̄	vēlimē	sagē,#	3SG	TAM2	say	DAT	#	=ART	reef	TAM2:3SG	speak	DAT	=ART	person	DEM3	QUOT	#	2SG	TAM2	jump.up	upwards	TEMP.DEM1	#	2SG	TAM2:2SG	go	upwards	#	now	PERS.ART	people	3PL	=TAM1	do	food	for	2SG	ASS	=ART	night	five	upwind,"it said to the reef ... to the man: ""Jump upwards now, go upwards. Now everybody up there, they are preparing food for your fifth day.",en,MORPHEME_ALIGNED,,isam_mp3 isam_wav isam_eaf isam_xml isam_tsv,,308893,317653,#nc	nc_pro.d	nc	nc	nc	##	=ln	np.d:s	lv-pro_d_s	v:pred	adp	=ln	np.h:g	rn	other	##ds	pro.2:s	lv-pro_2_s	v:pred	rv	other	##ds	pro.2:s	lv-pro_2_s	v:pred	rv	##ds	other	ln	np.h:dt_s	pro.h:s	=lv	v:pred	rv	adp	pro.2:obl	adp	=ln	np:other	rn	other:l,,isam,∅	∅	∅	∅	∅	∅	∅	∅	∅	∅	∅	∅	∅	∅	∅	∅	∅	∅	∅	∅	∅	∅	∅	∅	∅	∅	∅	∅	∅	∅	∅	∅	∅	∅	∅	∅	∅	∅	new	∅	∅,∅	6039	∅	∅	∅	∅	∅	6003	∅	∅	∅	∅	6010	∅	∅	∅	6010	∅	∅	∅	∅	∅	6010	∅	∅	∅	∅	∅	∅	6002	6002	∅	∅	∅	∅	6010	∅	∅	6040	∅	∅,∅	6039	∅	∅	∅	∅	∅	6003	∅	∅	∅	∅	6010	∅	∅	∅	6010	∅	∅	∅	∅	∅	6010	∅	∅	∅	∅	∅	∅	6002	6002	∅	∅	∅	∅	6010	∅	∅	6040	∅	∅
isam_0068,mcveraa,'enei dirēk ... dirēk lik ēk dirēk ... lēn ma'ava 'anei nik row sur 'a 'enei nik virig kal,#	enei	dir	=ēk	dir	=ēk	lik	ēk	dir	=ēk	#	lē	=n	ma'ava	anei	nik	row	sur	a	enei	#	nik	virig	kal,#	now	3PL	=TAM2	3PL	=TAM2	empty	TAM2	3PL	=TAM2	#	LOC	=ART	morning	DEM4?	2SG	jump	down	LOC.SP	now	#	2SG	rush	upwards,"Now they ... they take it out ... they ... in the morning you jump down and then run upwards.""",en,MORPHEME_ALIGNED,,isam_mp3 isam_wav isam_eaf isam_xml isam_tsv,,317653,322201,#nc	nc	nc_pro.h	nc	nc_pro.h	nc	nc	nc	nc_pro.h	nc	##ds	adp	=ln	np:other	rn	pro.2:s	vother:pred	rv	adp	other	##ds	pro.2:s	vother:pred	rv,,isam,∅	∅	∅	∅	∅	∅	∅	∅	∅	∅	∅	∅	∅	new	∅	∅	∅	∅	∅	∅	∅	∅	∅	∅,∅	∅	6002	∅	6002	∅	∅	∅	6002	∅	∅	∅	∅	6041	∅	6010	∅	∅	∅	∅	∅	6010	∅	∅,∅	∅	6002	∅	6002	∅	∅	∅	6002	∅	∅	∅	∅	6041	∅	6010	∅	∅	∅	∅	∅	6010	∅	∅
isam_0069,mcveraa,'enei dirēm da ba nik 'ovi'i rowrow lukei qiri lēn revrev lēn masōgin laklaka nik mak kalu lēn laklaka,#	enei	dir	=ēm	da	ZERO	#	ba	nik	'ovi'i	rowrow	lu	ke'i	#	qiri	lē	=n	revrev	lē	=n	masō-gi	=n	lak-laka	#	nik	mak	kalu	lē	=n	lak-laka,#	now	3PL	=TAM1	do	ZERO	#	but	2SG	PROH	RED:jump.out	out	for.the.moment	#	today	LOC	=ART	evening	LOC	=ART	time-3SG	=ART	RED-dance	#	2SG	IMM	exit	LOC	=ART	RED-dance,"Now they are busy. ""But you mustn't come out, yet. Today in the evening, when it's time for the dances, come out to the dances.""",en,MORPHEME_ALIGNED,,isam_mp3 isam_wav isam_eaf isam_xml isam_tsv,,322201,327167,##ds	other	pro.h:a	=lv	v:pred	0:p	##ds	other	pro.2:s	lv	v:pred	rv	other	##ds	other	adp	=ln	np:other	adp	=ln	np:other	=ln	np:pred	##ds	pro.2:s	lv	v:pred	adp	=ln	np:g,,isam,∅	∅	∅	∅	∅	∅	∅	∅	∅	∅	∅	∅	∅	∅	bridging	∅	∅	∅	∅	∅	bridging	∅	∅	∅	∅	∅	∅	∅	∅	bridging,∅	∅	6002	∅	∅	∅	∅	∅	6010	∅	∅	∅	∅	∅	6042	∅	∅	6040	∅	∅	6043	∅	∅	∅	6010	∅	∅	∅	∅	6044,∅	∅	6002	∅	∅	∅	∅	∅	6010	∅	∅	∅	∅	∅	6042	∅	∅	6040	∅	∅	6043	∅	∅	∅	6010	∅	∅	∅	∅	6044
isam_0070,mcveraa,itok dim van sar ne vidir sur won wom̄al ne kal lu kel rōw,#	itok	#	di	=m	van	sar	#	ZERO	ne	vidir	sur	#	wo	=n	wom̄al	ne	kalu	kel	rōw,#	good	#	3SG	=TAM1	go	inland	#	ZERO	TAM2:3SG	jump.up	down	#	and	=ART	sitting.reef	TAM2:3SG	exit	back	down,"Ok, he went upwards, jumped down, and the reef moved out (into the sea) again.",en,MORPHEME_ALIGNED,,isam_mp3 isam_wav isam_eaf isam_xml isam_tsv,,327167,331950,##	v:pred	##	pro.h:s	=lv	v:pred	rv	##	0.h:s	lv-pro_h_s	v:pred	rv	##	other	=ln	np.d:s	lv-pro_d_s	v:pred	rv	rv,,isam,∅	∅	∅	∅	∅	∅	∅	∅	∅	∅	∅	∅	∅	∅	∅	∅	∅	∅	∅	∅,∅	∅	∅	6010	∅	∅	∅	∅	6010	∅	∅	∅	∅	∅	∅	6039	∅	∅	∅	∅,∅	∅	∅	6010	∅	∅	∅	∅	6010	∅	∅	∅	∅	∅	∅	6039	∅	∅	∅	∅
isam_0071,mcveraa,masōgi dim van rōw die aqit 'ēn'ēn den ēn vunu luwo Vunu Lava,#	masō-gi	di	=m	van	rōw	#	diē	e	aqit	'ēn'ēn	den	ēn	vunu	luwo	Vunu Lava,#	time-3SG	3SG	=TAM1	go	down	#	3SG	GEN.NEG1	far	RED:NEG2	ABL	ART	land	big	Vunu.Lava,"When it went out, it was far away from Big Island, Vanua Lava,",en,MORPHEME_ALIGNED,,isam_mp3 isam_wav isam_eaf isam_xml isam_tsv,,331950,336463,##	np:other	pro.d:s	=lv	v:pred	rv	##	pro.d:s	lv	v:pred	rv	adp	ln	np:obl	rn	pn_np:appos,,isam,∅	∅	∅	∅	∅	∅	∅	∅	∅	∅	∅	∅	∅	new	∅	∅,∅	∅	6039	∅	∅	∅	∅	6039	∅	∅	∅	∅	∅	6045	∅	6045,∅	∅	6039	∅	∅	∅	∅	6039	∅	∅	∅	∅	∅	6045	∅	6045
isam_0072,mcveraa,won tō ne tōrtōrōg,#	wo	=n	tō	ne	tōrtōrōg,#	and	=ART	fowl	TAM2:3SG	crow,and then the roosters crowed.,en,MORPHEME_ALIGNED,,isam_mp3 isam_wav isam_eaf isam_xml isam_tsv,,336463,338878,##	other	=ln	np:s	lv-pro_s	v:pred,,isam,∅	∅	∅	new	∅	∅,∅	∅	∅	6046	∅	∅,∅	∅	∅	6046	∅	∅
isam_0073,mcveraa,som da 'i so dim dim sag ren̄ 'ekēnē 'enei dir ga ul ēn wōm̄al 'anē'ē kum̄ō 'anē'ē so din Maltetrag,#	so	=m	da	'i	#	so	di	=m	di	=m	sag	ren̄	'ekēnē	#	enei	dir	ga	ul	ēn	wōm̄al	anē'ē	kum̄ō	anē'ē	so	#	di	=n	Maltetrag,#	NC	=TAM1	do	DEL	#	CPL	3SG	=TAM1	3SG	=TAM1	sit	stuck	LOC.DEM1	#	now	3PL	STAT	call	ART	sitting.reef	DEM1.A	floating.reef	DEM1.A	QUOT	#	3SG	=ART	Maltetrag,"That made that it got stuck there permanently, and now this reef (w.), (k.) is called 'Maltetrag '.",en,MORPHEME_ALIGNED,,isam_mp3 isam_wav isam_eaf isam_xml isam_tsv,,338878,347397,##	other	=lv	v:pred	rv	#cc	other	nc_pro.d	nc	pro.d:s	=lv	v:pred	rv	other:l	##	other	pro.h:a	lv	v:pred	ln	np:p	rn	np:appos	rn	other	#cc:obl	pro.d:s	=ln	pn_np:pred,,isam,∅	∅	∅	∅	∅	∅	∅	∅	∅	∅	∅	∅	∅	bridging	∅	∅	∅	∅	∅	∅	∅	∅	∅	∅	∅	∅	∅	∅	∅,∅	∅	∅	∅	∅	∅	∅	6039	∅	6039	∅	∅	∅	6047	∅	∅	6020	∅	∅	∅	6039	∅	6039	∅	∅	∅	6039	∅	∅,∅	∅	∅	∅	∅	∅	∅	6039	∅	6039	∅	∅	∅	6047	∅	∅	6020	∅	∅	∅	6039	∅	6039	∅	∅	∅	6039	∅	∅
isam_0074,mcveraa,sow 'an̄sar dim sag ren̄ 'ekēnē,#	sow	'an̄sar	di	=m	sag	ren̄	'ekēnē,#	DISC	person	3SG	=TAM1	sit	stuck	LOC.DEM1,"So, a person is stuck there.",en,MORPHEME_ALIGNED,,isam_mp3 isam_wav isam_eaf isam_xml isam_tsv,,347397,349807,##	other	np.d:dt_s	pro.d:s	=lv	v:pred	rv	other:l,,isam,∅	∅	∅	∅	∅	∅	∅	∅,∅	∅	6024	6024	∅	∅	∅	6047,∅	∅	6024	6024	∅	∅	∅	6047
isam_0075,mcveraa,'an̄sara 'anē'ē dim van van kal 'as van sar aq 'i esēnēm (äh) vavan revrev dirēm lik ēn gengen lēn ma'ava dirēm gengen vavanvan rōv'e man revrev dirēk dan laklaka,#	'an̄sara	anē'ē	di	=m	van	#	ZERO	van	kal	'as	#	ZERO	van	sar	#	ZERO	'aq	'i	esēnē	#	=m	äh—	va-van	#	revrev	dir	=ēm	lik	ēn	gengen	#	lē	=n	ma'ava	dir	=ēm	gengen	va-vanvan	#	rōv'e	man	revrev	#	dir	=ēk	da	=n	lak-laka,#	person	DEM1.A	3SG	=TAM1	go	#	ZERO	go	upwards	all.way	#	ZERO	go	inland	#	ZERO	hide	DEL	MAN.DEM1.E	#	=TAM1	HES	RED-go	#	evening	3PL	=TAM1	empty	ART	RED:eat	#	LOC	=ART	morning	3PL	=TAM1	RED:eat	RED-RED:go	#	close	PFV	evening	#	3PL	=TAM2	do	=ART	RED-dance,"That other man, he went straight inland, went upwards bending down, then in the afternoon they took the food out (of the stone oven: S.S.) and in the morning they ate until it almost got afternoon and they did the dances.",en,MORPHEME_ALIGNED,,isam_mp3 isam_wav isam_eaf isam_xml isam_tsv,,349807,359841,##	np.h:dt_s	rn	pro.h:s	=lv	v:pred	##	0.h:s	v:pred	rv	rv	##	0.h:s	v:pred	rv	##	0.h:s	v:pred	rv	other	##	=lv	nc	v:pred	##	np:other	pro.h:a	=lv	v:pred	ln	np:p	##	adp	=ln	np:other	pro.h:s	=lv	v:pred	other	##	other	lv	v:pred	##	pro.h:a	=lv	v:pred	=ln	np:p,,isam,∅	∅	∅	∅	∅	∅	∅	∅	∅	∅	∅	∅	∅	∅	∅	∅	∅	∅	∅	∅	∅	∅	∅	∅	∅	∅	∅	∅	∅	∅	∅	∅	∅	∅	∅	∅	∅	∅	∅	∅	∅	∅	∅	∅	∅	∅	∅	∅	∅,∅	6010	∅	6010	∅	∅	∅	6010	∅	∅	∅	∅	6010	∅	∅	∅	6010	∅	∅	∅	∅	∅	∅	∅	∅	6040	6002	∅	∅	∅	∅	∅	∅	∅	6041	6002	∅	∅	∅	∅	∅	∅	6043	∅	6002	∅	∅	∅	6044,∅	6010	∅	6010	∅	∅	∅	6010	∅	∅	∅	∅	6010	∅	∅	∅	6010	∅	∅	∅	∅	∅	∅	∅	∅	6040	6002	∅	∅	∅	∅	∅	∅	∅	6041	6002	∅	∅	∅	∅	∅	∅	6043	∅	6002	∅	∅	∅	6044
isam_0076,mcveraa,lēn masōgi dim sagsag 'anē ba di ne susur lik ēn aklē dudu woqe 'enge ne da so reksen nōgin ne sigil di bēne,#	lē	=n	masō-gi	di	=m	sag-sag	anē	#	ba	di	ne	su-sur	lik	ēn	aklē	dudu	woqe'enge	#	ZERO	ne	da	so	rekse	=n	nō	-gi	=n	#	ZERO	ne	sigil	di	bēne,#	LOC	=ART	time-3SG	3SG	=TAM1	RED:sit	DEM1.A	#	but	3SG	TAM2:3SG	RED-down	more	ART	some	leaf	tree	#	ZERO	TAM2:3SG	do	NC	like	=ART	POSS.DOM	-3SG	=ART	#	ZERO	TAM2:3SG	seal	3SG	PRO.OBL,"When he was sitting around, he also sewed some leaves of a tree making up his (clothing S.S.) to decorate himself with (in the appropriate customary way S.S.).",en,WORD_ALIGNED,,isam_mp3 isam_wav isam_eaf isam_xml isam_tsv,,359841,367973,##	adp	=ln	np:other	pro.h:s	=lv	v:pred	other	##	other	pro.h:a	lv-pro_h_a	v:pred	rv	ln	ln	np:p	rn	##	0.h:s	lv-pro_h_s	v:pred	other	other	=ln	np:other	-rn_pro.h:poss	nc	##	0.h:a	lv-pro_h_a	v:pred	pro.h:p	other:obl,,isam,∅	∅	∅	∅	∅	∅	∅	∅	∅	∅	∅	∅	∅	∅	∅	∅	new	∅	∅	∅	∅	∅	∅	∅	∅	new	∅	∅	∅	∅	∅	∅	∅	∅,∅	∅	∅	∅	6010	∅	∅	∅	∅	∅	6010	∅	∅	∅	∅	∅	6048	∅	∅	6010	∅	∅	∅	∅	∅	6049	6010	∅	∅	6010	∅	∅	6049	∅,∅	∅	∅	∅	6010	∅	∅	∅	∅	∅	6010	∅	∅	∅	∅	∅	6048	∅	∅	6010	∅	∅	∅	∅	∅	6049	6010	∅	∅	6010	∅	∅	6049	∅
isam_0077,mcveraa,masōgi dirēm dan laklaka lēn rōrōv'en revrev,#	masō-gi	dir	=ēm	da	=n	lak-laka	lē	=n	rō-rōv'e	=n	revrev,#	time-3SG	3PL	=TAM1	do	=ART	RED-dance	LOC	=ART	RED-close	=ART	evening,"When they did the dances when it was almost afternoon,",en,MORPHEME_ALIGNED,,isam_mp3 isam_wav isam_eaf isam_xml isam_tsv,,367973,371048,##	np:other	pro.h:a	=lv	v:pred	=ln	np:p	nc	nc	adp	=ln	np:other,,isam,∅	∅	∅	∅	∅	∅	∅	∅	∅	∅	∅	bridging,∅	∅	6002	∅	∅	∅	6044	∅	∅	∅	∅	6050,∅	∅	6002	∅	∅	∅	6044	∅	∅	∅	∅	6050
isam_0078,mcveraa,di ne kalu va'anē direm es rak sag ēn laklaka n laklaka rekse wunvan resdōn̄ar [?] n REDUP-dance mu 'ama',#	di	ne	kalu	va'anē	#	dir	=ēm	es	rak	sag	ēn	lak-laka	n	lak-laka	rekse	wunva	=n	resdōn̄ar	n	lak-laka	mu	'ama',#	3SG	TAM2:3SG	exit	TEMP.DEM1	#	3PL	=TAM1	spear	out	up	ART	RED-dance	ART	RED-dance	like	perhaps	=ART	resdōn̄ar.dance	ART	RED-dance	POSS.GEN	spirit,"he came out. They started up the dancing, the 'Nangae leaves brooming' dance, a devil dance.",en,MORPHEME_ALIGNED,,isam_mp3 isam_wav isam_eaf isam_xml isam_tsv,,371056,378150,##	pro.h:s	lv-pro_h_s	v:pred	other	##	pro.h:a	=lv	v:pred	rv	rv	ln	np:p	ln	np:dt_p	other	other	ln	np:other	ln	np:other	rn	rn,,isam,∅	∅	∅	∅	∅	∅	∅	∅	∅	∅	∅	∅	∅	∅	∅	∅	∅	∅	bridging	∅	∅	∅	∅,∅	6010	∅	∅	∅	∅	6002	∅	∅	∅	∅	∅	6044	∅	6044	∅	∅	∅	6051	∅	6051	∅	∅,∅	6010	∅	∅	∅	∅	6002	∅	∅	∅	∅	∅	6044	∅	6044	∅	∅	∅	6051	∅	6051	∅	∅
isam_0079,mcveraa,masōgi direm direm qē'ēg 'alēn ga laka,#	masō-gi	dir	=ēm	dir	=ēm	qē'ēg	#	alēn	ga	laka,#	time-3SG	3PL	=TAM1	3PL	=TAM1	begin	#	ASS	STAT	dance,"When they started to dance,",en,MORPHEME_ALIGNED,,isam_mp3 isam_wav isam_eaf isam_xml isam_tsv,,378150,381078,##	np:other	nc_pro.h	nc	pro.h:s	=lv	v:pred	#cc	adp	lv	vother:pred,,isam,∅	∅	∅	∅	∅	∅	∅	∅	∅	∅	∅,∅	∅	6002	∅	6002	∅	∅	∅	∅	∅	∅,∅	∅	6002	∅	6002	∅	∅	∅	∅	∅	∅
isam_0080,mcveraa,di ne lak lu ma rek va'anē,#	di	ne	lak	lu	ma	rek	va'anē,#	3SG	TAM2:3SG	dance	through	hither	also	TEMP.DEM1,he danced out as well.,en,MORPHEME_ALIGNED,,isam_mp3 isam_wav isam_eaf isam_xml isam_tsv,,381078,382830,##	pro.h:s	lv-pro_h_s	v:pred	rv	rv	other	other,,isam,∅	∅	∅	∅	∅	∅	∅	∅,∅	6010	∅	∅	∅	∅	∅	∅,∅	6010	∅	∅	∅	∅	∅	∅
isam_0081,mcveraa,dim laka rekse dim lak luma lēn 'ow'ow lēn m̄oa laklaka dim lak lu ma,#	di	=m	laka	rekse	#	di	=m	lak	lu	ma	lē	=n	'ow'ow	#	lē	=n	m̄oa	lak-laka	di	=m	lak	lu	ma,#	3SG	=TAM1	dance	like	#	3SG	=TAM1	dance	through	hither	LOC	=ART	before	#	LOC	=ART	first	RED-dance	3SG	=TAM1	dance	through	hither,"He danced, i.e. he came out dancing before, at the first dance he came out dancing.",en,MORPHEME_ALIGNED,,isam_mp3 isam_wav isam_eaf isam_xml isam_tsv,,382830,388859,##	pro.h:s	=lv	v:pred	other	##	pro.h:s	=lv	v:pred	rv	rv	nc	nc	other	##	adp	=ln	ln	np:other	pro.h:s	=lv	v:pred	rv	rv,,isam,∅	∅	∅	∅	∅	∅	∅	∅	∅	∅	∅	∅	∅	∅	∅	∅	∅	∅	bridging	∅	∅	∅	∅	∅,∅	6010	∅	∅	∅	∅	6010	∅	∅	∅	∅	∅	∅	∅	∅	∅	∅	∅	6052	6010	∅	∅	∅	∅,∅	6010	∅	∅	∅	∅	6010	∅	∅	∅	∅	∅	∅	∅	∅	∅	∅	∅	6052	6010	∅	∅	∅	∅
isam_0082,mcveraa,m da so vagruō nagi dire 'ēn rak 'ēn diē,#	m	da	#	so	vag-ruō	na-gi	dir	e	'ēn	rak	'ēn	diē,#	TAM1	do	#	CPL	MULT-two	ORD-3SG	3PL	GEN.NEG1	see	out	NEG2	3SG,"The second time they didn't recognize him, yet.",en,MORPHEME_ALIGNED,,isam_mp3 isam_wav isam_eaf isam_xml isam_tsv,,388859,391552,##	lv	v:pred	#cc	other	np:other	rn	pro.h:a	lv	v:pred	rv	rv	pro.h:p,,isam,∅	∅	∅	∅	∅	bridging	∅	∅	∅	∅	∅	∅	∅,∅	∅	∅	∅	∅	6053	∅	6002	∅	∅	∅	∅	6010,∅	∅	∅	∅	∅	6053	∅	6002	∅	∅	∅	∅	6010
isam_0083,mcveraa,da vag'ōl nagi dire 'ēn rak 'ēn diē,#	da	vag-'ōl	na-gi	dir	e	'ēn	rak	'ēn	diē,#	do	MULT-three	ORD-3SG	3PL	GEN.NEG1	see	out	NEG2	3SG,"The third they didn't recognize him, yet.",en,MORPHEME_ALIGNED,,isam_mp3 isam_wav isam_eaf isam_xml isam_tsv,,391552,393941,##	other	np:other	rn	pro.h:a	lv	v:pred	rv	rv	pro.h:p,,isam,∅	∅	bridging	∅	∅	∅	∅	∅	∅	∅,∅	∅	6054	∅	6002	∅	∅	∅	∅	6010,∅	∅	6054	∅	6002	∅	∅	∅	∅	6010
isam_0084,mcveraa,'enei direk dōm so direk gis vagra diē va'anē son sav nē n 'ama' sin 'an̄sara,#	enei	dir	=ēk	dōm	#	so	dir	=ēk	gis	vagra	diē	va'anē	#	so	=n	sav	nē	#	ZERO	n	'ama'	#	si	ZERO	=n	'an̄sara,#	now	3PL	=TAM2	think	#	CPL	3PL	=TAM2	hold	tight	3SG	TEMP.DEM1	#	QUOT	=ART	what	DEM1	#	ZERO	ART	spirit	#	or	ZERO	=ART	person,"Now they start to think about holding him tight (to find out, S.S.): what is it then, a ghost or a (living, S.S.) human.",en,MORPHEME_ALIGNED,,isam_mp3 isam_wav isam_eaf isam_xml isam_tsv,,393941,399508,##	other	pro.h:s	=lv	v:pred	#cc	other	pro.h:a	=lv	v:pred	rv	pro.h:p	other	##ds	other	=ln	np:pred	dem_pro:s	##ds	0:s	ln	np.d:pred	##ds	other	0:s	=ln	np.h:pred,,isam,∅	∅	∅	∅	∅	∅	∅	∅	∅	∅	∅	∅	∅	∅	∅	∅	∅	∅	∅	∅	∅	∅	∅	∅	∅	∅	∅,∅	∅	6002	∅	∅	∅	∅	6002	∅	∅	∅	6010	∅	∅	∅	∅	∅	6010	∅	6010	∅	∅	∅	∅	6010	∅	∅,∅	∅	6002	∅	∅	∅	∅	6002	∅	∅	∅	6010	∅	∅	∅	∅	∅	6010	∅	6010	∅	∅	∅	∅	6010	∅	∅
isam_0085,mcveraa,so direm dada 'eno 'alēn ga gis vavarga die lēn vag'ōl nagi a dim lak luma direk gis varga,#	so	dir	=ēm	dada	'ēno	#	alēn	ga	gis	va-varga	diē	#	lē	=n	vag-'ōl	na-gi	#	a	di	=m	lak	lu	ma	#	dir	=ēk	gis	varga	ZERO,#	NC	3PL	=TAM1	RED:do	try	#	ASS	STAT	hold	RED-tight	3SG	#	LOC	=ART	MULT-three	ORD-3SG	#	REL	3SG	=TAM1	dance	through	hither	#	3PL	=TAM2	hold	tight	ZERO,"So they tried to hold him tight, and the third time he danced out, they held him tight.",en,MORPHEME_ALIGNED,,isam_mp3 isam_wav isam_eaf isam_xml isam_tsv,,399508,404082,##	other	pro.h:s	=lv	v:pred	rv	#cc	adp	lv	vother:pred	rv	pro.h:p	##	adp	=ln	np:other	rn	#rc_rn	other	pro.h:s	=lv	v:pred	rv	rv	##	pro.h:a	=lv	v:pred	rv	0.h:p,,isam,∅	∅	∅	∅	∅	∅	∅	∅	∅	∅	∅	∅	∅	∅	∅	∅	∅	∅	∅	∅	∅	∅	∅	∅	∅	∅	∅	∅	∅	∅,∅	∅	6002	∅	∅	∅	∅	∅	∅	∅	∅	6010	∅	∅	∅	6054	∅	∅	∅	6010	∅	∅	∅	∅	∅	6002	∅	∅	∅	6010,∅	∅	6002	∅	∅	∅	∅	∅	∅	∅	∅	6010	∅	∅	∅	6054	∅	∅	∅	6010	∅	∅	∅	∅	∅	6002	∅	∅	∅	6010
isam_0086,mcveraa,masōgi direm gis varga die direk sōk sier so 'o din 'an̄sara direm ran̄ den n nogin 'erē wōsisigile,#	masō-gi	dir	=ēm	gis	varga	diē	#	dir	=ēk	sōk	sier	#	so	'o	di	=n	'an̄sara	#	dir	=ēm	ran̄	den	n	nō	-gi	=n	'erē	wōsisigile,#	time-3SG	3PL	=TAM1	hold	tight	3SG	#	3PL	=TAM2	scan	realise	#	CPL	INTERJ	3SG	=ART	person	#	3PL	=TAM1	tear	ABL	ART	POSS.DOM	-3SG	=ART	PL	seal,"When they held him tight they found out: ""Oh, he is a human being."" and pulled off his ritual decorations.",en,MORPHEME_ALIGNED,,isam_mp3 isam_wav isam_eaf isam_xml isam_tsv,,404082,410335,##	np:other	pro.h:a	=lv	v:pred	rv	pro.h:p	##	pro.h:s	=lv	v:pred	rv	#ds_cc	other	other	pro.h:s	=ln	np.h:pred	##	pro.h:a	=lv	v:pred	rv	ln	ln	-ln_pro.h:poss	ln	ln	np:p,,isam,∅	∅	∅	∅	∅	∅	∅	∅	∅	∅	∅	∅	∅	∅	∅	∅	∅	∅	∅	∅	∅	∅	∅	∅	∅	∅	∅	∅	∅,∅	∅	6002	∅	∅	∅	6010	∅	6002	∅	∅	∅	∅	∅	∅	6010	∅	∅	∅	6002	∅	∅	∅	∅	∅	6010	∅	∅	6049,∅	∅	6002	∅	∅	∅	6010	∅	6002	∅	∅	∅	∅	∅	∅	6010	∅	∅	∅	6002	∅	∅	∅	∅	∅	6010	∅	∅	6049
isam_0087,mcveraa,direk sōk sier so 'o din 'an̄sara,#	dir	=ēk	sōk	sier	#	so	'o	di	=n	'an̄sara,#	3PL	=TAM2	scan	realise	#	QUOT	INTERJ	3SG	=ART	person,"They found out: ""oh, he is a human being.""",en,MORPHEME_ALIGNED,,isam_mp3 isam_wav isam_eaf isam_xml isam_tsv,,410335,412272,##	pro.h:s	=lv	v:pred	rv	#ds_cc	other	other	pro.h:s	=ln	np.h:pred,,isam,∅	∅	∅	∅	∅	∅	∅	∅	∅	∅	∅,∅	6002	∅	∅	∅	∅	∅	∅	6010	∅	∅,∅	6002	∅	∅	∅	∅	∅	∅	6010	∅	∅
isam_0088,mcveraa,'o ba e ge 'anē'ē sa dirs dan gengen sir qiri 'anē,#	'o	ba	e	ge	anē'ē	sa	#	dir	=s	da	=n	gengen	sir	ZERO	qiri	anē,#	INTERJ	but	PERS.ART	DEICT	DEM1.A	EMPH	#	3PL	=SIM	do	=ART	food	for	ZERO	today	DEM1.A,"""Oh, but he is the one they prepared the meal for tonight.""",en,MORPHEME_ALIGNED,,isam_mp3 isam_wav isam_eaf isam_xml isam_tsv,,412272,414875,##ds	other	other	ln	np.h:s	rn	other	#cc:pred	pro.h:a	=lv	v:pred	=ln	np:p	adp	0.h:obl	other	other,,isam,∅	∅	∅	∅	∅	∅	∅	∅	∅	∅	∅	∅	bridging	∅	∅	∅	∅,∅	∅	∅	∅	6010	∅	∅	∅	6002	∅	∅	∅	6055	∅	6010	∅	∅,∅	∅	∅	∅	6010	∅	∅	∅	6002	∅	∅	∅	6055	∅	6010	∅	∅
isam_0089,mcveraa,itok e direk vesir die di ne kaka mē diren 'erē kaka rekse sivie dim van sivie dim 'ēqel suw lēn Torres,#	itok	#	e	dir	=ēk	vesir	diē	#	di	ne	kaka	mē	dirē	=n	'erē	kaka	#	rekse	sivie	di	=m	van	#	sivie	di	=m	'ēqēl	suw	lē	=n	Torres,#	good	#	DISC	3PL	=TAM2	ask	3SG	#	3SG	TAM2:3SG	story	DAT	3PL	=ART	PL	story	#	like	how	3SG	=TAM1	go	#	how	3SG	=TAM1	descend	thither	LOC	=ART	Torres,"Ok, then they were asking him, and he told them all the stories, like how he went, how he went down to the Torres,",en,MORPHEME_ALIGNED,,isam_mp3 isam_wav isam_eaf isam_xml isam_tsv,,414875,422002,##	v:pred	##	other	pro.h:a	=lv	v:pred	pro.h:p	##	pro.h:a	lv-pro_h_a	v:pred	adp	pro.h:g	=ln	ln	np:p	#cc	other	other	pro.h:s	=lv	v:pred	#cc	other	pro.h:s	=lv	v:pred	rv	adp	=ln	pn_np:g,,isam,∅	∅	∅	∅	∅	∅	∅	∅	∅	∅	∅	∅	∅	∅	∅	∅	bridging	∅	∅	∅	∅	∅	∅	∅	∅	∅	∅	∅	∅	∅	∅	∅,∅	∅	∅	∅	6002	∅	∅	6010	∅	6010	∅	∅	∅	6002	∅	∅	6056	∅	∅	∅	6010	∅	∅	∅	∅	6010	∅	∅	∅	∅	∅	6019,∅	∅	∅	∅	6002	∅	∅	6010	∅	6010	∅	∅	∅	6002	∅	∅	6056	∅	∅	∅	6010	∅	∅	∅	∅	6010	∅	∅	∅	∅	∅	6019
isam_0090,mcveraa,dim 'og'og suwei,#	di	=m	'ōg-'ōg	suwei,#	3SG	=TAM1	RED:stay	downwind,- when he was down there -,en,WORD_ALIGNED,,isam_mp3 isam_wav isam_eaf isam_xml isam_tsv,,422002,423464,##	pro.h:s	=lv	v:pred	other:l,,isam,∅	∅	∅	∅	∅,∅	6010	∅	∅	6019,∅	6010	∅	∅	6019
isam_0091,mcveraa,dim es sivie wo sivie dim kel ma m din̄ rekse,#	di	=m	es	sivie	#	wo	sivie	di	=m	kel	ma	#	ZERO	m	din̄	rekse,#	3SG	=TAM1	alive	how	#	and	how	3SG	=TAM1	back	hither	#	ZERO	TAM1	reach	like,"how he lived and how he returned hither, and it lasted until … like",en,MORPHEME_ALIGNED,,isam_mp3 isam_wav isam_eaf isam_xml isam_tsv,,423464,426891,##	pro.h:s	=lv	v:pred	other	##	other	other	pro.h:s	=lv	v:pred	rv	##	0.h:s	lv	v:pred	nc,,isam,∅	∅	∅	∅	∅	∅	∅	∅	∅	∅	∅	∅	∅	∅	∅	∅	∅,∅	6010	∅	∅	∅	∅	∅	∅	6010	∅	∅	∅	∅	6010	∅	∅	∅,∅	6010	∅	∅	∅	∅	∅	∅	6010	∅	∅	∅	∅	6010	∅	∅	∅
isam_0092,mcveraa,dirēm dimdim kel ēn kele qōn̄ vēlimē,#	dir	=ēm	dimdim	kel	ēn	kele	qōn̄	vēlimē,#	3PL	=TAM1	RED:NC	back	ART	behind	night	five,they reached another fifth day after that.,en,MORPHEME_ALIGNED,,isam_mp3 isam_wav isam_eaf isam_xml isam_tsv,,426891,430152,##	pro.h:a	=lv	v:pred	rv	ln	np:p	rn	rn,,isam,∅	∅	∅	∅	∅	∅	bridging	∅	∅,∅	6002	∅	∅	∅	∅	6057	∅	∅,∅	6002	∅	∅	∅	∅	6057	∅	∅
isam_0093,mcveraa,so dirēm dan qōn̄ vēlimē mugi,#	so	dir	=ēm	da	=n	qōn̄	vēlimē	mu	-gi,#	NC	3PL	=TAM1	do	=ART	night	five	POSS.GEN	-3SG,Then they celebrated his fifth day.,en,MORPHEME_ALIGNED,,isam_mp3 isam_wav isam_eaf isam_xml isam_tsv,,430152,432348,##	other	pro.h:a	=lv	v:pred	=ln	np:p	rn	rn	-rn_pro.h:poss,,isam,∅	∅	∅	∅	∅	∅	∅	∅	∅	∅,∅	∅	6002	∅	∅	∅	6057	∅	∅	6010,∅	∅	6002	∅	∅	∅	6057	∅	∅	6010
isam_0094,mcveraa,dim din̄ kel ma mēn 'eraga sōsōgōgi 'eraga nini'igi lēn vunuō 'a Lēnmerig,#	di	=m	din̄	kel	ma	mē-n	e	raga	sō-sōgō	-gi	e	raga	ni-ni'i	-gi	lē	=n	vunuō	'a	Lēnmerig,#	3SG	=TAM1	reach	back	hither	DAT-CS	PERS.ART	people	RED-line	-3SG	PERS.ART	people	RED-offspring	-3SG	LOC	=ART	land	ASS.SP	Lēnmerig,"He had come back to everybody of his line, his descendents at the village of Lemerig.",en,MORPHEME_ALIGNED,,isam_mp3 isam_wav isam_eaf isam_xml isam_tsv,,432348,438214,##	pro.h:s	=lv	v:pred	rv	rv	adp	ln	ln	np.h:g	-rn_pro.h:poss	rn	rn	rn_np.h	-rn_pro.h:poss	rn	=rn	rn	rn	rn_pn_np,,isam,∅	∅	∅	∅	∅	∅	∅	∅	∅	new	∅	∅	∅	∅	∅	∅	∅	∅	∅	∅,∅	6010	∅	∅	∅	∅	∅	∅	∅	6058	6010	∅	∅	6058	6010	∅	∅	∅	∅	6001,∅	6010	∅	∅	∅	∅	∅	∅	∅	6058	6010	∅	∅	6058	6010	∅	∅	∅	∅	6001
isam_0095,mcveraa,Wunvan kaka dim qē' 'ekēnē,#	wunva	=n	kaka	di	=m	qē'	'ekēnē,#	probably	=ART	story	3SG	=TAM1	finish	LOC.DEM1,I think the story is over here.,en,MORPHEME_ALIGNED,,isam_mp3 isam_wav isam_eaf isam_xml isam_tsv,,438214,441418,##	other	=ln	np:dt_s	pro:s	=lv	v:pred	other,,isam,∅	∅	∅	∅	∅	∅	∅	∅,∅	∅	∅	∅	∅	∅	∅	∅,∅	∅	∅	∅	∅	∅	∅	∅
iswm_0001,mcveraa,itok nēn tēk ... kaka ... nok kakan neln̄o vu' 'agēnē,#	itok	nēn	tēk	kaka	#	no	=k	kaka	=n	neln̄o	vu'	agēnē,#	good	ART	speak	story	#	1SG	=TAM2	story	=ART	neln̄o	spirit	DEM2.A,"Alright, I'll tell this story,",en,MORPHEME_ALIGNED,,iswm_mp3 iswm_wav iswm_eaf iswm_xml iswm_tsv,,0,7750,#nc	nc	nc	nc	nc	##	pro.1:a	=lv	v:pred	=ln	np:p	rn	rn_dem2,,iswm,∅	∅	∅	∅	∅	∅	∅	∅	∅	∅	∅	∅	∅,∅	∅	∅	∅	∅	∅	∅	∅	∅	∅	∅	∅	∅,∅	∅	∅	∅	∅	∅	∅	∅	∅	∅	∅	∅	∅
iswm_0002,mcveraa,di me ... no me kaka 'ar e Wowōt wo e m̄eter,#	di	me	no	me	kaka	'ar	e	Wowōt	wo	e	m̄eter,#	3SG	FUT	1SG	FUT	story	chop	PERS.ART	Wowōt	and	PERS.ART	m̄eter,I'll talk about Wowōt and M̄eter.,en,MORPHEME_ALIGNED,,iswm_mp3 iswm_wav iswm_eaf iswm_xml iswm_tsv,,7750,14345,##	nc	nc	pro.1:a	lv	v:pred	rv	ln	pn_np.h:p	rn	rn	rn_pn_np.h,,iswm,∅	∅	∅	∅	∅	∅	∅	∅	new	∅	∅	new,∅	∅	∅	∅	∅	∅	∅	∅	7001	∅	∅	7002,∅	∅	∅	∅	∅	∅	∅	∅	7001	∅	∅	7002
iswm_0003,mcveraa,Wowōt 'ogi e m̄eter ..eh.. n vonoruō aqit,#	Wowōt	'o-gi	e	m̄eter	eh	n	vono	-ruō	aqit,#	Wowōt	'o-3SG	PERS.ART	m̄eter	HES	ART	vono	-3DL	far.away,"Wowōt and M̄eter, their home is far away.",en,MORPHEME_ALIGNED,,iswm_mp3 iswm_wav iswm_eaf iswm_xml iswm_tsv,,14345,20002,##	pn_np.h:dt_poss	rn_adp	rn	rn_pn_np.h	nc	ln	np:s	-rn_pro.h:poss	other:pred,,iswm,∅	∅	∅	∅	∅	∅	∅	new	bridging	∅,∅	7001	∅	∅	7002	∅	∅	7003	7004	∅,∅	7001	∅	∅	7002	∅	∅	7003	7004	∅
iswm_0004,mcveraa,duru ga 'og wal sag lēn vonon e Wowōt 'a Nōs,#	duru	ga	'ōg	wal	sag	lē	=n	vono-n	e	Wowōt	a	Nōs,#	3DL	STAT	stay	once	up	LOC	=ART	vono-CS	PERS.ART	Wowōt	LOC.SP	place.name,"They lived up in Wowōt's village, at Nos.",en,MORPHEME_ALIGNED,,iswm_mp3 iswm_wav iswm_eaf iswm_xml iswm_tsv,,20002,23783,##	pro.h:s	lv	v:pred	rv	rv	adp	=ln	np:l	rn	rn_pn_np.h:poss	rn	rn_pn_np,,iswm,∅	∅	∅	∅	∅	∅	∅	∅	new	∅	∅	∅	∅,∅	7004	∅	∅	∅	∅	∅	∅	7006	∅	7001	∅	∅,∅	7004	∅	∅	∅	∅	∅	∅	7006	∅	7001	∅	∅
iswm_0005,mcveraa,so 'ekē ne vōwal dir ga ul 'a Nōs,#	ZERO	so	'ekē	ne	vō-wal	#	dir	ga	ul	ZERO	a	Nōs,#	ZERO	name	place	NUM.ART	NUM-one	#	3PL	STAT	call	ZERO	LOC.SP	place.name,The name of a place that they call Nos.,en,MORPHEME_ALIGNED,,iswm_mp3 iswm_wav iswm_eaf iswm_xml iswm_tsv,,23783,25993,##	0:s	np:pred	rn	rn	rn	#rc_rn	pro.h:a	lv	v:pred	0:p	adp	pn_np:other,,iswm,∅	∅	∅	∅	∅	∅	∅	new	∅	∅	∅	∅	∅,∅	7006	∅	∅	∅	∅	∅	7005	∅	∅	7006	∅	∅,∅	7006	∅	∅	∅	∅	∅	7005	∅	∅	7006	∅	∅
iswm_0006,mcveraa,vonon e m̄eter dir ga ul ... di ga 'og n̄ere,#	vono-n	e	m̄eter	#	dir	ga	ul	di	ga	'ōg	n̄ere,#	home-CS	PERS.ART	m̄eter	#	3PL	STAT	call	3SG	STAT	stay	n̄ere,"M̄eter's village, they call (it)",en,MORPHEME_ALIGNED,,iswm_mp3 iswm_wav iswm_eaf iswm_xml iswm_tsv,,25993,31561,##	np:dt	rn	rn_pn_np.h:poss	#nc	nc_pro.h	nc	nc	nc_pro	nc	nc	nc,,iswm,∅	bridging	∅	∅	∅	∅	∅	∅	∅	∅	∅	∅,∅	7007	∅	7002	∅	7005	∅	∅	7007	∅	∅	∅,∅	7007	∅	7002	∅	7005	∅	∅	7007	∅	∅	∅
iswm_0007,mcveraa,n̄eregi 'a sag 'a ... 'a ...,n̄eregi	'a	sag	'a	'a	%,n̄eregi	'a	sag	'a	'a	%,...,en,MORPHEME_ALIGNED,,iswm_mp3 iswm_wav iswm_eaf iswm_xml iswm_tsv,,31561,37604,nc	nc	nc	nc	nc	nc,,iswm,∅	∅	∅	∅	∅	∅,∅	∅	∅	∅	∅	∅,∅	∅	∅	∅	∅	∅
iswm_0008,mcveraa,n̄erelan̄tir,n̄erelan̄tir,place.name,N̄erelan̄tir.,en,MORPHEME_ALIGNED,,iswm_mp3 iswm_wav iswm_eaf iswm_xml iswm_tsv,,37604,41726,nc,,iswm,∅,∅,∅
iswm_0009,mcveraa,ga 'og 'a n̄ere...eh.. m̄eter ga 'og 'a n̄erelan̄tir,ga	'ōg	'a	n̄ere	eh	%	m̄eter	ga	'ōg	a	n̄erelan̄tir,STAT	stay	'a	NC	HES	%	m̄eter	STAT	stay	LOC.SP	place.name,M̄eter lived at N̄erelan̄tir.,en,MORPHEME_ALIGNED,,iswm_mp3 iswm_wav iswm_eaf iswm_xml iswm_tsv,,41726,45513,nc	nc	nc	nc	nc	%	pn_np.h:s	lv	v:pred	adp	pn_np:l,,iswm,∅	∅	∅	∅	∅	∅	∅	∅	∅	∅	∅,∅	∅	∅	∅	∅	∅	7002	∅	∅	∅	7007,∅	∅	∅	∅	∅	∅	7002	∅	∅	∅	7007
iswm_0010,mcveraa,Wowōt ga 'og 'a Nōs,#	Wowōt	ga	'ōg	a	Nōs,#	Wowōt	STAT	stay	LOC.SP	place.name,Wowōt lived at Nos.,en,MORPHEME_ALIGNED,,iswm_mp3 iswm_wav iswm_eaf iswm_xml iswm_tsv,,45513,47568,##	pn_np.h:s	lv	v:pred	adp	pn_np:l,,iswm,∅	∅	∅	∅	∅	∅,∅	7001	∅	∅	∅	7006,∅	7001	∅	∅	∅	7006
iswm_0011,mcveraa,n qōn̄ ne vōwal,#	n	qōn̄	ne	vō-wal,#	ART	night	NUM.ART	NUM-one,One day,en,MORPHEME_ALIGNED,,iswm_mp3 iswm_wav iswm_eaf iswm_xml iswm_tsv,,47568,50695,##	ln	np:other	rn	rn,,iswm,∅	∅	∅	∅	∅,∅	∅	∅	∅	∅,∅	∅	∅	∅	∅
iswm_0012,mcveraa,e ruwa mēn gunuruō durum 'og'ogo durum 'og sier ni'iruō,e	ruwa	mē	=n	gunu	-ruō	duru	=m	'ōg'ōgo	#	duru	=m	'ōg	sier	ni'i	-ruō,PERS.ART	two.people	DAT	=ART	gunu	-3DL	3DL	=TAM1	RED-stay	#	3DL	=TAM1	stay	realise	small	-3DL,"there was a couple. And as they lived on and on, they expected a baby.",en,WORD_ALIGNED,,iswm_mp3 iswm_wav iswm_eaf iswm_xml iswm_tsv,,50695,56209,ln	np.h:pred	rn	=rn	rn_np.h	-rn_pro.h:poss	pro.h:s	=lv	v:pred	##	pro.h:a	=lv	v:pred	rv	np.h:p	-rn_pro.h:poss,,iswm,∅	new	∅	∅	∅	∅	∅	∅	∅	∅	∅	∅	∅	∅	new	∅,∅	7008	∅	∅	∅	7008	7008	∅	∅	∅	7008	∅	∅	∅	7001	7008,∅	7008	∅	∅	∅	7008	7008	∅	∅	∅	7008	∅	∅	∅	7001	7008
iswm_0013,mcveraa,durum dan m̄ērm̄ēre dim wo'o durum 'ēn gōr diē vavan,#	duru	=m	da	=n	m̄ērm̄ēre	#	di	=m	wo'o	#	duru	=m	'ēn	gōr	diē	va-van,#	3DL	=TAM1	do	=ART	kid	#	3SG	=TAM1	born	#	3DL	=TAM1	see	secure	3SG	RED-go,"They did ... the child, (when) it was born they looked after it and",en,MORPHEME_ALIGNED,,iswm_mp3 iswm_wav iswm_eaf iswm_xml iswm_tsv,,56209,60254,##	pro.h:a	=lv	v:pred	=ln	np.h:p	##	pro.h:s	=lv	v:pred	##	pro.h:a	=lv	v:pred	rv	pro.h:p	other,,iswm,∅	∅	∅	∅	∅	∅	∅	∅	∅	∅	∅	∅	∅	∅	∅	∅	∅,∅	7008	∅	∅	∅	7001	∅	7001	∅	∅	∅	7008	∅	∅	∅	7001	∅,∅	7008	∅	∅	∅	7001	∅	7001	∅	∅	∅	7008	∅	∅	∅	7001	∅
iswm_0014,mcveraa,dim luwo kal ma durum 'ēn so,#	di	=m	luwo	kal	ma	#	duru	=m	'ēn	#	so,#	3SG	=TAM1	big	upwards	hither	#	3DL	=TAM1	see	#	CPL,when it had grown up they saw:,en,MORPHEME_ALIGNED,,iswm_mp3 iswm_wav iswm_eaf iswm_xml iswm_tsv,,60254,61709,##	pro.h:s	=lv	v:pred	rv	rv	##	pro.h:s	=lv	v:pred	#cc	other,,iswm,∅	∅	∅	∅	∅	∅	∅	∅	∅	∅	∅	∅,∅	7001	∅	∅	∅	∅	∅	7008	∅	∅	∅	∅,∅	7001	∅	∅	∅	∅	∅	7008	∅	∅	∅	∅
iswm_0015,mcveraa,m̄ērm̄ēre di ga itok soksok,m̄ērm̄ēre	di	ga	itok	soksok,kid	3SG	STAT	good	too.much,'The child is very well turned-out.',en,MORPHEME_ALIGNED,,iswm_mp3 iswm_wav iswm_eaf iswm_xml iswm_tsv,,61709,63135,np.h:dt_s	pro.h:s	lv	v:pred	rv,,iswm,∅	∅	∅	∅	∅,7001	7001	∅	∅	∅,7001	7001	∅	∅	∅
iswm_0016,mcveraa,'e di ga ... di ga wē soksok,#	'e	di	ga	#	di	ga	wiē	soksok,#	'PERS.ART	3SG	STAT	#	3SG	STAT	good	too.much,It was too nice.,en,MORPHEME_ALIGNED,,iswm_mp3 iswm_wav iswm_eaf iswm_xml iswm_tsv,,63135,65693,#nc	nc	nc_pro.h	nc	##	pro.h:s	lv	v:pred	rv,,iswm,∅	∅	∅	∅	∅	∅	∅	∅	∅,∅	∅	7001	∅	∅	7001	∅	∅	∅,∅	∅	7001	∅	∅	7001	∅	∅	∅
iswm_0017,mcveraa,din m̄ērm̄ēr 'am̄an ba di ga wē soksok,#	di	=n	m̄ērm̄ēr	'am̄an	#	ba	di	ga	wiē	soksok,#	3SG	=ART	kid	man	#	but	3SG	STAT	good	too.much,"It was a boy, and it was too good.",en,MORPHEME_ALIGNED,,iswm_mp3 iswm_wav iswm_eaf iswm_xml iswm_tsv,,65693,68344,##	pro.h:s	=ln	np.h:pred	rn	##	other	pro.h:s	lv	v:pred	rv,,iswm,∅	∅	∅	∅	∅	∅	∅	∅	∅	∅	∅,∅	7001	∅	∅	∅	∅	∅	7001	∅	∅	∅,∅	7001	∅	∅	∅	∅	∅	7001	∅	∅	∅
iswm_0018,mcveraa,durum 'ēn gōr di wunva vavan,#	duru	=m	'ēn	gōr	di	wunva	vavan,#	3DL	=TAM1	see	secure	3SG	probably	RED-go,"They looked after him, probably, on and on",en,WORD_ALIGNED,,iswm_mp3 iswm_wav iswm_eaf iswm_xml iswm_tsv,,68344,70551,##	pro.h:a	=lv	v:pred	rv	pro.h:p	other	other,,iswm,∅	∅	∅	∅	∅	∅	∅	∅,∅	7008	∅	∅	∅	7001	∅	∅,∅	7008	∅	∅	∅	7001	∅	∅
iswm_0019,mcveraa,di ne luwo kal,#	di	ne	luwo	kal,#	3SG	TAM2:3SG	big	upwards,and then he grew up.,en,MORPHEME_ALIGNED,,iswm_mp3 iswm_wav iswm_eaf iswm_xml iswm_tsv,,70551,72057,##	pro.h:s	lv-pro_h_s	v:pred	rv,,iswm,∅	∅	∅	∅	∅,∅	7001	∅	∅	∅,∅	7001	∅	∅	∅
iswm_0020,mcveraa,dim luwo kal ga ge soksok wal,#	di	=m	luwo	kal	ga	ge	soksok	wal,#	3SG	=TAM1	big	upwards	STAT	THING	too.much	once,"When he had grown up, (he) was too much this.",en,MORPHEME_ALIGNED,ge = wēe,iswm_mp3 iswm_wav iswm_eaf iswm_xml iswm_tsv,,72057,74475,##	pro.h:s	=lv	v:pred	rv	rv	rv	rv	rv,,iswm,∅	∅	∅	∅	∅	∅	∅	∅	∅,∅	7001	∅	∅	∅	∅	∅	∅	∅,∅	7001	∅	∅	∅	∅	∅	∅	∅
iswm_0021,mcveraa,'aluwo ge ... dim lumgav wal duruk 'ēn rak diē so,#	'aluwo	ge	#	di	=m	lumgav	wal	#	duru	=k	'ēn	rak	diē	#	so,#	tomorrow	THING	#	3SG	=TAM1	young.man	once	#	3DL	=TAM2	see	remove	3SG	#	CPL,"The day after this ... he had become a young man, and then they realized (about) him that",en,MORPHEME_ALIGNED,,iswm_mp3 iswm_wav iswm_eaf iswm_xml iswm_tsv,,74475,77640,#nc	nc	nc	##	pro.h:s	=lv	v:pred	rv	##	pro.h:a	=lv	v:pred	rv	pro.h:p	#cc	other,,iswm,∅	∅	∅	∅	∅	∅	∅	∅	∅	∅	∅	∅	∅	∅	∅	∅,∅	∅	∅	∅	7001	∅	∅	∅	∅	7008	∅	∅	∅	7001	∅	∅,∅	∅	∅	∅	7001	∅	∅	∅	∅	7008	∅	∅	∅	7001	∅	∅
iswm_0022,mcveraa,din ma'i m̄ērm̄ēr soksok,di	=n	ma'i	m̄ērm̄ēr	soksok,3SG	=ART	good	kid	too.much,he was too nice a child.,en,MORPHEME_ALIGNED,,iswm_mp3 iswm_wav iswm_eaf iswm_xml iswm_tsv,,77640,80169,pro.h:s	=ln	ln	np.h:pred	rv,,iswm,∅	∅	∅	∅	∅,7001	∅	∅	∅	∅,7001	∅	∅	∅	∅
iswm_0023,mcveraa,'amagi ne vus seqeg diē,#	'ama	-gi	ne	vus	seqeg	diē,#	father	-3SG	TAM2:3SG	hit	bless	3SG,His father blessed him [with customary (magic) skills and properties].,en,MORPHEME_ALIGNED,,iswm_mp3 iswm_wav iswm_eaf iswm_xml iswm_tsv,,80169,82052,##	np.h:a	-rn_pro.h:poss	lv-pro_h_a	v:pred	rv	pro.h:p,,iswm,∅	bridging	∅	∅	∅	∅	∅,∅	7010	7001	∅	∅	∅	7001,∅	7010	7001	∅	∅	∅	7001
iswm_0024,mcveraa,vus seqeg diē lēn m̄ōgm̄ōglēge dōl,#	ZERO	vus	seqeg	diē	lē	=n	m̄ōgm̄ōglēge	dōl,#	ZERO	hit	bless	3SG	LOC	=ART	things	all,"Blessed him with all things,",en,MORPHEME_ALIGNED,,iswm_mp3 iswm_wav iswm_eaf iswm_xml iswm_tsv,,82052,84807,##	0.h:a	v:pred	rv	pro.h:p	adp	=ln	np:obl	rn,,iswm,∅	∅	∅	∅	∅	∅	∅	new	∅,∅	7010	∅	∅	7001	∅	∅	7011	∅,∅	7010	∅	∅	7001	∅	∅	7011	∅
iswm_0025,mcveraa,reksen 'erē m̄ōgm̄ōglēge dim gis qal gōr qē' dim gis qal gōr ēn man̄ran 'eveg,#	rekse	=n	'erē	m̄ōgm̄ōglēge	di	=m	gis	qal	gōr	qē'	ZERO	#	di	=m	gis	qal	gōr	ēn	man̄ra	=n	'eveg,#	like	=ART	PL	things	3SG	=TAM1	hold	hit	secure	finish	ZERO	#	3SG	=TAM1	hold	hit	secure	ART	money	=ART	money,"like all (kinds of) things he held in his hands, he bore money, customary money.",en,MORPHEME_ALIGNED,,iswm_mp3 iswm_wav iswm_eaf iswm_xml iswm_tsv,,84807,88857,##	other	=ln	ln	np:dt_p	pro.h:a	=lv	v:pred	rv	rv	rv	0:p	##	pro.h:a	=lv	v:pred	rv	rv	ln	np:p	=ln	np:dt_p,,iswm,∅	∅	∅	∅	∅	∅	∅	∅	∅	∅	∅	∅	∅	∅	∅	∅	∅	∅	∅	new	∅	∅,∅	∅	∅	∅	7011	7010	∅	∅	∅	∅	∅	7011	∅	7010	∅	∅	∅	∅	∅	7012	∅	7012,∅	∅	∅	∅	7011	7010	∅	∅	∅	∅	∅	7011	∅	7010	∅	∅	∅	∅	∅	7012	∅	7012
iswm_0026,mcveraa,dim gis qal gōr ēn qō,#	di	=m	gis	qal	gōr	ēn	qō,#	3SG	=TAM1	hold	hit	secure	ART	pig,He bore pigs.,en,MORPHEME_ALIGNED,,iswm_mp3 iswm_wav iswm_eaf iswm_xml iswm_tsv,,88857,90530,##	pro.h:a	=lv	v:pred	rv	rv	ln	np:p,,iswm,∅	∅	∅	∅	∅	∅	∅	new,∅	7010	∅	∅	∅	∅	∅	7013,∅	7010	∅	∅	∅	∅	∅	7013
iswm_0027,mcveraa,dim gis qal gōr ēn 'erē m̄ōgm̄ōglēge dōl,#	di	=m	gis	qal	gōr	ēn	'erē	m̄ōgm̄ōglēge	dōl,#	3SG	=TAM1	hold	hit	secure	ART	PL	things	all,He bore all (kinds of) things.,en,MORPHEME_ALIGNED,,iswm_mp3 iswm_wav iswm_eaf iswm_xml iswm_tsv,,90530,93791,##	pro.h:a	=lv	v:pred	rv	rv	ln	ln	np:p	rn,,iswm,∅	∅	∅	∅	∅	∅	∅	∅	∅	∅,∅	7010	∅	∅	∅	∅	∅	∅	7011	∅,∅	7010	∅	∅	∅	∅	∅	∅	7011	∅
iswm_0028,mcveraa,da 'i di ne ... dirēk ul ēn ... di ne ul ēn sogi so Wowōt,#	da	'i	#	di	ne	dirēk	ul	ēn	#	di	ne	ul	ēn	so	-gi	so	Wowōt,#	do	DEL	#	3SG	TAM2:3SG	dirēk	call	ART	#	3SG	TAM2:3SG	call	ART	name	-3SG	CPL	Wowōt,That made that he called his name Wowōt.,en,MORPHEME_ALIGNED,,iswm_mp3 iswm_wav iswm_eaf iswm_xml iswm_tsv,,93791,98077,##	v:pred	rv	#nc	nc	nc	nc	nc	nc	#cc	pro.h:a	lv-pro_h_a	v:pred	ln	np:p	-rn_pro.h:poss	other	pn_np.h:other,,iswm,∅	∅	∅	∅	∅	∅	∅	∅	∅	∅	∅	∅	∅	∅	new	∅	∅	∅,∅	∅	∅	∅	∅	∅	∅	∅	∅	∅	7010	∅	∅	∅	7014	7001	∅	7001,∅	∅	∅	∅	∅	∅	∅	∅	∅	∅	7010	∅	∅	∅	7014	7001	∅	7001
iswm_0029,mcveraa,nikē Wowōt wuva rōs ba nik Wowōt sir ēn sava rekse bolom bēne sin bolo 'amam bēne,#	nik	e	Wowōt	wuva	rōs	#	ba	nik	Wowōt	sir	ēn	sava	#	rekse	bolo	-m	bēne	#	si	=n	bolo	'ama	-m	bēne,#	2SG	GEN.NEG1	Wowōt	only	GEN.NEG2	#	but	2SG	Wowōt	for	ART	what	#	like	POSS.VAL	-2SG	PRO.OBL	#	or	=ART	bolo	father	-2SG	PRO.OBL,"You are Wowōt not only [because of nothing], but you are Wowōt because of something, like you have valuable things or your father has valuable things.",en,MORPHEME_ALIGNED,,iswm_mp3 iswm_wav iswm_eaf iswm_xml iswm_tsv,,98077,103883,##ds	pro.2:s	lv	pn_np.h:pred	rv	rv	##ds	other	pro.2:s	pn_np.h:pred	adp	ln	np:other	#ds_cc	other	np:s	-rn_pro.2:poss	other:pred	#ds_cc	other	=ln	np:s	rn_np.h:poss	-rn_pro.2:poss	other:pred,,iswm,∅	∅	∅	∅	∅	∅	∅	∅	∅	∅	∅	∅	∅	∅	∅	∅	∅	∅	∅	∅	∅	∅	∅	∅	∅,∅	7001	∅	∅	∅	∅	∅	∅	7001	∅	∅	∅	∅	∅	∅	7011	7001	∅	∅	∅	∅	7011	7010	7001	∅,∅	7001	∅	∅	∅	∅	∅	∅	7001	∅	∅	∅	∅	∅	∅	7011	7001	∅	∅	∅	∅	7011	7010	7001	∅
iswm_0030,mcveraa,ba dirēm ... 'aman e Wowōt won vēvēn e Wowōt m da mē di san dōdōmia 'anē'ē,#	ba	dirēm	'ama-n	e	Wowōt	wo	=n	vēvē-n	e	Wowōt	m	da	mē	di	sa	=n	dōdōmia	anē'ē,#	but	dirēm	father-CS	PERS.ART	Wowōt	and	=ART	mother-CS	PERS.ART	Wowōt	TAM1	do	DAT	3SG	EMPH	=ART	thought	DEM1.A,So Wowōt's father and Wowōt's mother did to him this plan.,en,MORPHEME_ALIGNED,,iswm_mp3 iswm_wav iswm_eaf iswm_xml iswm_tsv,,103883,108320,##	other	nc	np.h:s	rn	rn_pn_np.h:poss	rn	=rn	rn_np.h	rn	rn_pn_np.h:poss	lv	v:pred	adp	pro.h:obl	other	=ln	np:p	rn_dem1,,iswm,∅	∅	∅	∅	∅	∅	∅	∅	bridging	∅	∅	∅	∅	∅	∅	∅	∅	bridging	∅,∅	∅	∅	7010	∅	7001	∅	∅	7015	∅	7001	∅	∅	∅	7001	∅	∅	7016	∅,∅	∅	∅	7010	∅	7001	∅	∅	7015	∅	7001	∅	∅	∅	7001	∅	∅	7016	∅
iswm_0031,mcveraa,da 'i so durum ...,#	da	'i	#	so	durum,#	do	DEL	#	CPL	durum,so ...,en,MORPHEME_ALIGNED,,iswm_mp3 iswm_wav iswm_eaf iswm_xml iswm_tsv,,108320,110935,##	v:pred	rv	#cc	other	nc,,iswm,∅	∅	∅	∅	∅	∅,∅	∅	∅	∅	∅	∅,∅	∅	∅	∅	∅	∅
iswm_0032,mcveraa,masōgin 'amagim vus seqeg diē di ne van ma Wowōt,#	masō-gi	=n	'ama	-gi	=m	vus	seqeg	diē	%	di	ne	van	ma	Wowōt,#	time-3SG	=ART	father	-3SG	=TAM1	hit	bless	3SG	%	3SG	TAM2:3SG	go	hither	Wowōt,so that when his father blessed him he (only) became Wowōt.,en,MORPHEME_ALIGNED,,iswm_mp3 iswm_wav iswm_eaf iswm_xml iswm_tsv,,110935,114988,#ac	np:other	=ln	np.h:a	-rn_pro.h:poss	=lv	v:pred	rv	pro.h:p	%	pro.h:a	lv-pro_h_a	v:pred	rv	pn_np.h:p,,iswm,∅	∅	∅	∅	∅	∅	∅	∅	∅	∅	∅	∅	∅	∅	∅,∅	∅	∅	7010	7001	∅	∅	∅	7001	∅	7001	∅	∅	∅	7001,∅	∅	∅	7010	7001	∅	∅	∅	7001	∅	7001	∅	∅	∅	7001
iswm_0033,mcveraa,'ow'ow den di ne van lēn Wowōt,#	'ōw'ōw	den	di	ne	van	lē	=n	Wowōt,#	before	ABL	3SG	TAM2:3SG	go	LOC	=ART	Wowōt,Before he became Wowōt [a handsome / blessed man],en,MORPHEME_ALIGNED,,iswm_mp3 iswm_wav iswm_eaf iswm_xml iswm_tsv,,114988,117560,##	other	adp	pro.h:s	lv-pro_h_s	v:pred	adp	=ln	pn_np.h:g,,iswm,∅	∅	∅	∅	∅	∅	∅	∅	∅,∅	∅	∅	7001	∅	∅	∅	∅	7001,∅	∅	∅	7001	∅	∅	∅	∅	7001
iswm_0034,mcveraa,masōgi durum 'ēn so din m̄ēr ga wēe,#	masō-gi	duru	=m	'ēn	#	so	di	=n	m̄ēr	ga	wiē,#	time-3SG	3DL	=TAM1	see	#	CPL	3SG	=ART	kid	STAT	good,"when they saw that he was a good child,",en,MORPHEME_ALIGNED,,iswm_mp3 iswm_wav iswm_eaf iswm_xml iswm_tsv,,117560,120016,##	np:other	pro.h:s	=lv	v:pred	#cc	other	pro.h:s	=ln	np.h:pred	rn	rn,,iswm,∅	∅	∅	∅	∅	∅	∅	∅	∅	∅	∅	∅,∅	∅	7008	∅	∅	∅	∅	7001	∅	∅	∅	∅,∅	∅	7008	∅	∅	∅	∅	7001	∅	∅	∅	∅
iswm_0035,mcveraa,di e kakalu rōs den ēn nim̄ē,#	di	e	ka-kalu	rōs	den	ēn	nim̄ē,#	3SG	GEN.NEG1	RED-exit	GEN.NEG2	ABL	ART	house,he didn't leave the house.,en,MORPHEME_ALIGNED,,iswm_mp3 iswm_wav iswm_eaf iswm_xml iswm_tsv,,120016,123144,##neg	pro.h:s	lv	v:pred	rv	adp	ln	np:obl,,iswm,∅	∅	∅	∅	∅	∅	∅	bridging,∅	7001	∅	∅	∅	∅	∅	7017,∅	7001	∅	∅	∅	∅	∅	7017
iswm_0036,mcveraa,di ga 'og'og wuva lēn lōlō nim̄ē sir di wom kalu 'eraga ren̄ek gis ragi,#	di	ga	'ōg'ōg	wuva	lē	=n	lōlō	nim̄ē	#	sir	di	wo	=m	kalu	#	e	raga	ren̄e	=k	gis	ra	-gi,#	3SG	STAT	RED:stay	only	LOC	=ART	inside	house	#	for	3SG	and	=TAM1	exit	#	PERS.ART	people	woman	=TAM2	hold	NC	-3SG,He stayed only inside the house because if he came out the women would have fallen upon him.,en,MORPHEME_ALIGNED,,iswm_mp3 iswm_wav iswm_eaf iswm_xml iswm_tsv,,123144,126882,##	pro.h:s	lv	v:pred	rv	adp	=ln	ln	np:l	##	other	pro.h:s	other	=lv	v:pred	##	ln	ln	np.h:s	=lv	v:pred	rv	-pro.h:obl,,iswm,∅	∅	∅	∅	∅	∅	∅	∅	∅	∅	∅	∅	∅	∅	∅	∅	∅	∅	new	∅	∅	∅	∅,∅	7001	∅	∅	∅	∅	∅	∅	7017	∅	∅	7001	∅	∅	∅	∅	∅	∅	7018	∅	∅	∅	7001,∅	7001	∅	∅	∅	∅	∅	∅	7017	∅	∅	7001	∅	∅	∅	∅	∅	∅	7018	∅	∅	∅	7001
iswm_0037,mcveraa,'eraga m̄alm̄alak gis ragi,#	e	raga	m̄alm̄ala	=k	gis	ra	-gi,#	PERS.ART	people	young.woman	=TAM2	hold	NC	-3SG,The young women would have fallen upon him.,en,MORPHEME_ALIGNED,,iswm_mp3 iswm_wav iswm_eaf iswm_xml iswm_tsv,,126882,128949,##	ln	ln	np.h:s	=lv	v:pred	rv	-rv_pro.h:poss,,iswm,∅	∅	∅	∅	∅	∅	∅	∅,∅	∅	∅	7018	∅	∅	∅	7001,∅	∅	∅	7018	∅	∅	∅	7001
iswm_0038,mcveraa,'e da 'i durum ma'ag 'ō diē so,#	e	da	'i	#	duru	=m	ma'ag	'ō'	diē	#	so,#	DISC	do	DEL	#	3DL	=TAM1	fear	carry	3SG	#	CPL,Consequently they were worried about him so that,en,MORPHEME_ALIGNED,,iswm_mp3 iswm_wav iswm_eaf iswm_xml iswm_tsv,,128949,131284,##	other	v:pred	rv	#cc	pro.h:a	=lv	v:pred	rv	pro.h:p	#cc.neg	other,,iswm,∅	∅	∅	∅	∅	∅	∅	∅	∅	∅	∅	∅,∅	∅	∅	∅	∅	7008	∅	∅	∅	7001	∅	∅,∅	∅	∅	∅	∅	7008	∅	∅	∅	7001	∅	∅
iswm_0039,mcveraa,di 'ovi'i kakaluō,di	'ovi'i	ka-kaluō,3SG	PROH	RED-exit,he was not allowed to come out [of the house],en,MORPHEME_ALIGNED,,iswm_mp3 iswm_wav iswm_eaf iswm_xml iswm_tsv,,131284,132932,pro.h:s	lv	v:pred,,iswm,∅	∅	∅,7001	∅	∅,7001	∅	∅
iswm_0040,mcveraa,vaga lēn ... lēn sara sirē 'eraga ren̄ek dada sir diē managi din Wowōt,vaga	lēn	lē	=n	sara	#	sirē	e	raga	ren̄e	=k	dada	sir	diē	#	mana-gi	di	=n	Wowōt,always	lēn	LOC	=ART	square	#	because	PERS.ART	people	woman	=TAM2	RED:do	for	3SG	#	reason-3SG	3SG	=ART	Wowōt,onto the village square because the women would try on him because he was a Wowōt [a handsome man].,en,MORPHEME_ALIGNED,,iswm_mp3 iswm_wav iswm_eaf iswm_xml iswm_tsv,,132932,138701,other	nc	adp	=ln	np:g	#ac	other	ln	ln	np.h:s	=lv	v:pred	adp	pro.h:obl	#ac	other	pro.h:s	=ln	pn_np.h:pred,,iswm,∅	∅	∅	∅	new	∅	∅	∅	∅	∅	∅	∅	∅	∅	∅	∅	∅	∅	∅,∅	∅	∅	∅	7019	∅	∅	∅	∅	7018	∅	∅	∅	7001	∅	∅	7001	∅	∅,∅	∅	∅	∅	7019	∅	∅	∅	∅	7018	∅	∅	∅	7001	∅	∅	7001	∅	∅
iswm_0041,mcveraa,m 'o'o'ogon qōn̄ ne vōwal,#	ZERO	m	'ō'ō'ōgo	#	=n	qōn̄	ne	vō-wal,#	ZERO	TAM1	RED-stay	#	=ART	night	NUM.ART	NUM-one,Stayed (like this) when one day,en,WORD_ALIGNED,,iswm_mp3 iswm_wav iswm_eaf iswm_xml iswm_tsv,,138701,142243,##	0.h:s	lv	v:pred	##	=ln	np:other	rn	rn,,iswm,∅	∅	∅	∅	∅	∅	∅	∅	∅,∅	7001	∅	∅	∅	∅	∅	∅	∅,∅	7001	∅	∅	∅	∅	∅	∅	∅
iswm_0042,mcveraa,di mal luwo kal reksen ge,di	mal	luwo	kal	rekse	=n	ge,3SG	REM.PST	big	upwards	like	=ART	THING,when he had already grown up,en,MORPHEME_ALIGNED,,iswm_mp3 iswm_wav iswm_eaf iswm_xml iswm_tsv,,142243,144587,pro.h:s	lv	v:pred	rv	other	=ln	np.h:other,,iswm,∅	∅	∅	∅	∅	∅	∅,7001	∅	∅	∅	∅	∅	∅,7001	∅	∅	∅	∅	∅	∅
iswm_0043,mcveraa,ba vaga di ga 'og 'ekēnē masōgi lēn revrev,#	ba	vaga	di	ga	'ōg	'ekēnē	masō-gi	lē	=n	revrev,#	but	always	3SG	STAT	stay	LOC.DEM1	time-3SG	LOC	=ART	evening,"but all the time he stayed there [inside the house], in the evening",en,MORPHEME_ALIGNED,,iswm_mp3 iswm_wav iswm_eaf iswm_xml iswm_tsv,,144587,148160,##	other	other	pro.h:s	lv	v:pred	dem_other:l	np:other	adp	=ln	np:other,,iswm,∅	∅	∅	∅	∅	∅	∅	∅	∅	∅	∅,∅	∅	∅	7001	∅	∅	7017	∅	∅	∅	∅,∅	∅	∅	7001	∅	∅	7017	∅	∅	∅	∅
iswm_0044,mcveraa,dir ga 'og kēkē lēn 'uwō lēn mōnō 'uwō kēkē,#	dir	ga	'ōg	kēkē	lē	=n	'uwō	lē	=n	mōnō	'uwō	kēkē,#	3PL	STAT	stay	above	LOC	=ART	hill	LOC	=ART	little	hill	above,"They stayed on top of a hill, on top of a small hill",en,MORPHEME_ALIGNED,,iswm_mp3 iswm_wav iswm_eaf iswm_xml iswm_tsv,,148160,152177,##	pro.h:s	lv	v:pred	rv	adp	=ln	np:l	adp	=ln	ln	np:dt_l	rn,,iswm,∅	bridging	∅	∅	∅	∅	∅	new	∅	∅	∅	∅	∅,∅	7020	∅	∅	∅	∅	∅	7021	∅	∅	∅	7021	∅,∅	7020	∅	∅	∅	∅	∅	7021	∅	∅	∅	7021	∅
iswm_0045,mcveraa,dir ga 'ēn'ēn qel,#	dir	ga	'ēn'ēn	qēl,#	3PL	STAT	RED:see	descend,when they looked down,en,MORPHEME_ALIGNED,,iswm_mp3 iswm_wav iswm_eaf iswm_xml iswm_tsv,,152177,154411,##	pro.h:s	lv	v:pred	rv,,iswm,∅	∅	∅	∅	∅,∅	7020	∅	∅	∅,∅	7020	∅	∅	∅
iswm_0046,mcveraa,sar sir ēn Laln̄e'ak ne van ne din̄ ēn n̄erelan̄tir,sar	sir	ēn	Laln̄e'ak	#	ne	van	#	ne	din̄	ēn	n̄erelan̄tir,inwards	for	ART	place.name	#	TAM2:3SG	go	#	TAM2:3SG	reach	ART	place.name,bushwards towards Laln̄e'ak and on and on reaching N̄erelan̄tir.,en,MORPHEME_ALIGNED,,iswm_mp3 iswm_wav iswm_eaf iswm_xml iswm_tsv,,154411,159940,rv	adp	ln	pn_np:g	##	lv-pro_s	v:pred	##	lv-pro_a	v:pred	ln	pn_np:p,,iswm,∅	∅	∅	new	∅	∅	∅	∅	∅	∅	∅	∅,∅	∅	∅	7022	∅	∅	∅	∅	∅	∅	∅	7007,∅	∅	∅	7022	∅	∅	∅	∅	∅	∅	∅	7007
iswm_0047,mcveraa,vaga di ne ... dirēk 'o'ogo vavan dirēk 'ēn,#	vaga	di	ne	dir	=ēk	'ō'ōgo	va-van	#	dir	=ēk	'ēn,#	always	3SG	TAM2:3SG	3PL	=TAM2	RED-stay	RED-go	#	3PL	=TAM2	see,All the time when they stayed there they looked.,en,WORD_ALIGNED,,iswm_mp3 iswm_wav iswm_eaf iswm_xml iswm_tsv,,159940,162957,##	other	nc	nc	pro.h:s	=lv	v:pred	other	##	pro.h:s	=lv	v:pred,,iswm,∅	∅	∅	∅	∅	∅	∅	∅	∅	∅	∅	∅,∅	∅	∅	∅	7020	∅	∅	∅	∅	7020	∅	∅,∅	∅	∅	∅	7020	∅	∅	∅	∅	7020	∅	∅
iswm_0048,mcveraa,'eraga m̄ērm̄ērek 'oror lēn sara dirēk kal ba'a sir 'eraga vēvērē won 'amarē dir wo,#	e	raga	m̄ērm̄ēre	=k	'oror	lē	=n	sara	#	dir	=ēk	kal	ba'a	sir	e	raga	vēvē	-rē	wo	=n	'ama	-rē	#	dir	wo,#	PERS.ART	people	kid	=TAM2	play	LOC	=ART	square	#	3PL	=TAM2	enter	into	for	PERS.ART	people	mother	-3PL	and	=ART	father	-3PL	#	3PL	QUOT,"The kids played on the village square, and when they came inside to their mothers and fathers, they said:",en,MORPHEME_ALIGNED,,iswm_mp3 iswm_wav iswm_eaf iswm_xml iswm_tsv,,162957,166991,#cc	ln	ln	np.h:s	=lv	v:pred	adp	=ln	np:l	##	pro.h:s	=lv	v:pred	rv	adp	ln	ln	np.h:obl	-rn_pro.h:poss	rn	=rn	rn_np.h	-rn_pro.h:poss	##	pro.h:s	other:pred,,iswm,∅	∅	∅	new	∅	∅	∅	∅	∅	∅	∅	∅	∅	∅	∅	∅	∅	bridging	∅	∅	∅	bridging	∅	∅	∅	∅,∅	∅	∅	7024	∅	∅	∅	∅	7019	∅	7024	∅	∅	∅	∅	∅	∅	7025	7024	∅	∅	7026	7024	∅	7024	∅,∅	∅	∅	7024	∅	∅	∅	∅	7019	∅	7024	∅	∅	∅	∅	∅	∅	7025	7024	∅	∅	7026	7024	∅	7024	∅
iswm_0049,mcveraa,n sav bur ... nēn bur sin sava suwenē n sava,#	n	sav	bur	#	nē	=n	bur	#	si	ZERO	=n	sava	#	suwenē	n	sava,#	ART	what	lamp	#	DEM1	=ART	lamp	#	or	ZERO	=ART	what	#	down.there	ART	what,"That light or what down there, what is it?",en,MORPHEME_ALIGNED,,iswm_mp3 iswm_wav iswm_eaf iswm_xml iswm_tsv,,166991,171997,#nc	nc	nc	nc	##ds	dem_pro:s	=ln	np:pred	##ds	other	0:s	=ln	np:pred	#nc	nc	nc	nc,,iswm,∅	∅	∅	∅	∅	∅	∅	∅	∅	∅	∅	∅	∅	∅	∅	∅	∅,∅	∅	∅	∅	∅	∅	∅	∅	∅	∅	∅	∅	∅	∅	∅	∅	∅,∅	∅	∅	∅	∅	∅	∅	∅	∅	∅	∅	∅	∅	∅	∅	∅	∅
iswm_0050,mcveraa,ba managi rekse 'eraga luluwo dir ga rōn̄ 'i so o,#	ba	mana-gi	rekse	e	raga	lu-luwo	dir	ga	rōn̄	'i	#	ZERO	so	#	o,#	but	reason-3SG	like	PERS.ART	people	RED-big	3PL	STAT	feel	DEL	#	ZERO	QUOT	#	oh,"But because the adults, when they heard (this) they said: Oh,",en,MORPHEME_ALIGNED,,iswm_mp3 iswm_wav iswm_eaf iswm_xml iswm_tsv,,171997,175405,##	other	other	other	ln	ln	np.h:dt_s	pro.h:s	lv	v:pred	rv	##	0.h:s	other:pred	##ds	other,,iswm,∅	∅	∅	∅	∅	∅	bridging	∅	∅	∅	∅	∅	∅	∅	∅	∅,∅	∅	∅	∅	∅	∅	7027	7027	∅	∅	∅	∅	7027	∅	∅	∅,∅	∅	∅	∅	∅	∅	7027	7027	∅	∅	∅	∅	7027	∅	∅	∅
iswm_0051,mcveraa,ren̄e as 'og 'a suw kēnē'ēn bur as dada lēn qōn̄ 'anē'ē,ren̄e	#	a	ZERO	=s	'ōg	a	suw	kēnē'ē	%	=n	bur	#	a	ZERO	=s	dada	lē	=n	qōn̄	%	anē'ē,woman	#	REL	ZERO	=SIM	stay	LOC.SP	down	LOC.DEM1	%	=ART	lamp	#	REL	ZERO	=SIM	RED:do	LOC	=ART	night	%	DEM1.A,"the woman that stays down there, the light that is burning in the night,",en,MORPHEME_ALIGNED,,iswm_mp3 iswm_wav iswm_eaf iswm_xml iswm_tsv,,175405,179605,np.h:dt	#rc_rn	other	0.h:s	=lv	v:pred	adp	other	dem_other:l	%	=ln	np:dt	#rc_rn	other	0:s	=lv	v:pred	adp	=ln	np:other	%	rn_dem1,,iswm,new	∅	∅	∅	∅	∅	∅	∅	∅	∅	∅	new	∅	∅	∅	∅	∅	∅	∅	∅	∅	∅,7028	∅	∅	7028	∅	∅	∅	∅	7007	∅	∅	7029	∅	∅	7029	∅	∅	∅	∅	∅	∅	∅,7028	∅	∅	7028	∅	∅	∅	∅	7007	∅	∅	7029	∅	∅	7029	∅	∅	∅	∅	∅	∅	∅
iswm_0052,mcveraa,'e m̄eter ne vovo',e	m̄eter	ne	vo-vo',PERS.ART	m̄eter	TAM2:3SG	RED-plait,(it is) m̄eter weaving.,en,MORPHEME_ALIGNED,,iswm_mp3 iswm_wav iswm_eaf iswm_xml iswm_tsv,,179605,182137,ln	pn_np.h:s	lv-pro_h_s	v:pred,,iswm,∅	∅	∅	∅,∅	7002	∅	∅,∅	7002	∅	∅
iswm_0053,mcveraa,lēn qōn̄ ēn bur bēne di ne di ne sin̄ ēn mugin bur,#	lē	=n	qōn̄	ēn	bur	bēne	#	di	ne	di	ne	sin̄	ēn	mu	-gi	=n	bur,#	LOC	=ART	night	ART	lamp	PRO.OBL	#	3SG	TAM2:3SG	3SG	TAM2:3SG	light	ART	POSS.GEN	-3SG	=ART	lamp,"At night there is a light, she lights a light for herself,",en,MORPHEME_ALIGNED,,iswm_mp3 iswm_wav iswm_eaf iswm_xml iswm_tsv,,182137,186562,##	adp	=ln	np:other	ln	np:s	other:pred	##	nc_pro.h	nc	pro.h:a	lv-pro_h_a	v:pred	ln	ln	-ln_pro.h:poss	=ln	np:p,,iswm,∅	∅	∅	∅	∅	∅	∅	∅	∅	∅	∅	∅	∅	∅	∅	∅	∅	∅,∅	∅	∅	∅	∅	7029	∅	∅	7002	∅	7002	∅	∅	∅	∅	7002	∅	7029,∅	∅	∅	∅	∅	7029	∅	∅	7002	∅	7002	∅	∅	∅	∅	7002	∅	7029
iswm_0054,mcveraa,di ne vovo',#	di	ne	vo-vo',#	3SG	TAM2:3SG	RED-plait,and then she weaves.,en,MORPHEME_ALIGNED,,iswm_mp3 iswm_wav iswm_eaf iswm_xml iswm_tsv,,186562,188698,##	pro.h:s	lv-pro_h_s	v:pred,,iswm,∅	∅	∅	∅,∅	7002	∅	∅,∅	7002	∅	∅
iswm_0055,mcveraa,bur rōs reksen bur mude raksag 'ōw'ōw dir ga da 'ōn dō n̄ar,#	ZERO	bur	rōs	rekse	=n	bur	mu	-de	#	raksag	'ōw'ōw	dir	ga	da	ZERO	'ō'	=n	dō	n̄ar,#	ZERO	lamp	GEN.NEG2	like	=ART	lamp	POSS.GEN	-1PL.IN	#	espcially	before	3PL	STAT	do	ZERO	carry	=ART	leaf	canarium,"Not lights like our lights, especially before they made them of almond leaves.",en,MORPHEME_ALIGNED,,iswm_mp3 iswm_wav iswm_eaf iswm_xml iswm_tsv,,188698,192240,##neg	0:s	v:pred	rv	other	=ln	np:other	rn	-rn_pro.1:poss	##	other	other	pro.h:a	lv	v:pred	0:p	adp	=ln	np:obl	rn,,iswm,∅	∅	∅	∅	∅	∅	bridging	∅	bridging	∅	∅	∅	∅	∅	∅	∅	∅	∅	new	∅,∅	7029	∅	∅	∅	∅	7030	∅	7031	∅	∅	∅	7031	∅	∅	7030	∅	∅	7032	∅,∅	7029	∅	∅	∅	∅	7030	∅	7031	∅	∅	∅	7031	∅	∅	7030	∅	∅	7032	∅
iswm_0056,mcveraa,reksen 'ir n̄ar 'anē'ē dir ga da den ēn 'in̄igi dirēk da ... n bur,#	rekse	=n	'ir	n̄ar	anē'ē	dir	ga	da	ZERO	den	ēn	'in̄i	-gi	#	dir	=ēk	da	n	bur,#	like	=ART	base	canarium	DEM1.A	3PL	STAT	do	ZERO	ABL	ART	juice	-3SG	#	3PL	=TAM2	do	ART	lamp,"Like the trunk of an almond, they made them of its juice, they made lights.",en,MORPHEME_ALIGNED,,iswm_mp3 iswm_wav iswm_eaf iswm_xml iswm_tsv,,192240,196038,##	other	=ln	np:dt_poss	rn	rn_dem1	pro.h:a	lv	v:pred	0:p	adp	ln	np:obl	-rn_pro:poss	##	pro.h:a	=lv	v:pred	ln	np:p,,iswm,∅	∅	∅	bridging	∅	∅	∅	∅	∅	∅	∅	∅	new	∅	∅	∅	∅	∅	∅	∅,∅	∅	∅	7033	∅	∅	7031	∅	∅	7030	∅	∅	7034	7033	∅	7031	∅	∅	∅	7030,∅	∅	∅	7033	∅	∅	7031	∅	∅	7030	∅	∅	7034	7033	∅	7031	∅	∅	∅	7030
iswm_0057,mcveraa,dim sin̄ san ge 'anē'ē di ne vovo' gōr lēn qōn̄,#	di	=m	sin̄	sa	=n	ge	anē'ē	#	di	ne	vo-vo'	gōr	lē	=n	qōn̄,#	3SG	=TAM1	light	EMPH	=ART	THING	DEM1.A	#	3SG	TAM2:3SG	RED-plait	secure	LOC	=ART	night,She lit this thing and then she weaved all night long.,en,MORPHEME_ALIGNED,,iswm_mp3 iswm_wav iswm_eaf iswm_xml iswm_tsv,,196038,199248,##	pro.h:a	=lv	v:pred	other	=ln	np:p	rn_dem1	##	pro.h:s	lv-pro_h_s	v:pred	rv	adp	=ln	np:other,,iswm,∅	∅	∅	∅	∅	∅	∅	∅	∅	∅	∅	∅	∅	∅	∅	∅,∅	7002	∅	∅	∅	∅	7029	∅	∅	7002	∅	∅	∅	∅	∅	∅,∅	7002	∅	∅	∅	∅	7029	∅	∅	7002	∅	∅	∅	∅	∅	∅
iswm_0058,mcveraa,lēn masōgi dim ... dim da 'esenē vaga vaga vaga dim da vaga senē,#	lē	=n	masō-gi	di	=m	di	=m	da	esenē	vaga	vaga	vaga	#	di	=m	da	vaga	senē,#	LOC	=ART	time-3SG	3SG	=TAM1	3SG	=TAM1	do	MAN.DEM1.E	always	always	always	#	3SG	=TAM1	do	always	MAN.DEM1,"When she did like this, al the time she did like this,",en,MORPHEME_ALIGNED,,iswm_mp3 iswm_wav iswm_eaf iswm_xml iswm_tsv,,199248,206836,##	adp	=ln	np:other	nc_pro.h	nc	pro.h:s	=lv	v:pred	dem1_other	other	other	other	##	pro.h:s	=lv	v:pred	other	dem1_other,,iswm,∅	∅	∅	∅	∅	∅	∅	∅	∅	∅	∅	∅	∅	∅	∅	∅	∅	∅	∅,∅	∅	∅	∅	7002	∅	7002	∅	∅	∅	∅	∅	∅	∅	7002	∅	∅	∅	∅,∅	∅	∅	∅	7002	∅	7002	∅	∅	∅	∅	∅	∅	∅	7002	∅	∅	∅	∅
iswm_0059,mcveraa,eraga m̄ērm̄ēr 'a Nōs dirēk vesir ēn 'amagi won vēvēgi so,#	e	raga	m̄ērm̄ēr	'a	Nōs	dir	=ēk	vesir	ēn	'ama	-gi	wo	=n	vēvē	-gi	so,#	PERS.ART	people	kid	ASS.SP	place.name	3PL	=TAM2	ask	ART	father	-3SG	and	=ART	mother	-3SG	QUOT,"the kids from Nōs, they asked their (respective) father and mother:",en,MORPHEME_ALIGNED,,iswm_mp3 iswm_wav iswm_eaf iswm_xml iswm_tsv,,206836,210608,##	ln	ln	np.h:dt_a	rn	rn_pn_np	pro.h:a	=lv	v:pred	ln	np.h:p	-rn_pro.h:poss	rn	=rn	rn_np.h	-rn_pro.h:poss	other,,iswm,∅	∅	∅	∅	∅	∅	∅	∅	∅	∅	∅	∅	∅	∅	∅	∅	∅,∅	∅	∅	7024	∅	∅	7024	∅	∅	∅	7026	7024	∅	∅	7025	7024	∅,∅	∅	∅	7024	∅	∅	7024	∅	∅	∅	7026	7024	∅	∅	7025	7024	∅
iswm_0060,mcveraa,n savas sisin̄ 'a suwenē,#	n	sava	=s	si-sin̄	a	suwenē,#	ART	what	=SIM	RED-light	LOC.SP	downwind,What's burning down there?,en,MORPHEME_ALIGNED,,iswm_mp3 iswm_wav iswm_eaf iswm_xml iswm_tsv,,210608,213263,##	ln	np:s	=lv	v:pred	adp	other:l,,iswm,∅	∅	∅	∅	∅	∅	∅,∅	∅	∅	∅	∅	∅	7007,∅	∅	∅	∅	∅	∅	7007
iswm_0061,mcveraa,dirēk tēk so,#	dir	=ēk	tēk	so,#	3PL	=TAM2	speak	QUOT,They said:,en,MORPHEME_ALIGNED,,iswm_mp3 iswm_wav iswm_eaf iswm_xml iswm_tsv,,213263,214529,##	pro.h:s_ds	=lv	v:pred	other,,iswm,∅	∅	∅	∅	∅,∅	7027	∅	∅	∅,∅	7027	∅	∅	∅
iswm_0062,mcveraa,vol qōn̄ lēn qōn̄ ma lēn qōn̄ 'asegēnē 'e m̄eter e rō m̄eter ne sagsag ne vovo',#	vol	qōn̄	lē	=n	qōn̄	ma	lē	=n	qōn̄	asegēnē	e	m̄eter	erō	m̄eter	ne	sagsag	#	ZERO	ne	vo-vo',#	vol	night	LOC	=ART	night	hither	LOC	=ART	night	MAN.DEM2.A	PERS.ART	m̄eter	PERS.ART.F	m̄eter	TAM2:3SG	RED:sit	#	ZERO	TAM2:3SG	RED-plait,"Every day, when it's getting night, at night, M̄eter will be sitting and weaving.",en,MORPHEME_ALIGNED,,iswm_mp3 iswm_wav iswm_eaf iswm_xml iswm_tsv,,214529,221933,##	ln	np:other	adp	=ln	np:other	rn	adp	=ln	np:other	rn_dem2	nc	nc_pn_np.h	ln	pn_np.h:s	lv-pro_h_s	v:pred	##	0.h:s	lv-pro_h_s	v:pred,,iswm,∅	∅	∅	∅	∅	∅	∅	∅	∅	∅	∅	∅	∅	∅	∅	∅	∅	∅	∅	∅	∅,∅	∅	∅	∅	∅	∅	∅	∅	∅	∅	∅	∅	7002	∅	7002	∅	∅	∅	7002	∅	∅,∅	∅	∅	∅	∅	∅	∅	∅	∅	∅	∅	∅	7002	∅	7002	∅	∅	∅	7002	∅	∅
iswm_0063,mcveraa,di 'i lik e rō ge 'anē 'i lik n 'amagi won vēvēgi durum vus seqeg dirē,#	di	'i	lik	erō	ge	anē	'i	lik	n	'ama	-gi	wo	=n	vēvē	-gi	duru	=m	vus	seqeg	dirē,#	3SG	one?	more	PERS.ART.F	THING	DEM1.A	one?	more	ART	father	-3SG	and	=ART	mother	-3SG	3DL	=TAM1	hit	bless	3PL,"She as well, this one as well, her father and her mother blessed her.",en,MORPHEME_ALIGNED,dirē = diē,iswm_mp3 iswm_wav iswm_eaf iswm_xml iswm_tsv,,221933,227570,##	pro.h:dt	other	other	ln	np.h:dt_poss	rn_dem1	other	other	ln	np.h:dt_s	-rn_pro.h:poss	rn	=rn	rn_np.h	-rn_pro.h:poss	pro.h:a	=lv	v:pred	rv	pro.h:p,,iswm,∅	∅	∅	∅	∅	∅	∅	∅	∅	∅	new	∅	∅	∅	bridging	∅	bridging	∅	∅	∅	∅,∅	7002	∅	∅	∅	7002	∅	∅	∅	∅	7035	7002	∅	∅	7036	7002	7037	∅	∅	∅	7002,∅	7002	∅	∅	∅	7002	∅	∅	∅	∅	7035	7002	∅	∅	7036	7002	7037	∅	∅	∅	7002
iswm_0064,mcveraa,dim kol lēn lōlō nim̄ēn kol lēn lōl2o nim̄ē,#	di	=m	kol	lē	=n	lōlō	nim̄ē	=n	kol	lēn	lōl2o	nim̄ē,#	3SG	=TAM1	take.rank	LOC	=ART	inside	house	=ART	take.rank	lēn	lōl2o	house,"She acquired skills concerning the household, acquired skills concerning he household,",en,MORPHEME_ALIGNED,,iswm_mp3 iswm_wav iswm_eaf iswm_xml iswm_tsv,,227570,231809,##	pro.h:s	=lv	v:pred	adp	=ln	ln	np:obl	nc	nc	nc	nc	nc,,iswm,∅	∅	∅	∅	∅	∅	∅	bridging	∅	∅	∅	∅	∅,∅	7002	∅	∅	∅	∅	∅	7038	∅	∅	∅	∅	∅,∅	7002	∅	∅	∅	∅	∅	7038	∅	∅	∅	∅	∅
iswm_0065,mcveraa,dim kol sir won vovo' bologi 'eveg bologin m̄ōlm̄ōlēge dōl,#	di	=m	kol	sir	wo	=n	vo-vo'	bolo	-gi	'eveg	bolo	-gi	=n	m̄ōlm̄ōlēge	dōl,#	3SG	=TAM1	take.rank	for	and	=ART	RED-plait	POSS.VAL	-3SG	money	POSS.VAL	-3SG	=ART	things	all,"She acquired skills for weaving, for valuables in terms of customary money, for all kinds of valuable things.",en,MORPHEME_ALIGNED,,iswm_mp3 iswm_wav iswm_eaf iswm_xml iswm_tsv,,231809,237247,##	pro.h:s	=lv	v:pred	adp	other	=ln	np:obl	rn	-rn_pro.h:poss	rn_np	rn	-rn_pro.h:poss	=rn	rn_np	rn,,iswm,∅	∅	∅	∅	∅	∅	∅	bridging	bridging	∅	∅	bridging	∅	∅	∅	∅,∅	7002	∅	∅	∅	∅	∅	7039	7040	7002	∅	7041	7002	∅	∅	∅,∅	7002	∅	∅	∅	∅	∅	7039	7040	7002	∅	7041	7002	∅	∅	∅
iswm_0066,mcveraa,rekse 'ōw'ōw dir ga ... dir ga ... es nōre ma 'ōw'ōw,#	rekse	'ōw'ōw	dir	ga	dir	ga	es	nōre	ma	'ōw'ōw,#	like	before	3PL	STAT	3PL	STAT	alive	nōre	hither	before,Like their life before.,en,MORPHEME_ALIGNED,,iswm_mp3 iswm_wav iswm_eaf iswm_xml iswm_tsv,,237247,242250,#nc	nc	nc	nc	nc	nc	nc	nc	nc	nc	nc,,iswm,∅	∅	∅	∅	∅	∅	∅	∅	∅	∅	∅,∅	∅	∅	∅	∅	∅	∅	∅	∅	∅	∅,∅	∅	∅	∅	∅	∅	∅	∅	∅	∅	∅
iswm_0067,mcveraa,dirēk ... n 'amagi vus seqeg di senē won vēvēgi,dirēk	#	n	'ama	-gi	vus	seqeg	di	senē	wo	=n	vēvē	-gi,dirēk	#	ART	father	-3SG	hit	bless	3SG	MAN.DEM1	and	=ART	mother	-3SG,"Her father blessed her like this, and (also) her mother.",en,MORPHEME_ALIGNED,,iswm_mp3 iswm_wav iswm_eaf iswm_xml iswm_tsv,,242250,245444,nc	##	ln	np.h:a	-rn_pro.h:poss	v:pred	rv	pro.h:p	dem1_other	other	=ln	np.h:dt_a	-rn_pro.h:poss,,iswm,∅	∅	∅	∅	∅	∅	∅	∅	∅	∅	∅	∅	∅,∅	∅	∅	7035	7002	∅	∅	7002	∅	∅	∅	7036	7002,∅	∅	∅	7035	7002	∅	∅	7002	∅	∅	∅	7036	7002
iswm_0068,mcveraa,din ren̄e ga wē soksok,#	di	=n	ren̄e	ga	wiē	soksok,#	3SG	=ART	woman	STAT	good	too.much,She was a very nice woman.,en,MORPHEME_ALIGNED,,iswm_mp3 iswm_wav iswm_eaf iswm_xml iswm_tsv,,245444,247896,##	pro.h:s	=ln	np.h:pred	rn	rn	rn,,iswm,∅	∅	∅	∅	∅	∅	∅,∅	7002	∅	∅	∅	∅	∅,∅	7002	∅	∅	∅	∅	∅
iswm_0069,mcveraa,'i lik 'eraga lumlumgav dir ga moros diē,#	'ilik	e	raga	lum-lumgav	dir	ga	mōrōs	diē,#	one.more	PERS.ART	people	RED-young.man	3PL	STAT	want	3SG,"And also here, all the young men like her.",en,MORPHEME_ALIGNED,,iswm_mp3 iswm_wav iswm_eaf iswm_xml iswm_tsv,,247896,250183,##	other	ln	ln	np.h:dt_a	pro.h:a	lv	v:pred	pro.h:p,,iswm,∅	∅	∅	∅	new	∅	∅	∅	∅,∅	∅	∅	∅	7042	7042	∅	∅	7002,∅	∅	∅	∅	7042	7042	∅	∅	7002
iswm_0070,mcveraa,ba dirōlk da ma sir diē m 'ēn so,#	ba	dir'ōl	=k	da	ma	sir	diē	#	ZERO	m	'ēn	#	so,#	but	3TL	=TAM2	do	hither	for	3SG	#	ZERO	TAM1	see	#	CPL,"But when they try for her, it became clear that",en,MORPHEME_ALIGNED,,iswm_mp3 iswm_wav iswm_eaf iswm_xml iswm_tsv,,250183,253852,##	other	pro.h:s	=lv	v:pred	rv	adp	pro.h:obl	##	0.h:s	lv	v:pred	#cc	other,,iswm,∅	∅	∅	∅	∅	∅	∅	∅	∅	∅	∅	∅	∅	∅,∅	∅	7042	∅	∅	∅	∅	7002	∅	∅	∅	∅	∅	∅,∅	∅	7042	∅	∅	∅	∅	7002	∅	∅	∅	∅	∅	∅
iswm_0071,mcveraa,dir ga ... 'eraga ga ... e m̄eter ga 'awis dirē,#	dir	ga	'eraga	ga	%	e	m̄eter	ga	'awis	dirē,#	3PL	STAT	'eraga	STAT	%	PERS.ART	m̄eter	STAT	dislike	3PL,M̄eter didn't want them.,en,MORPHEME_ALIGNED,,iswm_mp3 iswm_wav iswm_eaf iswm_xml iswm_tsv,,253852,256909,#nc	nc_pro.h	nc	nc	nc	nc	nc	nc_pn_np.h	nc	nc	nc_np.h,,iswm,∅	∅	∅	∅	∅	∅	∅	∅	∅	∅	∅,∅	7042	∅	∅	∅	∅	∅	7002	∅	∅	7042,∅	7042	∅	∅	∅	∅	∅	7002	∅	∅	7042
iswm_0072,mcveraa,'aklēgi dirēk verver 'ō kel dir sir,#	'aklē	-gi	dir	=ēk	ver-ver-'ō'	kēl	dir	sir	ZERO,#	'aklē	-3SG	3PL	=TAM2	RED-RCP-deal.with	back	3PL	for	ZERO,"Some of them argued (with) each other because of (her),",en,MORPHEME_ALIGNED,,iswm_mp3 iswm_wav iswm_eaf iswm_xml iswm_tsv,,256909,259515,##	np.h:dt_a	-rn_pro.h:poss	pro.h:a	=lv	v:pred	rv	pro.h:p	adp	0.h:obl,,iswm,∅	bridging	∅	∅	∅	∅	∅	∅	∅	∅,∅	7043	7002	7043	∅	∅	∅	7043	∅	7002,∅	7043	7002	7043	∅	∅	∅	7043	∅	7002
iswm_0073,mcveraa,dirēk vusvus kel dir sir,#	dir	=ēk	vusvus	kēl	dir	sir	ZERO,#	3PL	=TAM2	RED:kill	back	3PL	for	ZERO,"they killed each other because of (her),",en,MORPHEME_ALIGNED,,iswm_mp3 iswm_wav iswm_eaf iswm_xml iswm_tsv,,259515,261616,##	pro.h:a	=lv	v:pred	rv	pro.h:p	adp	0.h:obl,,iswm,∅	∅	∅	∅	∅	∅	∅	∅,∅	7043	∅	∅	∅	7043	∅	7002,∅	7043	∅	∅	∅	7043	∅	7002
iswm_0074,mcveraa,'e dirēk van mak 'anam̄ēg 'erō m̄eter ba di ga 'awis dirē,#	e	dir	=ēk	van	ma	#	ZERO	=k	'anam̄ēg	erō	m̄eter	#	ba	di	ga	'awis	dirē,#	DISC	3PL	=TAM2	go	hither	#	ZERO	=TAM2	try.on	PERS.ART.F	m̄eter	#	but	3SG	STAT	dislike	3PL,"they came and begged M̄eter, but she didn't want them.",en,MORPHEME_ALIGNED,,iswm_mp3 iswm_wav iswm_eaf iswm_xml iswm_tsv,,261616,265136,##	other	pro.h:s	=lv	v:pred	rv	##	0.h:a	=lv	v:pred	ln	pn_np.h:p	##	other	pro.h:a	lv	v:pred	pro.h:p,,iswm,∅	∅	∅	∅	∅	∅	∅	∅	∅	∅	∅	∅	∅	∅	∅	∅	∅	∅,∅	∅	7043	∅	∅	∅	∅	7043	∅	∅	∅	7002	∅	∅	7002	∅	∅	7043,∅	∅	7043	∅	∅	∅	∅	7043	∅	∅	∅	7002	∅	∅	7002	∅	∅	7043
iswm_0075,mcveraa,lēn qōn̄ ne vōwal Wowōt ne vesir e 'amagi so,#	lē	=n	qōn̄	ne	vō-wal	Wowōt	ne	vesir	e	'ama	-gi	so,#	LOC	=ART	night	NUM.ART	NUM-one	Wowōt	TAM2:3SG	ask	PERS.ART	father	-3SG	QUOT,"One day, Wowōt asked his father:",en,MORPHEME_ALIGNED,,iswm_mp3 iswm_wav iswm_eaf iswm_xml iswm_tsv,,265136,272018,##	adp	=ln	np:other	rn	rn	pn_np.h:a	lv-pro_h_a	v:pred	ln	np.h:p	-rn_pro.h:poss	other,,iswm,∅	∅	∅	∅	∅	∅	∅	∅	∅	∅	∅	∅	∅,∅	∅	∅	∅	∅	∅	7001	∅	∅	∅	7010	7001	∅,∅	∅	∅	∅	∅	∅	7001	∅	∅	∅	7010	7001	∅
iswm_0076,mcveraa,man ba n bur 'agēnēn sava,#	mam	ba	=n	bur	agēnē	=n	sava,#	dad	but	=ART	lamp	DEM2.A	=ART	what,"Dad, but this light, what is it?",en,MORPHEME_ALIGNED,,iswm_mp3 iswm_wav iswm_eaf iswm_xml iswm_tsv,,272018,275127,##ds	np.h:voc	other	=ln	np:s	rn_dem2	=ln	np:pred,,iswm,∅	∅	∅	∅	∅	∅	∅	∅,∅	7010	∅	∅	7017	∅	∅	∅,∅	7010	∅	∅	7017	∅	∅	∅
iswm_0077,mcveraa,'amagim kalaka ne 'aram mē diē,#	'ama	-gi	=m	kalaka	#	ZERO	ne	'aram	mē	diē,#	father	-3SG	=TAM1	get.up	#	ZERO	TAM2:3SG	inform	DAT	3SG,His father got up and told him:,en,MORPHEME_ALIGNED,,iswm_mp3 iswm_wav iswm_eaf iswm_xml iswm_tsv,,275127,277637,##	np.h:s	-rn_pro.h:poss	=lv	v:pred	##	0.h:s_ds	lv-pro_h_s_ds	v:pred	adp	pro.h:g,,iswm,∅	∅	∅	∅	∅	∅	∅	∅	∅	∅	∅,∅	7010	7001	∅	∅	∅	7010	∅	∅	∅	7001,∅	7010	7001	∅	∅	∅	7010	∅	∅	∅	7001
iswm_0078,mcveraa,so 'ēn gōr nikē e Wowōt nikē 'ēn gōr ēn ren̄e din m̄eter rekse e nikē,so	#	ZERO	'ēn	gōr	#	nikē	e	Wowōt	#	nik	ē	'ēn	gōr	ēn	ren̄e	#	di	=n	m̄eter	rekse	e	nikē,QUOT	#	ZERO	see	secure	#	2SG	PERS.ART	Wowōt	#	2SG	TAM2	see	secure	ART	woman	#	3SG	=ART	m̄eter	like	PERS.ART	2SG,"You watch (it): you are Wowōt, you watch this woman, she is a M̄eter [i.e. a beautiful woman] like you (are a handsome man, [i.e. a Wowōt]).",en,MORPHEME_ALIGNED,,iswm_mp3 iswm_wav iswm_eaf iswm_xml iswm_tsv,,277637,283006,other	##ds	0.2:s	v:pred	rv	##ds	pro.2:s	ln	pn_np.h:pred	##	pro.2:a	lv-pro_2_a	v:pred	rv	ln	np.h:p	##ds	pro.h:s	=ln	pn_np.h:pred	adp	ln	pro.2:other,,iswm,∅	∅	∅	∅	∅	∅	∅	∅	∅	∅	∅	∅	∅	∅	∅	∅	∅	∅	∅	∅	∅	∅	∅,∅	∅	7001	∅	∅	∅	7001	∅	∅	∅	7001	∅	∅	∅	∅	7002	∅	7002	∅	∅	∅	∅	7001,∅	∅	7001	∅	∅	∅	7001	∅	∅	∅	7001	∅	∅	∅	∅	7002	∅	7002	∅	∅	∅	∅	7001
iswm_0079,mcveraa,di ga wē soksok rekse nikē ga wēe,#	di	ga	wiē	soksok	#	rekse	nikē	ga	wiē,#	3SG	STAT	good	too.much	#	like	2SG	STAT	good,She is very beautiful like you are very beautiful.,en,MORPHEME_ALIGNED,,iswm_mp3 iswm_wav iswm_eaf iswm_xml iswm_tsv,,283006,285236,##ds	pro.h:s	lv	v:pred	rv	#ds_ac	other	pro.2:s	lv	v:pred,,iswm,∅	∅	∅	∅	∅	∅	∅	∅	∅	∅,∅	7002	∅	∅	∅	∅	∅	7001	∅	∅,∅	7002	∅	∅	∅	∅	∅	7001	∅	∅
iswm_0080,mcveraa,di rek di ga wē soksok,#	di	rek	di	ga	wiē	soksok,#	3SG	too	3SG	STAT	good	too.much,"She as well, she is too beautiful.",en,MORPHEME_ALIGNED,,iswm_mp3 iswm_wav iswm_eaf iswm_xml iswm_tsv,,285236,287602,##ds	pro.h:dt_s	other	pro.h:s	lv	v:pred	rv,,iswm,∅	∅	∅	∅	∅	∅	∅,∅	7002	∅	7002	∅	∅	∅,∅	7002	∅	7002	∅	∅	∅
iswm_0081,mcveraa,som da so,#	so	=m	da	#	so,#	NC	=TAM1	do	#	CPL,So,en,MORPHEME_ALIGNED,,iswm_mp3 iswm_wav iswm_eaf iswm_xml iswm_tsv,,287602,289876,##ds	other	=lv	v:pred	#cc	other,,iswm,∅	∅	∅	∅	∅	∅,∅	∅	∅	∅	∅	∅,∅	∅	∅	∅	∅	∅
iswm_0082,mcveraa,lēn masōgi dim rōn̄ 'esenē,#	lē	=n	masō-gi	di	=m	rōn̄	esenē,#	LOC	=ART	time-3SG	3SG	=TAM1	feel	MAN.DEM1.E,when he heard this,en,MORPHEME_ALIGNED,,iswm_mp3 iswm_wav iswm_eaf iswm_xml iswm_tsv,,289876,293523,#ac	adp	=ln	np:other	pro.h:s	=lv	v:pred	dem1_other,,iswm,∅	∅	∅	∅	∅	∅	∅	∅,∅	∅	∅	∅	7001	∅	∅	∅,∅	∅	∅	∅	7001	∅	∅	∅
iswm_0083,mcveraa,lēn qōn̄ ne vōwal lēn revrev masō... masōgin vulō ga sin̄ enteg lēn qōn̄,%	lē	=n	qōn̄	ne	vō-wal	lē	=n	revrev	masō—	#	masō-gi	=n	vulō	ga	sin̄	enteg	lē	=n	qōn̄	%,%	LOC	=ART	night	NUM.ART	NUM-one	LOC	=ART	evening	NC	#	time-3SG	=ART	moon	STAT	light	well	LOC	=ART	night	%,"one day, in the evening when the moon was shining brightly,",en,MORPHEME_ALIGNED,,iswm_mp3 iswm_wav iswm_eaf iswm_xml iswm_tsv,,293523,298942,%	adp	=ln	np:other	rn	rn	adp	=ln	np:other	nc	#ac	np:other	=ln	np:s	lv	v:pred	rv	adp	=ln	np:other	%,,iswm,∅	∅	∅	∅	∅	∅	∅	∅	∅	∅	∅	∅	∅	unused	∅	∅	∅	∅	∅	∅	∅,∅	∅	∅	∅	∅	∅	∅	∅	∅	∅	∅	∅	∅	7044	∅	∅	∅	∅	∅	∅	∅,∅	∅	∅	∅	∅	∅	∅	∅	∅	∅	∅	∅	∅	7044	∅	∅	∅	∅	∅	∅	∅
iswm_0084,mcveraa,eraga m̄ērm̄ērem oror lēn sara,e	raga	m̄ērm̄ēre	=m	oror	lē	=n	sara,PERS.ART	people	kid	=TAM1	play	LOC	=ART	square,the kids were playing on the village square.,en,MORPHEME_ALIGNED,,iswm_mp3 iswm_wav iswm_eaf iswm_xml iswm_tsv,,298942,300915,ln	ln	np.h:s	=lv	v:pred	adp	=ln	np:l,,iswm,∅	∅	∅	∅	∅	∅	∅	∅,∅	∅	7024	∅	∅	∅	∅	7019,∅	∅	7024	∅	∅	∅	∅	7019
iswm_0085,mcveraa,'ekēm vus 'aqurun̄ 'erē 'an̄sar dōlm mimi'ir,#	'ekē	=m	vus	'aqurun̄	#	'erē	'an̄sar	dōl	=m	mi-mi'ir,#	place	=TAM1	kill	silent	#	PL	person	all	=TAM1	RED-sleep,"When it was deadly silent and all the people were asleep,",en,MORPHEME_ALIGNED,,iswm_mp3 iswm_wav iswm_eaf iswm_xml iswm_tsv,,300915,304395,##	np:s	=lv	v:pred	rv	##	ln	np.h:s	rn	=lv	v:pred,,iswm,∅	∅	∅	∅	∅	∅	∅	∅	∅	∅	∅,∅	7019	∅	∅	∅	∅	∅	7031	∅	∅	∅,∅	7019	∅	∅	∅	∅	∅	7031	∅	∅	∅
iswm_0086,mcveraa,'enei ne van ma lēn dōdōmia mun e Wowōt so di ga moros ne van ne 'ēno san bur ē,#	enei	ne	van	ma	lē	=n	dōdōmia	mu-n	e	Wowōt	#	so	di	ga	mōrōs	#	ZERO	ne	van	#	ZERO	ne	'ēno	sa	=n	bur	ē,#	now	TAM2:3SG	go	hither	LOC	=ART	thought	POSS.GEN-CS	PERS.ART	Wowōt	#	CPL	3SG	STAT	want	#	ZERO	TAM2:3SG	go	#	ZERO	TAM2:3SG	check.out	EMPH	=ART	lamp	DEM3,then it came to Wowōt's mind that he would like to go and have a look at that light.,en,MORPHEME_ALIGNED,,iswm_mp3 iswm_wav iswm_eaf iswm_xml iswm_tsv,,304395,308891,##	other	lv-pro_s	v:pred	rv	adp	=ln	np:g	rn	rn	rn_pn_np.h:poss	#cc:s	other	pro.h:s	lv	v:pred	#cc	0.h:s	lv-pro_h_s	v:pred	#cc	0.h:a	lv-pro_h_a	v:pred	other	=ln	np:p	rn,,iswm,∅	∅	∅	∅	∅	∅	∅	∅	∅	∅	∅	∅	∅	∅	∅	∅	∅	∅	∅	∅	∅	∅	∅	∅	∅	∅	∅	∅,∅	∅	∅	∅	∅	∅	∅	∅	∅	∅	7001	∅	∅	7001	∅	∅	∅	7001	∅	∅	∅	7001	∅	∅	∅	∅	7029	∅,∅	∅	∅	∅	∅	∅	∅	∅	∅	∅	7001	∅	∅	7001	∅	∅	∅	7001	∅	∅	∅	7001	∅	∅	∅	∅	7029	∅
iswm_0087,mcveraa,'ekē 'a suwei so e sē [UNCLEAR] sava,#	'ekē	'a	suwei	so	e	sē	NC	sava,#	place	'a	suwei	CPL	PERS.ART	who	NC	what,"This place down there, who is it [UNCLEAR] what is it?",en,MORPHEME_ALIGNED,,iswm_mp3 iswm_wav iswm_eaf iswm_xml iswm_tsv,,308891,311588,#nc	nc_np	nc	nc	nc	nc	nc	nc	nc,,iswm,∅	∅	∅	∅	∅	∅	∅	∅	∅,∅	7007	∅	∅	∅	∅	∅	∅	∅,∅	7007	∅	∅	∅	∅	∅	∅	∅
iswm_0088,mcveraa,di ne dada sivie sin sav ren̄e si di ga wē sivie,#	di	ne	dada	siviē	#	si	ZERO	=n	sav	ren̄e	#	si	di	ga	wiē	siviē,#	3SG	TAM2:3SG	RED:do	how	#	or	ZERO	=ART	what	woman	#	or	3SG	STAT	good	how,What's up with her? Or what (kind of) woman (is she)? What is good about her?,en,MORPHEME_ALIGNED,,iswm_mp3 iswm_wav iswm_eaf iswm_xml iswm_tsv,,311588,314869,#cc	pro.h:s	lv-pro_h_s	v:pred	other	#cc	other	0.h:s	=ln	np:pred	rn_np	#cc	other	pro.h:s	lv	v:pred	other,,iswm,∅	∅	∅	∅	∅	∅	∅	∅	∅	∅	∅	∅	∅	∅	∅	∅	∅,∅	7002	∅	∅	∅	∅	∅	7002	∅	∅	∅	∅	∅	7002	∅	∅	∅,∅	7002	∅	∅	∅	∅	∅	7002	∅	∅	∅	∅	∅	7002	∅	∅	∅
iswm_0089,mcveraa,di ga moros ne van ne 'ēn,#	di	ga	mōrōs	#	ZERO	ne	van	#	ZERO	ne	'ēn,#	3SG	STAT	want	#	ZERO	TAM2:3SG	go	#	ZERO	TAM2:3SG	see,He wants to go and have a look.,en,MORPHEME_ALIGNED,,iswm_mp3 iswm_wav iswm_eaf iswm_xml iswm_tsv,,314869,317785,##	pro.h:s	lv	v:pred	#cc	0.h:s	lv-pro_h_s	v:pred	#cc	0.h:s	lv-pro_h_s	v:pred,,iswm,∅	∅	∅	∅	∅	∅	∅	∅	∅	∅	∅	∅,∅	7001	∅	∅	∅	7001	∅	∅	∅	7001	∅	∅,∅	7001	∅	∅	∅	7001	∅	∅	∅	7001	∅	∅
iswm_0090,mcveraa,'erē 'an̄sara dōlm mi'ir di ne van,#	'erē	'an̄sara	dōl	=m	mi'ir	#	di	ne	van,#	PL	person	all	=TAM1	sleep	#	3SG	TAM2:3SG	go,When all the people were asleep he went.,en,MORPHEME_ALIGNED,,iswm_mp3 iswm_wav iswm_eaf iswm_xml iswm_tsv,,317785,321487,##	ln	np.h:s	rn	=lv	v:pred	##	pro.h:s	lv-pro_h_s	v:pred,,iswm,∅	∅	∅	∅	∅	∅	∅	∅	∅	∅,∅	∅	7031	∅	∅	∅	∅	7001	∅	∅,∅	∅	7031	∅	∅	∅	∅	7001	∅	∅
iswm_0091,mcveraa,dim len mugin riar vus,#	di	=m	le	=n	mu	-gi	=n	riar	vus,#	3SG	=TAM1	transfer	=ART	POSS.GEN	-3SG	=ART	bow	bow,He took his bow and arrow.,en,MORPHEME_ALIGNED,,iswm_mp3 iswm_wav iswm_eaf iswm_xml iswm_tsv,,321487,324472,##	pro.h:a	=lv	v:pred	=ln	ln	-ln_pro.h:poss	=ln	np:p	rn,,iswm,∅	∅	∅	∅	∅	∅	∅	∅	new	∅,∅	7001	∅	∅	∅	∅	7001	∅	7045	∅,∅	7001	∅	∅	∅	∅	7001	∅	7045	∅
iswm_0092,mcveraa,gis lēn binēgi di ne vrigē,#	ZERO	gis	ZERO	lē	=n	bini	-gi	#	di	ne	vrigē,#	ZERO	hold	ZERO	LOC	=ART	arm/hand	-3SG	#	3SG	TAM2:3SG	rush,"Held it in his hands, then he rushed (off).",en,MORPHEME_ALIGNED,,iswm_mp3 iswm_wav iswm_eaf iswm_xml iswm_tsv,,324472,326293,##	0.h:a	v:pred	0:p	adp	=ln	np:obl	-rn_pro.h:poss	##	pro.h:s	lv-pro_h_s	v:pred,,iswm,∅	∅	∅	∅	∅	∅	bridging	∅	∅	∅	∅	∅,∅	7001	∅	7045	∅	∅	7046	7001	∅	7001	∅	∅,∅	7001	∅	7045	∅	∅	7046	7001	∅	7001	∅	∅
iswm_0093,mcveraa,vrig sur dim vrigē vrigē vrigē,#	ZERO	vrig	sur	#	di	=m	vrigē	vrigē	vrigē,#	ZERO	rush	down	#	3SG	=TAM1	rush	rush	rush,"Ran down, he ran and ran.",en,MORPHEME_ALIGNED,,iswm_mp3 iswm_wav iswm_eaf iswm_xml iswm_tsv,,326293,328826,##	0.h:s	v:pred	rv	##	pro.h:s	=lv	v:pred	rv	rv,,iswm,∅	∅	∅	∅	∅	∅	∅	∅	∅	∅,∅	7001	∅	∅	∅	7001	∅	∅	∅	∅,∅	7001	∅	∅	∅	7001	∅	∅	∅	∅
iswm_0094,mcveraa,dim gor levgan bē bē ne vōwal dir ga ul son bē mēmēe,#	di	=m	gor	levga	=n	bē	bē	ne	vō-wal	#	dir	ga	ul	ZERO	so	=n	bē	mimiē,#	3SG	=TAM1	swim	across	=ART	water	water	NUM.ART	NUM-one	#	3PL	STAT	call	ZERO	QUOT	=ART	water	red,"He swam across a river, one river that they call 'Red River'.",en,MORPHEME_ALIGNED,,iswm_mp3 iswm_wav iswm_eaf iswm_xml iswm_tsv,,328826,334108,##	pro.h:a	=lv	v:pred	rv	=ln	np:p	np:dt_p	rn	rn	#rc_rn	pro.h:a	lv	v:pred	0:p	other	=ln	np:other	rn,,iswm,∅	∅	∅	∅	∅	∅	new	∅	∅	∅	∅	∅	∅	∅	∅	∅	∅	∅	∅,∅	7001	∅	∅	∅	∅	7047	7047	∅	∅	∅	7031	∅	∅	7047	∅	∅	7047	∅,∅	7001	∅	∅	∅	∅	7047	7047	∅	∅	∅	7031	∅	∅	7047	∅	∅	7047	∅
iswm_0095,mcveraa,rōvrōv'e 'enei dir ga ul son Alkētreva ba 'ōw'ōw dir ga ul son bē mēmēe,#	rōv-rōv'e	enei	dir	ga	ul	ZERO	so	=n	Alkētreva	#	ba	'ōw'ōw	dir	ga	ul	ZERO	so	=n	bē	mimiē,#	RED-close.to	now	3PL	STAT	call	ZERO	QUOT	=ART	place.name	#	but	before	3PL	STAT	call	ZERO	QUOT	=ART	water	red,Now they call (it) 'Alligator River' but before they called (it) 'Red River'.,en,MORPHEME_ALIGNED,,iswm_mp3 iswm_wav iswm_eaf iswm_xml iswm_tsv,,334108,338131,##	adp	other	pro.h:a	lv	v:pred	0:p	other	=ln	pn_np:other	##	other	other	pro.h:a	lv	v:pred	0:p	other	=ln	np:other	rn,,iswm,∅	∅	∅	∅	∅	∅	∅	∅	∅	∅	∅	∅	∅	∅	∅	∅	∅	∅	∅	∅	∅,∅	∅	∅	∅	∅	∅	∅	∅	∅	∅	∅	∅	∅	∅	∅	∅	∅	∅	∅	∅	∅,∅	∅	∅	∅	∅	∅	∅	∅	∅	∅	∅	∅	∅	∅	∅	∅	∅	∅	∅	∅	∅
iswm_0096,mcveraa,dim gor legan bē 'anē ne gor kal sag lēn vum vrig vrigē ne din̄ 'a Ban̄lav,#	di	=m	gor	lega	=n	bē	anē	#	ZERO	ne	gor	kal	sag	lē	=n	vu'	#	ZERO	=m	vrig	vrigē	#	ZERO	ne	din̄	a	Ban̄lav,#	3SG	=TAM1	swim	across	=ART	water	DEM1.A	#	ZERO	TAM2:3SG	swim	upwards	up	LOC	=ART	tree.sp	#	ZERO	=TAM1	rush	rush	#	ZERO	TAM2:3SG	reach	LOC.SP	place.name,"When he had crossed this river, swam bushwards to a navele tree, ran and ran until (he) reached Ban̄lav.",en,MORPHEME_ALIGNED,,iswm_mp3 iswm_wav iswm_eaf iswm_xml iswm_tsv,,338131,342587,##	pro.h:a	=lv	v:pred	rv	=ln	np:p	rn_dem1	##	0.h:s	lv-pro_h_s	v:pred	rv	rv	adp	=ln	np:g	##	0.h:s	=lv	v:pred	rv	##	0.h:s	lv-pro_h_s	v:pred	adp	pn_np:g,,iswm,∅	∅	∅	∅	∅	∅	∅	∅	∅	∅	∅	∅	∅	∅	∅	∅	new	∅	∅	∅	∅	∅	∅	∅	∅	∅	∅	new,∅	7001	∅	∅	∅	∅	7047	∅	∅	7001	∅	∅	∅	∅	∅	∅	7048	∅	7001	∅	∅	∅	∅	7001	∅	∅	∅	7049,∅	7001	∅	∅	∅	∅	7047	∅	∅	7001	∅	∅	∅	∅	∅	∅	7048	∅	7001	∅	∅	∅	∅	7001	∅	∅	∅	7049
iswm_0097,mcveraa,dim v... 'ukeg den 'a Ban̄lav ne vivirigēm kal 'a Laln̄ē'ak lēn qōn̄,#	di	=m	v—	'ukeg	den	a	Ban̄lav	#	ZERO	ne	vi-virigē	#	ZERO	=m	kal	a	Laln̄ē'ak	lē	=n	qōn̄,#	3SG	=TAM1	NC	letgo	ABL	LOC.SP	place.name	#	ZERO	TAM2:3SG	RED-rush	#	ZERO	=TAM1	upwards	LOC.SP	place.name	LOC	=ART	night,"He left Ban̄lav, ran and ran on until he came into Laln̄e'ak, at night.",en,MORPHEME_ALIGNED,,iswm_mp3 iswm_wav iswm_eaf iswm_xml iswm_tsv,,342587,346897,##	pro.h:s	=lv	nc	v:pred	adp	adp	pn_np:obl	##	0.h:s	lv-pro_h_s	v:pred	##	0.h:s	=lv	v:pred	adp	pn_np:g	adp	=ln	np:other,,iswm,∅	∅	∅	∅	∅	∅	∅	∅	∅	∅	∅	∅	∅	∅	∅	∅	∅	new	∅	∅	∅,∅	7001	∅	∅	∅	∅	∅	7049	∅	7001	∅	∅	∅	7001	∅	∅	∅	7050	∅	∅	∅,∅	7001	∅	∅	∅	∅	∅	7049	∅	7001	∅	∅	∅	7001	∅	∅	∅	7050	∅	∅	∅
iswm_0098,mcveraa,'ukeg den ēn Laln̄ē'ak ne kal 'a Qugemel,#	ZERO	'ukeg	den	ēn	Laln̄ē'ak	#	ZERO	ne	kal	a	Qugemel,#	ZERO	letgo	ABL	ART	place.name	#	ZERO	TAM2:3SG	enter	LOC.SP	place.name,Left Laln̄e'ak and entered Qugemel.,en,MORPHEME_ALIGNED,,iswm_mp3 iswm_wav iswm_eaf iswm_xml iswm_tsv,,346897,351467,##	0.h:s	v:pred	adp	ln	pn_np:obl	##	0.h:s	lv-pro_h_s	v:pred	adp	pn_np:g,,iswm,∅	∅	∅	∅	∅	∅	∅	∅	∅	∅	∅	new,∅	7001	∅	∅	∅	7050	∅	7001	∅	∅	∅	7051,∅	7001	∅	∅	∅	7050	∅	7001	∅	∅	∅	7051
iswm_0099,mcveraa,'ukeg den ēn Qugemel ne kal 'a Mamles vunu 'a Mamles,#	ZERO	'ukeg	den	ēn	Qugemel	#	ZERO	ne	kal	a	Mamles	vunu	a	Mamles,#	ZERO	letgo	ABL	ART	place.name	#	ZERO	TAM2:3SG	enter	LOC.SP	place.name	land	LOC.SP	place.name,"Left Qugemel and came into Mamles, the village of Mamles.",en,MORPHEME_ALIGNED,,iswm_mp3 iswm_wav iswm_eaf iswm_xml iswm_tsv,,351467,360391,##	0.h:s	v:pred	adp	ln	pn_np:obl	##	0.h:s	lv-pro_h_s	v:pred	adp	pn_np:g	np:dt_g	rn	rn_pn_np,,iswm,∅	∅	∅	∅	∅	∅	∅	∅	∅	∅	∅	new	∅	∅	∅,∅	7001	∅	∅	∅	7051	∅	7001	∅	∅	∅	7052	7052	∅	∅,∅	7001	∅	∅	∅	7051	∅	7001	∅	∅	∅	7052	7052	∅	∅
iswm_0100,mcveraa,ne 'ukeg den [UNCLEAR] Mamles ne kal 'a Kalon,#	ZERO	ne	'ukeg	den	NC	Mamles	#	ZERO	ne	kal	a	Kalon,#	ZERO	TAM2:3SG	letgo	ABL	NC	place.name	#	ZERO	TAM2:3SG	enter	LOC.SP	place.name,Left Mamles and then came into Kalon.,en,MORPHEME_ALIGNED,,iswm_mp3 iswm_wav iswm_eaf iswm_xml iswm_tsv,,360391,363724,##	0.h:s	lv-pro_h_s	v:pred	adp	nc	pn_np:obl	##	0.h:s	lv-pro_h_s	v:pred	adp	pn_np:g,,iswm,∅	∅	∅	∅	∅	∅	∅	∅	∅	∅	∅	∅	new,∅	7001	∅	∅	∅	∅	7052	∅	7001	∅	∅	∅	7053,∅	7001	∅	∅	∅	∅	7052	∅	7001	∅	∅	∅	7053
iswm_0101,mcveraa,'ukeg den ēn Kalen ne kal 'a Qesōw,#	ZERO	'ukeg	den	ēn	Kalen	#	ZERO	ne	kal	a	Qesōw,#	ZERO	letgo	ABL	ART	place.name	#	ZERO	TAM2:3SG	enter	LOC.SP	place.name,Left Kalen and came to Qesōw.,en,MORPHEME_ALIGNED,,iswm_mp3 iswm_wav iswm_eaf iswm_xml iswm_tsv,,363724,366581,##	0.h:s	v:pred	adp	ln	pn_np:obl	##	0.h:s	lv-pro_h_s	v:pred	adp	pn_np:g,,iswm,∅	∅	∅	∅	∅	∅	∅	∅	∅	∅	∅	new,∅	7001	∅	∅	∅	7053	∅	7001	∅	∅	∅	7054,∅	7001	∅	∅	∅	7053	∅	7001	∅	∅	∅	7054
iswm_0102,mcveraa,masōgi dim rōvrōv'en Qesōw,#	masō-gi	di	=m	rōv-rōv'e	=n	Qesōw,#	time-3SG	3SG	=TAM1	RED-close.to	=ART	place.name,"When he was approaching Qesōw,",en,MORPHEME_ALIGNED,,iswm_mp3 iswm_wav iswm_eaf iswm_xml iswm_tsv,,366581,369115,##	np:other	pro.h:a	=lv	v:pred	=ln	pn_np:p,,iswm,∅	∅	∅	∅	∅	∅	∅,∅	∅	7001	∅	∅	∅	7054,∅	∅	7001	∅	∅	∅	7054
iswm_0103,mcveraa,di ne 'ēn rak so rōvrōv'e nok din̄ē ... n 'ekē a nos vanvan ma sir,#	di	ne	'ēn	rak	#	so	rōv-rōv'e	no	=k	din̄ē	n	'ekē	#	a	no	=s	vanvan	ma	sir	ZERO,#	3SG	TAM2:3SG	see	remove	#	CPL	RED-close.to	1SG	=TAM2	reach	ART	place	#	REL	1SG	=SIM	RED:go	hither	for	ZERO,he noticed: soon I will reach the place that I am coming for.,en,MORPHEME_ALIGNED,,iswm_mp3 iswm_wav iswm_eaf iswm_xml iswm_tsv,,369115,373648,##	pro.h:s	lv-pro_h_s	v:pred	rv	#cc	other	other	pro.1:a	=lv	v:pred	ln	np:p	#rc_rn	other	pro.1:s	=lv	v:pred	rv	adp	0:g,,iswm,∅	∅	∅	∅	∅	∅	∅	∅	∅	∅	∅	∅	∅	∅	∅	∅	∅	∅	∅	∅	∅,∅	7001	∅	∅	∅	∅	∅	∅	7001	∅	∅	∅	7007	∅	∅	7001	∅	∅	∅	∅	7007,∅	7001	∅	∅	∅	∅	∅	∅	7001	∅	∅	∅	7007	∅	∅	7001	∅	∅	∅	∅	7007
iswm_0104,mcveraa,rōv'e nok din̄ sa e ... 'erō m̄eter ē,#	rōv'e	no	=k	din̄	sa	e	erō	m̄eter	ē,#	close.to	1SG	=TAM2	reach	EMPH	PERS.ART	PERS.ART.F	m̄eter	DEM3,Soon I will reach this M̄eter.,en,MORPHEME_ALIGNED,,iswm_mp3 iswm_wav iswm_eaf iswm_xml iswm_tsv,,373648,376373,##ds	other	pro.1:a	=lv	v:pred	other	nc	ln	pn_np.h:p	rn,,iswm,∅	∅	∅	∅	∅	∅	∅	∅	∅	∅,∅	∅	7001	∅	∅	∅	∅	∅	7002	∅,∅	∅	7001	∅	∅	∅	∅	∅	7002	∅
iswm_0105,mcveraa,van din̄ rōw qel lēn bē ne vōwal dir ga ul so bē gōr wa'ag,#	ZERO	van	din̄	rōw	qel	lē	=n	bē	ne	vō-wal	#	dir	ga	ul	ZERO	so	bē	gōr	wa'ag,#	ZERO	go	reach	seawards	downwards	LOC	=ART	water	NUM.ART	NUM-one	#	3PL	STAT	call	ZERO	QUOT	water	secure	tree.sp,"Came to a river that hey call Bēgōrwa'ag,",en,MORPHEME_ALIGNED,,iswm_mp3 iswm_wav iswm_eaf iswm_xml iswm_tsv,,376373,381138,##	0.h:s	v:pred	rv	rv	rv	adp	=ln	np:g	rn	rn	#rc_rn	pro.h:a	lv	v:pred	0:p	other	np:other	rn	rn,,iswm,∅	∅	∅	∅	∅	∅	∅	∅	new	∅	∅	∅	∅	∅	∅	∅	∅	∅	∅	∅,∅	7001	∅	∅	∅	∅	∅	∅	7055	∅	∅	∅	7031	∅	∅	7055	∅	7055	∅	∅,∅	7001	∅	∅	∅	∅	∅	∅	7055	∅	∅	∅	7031	∅	∅	7055	∅	7055	∅	∅
iswm_0106,mcveraa,dim rōw qel lēn bē gōr wa'ag,#	di	=m	rōw	qēl	lē	=n	bē	gōr	wa'ag,#	3SG	=TAM1	skip	descend	LOC	=ART	water	secure	tree.sp,"he jumped down into river Bēgōrwa'ag,",en,MORPHEME_ALIGNED,,iswm_mp3 iswm_wav iswm_eaf iswm_xml iswm_tsv,,381138,383585,##	pro.h:s	=lv	v:pred	rv	adp	=ln	np:g	rn	rn,,iswm,∅	∅	∅	∅	∅	∅	∅	∅	∅	∅,∅	7001	∅	∅	∅	∅	∅	7055	∅	∅,∅	7001	∅	∅	∅	∅	∅	7055	∅	∅
iswm_0107,mcveraa,di ne siwsiw menteg ēn 'irbēgi ne visiw enteg lēn bē den ēn mesgi'en 'erē m̄ōgm̄ōglēge dōl,#	di	ne	siwsiw	menteg	#	ēn	'irbē	-gi	ZERO	ne	visiw	enteg	ZERO	lē	=n	bē	den	ēn	mesgi'e	=n	'erē	m̄ōgm̄ōglēge	dōl,#	3SG	TAM2:3SG	RED:bathe	well	#	ART	body	-3SG	ZERO	TAM2:3SG	wash	well	ZERO	LOC	=ART	water	ABL	ART	sweat	=ART	PL	things	all,"he neatly bathed his body, washed (it) in the river from sweat and all (kinds of) stuff,",en,MORPHEME_ALIGNED,,iswm_mp3 iswm_wav iswm_eaf iswm_xml iswm_tsv,,383585,388064,##	pro.h:s	lv-pro_h_s	v:pred	rv	##	ln	np:dt_p	-rn_pro.h:poss	0.h:a	lv-pro_h_a	v:pred	rv	0:p	adp	=ln	np:l	adp	ln	np:obl	=ln	ln	np:dt_obl	rn,,iswm,∅	∅	∅	∅	∅	∅	∅	bridging	∅	∅	∅	∅	∅	∅	∅	∅	∅	∅	∅	new	∅	∅	∅	∅,∅	7001	∅	∅	∅	∅	∅	7056	7001	7001	∅	∅	∅	7056	∅	∅	7055	∅	∅	7057	∅	∅	7057	∅,∅	7001	∅	∅	∅	∅	∅	7056	7001	7001	∅	∅	∅	7056	∅	∅	7055	∅	∅	7057	∅	∅	7057	∅
iswm_0108,mcveraa,managi di ga lama'i son ren̄es sag 'i ē din m̄eter,#	mana-gi	di	ga	lama'i	#	so	=n	ren̄e	#	ZERO	=s	sag	'i	%	ē	di	=n	m̄eter,#	reason-3SG	3SG	STAT	know	#	CPL	=ART	woman	#	ZERO	=SIM	sit	DEL	%	DEM3	3SG	=ART	m̄eter,because he knew that the woman sitting there was a M̄eter [i.e. a beautiful woman].,en,MORPHEME_ALIGNED,,iswm_mp3 iswm_wav iswm_eaf iswm_xml iswm_tsv,,388064,391278,##	other	pro.h:s	lv	v:pred	#cc	other	=ln	np.h:dt_s	#rc_rn	0.h:s	=lv	v:pred	rv	%	rn_dem3	pro.h:s	=ln	pn_np.h:pred,,iswm,∅	∅	∅	∅	∅	∅	∅	∅	∅	∅	∅	∅	∅	∅	∅	∅	∅	∅	∅,∅	∅	7001	∅	∅	∅	∅	∅	7002	∅	7002	∅	∅	∅	∅	∅	7002	∅	∅,∅	∅	7001	∅	∅	∅	∅	∅	7002	∅	7002	∅	∅	∅	∅	∅	7002	∅	∅
iswm_0109,mcveraa,..m.. ..m siwsiw enteg,#	m—	ZERO	m—	siwsiw	enteg,#	TAM1	ZERO	TAM1	RED:bathe	well,Having bathed decently,en,MORPHEME_ALIGNED,,iswm_mp3 iswm_wav iswm_eaf iswm_xml iswm_tsv,,391278,394182,#nc	nc	nc_0.h	nc	nc	nc,,iswm,∅	∅	∅	∅	∅	∅,∅	∅	7001	∅	∅	∅,∅	∅	7001	∅	∅	∅
iswm_0110,mcveraa,'irbēgim mēnmēn enteg den ēn mesgi'en 'erē m̄ōgm̄ōglēge dōl,#	'irbē	-gi	=m	mēnmēn	enteg	den	ēn	mesgi'e	=n	'erē	m̄ōgm̄ōglēge	dōl,#	body	-3SG	=TAM1	clean	well	ABL	ART	sweat	=ART	PL	things	all,"when his body was clean from sweat and all (kinds of) stuff,",en,MORPHEME_ALIGNED,,iswm_mp3 iswm_wav iswm_eaf iswm_xml iswm_tsv,,394182,398604,##	np:s	-rn_pro.h:poss	=lv	v:pred	rv	adp	ln	np:obl	=ln	ln	np:dt_obl	rn,,iswm,∅	∅	∅	∅	∅	∅	∅	∅	∅	∅	∅	∅	∅,∅	7056	7001	∅	∅	∅	∅	∅	7057	∅	∅	7057	∅,∅	7056	7001	∅	∅	∅	∅	∅	7057	∅	∅	7057	∅
iswm_0111,mcveraa,dim da mamas ēn 'irbēgi di e lama'i rōs dim men̄ mamas ēn 'irbēgi lēn sava ba,#	di	=m	da	mamas	ēn	'irbē	-gi	#	dē	e	lama'i	rōs	#	di	=m	men̄	mamas	ēn	'irbē	-gi	lē	=n	sava	#	ba,#	3SG	=TAM1	do	dry	ART	body	-3SG	#	1PL.IN	GEN.NEG1	know	GEN.NEG2	#	3SG	=TAM1	towel	dry	ART	body	-3SG	LOC	=ART	what	#	but,he made his body dry he didn't know what he should make his body dry with but,en,MORPHEME_ALIGNED,,iswm_mp3 iswm_wav iswm_eaf iswm_xml iswm_tsv,,398604,403649,##	pro.h:a	=lv	v:pred	rv	ln	np:p	-rn_pro.h:poss	##neg	wpro.1:s	lv	v:pred	rv	#cc	pro.h:a	=lv	v:pred	rv	ln	np:p	-rn_pro.h:poss	adp	=ln	np:obl	##	other,,iswm,∅	∅	∅	∅	∅	∅	∅	∅	∅	∅	∅	∅	∅	∅	∅	∅	∅	∅	∅	∅	∅	∅	∅	∅	∅	∅,∅	7001	∅	∅	∅	∅	7056	7001	∅	7001	∅	∅	∅	∅	7001	∅	∅	∅	∅	7056	7001	∅	∅	∅	∅	∅,∅	7001	∅	∅	∅	∅	7056	7001	∅	7001	∅	∅	∅	∅	7001	∅	∅	∅	∅	7056	7001	∅	∅	∅	∅	∅
iswm_0112,mcveraa,dim da mamas qēn 'irbēgi di ne van,di	=m	da	mamas	qē'	=n	'irbē	-gi	#	di	ne	van,3SG	=TAM1	do	dry	finish	=ART	body	-3SG	#	3SG	TAM2:3SG	go,when he had made his body dry he went.,en,MORPHEME_ALIGNED,,iswm_mp3 iswm_wav iswm_eaf iswm_xml iswm_tsv,,403649,406386,pro.h:a	=lv	v:pred	rv	rv	=ln	np:p	-rn_pro.h:poss	##	pro.h:s	lv-pro_h_s	v:pred,,iswm,∅	∅	∅	∅	∅	∅	∅	∅	∅	∅	∅	∅,7001	∅	∅	∅	∅	∅	7056	7001	∅	7001	∅	∅,7001	∅	∅	∅	∅	∅	7056	7001	∅	7001	∅	∅
iswm_0113,mcveraa,dim vrig kal rōw lēn n̄ē.. n̄ērēgi a ge 'ew'i dim .. dim van ... dim van lēn 'ew'i n̄ērēgi di ne 'ēn rak so,#	di	=m	vrig	kal	rōw	lē	=n	n̄ē—	n̄ērē	-gi	#	a	ge	'ew'i	dim	dim	van	#	di	=m	van	lē	=n	'ew'i	n̄ērē	-gi	#	di	ne	'ēn	rak	#	so,#	3SG	=TAM1	rush	upwards	seawards	LOC	=ART	NC	shore/point	-3SG	#	a	THING	other	3SG=TAM1	3SG=TAM1	go	#	3SG	=TAM1	go	LOC	=ART	other	shore/point	-3SG	#	3SG	TAM2:3SG	see	remove	#	CPL,"He rushed down to its shore, he went to its other shore and then he noticed that",en,WORD_ALIGNED,,iswm_mp3 iswm_wav iswm_eaf iswm_xml iswm_tsv,,406386,413204,##	pro.h:s	=lv	v:pred	rv	rv	adp	=ln	nc	np:g	-rn_pro:poss	#nc	nc	nc	nc	nc_pro.h	nc_pro.h	nc	##	pro.h:s	=lv	v:pred	adp	=ln	ln	np:g	-rn_pro:poss	##	pro.h:s	lv-pro_h_s	v:pred	rv	#cc	other,,iswm,∅	∅	∅	∅	∅	∅	∅	∅	∅	new	∅	∅	∅	∅	∅	∅	∅	∅	∅	∅	∅	∅	∅	∅	∅	∅	∅	∅	∅	∅	∅	∅	∅	∅,∅	7001	∅	∅	∅	∅	∅	∅	∅	7058	7055	∅	∅	∅	∅	7001	7001	∅	∅	7001	∅	∅	∅	∅	∅	7058	7055	∅	7001	∅	∅	∅	∅	∅,∅	7001	∅	∅	∅	∅	∅	∅	∅	7058	7055	∅	∅	∅	∅	7001	7001	∅	∅	7001	∅	∅	∅	∅	∅	7058	7055	∅	7001	∅	∅	∅	∅	∅
iswm_0114,mcveraa,n bur sar gēn,n	bur	sargēn,ART	lamp	landwards=DEM2,the light was up here.,en,WORD_ALIGNED,,iswm_mp3 iswm_wav iswm_eaf iswm_xml iswm_tsv,,413204,414969,ln	np:s	other:pred,,iswm,∅	∅	∅,∅	7029	∅,∅	7029	∅
iswm_0115,mcveraa,qē' di ne kal lēn me',#	qē'	di	ne	kal	lē	=n	me',#	finish	3SG	TAM2:3SG	enter	LOC	=ART	reef,"Then he went onto a reef,",en,MORPHEME_ALIGNED,,iswm_mp3 iswm_wav iswm_eaf iswm_xml iswm_tsv,,414969,417154,##	other	pro.h:s	lv-pro_h_s	v:pred	adp	=ln	np:g,,iswm,∅	∅	∅	∅	∅	∅	∅	new,∅	∅	7001	∅	∅	∅	∅	7059,∅	∅	7001	∅	∅	∅	∅	7059
iswm_0116,mcveraa,dim van lu lēn me',#	di	=m	van	lu	lē	=n	me',#	3SG	=TAM1	go	through	LOC	=ART	reef,he went through to a reef,en,MORPHEME_ALIGNED,,iswm_mp3 iswm_wav iswm_eaf iswm_xml iswm_tsv,,417154,418757,##	pro.h:s	=lv	v:pred	rv	adp	=ln	np:g,,iswm,∅	∅	∅	∅	∅	∅	∅	∅,∅	7001	∅	∅	∅	∅	∅	7059,∅	7001	∅	∅	∅	∅	∅	7059
iswm_0117,mcveraa,dir ga ul son me' waswas,#	dir	ga	ul	ZERO	so	=n	me'	waswas,#	3PL	STAT	call	ZERO	QUOT	=ART	reef	NC,they call (it) the 'Washing Reef' (?).,en,MORPHEME_ALIGNED,,iswm_mp3 iswm_wav iswm_eaf iswm_xml iswm_tsv,,418757,420422,#rc_rn	pro.h:a	lv	v:pred	0:p	other	=ln	np:other	rn,,iswm,∅	∅	∅	∅	∅	∅	∅	∅	∅,∅	7031	∅	∅	7059	∅	∅	7059	∅,∅	7031	∅	∅	7059	∅	∅	7059	∅
iswm_0118,mcveraa,masōgi dim van lēn me' waswas,#	masō-gi	di	=m	van	lē	=n	me'	waswas,#	time-3SG	3SG	=TAM1	go	LOC	=ART	reef	NC,When he went to the 'Washing Reef',en,MORPHEME_ALIGNED,,iswm_mp3 iswm_wav iswm_eaf iswm_xml iswm_tsv,,420422,422789,##	np:other	pro.h:s	=lv	v:pred	adp	=ln	np:g	rn,,iswm,∅	∅	∅	∅	∅	∅	∅	∅	∅,∅	∅	7001	∅	∅	∅	∅	7059	∅,∅	∅	7001	∅	∅	∅	∅	7059	∅
iswm_0119,mcveraa,di ne 'ēn kal sag segēn,#	di	ne	'ēn	kal	sag	segēn,#	3SG	TAM2:3SG	see	upwards	up	MAN.DEM2,he looked upwards like this.,en,MORPHEME_ALIGNED,,iswm_mp3 iswm_wav iswm_eaf iswm_xml iswm_tsv,,422789,425368,##	pro.h:s	lv-pro_h_s	v:pred	rv	rv	dem2_other,,iswm,∅	∅	∅	∅	∅	∅	∅,∅	7001	∅	∅	∅	∅	∅,∅	7001	∅	∅	∅	∅	∅
iswm_0120,mcveraa,lēn n̄ērēgi 'anē'ē sag dir ga ul so n̄ērēlan̄tir,lē	=n	n̄ērē	-gi	anē'ē	sag	#	dir	ga	ul	ZERO	so	n̄ērēlan̄tir,LOC	=ART	shore/point	-3SG	DEM1.A	up	#	3PL	STAT	call	ZERO	QUOT	placce.name,"At its shore up there, they call (it [i.e. this place]) N̄ērēlan̄tir.",en,MORPHEME_ALIGNED,,iswm_mp3 iswm_wav iswm_eaf iswm_xml iswm_tsv,,425368,429528,adp	=ln	np:g	-rn_pro:poss	rn_dem1	rn	#rc_rn	pro.h:a	lv	v:pred	0:p	other	np:other,,iswm,∅	∅	new	∅	∅	∅	∅	∅	∅	∅	∅	∅	∅,∅	∅	7060	7007	∅	∅	∅	7031	∅	∅	7007	∅	∅,∅	∅	7060	7007	∅	∅	∅	7031	∅	∅	7007	∅	∅
iswm_0121,mcveraa,masōgi dim 'ēn kal sag di ne 'ēn ēn bur,#	masō-gi	di	=m	'ēn	kal	sag	#	di	ne	'ēn	ēn	bur,#	time-3SG	3SG	=TAM1	see	upwards	up	#	3SG	TAM2:3SG	see	ART	lamp,When he looked upwards he spotted the light.,en,MORPHEME_ALIGNED,,iswm_mp3 iswm_wav iswm_eaf iswm_xml iswm_tsv,,429528,431649,##	np:other	pro.h:s	=lv	v:pred	rv	rv	##	pro.h:a	lv-pro_h_a	v:pred	ln	np:p,,iswm,∅	∅	∅	∅	∅	∅	∅	∅	∅	∅	∅	∅	∅,∅	∅	7001	∅	∅	∅	∅	∅	7001	∅	∅	∅	7029,∅	∅	7001	∅	∅	∅	∅	∅	7001	∅	∅	∅	7029
iswm_0122,mcveraa,'ekē dōl ēn ve' ne gitag ēn 'ekē mē'ēsal wuva sanē ba managi 'ōw'ōw nikē 'a'ag rōs ēn mē'ēsal si nikē 'a'ag ēn mē'ēsala dir me kar nikē,#	'ekē	dōl	ēn	ve'	ne	gitag	#	ēn	'ekē	mē'ēsal	wuva	sanē	#	ba	mana-gi	'ōw'ōw	nik	e	'a-'ag	rōs	ēn	mē'ēsal	#	#	si	nik	ē	'a-'ag	ēn	mē'ēsala	%	dir	me	kar	nikē,#	place	all	ART	stone	NC	not.exist	#	ART	place	way	only	EMPH=DEM1	#	but	reason-3SG	before	2SG	GEN.NEG1	RED-follow	GEN.NEG2	ART	way	#	#	or	2SG	TAM2	RED-follow	ART	way	%	3PL	FUT	shoot	2SG,"All over the place there were stones, there was no (free) space, the path was just this. That's because before you wouldn't follow a path. If you followed the path they would shoot you.",en,WORD_ALIGNED,,iswm_mp3 iswm_wav iswm_eaf iswm_xml iswm_tsv,,431649,439679,##	np:dt	rn	ln	np:s	other	other:pred	##	ln	np:dt	np:s	other	other:pred	#neg	other	other	other	pro.2:a	lv	v:pred	rv	ln	np:p	##	#ac	other	pro.2:a	lv-pro_2_a	v:pred	ln	np:p	%	pro.h:a	lv	v:pred	pro.2:p,,iswm,∅	∅	∅	∅	new	∅	∅	∅	∅	∅	new	∅	∅	∅	∅	∅	∅	∅	∅	∅	∅	∅	∅	∅	∅	∅	∅	∅	∅	∅	∅	∅	∅	∅	∅	∅,∅	7007	∅	∅	7062	∅	∅	∅	∅	7007	7063	∅	∅	∅	∅	∅	∅	∅	∅	∅	∅	∅	7063	∅	∅	∅	∅	∅	∅	∅	7063	∅	7042	∅	∅	∅,∅	7007	∅	∅	7062	∅	∅	∅	∅	7007	7063	∅	∅	∅	∅	∅	∅	∅	∅	∅	∅	∅	7063	∅	∅	∅	∅	∅	∅	∅	7063	∅	7042	∅	∅	∅
iswm_0123,mcveraa,dir me vus nik lēn mē'ēsala,#	dir	me	vus	nik	lē	=n	mē'ēsala,#	3PL	FUT	kill	2SG	LOC	=ART	way,They would kill you on the path.,en,MORPHEME_ALIGNED,,iswm_mp3 iswm_wav iswm_eaf iswm_xml iswm_tsv,,439679,441655,##	pro.h:a	lv	v:pred	pro.2:p	adp	=ln	np:l,,iswm,∅	∅	∅	∅	∅	∅	∅	∅,∅	7042	∅	∅	∅	∅	∅	7063,∅	7042	∅	∅	∅	∅	∅	7063
iswm_0124,mcveraa,managin 'erē 'an̄sar dōl ga mōrōs e m̄eter ē,#	mana-gi	=n	'erē	'an̄sar	dōl	ga	mōrōs	e	m̄eter	ē,#	reason-3SG	=ART	PL	person	all	STAT	want	PERS.ART	m̄eter	DEM3,Because all the people wanted that M̄eter,en,MORPHEME_ALIGNED,,iswm_mp3 iswm_wav iswm_eaf iswm_xml iswm_tsv,,441655,444296,##	other	=ln	ln	np.h:a	rn	lv	v:pred	ln	pn_np.h:p	rn,,iswm,∅	∅	∅	∅	∅	∅	∅	∅	∅	∅	∅,∅	∅	∅	∅	7042	∅	∅	∅	∅	7002	∅,∅	∅	∅	∅	7042	∅	∅	∅	∅	7002	∅
iswm_0125,mcveraa,'eraga lumlumgav dōl dir ga mōrōs e m̄eter ē,#	e	raga	lum-lumgav	dōl	dir	ga	mōrōs	e	m̄eter	ē,#	PERS.ART	people	RED-young.man	all	3PL	STAT	want	PERS.ART	m̄eter	DEM3,All the young men they wanted M̄eter.,en,MORPHEME_ALIGNED,,iswm_mp3 iswm_wav iswm_eaf iswm_xml iswm_tsv,,444296,446859,##	ln	ln	np.h:dt_a	rn	pro.h:a	lv	v:pred	ln	pn_np.h:p	rn,,iswm,∅	∅	∅	∅	∅	∅	∅	∅	∅	∅	∅,∅	∅	∅	7042	∅	7042	∅	∅	∅	7002	∅,∅	∅	∅	7042	∅	7042	∅	∅	∅	7002	∅
iswm_0126,mcveraa,ra 'aklēgi ga sag gōr ēn mē'ēsala lēn qōn̄,#	e	raga	'aklē	-gi	ga	sag	gōr	ēn	mē'ēsala	lē	=n	qōn̄,#	PERS.ART	people	some	-3SG	STAT	sit	secure	ART	way	LOC	=ART	night,"Some of them sat guarding the path at night,",en,MORPHEME_ALIGNED,,iswm_mp3 iswm_wav iswm_eaf iswm_xml iswm_tsv,,446859,449309,##	ln	ln	np.h:a	-rn_pro.h:poss	lv	v:pred	rv	ln	np:p	adp	=ln	np:other,,iswm,∅	∅	∅	bridging	∅	∅	∅	∅	∅	∅	∅	∅	∅,∅	∅	∅	7064	7042	∅	∅	∅	∅	7063	∅	∅	∅,∅	∅	∅	7064	7042	∅	∅	∅	∅	7063	∅	∅	∅
iswm_0127,mcveraa,'aklēgi ga sag wal lēn [UNCLEAR] m̄on e m̄eter lēn qōn̄,#	'aklē	-gi	ga	sag	wal	lē	=n	NC	m̄o-n	e	m̄eter	lē	=n	qōn̄,#	some	-3SG	STAT	sit	once	LOC	=ART	NC	POSS.HOUSE-CS	PERS.ART	m̄eter	LOC	=ART	night,some sat right at [UNCLEAR] M̄eter's house at night.,en,MORPHEME_ALIGNED,,iswm_mp3 iswm_wav iswm_eaf iswm_xml iswm_tsv,,449309,452321,##	np.h:s	-rn_pro.h:poss	lv	v:pred	rv	adp	=ln	nc	np:l	rn	rn_pn_np.h:poss	adp	=ln	np:other,,iswm,∅	bridging	∅	∅	∅	∅	∅	∅	∅	∅	∅	∅	∅	∅	∅,∅	7065	7042	∅	∅	∅	∅	∅	∅	7038	∅	7002	∅	∅	∅,∅	7065	7042	∅	∅	∅	∅	∅	∅	7038	∅	7002	∅	∅	∅
iswm_0128,mcveraa,som da so dim rem ēn qan̄ ve' 'anē'ē,#	so	=m	da	#	so	di	=m	rem	ēn	qan̄	ve'	anē'ē,#	CPL	=TAM1	do	#	CPL	3SG	=TAM1	climb	ART	wall	stone	DEM1.A,"Consequently he climbed the stones,",en,MORPHEME_ALIGNED,,iswm_mp3 iswm_wav iswm_eaf iswm_xml iswm_tsv,,452321,456337,##	other	=lv	v:pred	#cc	other	pro.h:a	=lv	v:pred	ln	np:p	rn	rn_dem1,,iswm,∅	∅	∅	∅	∅	∅	∅	∅	∅	∅	∅	∅	∅,∅	∅	∅	∅	∅	∅	7001	∅	∅	∅	7062	∅	∅,∅	∅	∅	∅	∅	∅	7001	∅	∅	∅	7062	∅	∅
iswm_0129,mcveraa,dim rem kal lēn qan̄ ve' 'anē'ē,#	di	=m	rem	kal	lē	=n	qan̄	ve'	anē'ē,#	3SG	=TAM1	climb	upwards	LOC	=ART	wall	stone	DEM1.A,he climbed the stones.,en,MORPHEME_ALIGNED,,iswm_mp3 iswm_wav iswm_eaf iswm_xml iswm_tsv,,456337,458606,##	pro.h:s	=lv	v:pred	rv	adp	=ln	np:g	rn	rn_dem1,,iswm,∅	∅	∅	∅	∅	∅	∅	∅	∅	∅,∅	7001	∅	∅	∅	∅	∅	7062	∅	∅,∅	7001	∅	∅	∅	∅	∅	7062	∅	∅
iswm_0130,mcveraa,dim rem rem rem van vavavan,#	di	=m	rem	rem	rem	van	vavavan,#	3SG	=TAM1	climb	climb	climb	go	RED-go,He climbed on and on,en,WORD_ALIGNED,,iswm_mp3 iswm_wav iswm_eaf iswm_xml iswm_tsv,,458606,461117,##	pro.h:s	=lv	v:pred	rv	rv	rv	other,,iswm,∅	∅	∅	∅	∅	∅	∅	∅,∅	7001	∅	∅	∅	∅	∅	∅,∅	7001	∅	∅	∅	∅	∅	∅
iswm_0131,mcveraa,dim rōvrōv'e sag di ne 'ēn so rōvrōv'e di ne momse,#	di	=m	rōv-rōv'e	sag	#	di	ne	'ēn	#	so	rōv-rōv'e	#	di	ne	momse,#	3SG	=TAM1	RED-close.to	up	#	3SG	TAM2:3SG	see	#	CPL	RED-close.to	#	3SG	TAM2:3SG	breathe,when he was coming close to the top he saw that it was close and so he took a rest.,en,MORPHEME_ALIGNED,,iswm_mp3 iswm_wav iswm_eaf iswm_xml iswm_tsv,,461117,463922,##	pro.h:s	=lv	v:pred	rv	##	pro.h:s	lv-pro_h_s	v:pred	#cc	other	other:pred	##	pro.h:s	lv-pro_h_s	v:pred,,iswm,∅	∅	∅	∅	∅	∅	∅	∅	∅	∅	∅	∅	∅	∅	∅	∅,∅	7001	∅	∅	∅	∅	7001	∅	∅	∅	∅	∅	∅	7001	∅	∅,∅	7001	∅	∅	∅	∅	7001	∅	∅	∅	∅	∅	∅	7001	∅	∅
iswm_0132,mcveraa,dim mōnō momse gōr,#	di	=m	mōnō	momse	gōr,#	3SG	=TAM1	little	breathe	secure,"He took a little rest,",en,MORPHEME_ALIGNED,,iswm_mp3 iswm_wav iswm_eaf iswm_xml iswm_tsv,,463922,465474,##	pro.h:s	=lv	lv	v:pred	rv,,iswm,∅	∅	∅	∅	∅	∅,∅	7001	∅	∅	∅	∅,∅	7001	∅	∅	∅	∅
iswm_0133,mcveraa,riar mugi sin vus dim mom 'i suwei lēn 'uvu (0.7) 'uvu ve' suwei,#	riar	mu	-gi	si	=n	vus	di	=m	mom	'i	ZERO	suwei	lē	=n	'uvu	'uvu	ve'	suwei,#	bow	POSS.GEN	-3SG	or	=ART	bow	3SG	=TAM1	put	DEL	ZERO	down	LOC	=ART	base	base	stone	down,"his bow and arrow, he put (it) down onto a stone downwards.",en,MORPHEME_ALIGNED,,iswm_mp3 iswm_wav iswm_eaf iswm_xml iswm_tsv,,465474,470140,##	np:dt_p	rn	-rn_pro.h:poss	rn	=rn	rn_np	pro.h:a	=lv	v:pred	rv	0:p	other:g	adp	=ln	nc	np:g	rn	rn,,iswm,∅	∅	∅	∅	∅	∅	∅	∅	∅	∅	∅	∅	∅	∅	∅	∅	bridging	∅	∅,∅	7045	∅	7001	∅	∅	∅	7001	∅	∅	∅	7045	∅	∅	∅	∅	7066	∅	∅,∅	7045	∅	7001	∅	∅	∅	7001	∅	∅	∅	7045	∅	∅	∅	∅	7066	∅	∅
iswm_0134,mcveraa,di e rem 'ō rōs,#	di	e	rem	'ō	rōs	ZERO,#	3SG	GEN.NEG1	climb	carry	GEN.NEG2	ZERO,He didn't climb with (it).,en,MORPHEME_ALIGNED,,iswm_mp3 iswm_wav iswm_eaf iswm_xml iswm_tsv,,470140,472674,##neg	pro.h:a	lv	v:pred	rv	rv	0:p,,iswm,∅	∅	∅	∅	∅	∅	∅,∅	7001	∅	∅	∅	∅	7045,∅	7001	∅	∅	∅	∅	7045
iswm_0135,mcveraa,ba lēn masōgi dim van kal sag dim momomse qē' dim ... dim rem kal lik,#	ba	lē	=n	masō-gi	di	=m	van	kal	sag	#	di	=m	mo-momse	qē'	#	dim	di	=m	rem	kal	lik,#	but	LOC	=ART	time-3SG	3SG	=TAM1	go	upwards	up	#	3SG	=TAM1	RED-breathe	finish	#	3SG=TAM1	3SG	=TAM1	climb	upwards	more,"But when he had gone upwards, when he had rested he climbed further upwards.",en,WORD_ALIGNED,,iswm_mp3 iswm_wav iswm_eaf iswm_xml iswm_tsv,,472674,477621,##	other	adp	=ln	np:other	pro.h:s	=lv	v:pred	rv	rv	##	pro.h:s	=lv	v:pred	rv	##	nc_pro.h	pro.h:s	=lv	v:pred	rv	other,,iswm,∅	∅	∅	∅	∅	∅	∅	∅	∅	∅	∅	∅	∅	∅	∅	∅	∅	∅	∅	∅	∅	∅,∅	∅	∅	∅	∅	7001	∅	∅	∅	∅	∅	7001	∅	∅	∅	∅	7001	7001	∅	∅	∅	∅,∅	∅	∅	∅	∅	7001	∅	∅	∅	∅	∅	7001	∅	∅	∅	∅	7001	7001	∅	∅	∅	∅
iswm_0136,mcveraa,dim kal sag dim rōw lu den ēn n̄ērēge dim rōw 'ir sar lēn mē'ēm̄ē,#	di	=m	kal	sag	#	di	=m	rōw	lu	den	ēn	n̄ērē-ge	#	di	=m	rōw	'ir	sar	lē	=n	mē'ēm̄ē,#	3SG	=TAM1	upwards	up	#	3SG	=TAM1	skip	through	ABL	ART	shore/point-DIS	#	3SG	=TAM1	skip	stand	inwards	LOC	=ART	door,"He reached the top, he jumped out from the shore, he jumped straight to the door,",en,MORPHEME_ALIGNED,,iswm_mp3 iswm_wav iswm_eaf iswm_xml iswm_tsv,,477621,482012,##	pro.h:s	=lv	v:pred	rv	##	pro.h:s	=lv	v:pred	rv	adp	ln	np:obl	##	pro.h:s	=lv	v:pred	rv	rv	adp	=ln	np:g,,iswm,∅	∅	∅	∅	∅	∅	∅	∅	∅	∅	∅	∅	∅	∅	∅	∅	∅	∅	∅	∅	∅	bridging,∅	7001	∅	∅	∅	∅	7001	∅	∅	∅	∅	∅	7060	∅	7001	∅	∅	∅	∅	∅	∅	7067,∅	7001	∅	∅	∅	∅	7001	∅	∅	∅	∅	∅	7060	∅	7001	∅	∅	∅	∅	∅	∅	7067
iswm_0137,mcveraa,dim 'ēn'ēn sar segēn m̄eters da 'i gēn ne vovo',#	di	=m	'ēn'ēn	sar	segēn	#	m̄eter	=s	da	'i	gēn	#	ZERO	ne	vo-vo',#	3SG	=TAM1	RED:see	inwards	MAN.DEM2	#	m̄eter	=SIM	do	DEL	DEM2	#	ZERO	TAM2:3SG	RED-plait,he was looking inside like this M̄eter who was there weaving.,en,MORPHEME_ALIGNED,,iswm_mp3 iswm_wav iswm_eaf iswm_xml iswm_tsv,,482012,485754,##	pro.h:s	=lv	v:pred	rv	dem2_other	#cc	pn_np.h:s	=lv	v:pred	rv	other:l	##	0.h:s	lv-pro_h_s	v:pred,,iswm,∅	∅	∅	∅	∅	∅	∅	∅	∅	∅	∅	∅	∅	∅	∅	∅,∅	7001	∅	∅	∅	∅	∅	7002	∅	∅	∅	7038	∅	7002	∅	∅,∅	7001	∅	∅	∅	∅	∅	7002	∅	∅	∅	7038	∅	7002	∅	∅
iswm_0138,mcveraa,ba lēn masōgi m̄eter ne rōn̄ son sava ne 'ēn'ēn no si dim rōn̄ rak lēn 'irbēgi so,#	ba	lē	=n	masō-gi	m̄eter	ne	rōn̄	#	so	=n	sava	ne	'ēn'ēn	no	#	si	di	=m	rōn̄	rak	lē	=n	'irbē	-gi	#	so,#	but	LOC	=ART	time-3SG	m̄eter	TAM2:3SG	feel	#	CPL	=ART	what	TAM2:3SG	RED:see	1SG	#	or	3SG	=TAM1	feel	remove	LOC	=ART	body	-3SG	#	CPL,"But when M̄eter had the feeling: something is looking at me, or she felt it on her body:",en,MORPHEME_ALIGNED,,iswm_mp3 iswm_wav iswm_eaf iswm_xml iswm_tsv,,485754,491732,##	other	adp	=ln	np:other	pn_np.h:s	lv-pro_h_s	v:pred	#ds_cc	other	=ln	np:a	lv-pro_h_a	v:pred	pro.1:p	##	other	pro.h:s	=lv	v:pred	rv	adp	=ln	np:obl	-rn_pro.h:poss	#ds_cc	other,,iswm,∅	∅	∅	∅	∅	∅	∅	∅	∅	∅	∅	∅	∅	∅	∅	∅	∅	∅	∅	∅	∅	∅	∅	bridging	∅	∅	∅,∅	∅	∅	∅	∅	7002	∅	∅	∅	∅	∅	∅	∅	∅	7002	∅	∅	7002	∅	∅	∅	∅	∅	7068	7002	∅	∅,∅	∅	∅	∅	∅	7002	∅	∅	∅	∅	∅	∅	∅	∅	7002	∅	∅	7002	∅	∅	∅	∅	∅	7068	7002	∅	∅
iswm_0139,mcveraa,n sav ne vōwal rekso ne 'ēn'ēn no si 'a vēe si e sē,n	sav	ne	vō-wal	rekso	ne	'ēn'ēn	no	#	si	'a	viē	si	e	sē,ART	what	NUM.ART	NUM-one	like	TAM2:3SG	RED:see	1SG	#	or	'a	where	or	PERS.ART	who,"Something is looking at me, but where or who?",en,MORPHEME_ALIGNED,,iswm_mp3 iswm_wav iswm_eaf iswm_xml iswm_tsv,,491732,494644,ln	np:a	rn	rn	other	lv-pro_h_a	v:pred	pro.1:p	#nc	nc	nc	nc	nc	nc	nc,,iswm,∅	∅	∅	∅	∅	∅	∅	∅	∅	∅	∅	∅	∅	∅	∅,∅	∅	∅	∅	∅	∅	∅	7002	∅	∅	∅	∅	∅	∅	∅,∅	∅	∅	∅	∅	∅	∅	7002	∅	∅	∅	∅	∅	∅	∅
iswm_0140,mcveraa,din 'an̄s... n lu.. lumgav 'a vēe 'a vigir kēnei,din	'an̄s—	n	lu—	lumgav	'a	viē	'a	vigir	kēnei,din	move.hands	ART	through	young.man	'a	where	'a	vigir	kēnei,Was it a young man from here?,en,MORPHEME_ALIGNED,,iswm_mp3 iswm_wav iswm_eaf iswm_xml iswm_tsv,,494644,497046,nc	nc	nc	nc	nc	nc	nc	nc	nc	nc,,iswm,∅	∅	∅	∅	∅	∅	∅	∅	∅	∅,∅	∅	∅	∅	∅	∅	∅	∅	∅	∅,∅	∅	∅	∅	∅	∅	∅	∅	∅	∅
iswm_0141,mcveraa,'e dima... dim 'ev'ē kal ēn nōgōgi segēn wo e Wowōt ne sus,'e	dima—	#	di	=m	'ev'ē	kal	ēn	nōgō	-gi	segēn	#	wo	e	Wowōt	ne	sus,'PERS.ART	NC	#	3SG	=TAM1	throw	upwards	ART	face	-3SG	MAN.DEM2	#	and	PERS.ART	Wowōt	TAM2:3SG	duck.away,She threw her face upwards like this and Wowōt (quickly) hid away.,en,MORPHEME_ALIGNED,,iswm_mp3 iswm_wav iswm_eaf iswm_xml iswm_tsv,,497046,501647,nc	nc	##	pro.h:a	=lv	v:pred	rv	ln	np:p	-rn_pro.h:poss	dem2_other	##	other	ln	pn_np.h:s	lv-pro_h_s	v:pred,,iswm,∅	∅	∅	∅	∅	∅	∅	∅	bridging	∅	∅	∅	∅	∅	∅	∅	∅,∅	∅	∅	7002	∅	∅	∅	∅	7069	7002	∅	∅	∅	∅	7001	∅	∅,∅	∅	∅	7002	∅	∅	∅	∅	7069	7002	∅	∅	∅	∅	7001	∅	∅
iswm_0142,mcveraa,dim sus m.. mal qē',#	dim	sus	m—	#	mal	qē',#	3SG=TAM1	duck.away	TAM1	#	REM.PST	finish,"He jumped out of her sight, but it was already over:",en,WORD_ALIGNED,,iswm_mp3 iswm_wav iswm_eaf iswm_xml iswm_tsv,,501647,503819,#nc	nc_pro.h	nc	nc	##	lv	v:pred,,iswm,∅	∅	∅	∅	∅	∅	∅,∅	7001	∅	∅	∅	∅	∅,∅	7001	∅	∅	∅	∅	∅
iswm_0143,mcveraa,m̄.. m̄eter mal 'ēn qal diē,#	m̄—	m̄eter	mal	'ēn	qal	diē,#	NC	m̄eter	REM.PST	see	hit	3SG,M̄eter had already spotted him.,en,MORPHEME_ALIGNED,,iswm_mp3 iswm_wav iswm_eaf iswm_xml iswm_tsv,,503819,505571,##	nc	pn_np.h:a	lv	v:pred	rv	pro.h:p,,iswm,∅	∅	∅	∅	∅	∅	∅,∅	∅	7002	∅	∅	∅	7001,∅	∅	7002	∅	∅	∅	7001
iswm_0144,mcveraa,masōgi dim 'ēn qal diēn savam da lēn nōgin dōmia so,#	masō-gi	di	=m	'ēn	qal	diē	#	=n	sava	=m	da	lē	=n	nō	-gi	=n	dōmia	#	so,#	time-3SG	3SG	=TAM1	see	hit	3SG	#	=ART	what	=TAM1	do	LOC	=ART	POSS.DOM	-3SG	=ART	thought	#	CPL,When she spotted him something in her mind made that,en,MORPHEME_ALIGNED,,iswm_mp3 iswm_wav iswm_eaf iswm_xml iswm_tsv,,505571,508620,##	np:other	pro.h:a	=lv	v:pred	rv	pro.h:p	##	=ln	np:s	=lv	v:pred	adp	=ln	ln	-ln_pro.h:poss	=ln	np:obl	#cc	other,,iswm,∅	∅	∅	∅	∅	∅	∅	∅	∅	∅	∅	∅	∅	∅	∅	∅	∅	∅	∅	∅,∅	∅	7002	∅	∅	∅	7001	∅	∅	∅	∅	∅	∅	∅	∅	7002	∅	∅	∅	∅,∅	∅	7002	∅	∅	∅	7001	∅	∅	∅	∅	∅	∅	∅	∅	7002	∅	∅	∅	∅
iswm_0145,mcveraa,dōdōmia nōgim len 'irm... n nōgōn e Wowōt so ke,dōdōmia	nō	-gi	=m	le	=n	'irm—	n	nōgō-n	e	Wowōt	#	ZERO	so	#	ke,thought	POSS.DOM	-3SG	=TAM1	transfer	=ART	NC	ART	face-CS	PERS.ART	Wowōt	#	ZERO	QUOT	#	ke,her mind took Wowōt's face [i.e. she seems to remember it]: Oh!,en,MORPHEME_ALIGNED,,iswm_mp3 iswm_wav iswm_eaf iswm_xml iswm_tsv,,508620,513468,np:a	rn	-rn_pro.h:poss	=lv	v:pred	=ln	nc	nc	np:p	rn	rn_pn_np.h:poss	##	0.h:s	other:pred	##ds	nc,,iswm,∅	∅	∅	∅	∅	∅	∅	∅	bridging	∅	∅	∅	∅	∅	∅	∅,∅	∅	7002	∅	∅	∅	∅	∅	7070	∅	7001	∅	7002	∅	∅	∅,∅	∅	7002	∅	∅	∅	∅	∅	7070	∅	7001	∅	7002	∅	∅	∅
iswm_0146,mcveraa,[UNCLEAR] n lumgav 'agēnē sa van lu ma 'a viē,NC	n	lumgav	agēnē	sa	van	lu	ma	a	viē,NC	ART	young.man	DEM2.A	EMPH	go	through	hither	LOC.SP	where,This young man came from where?,en,MORPHEME_ALIGNED,,iswm_mp3 iswm_wav iswm_eaf iswm_xml iswm_tsv,,513468,517120,nc	ln	np.h:s	rn_dem2	other	v:pred	rv	rv	adp	np:obl,,iswm,∅	∅	∅	∅	∅	∅	∅	∅	∅	∅,∅	∅	7001	∅	∅	∅	∅	∅	∅	∅,∅	∅	7001	∅	∅	∅	∅	∅	∅	∅
iswm_0147,mcveraa,lēn masōgi di ga mōrōs ne 'ēvēr(?) so ne 'ēqēl kel so suw lēn ge,#	lē	=n	masō-gi	di	ga	mōrōs	ne	'ēvēr?	#	so	ZERO	ne	'ēqēl	kēl	so	suw	lē	=n	ge,#	LOC	=ART	time-3SG	3SG	STAT	want	TAM2:3SG	NC	#	CPL	ZERO	TAM2:3SG	descend	back	CPL	down	LOC	=ART	THING,"When he wanted to turn back in order to go down again to that thing,",en,MORPHEME_ALIGNED,,iswm_mp3 iswm_wav iswm_eaf iswm_xml iswm_tsv,,517120,520364,##	adp	=ln	np:other	pro.h:s	lv	v:pred	nc	nc	#cc	other	0.h:s	lv-pro_h_s	v:pred	rv	nc	rv	adp	=ln	np:g,,iswm,∅	∅	∅	∅	∅	∅	∅	∅	∅	∅	∅	∅	∅	∅	∅	∅	∅	∅	∅	∅,∅	∅	∅	∅	7001	∅	∅	∅	∅	∅	∅	7001	∅	∅	∅	∅	∅	∅	∅	∅,∅	∅	∅	∅	7001	∅	∅	∅	∅	∅	∅	7001	∅	∅	∅	∅	∅	∅	∅	∅
iswm_0148,mcveraa,mal qē' 'erō ge ne din̄ ma 'ekēgēn ne tēk so 'ei nikēm van lu ma 'a vēe,#	mal	qē'	#	erō	ge	ne	din̄	ma	'ekēgēn	#	ZERO	ne	tēk	so	#	'ei	nik	=ēm	van	lu	ma	a	viē,#	REM.PST	finish	#	PERS.ART.F	THING	TAM2:3SG	reach	hither	LOC.DEM2	#	ZERO	TAM2:3SG	speak	QUOT	#	INTERJ	2SG	=TAM1	go	through	hither	LOC.SP	where,"it was already over, she reached this place and said: Hey, where are you coming from?",en,MORPHEME_ALIGNED,,iswm_mp3 iswm_wav iswm_eaf iswm_xml iswm_tsv,,520364,524813,##	lv	v:pred	##	ln	np:s	lv-pro_h_s	v:pred	rv	dem_other:g	##	0.h:s_ds	lv-pro_h_s_ds	v:pred	other	##ds	other	pro.2:s	=lv	v:pred	rv	rv	adp	np:obl,,iswm,∅	∅	∅	∅	∅	∅	∅	∅	∅	∅	∅	∅	∅	∅	∅	∅	∅	∅	∅	∅	∅	∅	∅	∅,∅	∅	∅	∅	∅	7002	∅	∅	∅	∅	∅	7002	∅	∅	∅	∅	∅	7001	∅	∅	∅	∅	∅	∅,∅	∅	∅	∅	∅	7002	∅	∅	∅	∅	∅	7002	∅	∅	∅	∅	∅	7001	∅	∅	∅	∅	∅	∅
iswm_0149,mcveraa,van kal ma,#	ZERO	van	kal	ma,#	ZERO	go	upwards	hither,Come up here.,en,MORPHEME_ALIGNED,,iswm_mp3 iswm_wav iswm_eaf iswm_xml iswm_tsv,,524813,526170,##ds	0.2:s	vother:pred	rv	rv,,iswm,∅	∅	∅	∅	∅,∅	7002	∅	∅	∅,∅	7002	∅	∅	∅
iswm_0150,mcveraa,lēn masōgi dim van kal sar ma durus kakaka kelkel sir so,#	lē	=n	masō-gi	di	=m	van	kal	sar	ma	#	duru	=s	kakaka	kēlkēl	sir	#	so,#	LOC	=ART	time-3SG	3SG	=TAM1	go	upwards	inwards	hither	#	3DL	=SIM	RED-story	RED:back	for	#	CPL,When he had come up here and the two were talking to each other about,en,WORD_ALIGNED,,iswm_mp3 iswm_wav iswm_eaf iswm_xml iswm_tsv,,526170,530397,##	adp	=ln	np:other	pro.h:s	=lv	v:pred	rv	rv	rv	##	pro.h:s	=lv	v:pred	rv	adp	#cc:obl	other,,iswm,∅	∅	∅	∅	∅	∅	∅	∅	∅	∅	∅	∅	∅	∅	∅	∅	∅	∅,∅	∅	∅	∅	7001	∅	∅	∅	∅	∅	∅	7004	∅	∅	∅	∅	∅	∅,∅	∅	∅	∅	7001	∅	∅	∅	∅	∅	∅	7004	∅	∅	∅	∅	∅	∅
iswm_0151,mcveraa,siviēn kakaka muruō won ren̄e ē dim mōrōs diē,siviē	=n	kakaka	mu	-ruō	#	wo	=n	ren̄e	ē	di	=m	mōrōs	diē,how	=ART	RED-story	POSS.GEN	-3DL	#	and	=ART	woman	DEM3	3SG	=TAM1	want	3SG,"whatever their conversation (was). And that this woman, she liked him,",en,WORD_ALIGNED,,iswm_mp3 iswm_wav iswm_eaf iswm_xml iswm_tsv,,530397,533997,other:pred	=ln	np:s	rn	-rn_pro.h:poss	##	other	=ln	np.h:dt_a	rn	pro.h:a	=lv	v:pred	pro.h:p,,iswm,∅	∅	bridging	∅	∅	∅	∅	∅	∅	∅	∅	∅	∅	∅,∅	∅	7072	∅	7004	∅	∅	∅	7002	∅	7002	∅	∅	7001,∅	∅	7072	∅	7004	∅	∅	∅	7002	∅	7002	∅	∅	7001
iswm_0152,mcveraa,dim 'ēn rak di so dim mōrōs diē,#	di	=m	'ēn	rak	di	#	so	di	=m	mōrōs	diē,#	3SG	=TAM1	see	remove	3SG	#	CPL	3SG	=TAM1	want	3SG,she recognises him (and) that she likes him.,en,MORPHEME_ALIGNED,,iswm_mp3 iswm_wav iswm_eaf iswm_xml iswm_tsv,,533997,535855,##	pro.h:a	=lv	v:pred	rv	pro.h:p	#cc	other	pro.h:a	=lv	v:pred	pro.h:p,,iswm,∅	∅	∅	∅	∅	∅	∅	∅	∅	∅	∅	∅,∅	7002	∅	∅	∅	7001	∅	∅	7002	∅	∅	7001,∅	7002	∅	∅	∅	7001	∅	∅	7002	∅	∅	7001
iswm_0153,mcveraa,eraga 'aklē lumlumgav 'aq 'i lēn 'erē qaqan̄gi 'anē segēn lēn mē'ēsal 'a suwei ne gōr ēn mē'ēsala,#	e	raga	'aklē	lum-lumgav	'aq	'i	lē	=n	'erē	qa-qan̄	-gi	anē	segēn	lē	=n	mē'ēsal	a	suwei	#	ZERO	ne	gōr	ēn	mē'ēsala,#	PERS.ART	people	some	RED-young.man	duck	DEL	LOC	=ART	PL	RED-wall	-3SG	DEM1.A	MAN.DEM2	LOC	=ART	way	LOC.SP	down	#	ZERO	TAM2:3SG	secure	ART	way,"Some young men had hidden at the sides (of things) like this at the path down there, protecting the path.",en,MORPHEME_ALIGNED,,iswm_mp3 iswm_wav iswm_eaf iswm_xml iswm_tsv,,535855,541840,##	ln	ln	ln	np.h:s	v:pred	rv	adp	=ln	ln	np:l	-rn_pro:poss	rn_dem1	dem2_other	adp	=ln	np:l	rn	rn	##	0.h:a	lv-pro_h_a	v:pred	ln	np:p,,iswm,∅	∅	∅	∅	∅	∅	∅	∅	∅	∅	∅	∅	∅	∅	∅	∅	∅	∅	∅	∅	∅	∅	∅	∅	∅,∅	∅	∅	∅	7064	∅	∅	∅	∅	∅	7062	7063	∅	∅	∅	∅	7063	∅	∅	∅	7064	∅	∅	∅	7063,∅	∅	∅	∅	7064	∅	∅	∅	∅	∅	7062	7063	∅	∅	∅	∅	7063	∅	∅	∅	7064	∅	∅	∅	7063
iswm_0154,mcveraa,dirs 'aq 'i dir ga 'ēn 'i,#	dir	=s	'aq	'i	#	dir	ga	'ēn	'i,#	3PL	=SIM	duck	DEL	#	3PL	STAT	see	DEL,Those hiding there they were watching now:,en,MORPHEME_ALIGNED,,iswm_mp3 iswm_wav iswm_eaf iswm_xml iswm_tsv,,541840,544252,##	pro.h:s	=lv	v:pred	rv	##	pro.h:s	lv	v:pred	rv,,iswm,∅	∅	∅	∅	∅	∅	∅	∅	∅	∅,∅	7064	∅	∅	∅	∅	7064	∅	∅	∅,∅	7064	∅	∅	∅	∅	7064	∅	∅	∅
iswm_0155,mcveraa,masōgi durum kaka van vavavan di wo van ma duk kal ba'a lēn lōlō nim̄ē,#	masō-gi	duru	=m	kaka	van	vavavan	#	di	wo	#	ZERO	van	ma	#	du	=k	kal	ba'a	lē	=n	lōlō	nim̄ē,#	time-3SG	3DL	=TAM1	story	go	RED-go	#	3SG	QUOT	#	ZERO	go	hither	#	1DL.IN	=TAM2	enter	into	LOC	=ART	inside	house,"When they were talking on and on she said: Come here, we go into the house.",en,WORD_ALIGNED,,iswm_mp3 iswm_wav iswm_eaf iswm_xml iswm_tsv,,544252,548810,##	np:other	pro.h:s	=lv	v:pred	rv	other	##	pro.h:s	other:pred	##ds	0.2:s	vother:pred	rv	##ds	wpro.1:s	=lv	v:pred	rv	adp	=ln	ln	np:g,,iswm,∅	∅	∅	∅	∅	∅	∅	∅	∅	∅	∅	∅	∅	∅	∅	∅	∅	∅	∅	∅	∅	∅	∅,∅	∅	7004	∅	∅	∅	∅	∅	7002	∅	∅	7001	∅	∅	∅	7004	∅	∅	∅	∅	∅	∅	7038,∅	∅	7004	∅	∅	∅	∅	∅	7002	∅	∅	7001	∅	∅	∅	7004	∅	∅	∅	∅	∅	∅	7038
iswm_0156,mcveraa,'enei di ne le e Wowōt m̄eter ne le e Wowōt,#	enei	di	ne	le	e	Wowōt	#	m̄eter	ne	le	e	Wowōt,#	now	3SG	TAM2:3SG	transfer	PERS.ART	Wowōt	#	m̄eter	TAM2:3SG	transfer	PERS.ART	Wowōt,"Then she took Wowōt, M̄eter took Wowōt.",en,MORPHEME_ALIGNED,,iswm_mp3 iswm_wav iswm_eaf iswm_xml iswm_tsv,,548810,553318,##	other	pro.h:a	lv-pro_h_a	v:pred	ln	pn_np.h:p	##	pn_np.h:a	lv-pro_h_a	v:pred	ln	pn_np.h:p,,iswm,∅	∅	∅	∅	∅	∅	∅	∅	∅	∅	∅	∅	∅,∅	∅	7002	∅	∅	∅	7001	∅	7002	∅	∅	∅	7001,∅	∅	7002	∅	∅	∅	7001	∅	7002	∅	∅	∅	7001
iswm_0157,mcveraa,duruk kal ba'a lēn lōlō nim̄ē,#	duru	=k	kal	ba'a	lē	=n	lōlō	nim̄ē,#	3DL	=TAM2	enter	into	LOC	=ART	inside	house,They went into the house.,en,MORPHEME_ALIGNED,,iswm_mp3 iswm_wav iswm_eaf iswm_xml iswm_tsv,,553318,555584,##	pro.h:s	=lv	v:pred	rv	adp	=ln	ln	np:g,,iswm,∅	∅	∅	∅	∅	∅	∅	∅	∅,∅	7004	∅	∅	∅	∅	∅	∅	7038,∅	7004	∅	∅	∅	∅	∅	∅	7038
iswm_0158,mcveraa,lēn masōgi durum kal ba'a lēn lōlō nim̄ē,#	lē	=n	masō-gi	duru	=m	kal	ba'a	lē	=n	lōlō	nim̄ē,#	LOC	=ART	time-3SG	3DL	=TAM1	enter	into	LOC	=ART	inside	house,"When they had gone into the house,",en,MORPHEME_ALIGNED,,iswm_mp3 iswm_wav iswm_eaf iswm_xml iswm_tsv,,555584,559749,##	adp	=ln	np:other	pro.h:s	=lv	v:pred	rv	adp	=ln	ln	np:g,,iswm,∅	∅	∅	∅	∅	∅	∅	∅	∅	∅	∅	∅,∅	∅	∅	∅	7004	∅	∅	∅	∅	∅	∅	7038,∅	∅	∅	∅	7004	∅	∅	∅	∅	∅	∅	7038
iswm_0159,mcveraa,durum kaka kaka van van van,#	duru	=m	kaka	#	ZERO	kaka	van	van	van,#	3DL	=TAM1	story	#	ZERO	story	go	go	go,"they talked and talked, on and on.",en,MORPHEME_ALIGNED,,iswm_mp3 iswm_wav iswm_eaf iswm_xml iswm_tsv,,559749,562741,##	pro.h:s	=lv	v:pred	##	0.h:s	v:pred	other	other	other,,iswm,∅	∅	∅	∅	∅	∅	∅	∅	∅	∅,∅	7004	∅	∅	∅	7004	∅	∅	∅	∅,∅	7004	∅	∅	∅	7004	∅	∅	∅	∅
iswm_0160,mcveraa,'enein savam da so eraga 'alēn miē,#	enei	=n	sava	=m	da	#	so	e	raga	'alēn	miē,#	now	=ART	what	=TAM1	do	#	CPL	PERS.ART	people	ASS	outside,Now something made that those outside,en,MORPHEME_ALIGNED,,iswm_mp3 iswm_wav iswm_eaf iswm_xml iswm_tsv,,562741,565715,##	other	=ln	np:s	=lv	v:pred	#cc	other	ln	np.h:dt_a	rn	rn_np,,iswm,∅	∅	∅	∅	∅	∅	∅	∅	∅	∅	∅	∅,∅	∅	∅	∅	∅	∅	∅	∅	∅	7064	∅	∅,∅	∅	∅	∅	∅	∅	∅	∅	∅	7064	∅	∅
iswm_0161,mcveraa,eraga lumlumgav a rekso (dir ga 'ir?) lēn miē dirēk mom rak ēn dōdōmia ne vōwal,e	raga	lum-lumgav	#	a	rekso	dir	ga	'ir?	%	lē	=n	miē	%	dir	=ēk	mom	rak	ēn	dōdōmia	ne	vō-wal,PERS.ART	people	RED-young.man	#	a	rekso	3PL	STAT	stand?	%	LOC	=ART	outside	%	3PL	=TAM2	mom	remove	ART	thought	NUM.ART	NUM-one,"the young men that [UNCLEAR] (were) outside, they came up with a plan:",en,MORPHEME_ALIGNED,,iswm_mp3 iswm_wav iswm_eaf iswm_xml iswm_tsv,,565715,569412,ln	ln	np.h:dt_a	#nc	nc	nc	nc_pro.h	nc	nc	%	rn	=rn	rn_np	%	pro.h:a	=lv	v:pred	rv	ln	np:p	rn	rn,,iswm,∅	∅	∅	∅	∅	∅	∅	∅	∅	∅	∅	∅	∅	∅	∅	∅	∅	∅	∅	new	∅	∅,∅	∅	7064	∅	∅	∅	7064	∅	∅	∅	∅	∅	∅	∅	7064	∅	∅	∅	∅	7073	∅	∅,∅	∅	7064	∅	∅	∅	7064	∅	∅	∅	∅	∅	∅	∅	7064	∅	∅	∅	∅	7073	∅	∅
iswm_0162,mcveraa,vaga 'erō ge 'anē di ga 'awis gidē,#	vaga	erō	ge	anē	di	ga	'awis	gidē,#	always	PERS.ART.F	THING	DEM1.A	3SG	STAT	dislike	1PL.IN,All the time this woman rejects us.,en,MORPHEME_ALIGNED,,iswm_mp3 iswm_wav iswm_eaf iswm_xml iswm_tsv,,569412,571906,##ds	other	ln	np.h:dt_a	rn_dem1	pro.h:a	lv	v:pred	pro.1:p,,iswm,∅	∅	∅	∅	∅	∅	∅	∅	∅,∅	∅	∅	7002	∅	7002	∅	∅	7064,∅	∅	∅	7002	∅	7002	∅	∅	7064
iswm_0163,mcveraa,dōk da ma sir di ne 'awis dōk da ma sir di ne 'awis,#	dē	=k	da	ma	sir	ZERO	#	di	ne	'awis	ZERO	#	dē	=k	da	ma	sir	ZERO	#	di	ne	'awis	ZERO,#	1PL.IN	=TAM2	do	hither	for	ZERO	#	3SG	TAM2:3SG	dislike	ZERO	#	1PL.IN	=TAM2	do	hither	for	ZERO	#	3SG	TAM2:3SG	dislike	ZERO,"We try for her, and she doesn't want to, we try for her, and she doesn't want to.",en,MORPHEME_ALIGNED,,iswm_mp3 iswm_wav iswm_eaf iswm_xml iswm_tsv,,571906,575192,##ds	wpro.1:s	=lv	v:pred	rv	adp	0.h:obl	##ds	pro.h:a	lv-pro_h_a	v:pred	0.1:p	##ds	wpro.1:s	=lv	v:pred	rv	adp	0.h:obl	##ds	pro.h:a	lv-pro_h_a	v:pred	0.1:p,,iswm,∅	∅	∅	∅	∅	∅	∅	∅	∅	∅	∅	∅	∅	∅	∅	∅	∅	∅	∅	∅	∅	∅	∅	∅,∅	7064	∅	∅	∅	∅	7002	∅	7002	∅	∅	7064	∅	7064	∅	∅	∅	∅	7002	∅	7002	∅	∅	7064,∅	7064	∅	∅	∅	∅	7002	∅	7002	∅	∅	7064	∅	7064	∅	∅	∅	∅	7002	∅	7002	∅	∅	7064
iswm_0164,mcveraa,qiri 'anē san qin̄in e ge 'anē gidē me vus mama' di sa qiri,#	qiri	anē	sa	=n	qin̄i-n	e	ge	anē	#	gidē	me	vus	ma-ma'	di	sa	qiri,#	today	DEM1.A	EMPH	=ART	day.of.death-CS	PERS.ART	THING	DEM1.A	#	1PL.IN	FUT	kill	RED-dead	3SG	EMPH	today,"Today it is the day of this guy, we will kill him today.",en,MORPHEME_ALIGNED,,iswm_mp3 iswm_wav iswm_eaf iswm_xml iswm_tsv,,575192,578358,##ds	other	rn_dem1	other	=ln	np:pred	rn	rn_np.h	rn_dem1	##ds	pro.1:a	lv	v:pred	rv	pro.h:p	other	other,,iswm,∅	new	∅	∅	∅	∅	∅	∅	∅	∅	∅	∅	∅	∅	∅	∅	∅,∅	7074	∅	∅	∅	∅	∅	7001	∅	∅	7064	∅	∅	∅	7001	∅	7074,∅	7074	∅	∅	∅	∅	∅	7001	∅	∅	7064	∅	∅	∅	7001	∅	7074
iswm_0165,mcveraa,son savam da so dirōl tēktēk van walēō dōl eraga lumlumgav [UNCLEAR] 'i 'anēn sava dirēm van,#	so	=n	sava	=m	da	#	so	dir'ōl	tēktēk	van	#	walēō	dōl	eraga	lumlumgav	NC	'i	'anēn	sava	#	dir	=ēm	van,#	CPL	=ART	what	=TAM1	do	#	CPL	3TL	RED:speak	go	#	walēō	all	eraga	RED-young.man	NC	'i	'anēn	what	#	3PL	=TAM1	go,"As a consequence, they talked from one to another (including) all the young men. [UNCLEAR] They went.",en,WORD_ALIGNED,,iswm_mp3 iswm_wav iswm_eaf iswm_xml iswm_tsv,,578358,584195,##	other	=ln	np:s	=lv	v:pred	#cc	other	pro.h:s	v:pred	rv	#nc	nc	nc	nc	nc_np.h	nc	nc	nc	nc	##	pro.h:s	=lv	v:pred,,iswm,∅	∅	∅	∅	∅	∅	∅	∅	∅	∅	∅	∅	∅	∅	∅	∅	∅	∅	∅	∅	∅	∅	∅	∅,∅	∅	∅	∅	∅	∅	∅	∅	7064	∅	∅	∅	∅	∅	∅	7042	∅	∅	∅	∅	∅	7042	∅	∅,∅	∅	∅	∅	∅	∅	∅	∅	7064	∅	∅	∅	∅	∅	∅	7042	∅	∅	∅	∅	∅	7042	∅	∅
iswm_0166,mcveraa,dirēm kal ba'a dirēm gis varga e Wowōt,#	dir	=ēm	kal	ba'a	ZERO	#	dir	=ēm	gis	varga	e	Wowōt,#	3PL	=TAM1	enter	into	ZERO	#	3PL	=TAM1	hold	tight	PERS.ART	Wowōt,"They came inside, they held tight Wowōt.",en,MORPHEME_ALIGNED,,iswm_mp3 iswm_wav iswm_eaf iswm_xml iswm_tsv,,584195,586867,##	pro.h:s	=lv	v:pred	rv	0:g	##	pro.h:a	=lv	v:pred	rv	ln	pn_np.h:p,,iswm,∅	∅	∅	∅	∅	∅	∅	∅	∅	∅	∅	∅	∅,∅	7042	∅	∅	∅	7038	∅	7042	∅	∅	∅	∅	7001,∅	7042	∅	∅	∅	7038	∅	7042	∅	∅	∅	∅	7001
iswm_0167,mcveraa,dirēm da mama' diē,#	dir	=ēm	da	ma-ma'	diē,#	3PL	=TAM1	do	RED-dead	3SG,They killed him.,en,MORPHEME_ALIGNED,,iswm_mp3 iswm_wav iswm_eaf iswm_xml iswm_tsv,,586867,588785,##	pro.h:a	=lv	v:pred	rv	pro.h:p,,iswm,∅	∅	∅	∅	∅	∅,∅	7042	∅	∅	∅	7001,∅	7042	∅	∅	∅	7001
iswm_0168,mcveraa,dirēm rēv ēn momsegim da so,#	dir	=ēm	rēv	ēn	momse	-gi	#	=m	da	#	so,#	3PL	=TAM1	drag	ART	breathe	-3SG	#	=TAM1	do	#	CPL,They pulled (off) his breath so that,en,MORPHEME_ALIGNED,,iswm_mp3 iswm_wav iswm_eaf iswm_xml iswm_tsv,,588785,591500,##	pro.h:a	=lv	v:pred	ln	np:p	-rn_pro.h:poss	##	=lv	v:pred	#cc	other,,iswm,∅	∅	∅	∅	∅	bridging	∅	∅	∅	∅	∅	∅,∅	7042	∅	∅	∅	7075	7001	∅	∅	∅	∅	∅,∅	7042	∅	∅	∅	7075	7001	∅	∅	∅	∅	∅
iswm_0169,mcveraa,Wowōt m ma',Wowōt	m	ma',Wowōt	TAM1	dead,Wowōt died.,en,MORPHEME_ALIGNED,,iswm_mp3 iswm_wav iswm_eaf iswm_xml iswm_tsv,,591500,592998,pn_np.h:s	lv	v:pred,,iswm,∅	∅	∅,7001	∅	∅,7001	∅	∅
iswm_0170,mcveraa,'an kelegin masōgi m̄eter ne rara sir,#	'a	=n	kele-gi	#	=n	masō-gi	m̄eter	ne	rara	sir	ZERO	%,#	NC	=ART	behind-3SG	#	=ART	time-3SG	m̄eter	TAM2:3SG	cry	for	ZERO	%,After this when m̄eter was crying for (him),en,MORPHEME_ALIGNED,,iswm_mp3 iswm_wav iswm_eaf iswm_xml iswm_tsv,,592998,596046,##	adp	=ln	np:other	#ac	=ln	np:other	pn_np.h:s	lv-pro_h_s	v:pred	adp	0.h:obl	%,,iswm,∅	∅	∅	∅	∅	∅	∅	∅	∅	∅	∅	∅	∅,∅	∅	∅	∅	∅	∅	∅	7002	∅	∅	∅	7001	∅,∅	∅	∅	∅	∅	∅	∅	7002	∅	∅	∅	7001	∅
iswm_0171,mcveraa,dirēk qērē ba'a di sar lēn m̄ogin nim̄ē,dir	=ēk	qērē	ba'a	di	sar	lē	=n	m̄o	-gi	=n	nim̄ē,3PL	=TAM2	push	into	3SG	inwards	LOC	=ART	POSS.HOUSE	-3SG	=ART	house,"they pushed her into her house,",en,MORPHEME_ALIGNED,,iswm_mp3 iswm_wav iswm_eaf iswm_xml iswm_tsv,,596046,598627,pro.h:a	=lv	v:pred	rv	pro.h:p	rv	adp	=ln	ln	-ln_pro.h:poss	=ln	np:g,,iswm,∅	∅	∅	∅	∅	∅	∅	∅	∅	∅	∅	∅,7042	∅	∅	∅	7002	∅	∅	∅	∅	7002	∅	7038,7042	∅	∅	∅	7002	∅	∅	∅	∅	7002	∅	7038
iswm_0172,mcveraa,qur ēn mē'ēm̄ē,#	ZERO	qur	ēn	mē'ēm̄ē,#	ZERO	shut	ART	door,locked the door.,en,MORPHEME_ALIGNED,,iswm_mp3 iswm_wav iswm_eaf iswm_xml iswm_tsv,,598627,599810,##	0.h:a	v:pred	ln	np:p,,iswm,∅	∅	∅	∅	∅,∅	7042	∅	∅	7067,∅	7042	∅	∅	7067
iswm_0173,mcveraa,dirēm ot rak ēn (CORR) e Wowōt,#	dir	=ēm	ot	rak	ēn	e	Wowōt,#	3PL	=TAM1	lug	remove	ART	PERS.ART	Wowōt,They carried out Wowōt.,en,MORPHEME_ALIGNED,,iswm_mp3 iswm_wav iswm_eaf iswm_xml iswm_tsv,,599810,601754,##	pro.h:a	=lv	v:pred	rv	nc	ln	pn_np.h:p,,iswm,∅	∅	∅	∅	∅	∅	∅	∅,∅	7042	∅	∅	∅	∅	∅	7001,∅	7042	∅	∅	∅	∅	∅	7001
iswm_0174,mcveraa,van mam din̄ ēn n̄ērēgi 'a Lan̄tir,#	ZERO	van	ma	#	ZERO	=m	din̄	ēn	n̄ērē	-gi	'a	Lan̄tir,#	ZERO	go	hither	#	ZERO	=TAM1	reach	ART	shore/point	-3SG	ASS.SP	place.name,Came and reached the shore at Lan̄tir.,en,MORPHEME_ALIGNED,,iswm_mp3 iswm_wav iswm_eaf iswm_xml iswm_tsv,,601754,604057,##	0.h:s	v:pred	rv	##	0.h:a	=lv	v:pred	ln	np:p	-rn_pro:poss	rn	rn_pn_np,,iswm,∅	∅	∅	∅	∅	∅	∅	∅	∅	new	∅	∅	∅,∅	7042	∅	∅	∅	7042	∅	∅	∅	7076	7007	∅	7007,∅	7042	∅	∅	∅	7042	∅	∅	∅	7076	7007	∅	7007
iswm_0175,mcveraa,kel qaqan̄ luwo segēn n qorogi luwo bēne suwei,#	kēl	qa-qan̄	luwo	segēn	n	qoro	-gi	luwo	bēne	suwei,#	large	RED-wall	big	MAN.DEM2	ART	qoro	-3SG	big	PRO.OBL	down,"There was a huge wall like this, and it had a big hole downwards.",en,MORPHEME_ALIGNED,,iswm_mp3 iswm_wav iswm_eaf iswm_xml iswm_tsv,,604057,607009,##	ln	np:dt_poss	rn	rn_dem2	ln	np:s	-rn_pro:poss	rn	other:pred	other:l,,iswm,∅	∅	new	∅	∅	∅	new	∅	∅	∅	∅,∅	∅	7078	∅	∅	∅	7079	7078	∅	∅	∅,∅	∅	7078	∅	∅	∅	7079	7078	∅	∅	∅
iswm_0176,mcveraa,dirēm kalakam esn̄a vili di suw segēn,#	dir	=ēm	kalaka	#	ZERO	=m	esn̄a	vili	di	suw	segēn,#	3PL	=TAM1	get.up	#	ZERO	=TAM1	NC	NC	3SG	down	MAN.DEM2,They stuffed him up-side-down down there like this.,en,MORPHEME_ALIGNED,,iswm_mp3 iswm_wav iswm_eaf iswm_xml iswm_tsv,,607009,609896,##	pro.h:s	=lv	v:pred	##	0.h:a	=lv	v:pred	rv	pro.h:p	rv	dem2_other,,iswm,∅	∅	∅	∅	∅	∅	∅	∅	∅	∅	∅	∅,∅	7042	∅	∅	∅	7042	∅	∅	∅	7001	∅	∅,∅	7042	∅	∅	∅	7042	∅	∅	∅	7001	∅	∅
iswm_0177,mcveraa,di ne 'ir 'i lēn lōlōgi 'anē wo dirēk mul den,#	di	ne	'ir	'i	lē	=n	lōlō	-gi	anē	#	wo	dir	=ēk	mul	den	ZERO,#	3SG	TAM2:3SG	stand	DEL	LOC	=ART	inside	-3SG	DEM1.A	#	and	3PL	=TAM2	change.place	ABL	ZERO,He was left standing inside of it and they went off.,en,MORPHEME_ALIGNED,,iswm_mp3 iswm_wav iswm_eaf iswm_xml iswm_tsv,,609896,612732,##	pro.h:s	lv-pro_h_s	v:pred	rv	adp	=ln	np:l	-rn_pro:poss	rn_dem1	##	other	pro.h:s	=lv	v:pred	adp	0:obl,,iswm,∅	∅	∅	∅	∅	∅	∅	∅	∅	∅	∅	∅	∅	∅	∅	∅	∅,∅	7001	∅	∅	∅	∅	∅	∅	7079	∅	∅	∅	7042	∅	∅	∅	7076,∅	7001	∅	∅	∅	∅	∅	∅	7079	∅	∅	∅	7042	∅	∅	∅	7076
iswm_0178,mcveraa,lēn ma'avan masōgim.. dim ma'av ma,#	lēn	ma'avan	masōgim—	#	di	=m	ma'av	ma,#	lēn	morning	NC	#	3SG	=TAM1	morning	hither,"In the morning when it got morning,",en,MORPHEME_ALIGNED,,iswm_mp3 iswm_wav iswm_eaf iswm_xml iswm_tsv,,612732,617760,#nc	nc	nc_np	nc	##	pro:s	=lv	v:pred	rv,,iswm,∅	∅	new	∅	∅	∅	∅	∅	∅,∅	∅	7080	∅	∅	∅	∅	∅	∅,∅	∅	7080	∅	∅	∅	∅	∅	∅
iswm_0179,mcveraa,'amagin vēvēgi duruk sik di so,#	'ama	-gi	=n	vēvē	-gi	duru	=k	sik	di	so,#	father	-3SG	=ART	mother	-3SG	3DL	=TAM2	search	3SG	QUOT,"his father, his mother, they were looking for him:",en,MORPHEME_ALIGNED,,iswm_mp3 iswm_wav iswm_eaf iswm_xml iswm_tsv,,617760,619845,##	np.h:dt	-rn_pro.h:poss	=ln	np.h:dt	-rn_pro.h:poss	pro.h:a	=lv	v:pred	pro.h:p	other,,iswm,∅	∅	∅	∅	∅	∅	∅	∅	∅	∅	∅,∅	7010	7001	∅	7015	7001	7008	∅	∅	7001	∅,∅	7010	7001	∅	7015	7001	7008	∅	∅	7001	∅
iswm_0180,mcveraa,kē ban [UNCLEAR] (man van ē?) mal ... mal maran lava,#	kē	ban	NC	man	van	ē?	mal	#	mal	maran	lava,#	kē	ban	nc	man	go	DEM3?	REM.PST	#	REM.PST	maran	lava,"[UNCLEAR] It's already daylight for a long time, but our child hasn't come back.",en,MORPHEME_ALIGNED,,iswm_mp3 iswm_wav iswm_eaf iswm_xml iswm_tsv,,619845,623312,#nc	nc	nc	nc	nc	nc	nc	nc	#nc	nc	nc	nc,,iswm,∅	∅	∅	∅	∅	∅	∅	∅	∅	∅	∅	∅,∅	∅	∅	∅	∅	∅	∅	∅	∅	∅	∅	∅,∅	∅	∅	∅	∅	∅	∅	∅	∅	∅	∅	∅
iswm_0181,mcveraa,'e di 'a viē,#	e	di	a	viē,#	DISC	3SG	LOC.SP	where,But where is he?,en,MORPHEME_ALIGNED,,iswm_mp3 iswm_wav iswm_eaf iswm_xml iswm_tsv,,623312,624921,##ds	other	pro.h:s	adp	np:pred,,iswm,∅	∅	∅	∅	∅,∅	∅	7001	∅	∅,∅	∅	7001	∅	∅
iswm_0182,mcveraa,duruk sik diēk van vevesir valakran 'erē nim̄ē rekse ma 'a Nōs,#	duru	=k	sik	diē	#	ZERO	=k	van	ve-vesir	valakra	=n	'erē	nim̄ē	rekse	ma	a	Nōs,#	3DL	=TAM2	search	3SG	#	ZERO	=TAM2	go	RED-ask	incorrect	=ART	PL	house	like	hither	LOC.SP	place.name,"They were looking for (him) they went asking randomly at all the houses here in Nōs,",en,MORPHEME_ALIGNED,,iswm_mp3 iswm_wav iswm_eaf iswm_xml iswm_tsv,,624921,629849,##	pro.h:a	=lv	v:pred	pro.h:p	##	0.h:a	=lv	v:pred	rv	rv	=ln	ln	np:p	other	other	adp	pn_np:l,,iswm,∅	∅	∅	∅	∅	∅	∅	∅	∅	∅	∅	∅	∅	new	∅	∅	∅	∅,∅	7008	∅	∅	7001	∅	7008	∅	∅	∅	∅	∅	∅	7081	∅	∅	∅	7006,∅	7008	∅	∅	7001	∅	7008	∅	∅	∅	∅	∅	∅	7081	∅	∅	∅	7006
iswm_0183,mcveraa,siksik suwō so ke ne gitag kēgēn,#	ZERO	siksik	suwō	ZERO	so	#	ke	ZERO	ne	gitag	kēgēn,#	ZERO	RED:search	thither	ZERO	QUOT	#	INTERJ	ZERO	NC	not.exist	LOC.DEM2,"Searched and searched: Oh dear, (he is) not here.",en,MORPHEME_ALIGNED,,iswm_mp3 iswm_wav iswm_eaf iswm_xml iswm_tsv,,629849,632436,##	0.h:a	v:pred	rv	0.h:p	other	##ds	other	0.h:s	other	other:pred	dem_other:l,,iswm,∅	∅	∅	∅	∅	∅	∅	∅	∅	∅	∅	∅,∅	7008	∅	∅	7001	∅	∅	∅	7001	∅	∅	7081,∅	7008	∅	∅	7001	∅	∅	∅	7001	∅	∅	7081
iswm_0184,mcveraa,durum lama'i rak son kaka a dim vesir 'i kamaduō nōrnōr sir,#	duru	=m	lama'i	rak	#	so	=n	kaka	#	a	di	=m	vesir	'i	kamaduō	nōrnōr	sir	ZERO,#	3DL	=TAM1	know	remove	#	CPL	=ART	story	#	REL	3SG	=TAM1	ask	DEL	1DL.EXō	notoriously	for	ZERO,They realised that the story he had asked us about yesterday:,en,MORPHEME_ALIGNED,,iswm_mp3 iswm_wav iswm_eaf iswm_xml iswm_tsv,,632436,636160,##	pro.h:s	=lv	v:pred	rv	#cc	other	=ln	np:dt	#ds_rc_rn	other	pro.h:a	=lv	v:pred	rv	pro.1:p	rv	adp	0:obl,,iswm,∅	∅	∅	∅	∅	∅	∅	∅	bridging	∅	∅	∅	∅	∅	∅	∅	∅	∅	∅,∅	7008	∅	∅	∅	∅	∅	∅	7082	∅	∅	7001	∅	∅	∅	7008	∅	∅	7082,∅	7008	∅	∅	∅	∅	∅	∅	7082	∅	∅	7001	∅	∅	∅	7008	∅	∅	7082
iswm_0185,mcveraa,so e sēs n bur sin̄sin̄ 'a suwēnē,#	so	e	sē	=s	n	bur	sin̄sin̄	'a	suwēnē,#	CPL	PERS.ART	who	=SIM	ART	lamp	RED:light	'a	suwēnē,"who is it, the light is burning down there?",en,MORPHEME_ALIGNED,,iswm_mp3 iswm_wav iswm_eaf iswm_xml iswm_tsv,,636160,638931,#nc	nc	nc	nc	nc	nc	nc	nc	nc	nc,,iswm,∅	∅	∅	∅	∅	∅	∅	∅	∅	∅,∅	∅	∅	∅	∅	∅	∅	∅	∅	∅,∅	∅	∅	∅	∅	∅	∅	∅	∅	∅
iswm_0186,mcveraa,kamadum 'aram mē diē 'enei di wunvam van kēnē masiava dim ma',#	kamadu	=m	'aram	ZERO	mē	diē	#	enei	di	wunva	=m	van	kēnē	#	masiava	di	=m	ma',#	1DL.EX	=TAM1	inform	ZERO	DAT	3SG	#	now	3SG	probably	=TAM1	go	LOC.DEM1	#	NC	3SG	=TAM1	dead,"We told him and now he probably went there, [UNCLEAR] he is dead.",en,MORPHEME_ALIGNED,,iswm_mp3 iswm_wav iswm_eaf iswm_xml iswm_tsv,,638931,643991,##ds	pro.1:a	=lv	v:pred	0:p	adp	pro.h:g	##	other	pro.h:s	other	=lv	v:pred	dem_other:g	##ds	nc	pro.h:s	=lv	v:pred,,iswm,∅	∅	∅	∅	∅	∅	∅	∅	∅	∅	∅	∅	∅	∅	∅	∅	∅	∅	∅,∅	7008	∅	∅	7082	∅	7001	∅	∅	7001	∅	∅	∅	7007	∅	∅	7001	∅	∅,∅	7008	∅	∅	7082	∅	7001	∅	∅	7001	∅	∅	∅	7007	∅	∅	7001	∅	∅
iswm_0187,mcveraa,'amagi ne van sirēn .. nēnēn 'ubun e Wōwut,#	'ama	-gi	ne	van	sirē	=n	nēnēn	'ubu-n	e	Wōwut,#	father	-3SG	TAM2:3SG	go	for	=ART	nēnēn	grandparent/child-CS	PERS.ART	Wōwut,Then his father went to Wowōt's grandfather,en,MORPHEME_ALIGNED,,iswm_mp3 iswm_wav iswm_eaf iswm_xml iswm_tsv,,643991,650811,##	np.h:s	-rn_pro.h:poss	lv-pro_h_s	v:pred	adp	=ln	nc	np.h:g	rn	rn_pn_np.h:poss,,iswm,∅	∅	∅	∅	∅	∅	∅	∅	new	∅	∅,∅	7010	7001	∅	∅	∅	∅	∅	7083	∅	7001,∅	7010	7001	∅	∅	∅	∅	∅	7083	∅	7001
iswm_0188,mcveraa,ne tēk so,#	ZERO	ne	tēk	so,#	ZERO	TAM2:3SG	speak	QUOT,and said:,en,MORPHEME_ALIGNED,,iswm_mp3 iswm_wav iswm_eaf iswm_xml iswm_tsv,,650811,652284,##	0.h:s_ds	lv-pro_h_s_ds	v:pred	other,,iswm,∅	∅	∅	∅	∅,∅	7010	∅	∅	∅,∅	7010	∅	∅	∅
iswm_0189,mcveraa,nik me sik m̄as e n 'ubum m qēlēn̄ den kamadu lēn qōn̄,#	nik	me	sik	m̄as	e	n	'ubu	-m	#	ZERO	m	qēlēn̄	den	kamadu	lē	=n	qōn̄,#	2SG	ABIL1	search	ABIL2	PERS.ART	ART	grandparent/child	-2SG	#	ZERO	TAM1	lost	ABL	1DL.EX	LOC	=ART	night,"Can you look for your grandchild, disappeared from us last night?",en,MORPHEME_ALIGNED,,iswm_mp3 iswm_wav iswm_eaf iswm_xml iswm_tsv,,652284,656526,##ds	pro.2:a	lv	v:pred	rv	nc	ln	np.h:p	-rn_pro.2:poss	##ds	0.h:s	lv	v:pred	adp	pro.1:obl	adp	=ln	np:other,,iswm,∅	∅	∅	∅	∅	∅	∅	∅	∅	∅	∅	∅	∅	∅	∅	∅	∅	∅,∅	7083	∅	∅	∅	∅	∅	7001	7083	∅	7001	∅	∅	∅	7008	∅	∅	∅,∅	7083	∅	∅	∅	∅	∅	7001	7083	∅	7001	∅	∅	∅	7008	∅	∅	∅
iswm_0190,mcveraa,kamadu e lama'i rōs so di 'a viē 'enei,#	kamadu	e	lama'i	rōs	#	so	di	a	viē	enei,#	1DL.EX	GEN.NEG1	know	GEN.NEG2	#	CPL	3SG	LOC.SP	where	now,We don't know where he is right now.,en,MORPHEME_ALIGNED,,iswm_mp3 iswm_wav iswm_eaf iswm_xml iswm_tsv,,656526,658375,##ds.neg	pro.1:s	lv	v:pred	rv	#ds_cc	other	pro.h:s	adp	np:pred	other,,iswm,∅	∅	∅	∅	∅	∅	∅	∅	∅	∅	∅,∅	7008	∅	∅	∅	∅	∅	7001	∅	∅	∅,∅	7008	∅	∅	∅	∅	∅	7001	∅	∅	∅
iswm_0191,mcveraa,wunva dim ... dim van gēr suwēn sir e Wō... eh.. m̄eter si siviē kadu e lama'i rōs,#	wunva	dim	di	=m	van	gēr	suwēn	sir	e	Wō—	eh	m̄eter	si	siviē	#	kamadu	e	lama'i	rōs,#	probably	3SG=TAM1	3SG	=TAM1	go	approximately	downwind	for	PERS.ART	NC	HES	m̄eter	or	how	#	1DL.EX	GEN.NEG1	know	GEN.NEG2,Probably he went down for M̄eter or what? We don't know.,en,WORD_ALIGNED,,iswm_mp3 iswm_wav iswm_eaf iswm_xml iswm_tsv,,658375,665848,##ds	other	nc_np.h	pro.h:s	=lv	v:pred	rv	rv	adp	ln	nc	nc	pn_np.h:g	other	other	##ds.neg	pro.1:s	lv	v:pred	rv,,iswm,∅	∅	∅	∅	∅	∅	∅	∅	∅	∅	∅	∅	∅	∅	∅	∅	∅	∅	∅	∅,∅	∅	7001	7001	∅	∅	∅	∅	∅	∅	∅	∅	7002	∅	∅	∅	7008	∅	∅	∅,∅	∅	7001	7001	∅	∅	∅	∅	∅	∅	∅	∅	7002	∅	∅	∅	7008	∅	∅	∅
iswm_0192,mcveraa,ba nike siksik 'eno so,#	ba	nik	ē	siksik	'eno	ZERO	so,#	but	2SG	TAM2	RED:search	try	ZERO	QUOT,But you try looking for him.,en,MORPHEME_ALIGNED,,iswm_mp3 iswm_wav iswm_eaf iswm_xml iswm_tsv,,665848,667657,##ds	other	pro.2:a	lv-pro_2_a	v:pred	rv	0.h:p	other,,iswm,∅	∅	∅	∅	∅	∅	∅	∅,∅	∅	7083	∅	∅	∅	7001	∅,∅	∅	7083	∅	∅	∅	7001	∅
iswm_0193,mcveraa,'ōw'ōw e raga 'ōw'ōw dir ga ... ga asas ēn binirē 'esegēn,#	'ōw'ōw	e	raga	'ōw'ōw	dir	ga	ga	asas	ēn	bini	-rē	esegēn,#	before	PERS.ART	people	before	3PL	STAT	STAT	rub	ART	hand/arm	-3PL	MAN.DEM2,"Before, the people of before, they rubbed their hands like this.",en,MORPHEME_ALIGNED,,iswm_mp3 iswm_wav iswm_eaf iswm_xml iswm_tsv,,667657,672058,##	other	ln	np.h:dt_a	rn	pro.h:a	nc	lv	v:pred	ln	np:p	-rn_pro.h:poss	dem2_other,,iswm,∅	∅	∅	∅	∅	∅	∅	∅	∅	∅	bridging	∅	∅,∅	∅	∅	7005	∅	7005	∅	∅	∅	∅	7084	7005	∅,∅	∅	∅	7005	∅	7005	∅	∅	∅	∅	7084	7005	∅
iswm_0194,mcveraa,lēn masōgi si e sēn savam qēlēn̄e,#	lē	=n	masō-gi	si	e	sē	=n	sava	=m	qēlēn̄e,#	LOC	=ART	time-3SG	or	PERS.ART	who	=ART	what	=TAM1	lost,When someone or something had gone lost,en,MORPHEME_ALIGNED,,iswm_mp3 iswm_wav iswm_eaf iswm_xml iswm_tsv,,672058,674336,##	adp	=ln	np:other	other	ln	np.h:s	=rn	rn_np	=lv	v:pred,,iswm,∅	∅	∅	∅	∅	∅	new	∅	∅	∅	∅,∅	∅	∅	∅	∅	∅	7085	∅	∅	∅	∅,∅	∅	∅	∅	∅	∅	7085	∅	∅	∅	∅
iswm_0195,mcveraa,e sēm van din̄ ma so e sē ga lama'in ... n dōdōmia 'agēnē,#	e	sē	=m	van	din̄	ma	#	so	e	sē	ga	lama'in	n	dōdōmia	agēnē,#	PERS.ART	who	=TAM1	go	reach	hither	#	CPL	PERS.ART	who	STAT	know	ART	thought	DEM2.A,or someone is coming or who knows this reasoning,en,MORPHEME_ALIGNED,,iswm_mp3 iswm_wav iswm_eaf iswm_xml iswm_tsv,,674336,677654,##	ln	np.h:s	=lv	v:pred	rv	rv	##	other	ln	np.h:a	lv	v:pred	ln	np:p	rn_dem2,,iswm,∅	∅	new	∅	∅	∅	∅	∅	∅	∅	∅	∅	∅	∅	bridging	∅,∅	∅	7086	∅	∅	∅	∅	∅	∅	∅	7086	∅	∅	∅	7087	∅,∅	∅	7086	∅	∅	∅	∅	∅	∅	∅	7086	∅	∅	∅	7087	∅
iswm_0196,mcveraa,dine as ēn binigi dim van van van van dim qal gōr so 'ō n ge kēgēn,#	di	ne	as	ēn	bini	-gi	#	di	=m	van	van	van	van	#	di	=m	qal	gōr	#	so	'ō	n	ge	kēgēn,#	3SG	TAM2:3SG	rub	ART	hand/arm	-3SG	#	3SG	=TAM1	go	go	go	go	#	3SG	=TAM1	hit	secure	#	CPL	INTERJ	ART	THING	LOC.DEM2,"he will rub his hands. He goes on and on until he gets it: Oh, this thing is here,",en,MORPHEME_ALIGNED,,iswm_mp3 iswm_wav iswm_eaf iswm_xml iswm_tsv,,677654,682691,##	pro.h:a	lv-pro_h_a	v:pred	ln	np:p	-rn_pro.h:poss	##	pro.h:s	=lv	v:pred	rv	rv	rv	##	pro.h:s	=lv	v:pred	rv	#ds_cc	other	other	ln	np:s	dem_other:pred,,iswm,∅	∅	∅	∅	∅	bridging	∅	∅	∅	∅	∅	∅	∅	∅	∅	∅	∅	∅	∅	∅	∅	∅	∅	∅	∅,∅	7086	∅	∅	∅	7088	7086	∅	7086	∅	∅	∅	∅	∅	∅	7086	∅	∅	∅	∅	∅	∅	∅	7085	∅,∅	7086	∅	∅	∅	7088	7086	∅	7086	∅	∅	∅	∅	∅	∅	7086	∅	∅	∅	∅	∅	∅	∅	7085	∅
iswm_0197,mcveraa,'an̄sara 'ekēgēn,#	'an̄sara	'ekēgēn,#	person	LOC.DEM2,the person is here.,en,MORPHEME_ALIGNED,,iswm_mp3 iswm_wav iswm_eaf iswm_xml iswm_tsv,,682691,684285,#ds_cc	np.h:s	dem_other:pred,,iswm,∅	∅	∅,∅	7085	∅,∅	7085	∅
iswm_0198,mcveraa,nikm vesir no sir ba di kēgēn,#	nik	=m	vesir	no	sir	ZERO	#	ba	di	kēgēn,#	2SG	=TAM1	ask	1SG	for	ZERO	#	but	3SG	LOC.DEM2,"You asked me about him, and he is here.",en,MORPHEME_ALIGNED,,iswm_mp3 iswm_wav iswm_eaf iswm_xml iswm_tsv,,684285,686412,##ds	pro.2:a	=lv	v:pred	pro.1:p	adp	0.h:obl	##ds	other	pro.h:s	dem_other:pred,,iswm,∅	∅	∅	∅	∅	∅	∅	∅	∅	∅	∅,∅	7010	∅	∅	7083	∅	7001	∅	∅	7001	∅,∅	7010	∅	∅	7083	∅	7001	∅	∅	7001	∅
iswm_0199,mcveraa,'ubun e Wōwut m da n san dōdōmia 'a sa nē'ē,#	'ubu-n	e	Wōwut	m	da	n	sa	=n	dōdōmia	a	sa	nē'ē,#	grandparent/child-CS	PERS.ART	Wōwut	TAM1	do	ART	EMPH	=ART	thought	a	EMPH	DEM1,Wowōt's grandfather did exactly this:,en,MORPHEME_ALIGNED,,iswm_mp3 iswm_wav iswm_eaf iswm_xml iswm_tsv,,686412,689591,##	np.h:a	rn	rn_pn_np.h:poss	lv	v:pred	nc	other	=ln	np:p	nc	nc	nc,,iswm,∅	∅	∅	∅	∅	∅	∅	∅	∅	∅	∅	∅	∅,∅	7083	∅	7001	∅	∅	∅	∅	∅	7087	∅	∅	∅,∅	7083	∅	7001	∅	∅	∅	∅	∅	7087	∅	∅	∅
iswm_0200,mcveraa,dim as ēn binigi segēn dim van van van van viaklu qēn n̄ēn̄ērēgi dōl 'a Vunu Lava,#	di	=m	as	ēn	bini	-gi	segēn	#	di	=m	van	van	van	#	ZERO	van	viaklu	qē'	=n	n̄ē-n̄ērē-gi	dōl	'a	Vunu	Lava,#	3SG	=TAM1	rub	ART	hand/arm	-3SG	MAN.DEM2	#	3SG	=TAM1	go	go	go	#	ZERO	go	through	finish	=ART	shore/point-3SG	all	ASS.SP	Vunu	Lava,he rubbed his hands like this and he went and went on and on throughout all the shores of Vanua Lava.,en,WORD_ALIGNED,,iswm_mp3 iswm_wav iswm_eaf iswm_xml iswm_tsv,,689591,695223,##	pro.h:a	=lv	v:pred	ln	np:p	-rn_pro.h:poss	dem2_other	##	pro.h:s	=lv	v:pred	rv	rv	##	0.h:s	v:pred	rv	rv	=ln	np:p	rn	rn	rn_pn_np	rn,,iswm,∅	∅	∅	∅	∅	bridging	∅	∅	∅	∅	∅	∅	∅	∅	∅	∅	∅	∅	∅	∅	new	∅	∅	∅	∅,∅	7083	∅	∅	∅	7089	7083	∅	∅	7083	∅	∅	∅	∅	∅	7083	∅	∅	∅	∅	7090	∅	∅	∅	∅,∅	7083	∅	∅	∅	7089	7083	∅	∅	7083	∅	∅	∅	∅	∅	7083	∅	∅	∅	∅	7090	∅	∅	∅	∅
iswm_0201,mcveraa,dim qē'ēg lu ma kēgēn dim van vavan wo dim din̄ lēn Lates,#	di	=m	qē'ēg	lu	ma	kēgēn	#	di	van	vavan	#	wo	di	=m	din̄	lē	=n	Lates,#	3SG	=TAM1	begin	through	hither	LOC.DEM2	#	3SG	go	RED-go	#	and	3SG	=TAM1	reach	LOC	=ART	Lates,"He started out here, he went and he reached Lates,",en,WORD_ALIGNED,,iswm_mp3 iswm_wav iswm_eaf iswm_xml iswm_tsv,,695223,700740,##	pro.h:s	=lv	v:pred	rv	rv	dem_other:l	##	pro.h:s	v:pred	other	##	other	pro.h:s	=lv	v:pred	adp	=ln	pn_np:g,,iswm,∅	∅	∅	∅	∅	∅	∅	∅	∅	∅	∅	∅	∅	∅	∅	∅	∅	∅	new,∅	7083	∅	∅	∅	∅	∅	∅	7083	∅	∅	∅	∅	7083	∅	∅	∅	∅	7091,∅	7083	∅	∅	∅	∅	∅	∅	7083	∅	∅	∅	∅	7083	∅	∅	∅	∅	7091
iswm_0202,mcveraa,di ne kalrak suw ma,#	di	ne	kalrak	suw	ma,#	3SG	TAM2:3SG	get.up	down	hither,"he got up down here,",en,MORPHEME_ALIGNED,,iswm_mp3 iswm_wav iswm_eaf iswm_xml iswm_tsv,,700740,702251,##	pro.h:s	lv-pro_h_s	v:pred	rv	rv,,iswm,∅	∅	∅	∅	∅	∅,∅	7083	∅	∅	∅	∅,∅	7083	∅	∅	∅	∅
iswm_0203,mcveraa,ne van suw 'a Mē'ēsarig,#	ZERO	ne	van	suw	a	Mē'ēsarig,#	ZERO	TAM2:3SG	go	down	LOC.SP	place.name,"went down to Mē'ēsarig,",en,MORPHEME_ALIGNED,,iswm_mp3 iswm_wav iswm_eaf iswm_xml iswm_tsv,,702251,703836,##	0.h:s	lv-pro_h_s	v:pred	rv	adp	pn_np:g,,iswm,∅	∅	∅	∅	∅	∅	new,∅	7083	∅	∅	∅	∅	7092,∅	7083	∅	∅	∅	∅	7092
iswm_0204,mcveraa,dim van rak suw ma lēn Lan̄tir wo,#	di	=m	van	rak	suw	ma	lē	=n	Lan̄tir	#	wo,#	3SG	=TAM1	go	remove	down	hither	LOC	=ART	place.name	#	and,he went out down to Lan̄tir and,en,MORPHEME_ALIGNED,,iswm_mp3 iswm_wav iswm_eaf iswm_xml iswm_tsv,,703836,706029,##	pro.h:s	=lv	v:pred	rv	rv	rv	adp	=ln	pn_np:g	##	other,,iswm,∅	∅	∅	∅	∅	∅	∅	∅	∅	∅	∅	∅,∅	7083	∅	∅	∅	∅	∅	∅	∅	7007	∅	∅,∅	7083	∅	∅	∅	∅	∅	∅	∅	7007	∅	∅
iswm_0205,mcveraa,nōgin vu' lēn binigi ne 'aram mē diē so,nō	-gi	=n	vu'	lē	=n	bini	-gi	ne	'aram	mē	diē	so,POSS.DOM	-3SG	=ART	spirit	LOC	=ART	hand/arm	-3SG	TAM2:3SG	inform	DAT	3SG	QUOT,and then his spirit in his hands told him:,en,MORPHEME_ALIGNED,,iswm_mp3 iswm_wav iswm_eaf iswm_xml iswm_tsv,,706029,708884,ln	-ln_pro.h:poss	=ln	np.d:s_ds	rn_adp	=rn	rn_np	-rn_pro.h:poss	lv-pro_d_s_ds	v:pred	adp	pro.h:g	other,,iswm,∅	∅	∅	new	∅	∅	∅	∅	∅	∅	∅	∅	∅,∅	7083	∅	7094	∅	∅	7089	7083	∅	∅	∅	7083	∅,∅	7083	∅	7094	∅	∅	7089	7083	∅	∅	∅	7083	∅
iswm_0206,mcveraa,nēn 'ubums 'ir 'i sag ... suwēn mal ma',#	nē	=n	'ubu	-m	#	ZERO	=s	'ir	'i	sag	suwēn	#	ZERO	mal	ma',#	DEM1	=ART	grandparent/child	-2SG	#	ZERO	=SIM	stand	DEL	up	downwind	#	ZERO	REM.PST	dead,"this is your grandchild standing down there, is already dead.",en,MORPHEME_ALIGNED,,iswm_mp3 iswm_wav iswm_eaf iswm_xml iswm_tsv,,708884,712847,#ds	dem_pro:s	=ln	np.h:pred	-rn_pro.2:poss	#ds_rc	0.h:s	=lv	v:pred	rv	rv	other:l	##ds	0.h:s	lv	v:pred,,iswm,∅	∅	∅	∅	∅	∅	∅	∅	∅	∅	∅	∅	∅	∅	∅	∅,∅	7001	∅	∅	7083	∅	7001	∅	∅	∅	∅	∅	∅	7001	∅	∅,∅	7001	∅	∅	7083	∅	7001	∅	∅	∅	∅	∅	∅	7001	∅	∅
iswm_0207,mcveraa,di ne 'aram kel ne ulul kel man ni'igi n 'aman e Wōwut ne 'aram mē di so,#	di	ne	'aram	kēl	#	ZERO	ne	ulul	kēl	ma	=n	ni'i	-gi	n	'ama-n	e	Wōwut	#	ZERO	ne	'aram	mē	di	so,#	3SG	TAM2:3SG	inform	back	#	ZERO	TAM2:3SG	RED:call	back	hither	=ART	small	-3SG	ART	father-CS	PERS.ART	Wōwut	#	ZERO	TAM2:3SG	inform	DAT	3SG	QUOT,"Then he passed the message on, called for his child, Wowōt's father, and told him:",en,MORPHEME_ALIGNED,,iswm_mp3 iswm_wav iswm_eaf iswm_xml iswm_tsv,,712847,718229,##	pro.h:s	lv-pro_h_s	v:pred	rv	##	0.h:a	lv-pro_h_a	v:pred	rv	rv	=ln	np.h:p	-rn_pro.h:poss	ln	np.h:dt_p	rn	rn_pn_np.h:poss	##	0.h:s_ds	lv-pro_h_s_ds	v:pred	adp	pro.h:g	other,,iswm,∅	∅	∅	∅	∅	∅	∅	∅	∅	∅	∅	∅	∅	∅	∅	∅	∅	∅	∅	∅	∅	∅	∅	∅	∅,∅	7083	∅	∅	∅	∅	7083	∅	∅	∅	∅	∅	7010	7083	∅	7010	∅	7001	∅	7083	∅	∅	∅	7010	∅,∅	7083	∅	∅	∅	∅	7083	∅	∅	∅	∅	∅	7010	7083	∅	7010	∅	7001	∅	7083	∅	∅	∅	7010	∅
iswm_0208,mcveraa,ni'im managi din Wōwut dirm vus diēs 'ir 'i sag 'i,#	ni'i	-m	#	mana-gi	di	=n	Wōwut	%	dir	=m	vus	diē	#	ZERO	=s	'ir	'i	sag	'i,#	small	-2SG	#	reason-3SG	3SG	=ART	Wōwut	%	3PL	=TAM1	kill	3SG	#	ZERO	=SIM	stand	DEL	up	DEL,"your child, because he is a Wowōt, they killed him (who is) standing up there.",en,MORPHEME_ALIGNED,,iswm_mp3 iswm_wav iswm_eaf iswm_xml iswm_tsv,,718229,722008,##ds	np.h:dt_p	-rn_pro.2:poss	#ds.ac	other	pro.h:s	=ln	pn_np.h:pred	%	pro.h:a	=lv	v:pred	pro.h:p	##ds	0.h:s	=lv	v:pred	rv	rv	rv,,iswm,∅	∅	∅	∅	∅	∅	∅	∅	∅	∅	∅	∅	∅	∅	∅	∅	∅	∅	∅	∅,∅	7001	7010	∅	∅	7001	∅	∅	∅	7042	∅	∅	7001	∅	7001	∅	∅	∅	∅	∅,∅	7001	7010	∅	∅	7001	∅	∅	∅	7042	∅	∅	7001	∅	7001	∅	∅	∅	∅	∅
iswm_0209,mcveraa,sag 'a Lan̄tir,sag	a	Lan̄tir,up	LOC.SP	place.name,Up at Lan̄tir.,en,MORPHEME_ALIGNED,,iswm_mp3 iswm_wav iswm_eaf iswm_xml iswm_tsv,,722008,724074,other	adp	pn_np:l,,iswm,∅	∅	∅,∅	∅	7007,∅	∅	7007
iswm_0210,mcveraa,qē' n sava ne da duruk rara wuva sir,#	qē'	n	sava	ne	da	#	duru	=k	rara	wuva	sir	ZERO,#	finish	ART	what	TAM2:3SG	do	#	3DL	=TAM2	cry	only	for	ZERO,Then that made that the two just cried because of (him).,en,MORPHEME_ALIGNED,,iswm_mp3 iswm_wav iswm_eaf iswm_xml iswm_tsv,,724074,727142,##	other	ln	np:s	lv-pro_s	v:pred	#cc	pro.h:s	=lv	v:pred	other	adp	0.h:obl,,iswm,∅	∅	∅	∅	∅	∅	∅	∅	∅	∅	∅	∅	∅,∅	∅	∅	∅	∅	∅	∅	7008	∅	∅	∅	∅	7001,∅	∅	∅	∅	∅	∅	∅	7008	∅	∅	∅	∅	7001
iswm_0211,mcveraa,sul dōlm rōn̄ dirēk van mak rara mē duruō,#	sul	dōl	=m	rōn̄	#	dir	=ēk	van	ma	#	ZERO	=k	rara	mē	duruō,#	folks	all	=TAM1	feel	#	3PL	=TAM2	go	hither	#	ZERO	=TAM2	cry	DAT	3DL,All the people heard (it) and they came and cried out to them (DL),en,MORPHEME_ALIGNED,,iswm_mp3 iswm_wav iswm_eaf iswm_xml iswm_tsv,,727142,730022,##	np.h:s	rn	=lv	v:pred	##	pro.h:s	=lv	v:pred	rv	##	0.h:s	=lv	v:pred	adp	pro.h:obl,,iswm,∅	bridging	∅	∅	∅	∅	∅	∅	∅	∅	∅	∅	∅	∅	∅	∅,∅	7095	∅	∅	∅	∅	7095	∅	∅	∅	∅	7095	∅	∅	∅	7008,∅	7095	∅	∅	∅	∅	7095	∅	∅	∅	∅	7095	∅	∅	∅	7008
iswm_0212,mcveraa,sir ēn 'erē ge 'anē,#	sir	ēn	'erē	ge	anē,#	for	ART	PL	THING	DEM1.A,"because of these things,",en,MORPHEME_ALIGNED,,iswm_mp3 iswm_wav iswm_eaf iswm_xml iswm_tsv,,730022,732235,#nc	nc	nc	nc	nc	nc,,iswm,∅	∅	∅	∅	∅	∅,∅	∅	∅	∅	∅	∅,∅	∅	∅	∅	∅	∅
iswm_0213,mcveraa,sir ēn 'erē dōdōmia 'anē'ē reksem ge 'anē'ē,#	sir	ēn	'erē	dōdōmia	anē'ē	#	rekse	ZERO	=m	ge	anē'ē	%,#	for	ART	PL	thought	DEM1.A	#	like	ZERO	=TAM1	THING	DEM1.A	%,because of these ideas that did something to this one. (?),en,MORPHEME_ALIGNED,,iswm_mp3 iswm_wav iswm_eaf iswm_xml iswm_tsv,,732235,737487,##	adp	ln	ln	np:other	rn_dem1	#rc_rn	other	0:s	=lv	v:pred	dem1_other	%,,iswm,∅	∅	∅	∅	∅	∅	∅	∅	∅	∅	∅	∅	∅,∅	∅	∅	∅	∅	∅	∅	∅	∅	∅	∅	∅	∅,∅	∅	∅	∅	∅	∅	∅	∅	∅	∅	∅	∅	∅
iswm_0214,mcveraa,dirēk rara mē duru sir,dir	=ēk	rara	mē	duru	sir	ZERO,3PL	=TAM2	cry	DAT	3DL	for	ZERO,They cried for to them.,en,MORPHEME_ALIGNED,,iswm_mp3 iswm_wav iswm_eaf iswm_xml iswm_tsv,,737487,739758,pro.h:s	=lv	v:pred	adp	pro.h:obl	adp	0.h:obl,,iswm,∅	∅	∅	∅	∅	∅	∅,7095	∅	∅	∅	7008	∅	7008,7095	∅	∅	∅	7008	∅	7008
iswm_0215,mcveraa,lēn qē' lēn dōdōmia 'anē'ēm qē' dirēm rara qē' sir,#	lēn	qē'	lē	#	=n	dōdōmia	anē'ē	=m	qē'	#	dir	=ēm	rara	qē'	sir	ZERO,#	lēn	finish	LOC	#	=ART	thought	DEM1.A	=TAM1	finish	#	3PL	=TAM1	cry	finish	for	ZERO,"In this spirit it was finished, when they had cried for (it),",en,MORPHEME_ALIGNED,,iswm_mp3 iswm_wav iswm_eaf iswm_xml iswm_tsv,,739758,744146,#nc	nc	nc	nc	##	=ln	np:s	rn_dem1	=lv	v:pred	##	pro.h:s	=lv	v:pred	rv	adp	0.h:obl,,iswm,∅	∅	∅	∅	∅	∅	∅	∅	∅	∅	∅	∅	∅	∅	∅	∅	∅,∅	∅	∅	∅	∅	∅	∅	∅	∅	∅	∅	7095	∅	∅	∅	∅	7001,∅	∅	∅	∅	∅	∅	∅	∅	∅	∅	∅	7095	∅	∅	∅	∅	7001
iswm_0216,mcveraa,'enei ..eh.. n 'aman e Wōwut ne tēk mē e raga sul nōgi so,#	enei	eh	n	'ama-n	e	Wōwut	ne	tēk	mē	e	raga	sul	nō	-gi	so,#	now	HES	ART	father-CS	PERS.ART	Wōwut	TAM2:3SG	speak	DAT	PERS.ART	people	folks	nō	-3SG	QUOT,then Wowōt's father said to his people:,en,MORPHEME_ALIGNED,,iswm_mp3 iswm_wav iswm_eaf iswm_xml iswm_tsv,,744146,751100,##	other	nc	ln	np.h:s_ds	rn	rn_pn_np.h:poss	lv-pro_h_s_ds	v:pred	adp	ln	ln	np.h:g	rn	-rn_pro.h:poss	other,,iswm,∅	∅	∅	∅	∅	∅	∅	∅	∅	∅	∅	∅	∅	∅	∅	∅,∅	∅	∅	∅	7010	∅	7001	∅	∅	∅	∅	∅	7095	∅	7010	∅,∅	∅	∅	∅	7010	∅	7001	∅	∅	∅	∅	∅	7095	∅	7010	∅
iswm_0217,mcveraa,si wo kimi me birin̄ m̄as no no ga mōrōs,#	si	wo	kimi	me	birin̄	m̄as	no	#	no	ga	mōrōs,#	or	and	2PL	ABIL1	help	ABiL2	1SG	#	1SG	STAT	want,If you can help me I want,en,MORPHEME_ALIGNED,,iswm_mp3 iswm_wav iswm_eaf iswm_xml iswm_tsv,,751100,753862,##ds	other	other	pro.2:a	lv	v:pred	rv	pro.1:p	##ds	pro.1:s	lv	v:pred,,iswm,∅	∅	∅	∅	∅	∅	∅	∅	∅	∅	∅	∅,∅	∅	∅	7095	∅	∅	∅	7010	∅	7010	∅	∅,∅	∅	∅	7095	∅	∅	∅	7010	∅	7010	∅	∅
iswm_0218,mcveraa,gēdēk van kel sir ēn ni'ik,#	gidē	=k	van	kēl	sir	ēn	ni'i	-k,#	1PL.IN	=TAM2	go	back	for	ART	small	-1SG,(that) we go back for my child.,en,MORPHEME_ALIGNED,,iswm_mp3 iswm_wav iswm_eaf iswm_xml iswm_tsv,,753862,755979,#ds_cc	pro.1:s	=lv	v:pred	rv	adp	ln	np.h:g	-rn_pro.1:poss,,iswm,∅	bridging	∅	∅	∅	∅	∅	∅	∅,∅	7096	∅	∅	∅	∅	∅	7001	7010,∅	7096	∅	∅	∅	∅	∅	7001	7010
iswm_0219,mcveraa,n qō gēnē won man̄ra gēnē no me gis gēdēk van,#	n	qō	gēnē	#	wo	=n	man̄ra	gēnē	#	no	me	gis	ZERO	#	gidē	=k	van,#	ART	pig	DEM2	#	and	=ART	money	DEM2	#	1SG	FUT	hold	ZERO	#	1PL.IN	=TAM2	go,"Here is a pig and here is (shell) money (that) I will hold, and then we go.",en,MORPHEME_ALIGNED,,iswm_mp3 iswm_wav iswm_eaf iswm_xml iswm_tsv,,755979,759153,##ds	ln	np:pred	dem_pro:s	##ds	other	=ln	np:pred	dem_pro:s	##ds	pro.1:a	lv	v:pred	0:p	##ds	pro.1:s	=lv	v:pred,,iswm,∅	∅	∅	new	∅	∅	∅	∅	new	∅	∅	∅	∅	bridging	∅	∅	∅	∅,∅	∅	∅	7097	∅	∅	∅	∅	7098	∅	7010	∅	∅	7099	∅	7096	∅	∅,∅	∅	∅	7097	∅	∅	∅	∅	7098	∅	7010	∅	∅	7099	∅	7096	∅	∅
iswm_0220,mcveraa,so itok gēdēk van,#	ZERO	so	#	itok	#	gidē	=k	van,#	ZERO	CPL	#	good	#	1PL.IN	=TAM2	go,"Alright, let's go.",en,MORPHEME_ALIGNED,,iswm_mp3 iswm_wav iswm_eaf iswm_xml iswm_tsv,,759153,760555,##	0.h:s	other:pred	##ds	v:pred	##ds	pro.1:s	=lv	v:pred,,iswm,∅	∅	∅	∅	∅	∅	∅	∅	∅,∅	7096	∅	∅	∅	∅	7096	∅	∅,∅	7096	∅	∅	∅	∅	7096	∅	∅
iswm_0221,mcveraa,dirēm gis rak ēn .. nēnēn 'erē m̄ōgm̄ōglēge 'anē'ē,#	dir	=ēm	gis	rak	ēn	nēnēn	'erē	m̄ōgm̄ōglēge	anē'ē,#	3PL	=TAM1	hold	remove	ART	nēnēn	PL	things	DEM1.A,They took all these things,en,MORPHEME_ALIGNED,,iswm_mp3 iswm_wav iswm_eaf iswm_xml iswm_tsv,,760555,766005,##	pro.h:a	=lv	v:pred	rv	ln	nc	ln	np:p	rn_dem1,,iswm,∅	∅	∅	∅	∅	∅	∅	∅	∅	∅,∅	7096	∅	∅	∅	∅	∅	∅	7099	∅,∅	7096	∅	∅	∅	∅	∅	∅	7099	∅
iswm_0222,mcveraa,man̄ra won qō raw,man̄ra	wo	=n	qō	raw,money	and	=ART	pig	hermaphrodite.pig,"the money and the pig, a hermaphrodite pig,",en,MORPHEME_ALIGNED,,iswm_mp3 iswm_wav iswm_eaf iswm_xml iswm_tsv,,766005,771858,np:dt_p	rn	=rn	rn_np	rn_np,,iswm,∅	∅	∅	∅	∅,7098	∅	∅	7097	∅,7098	∅	∅	7097	∅
iswm_0223,mcveraa,dirēk van,#	dir	=ēk	van,#	3PL	=TAM2	go,then they went.,en,MORPHEME_ALIGNED,,iswm_mp3 iswm_wav iswm_eaf iswm_xml iswm_tsv,,771858,773807,##	pro.h:s	=lv	v:pred,,iswm,∅	∅	∅	∅,∅	7096	∅	∅,∅	7096	∅	∅
iswm_0224,mcveraa,dirēm van vavavan din̄ 'a ... 'a Bē gor wa'ag,#	dir	=ēm	van	#	ZERO	vavavan	din̄	'a	a	Bēgorwa'ag,#	3PL	=TAM1	go	#	ZERO	RED-go	reach	'a	LOC.SP	place.name,"They went on and on until they came to river Bē gōr wa'ag,",en,WORD_ALIGNED,,iswm_mp3 iswm_wav iswm_eaf iswm_xml iswm_tsv,,773807,780067,##	pro.h:s	=lv	v:pred	##	0.h:s	v:pred	rv	nc	adp	pn_np:g,,iswm,∅	∅	∅	∅	∅	∅	∅	∅	∅	∅	new,∅	7096	∅	∅	∅	7096	∅	∅	∅	∅	7100,∅	7096	∅	∅	∅	7096	∅	∅	∅	∅	7100
iswm_0225,mcveraa,dir dōl sag 'i kēnē,#	dir	dōl	sag	'i	kēnē,#	3PL	all	sag	DEL	LOC.DEM1,and there they sat down.,en,MORPHEME_ALIGNED,,iswm_mp3 iswm_wav iswm_eaf iswm_xml iswm_tsv,,780067,781975,##	pro.h:s	rn	v:pred	rv	dem_other:l,,iswm,∅	∅	∅	∅	∅	∅,∅	7096	∅	∅	∅	7100,∅	7096	∅	∅	∅	7100
iswm_0226,mcveraa,dirēk vetren̄ ēn maranag ne vōwal 'ōn wis ma',#	dir	=ēk	vetren̄	ēn	maranag	ne	vō-wal	'ō'	=n	wisma',#	3PL	=TAM2	send	ART	chief	rn	NUM-one	with	=ART	k.o.plant,They sent a chief with a 'wis ma'' [sign of peace].,en,MORPHEME_ALIGNED,,iswm_mp3 iswm_wav iswm_eaf iswm_xml iswm_tsv,,781975,785503,##	pro.h:a	=lv	v:pred	ln	np.h:p	rn	rn	adp	=ln	np:obl,,iswm,∅	∅	∅	∅	∅	bridging	∅	∅	∅	∅	new,∅	7096	∅	∅	∅	7101	∅	∅	∅	∅	7102,∅	7096	∅	∅	∅	7101	∅	∅	∅	∅	7102
iswm_0227,mcveraa,dim gis ēn wis ma' segēn,#	di	=m	gis	ēn	wisma'	segēn,#	3SG	=TAM1	hold	ART	k.o.plant	MAN.DEM2,"He held the ""wis ma'"" like this.",en,MORPHEME_ALIGNED,,iswm_mp3 iswm_wav iswm_eaf iswm_xml iswm_tsv,,785503,787847,##	pro.h:a	=lv	v:pred	ln	np:p	dem2_other,,iswm,∅	∅	∅	∅	∅	∅	∅,∅	7101	∅	∅	∅	7102	∅,∅	7101	∅	∅	∅	7102	∅
iswm_0228,mcveraa,dim vanvan wo n qō won man̄ra,#	di	=m	vanvan	wo	=n	qō	wo	=n	man̄ra,#	3SG	=TAM1	RED:go	and	=ART	pig	and	=ART	money,He went with the pig and the money.,en,MORPHEME_ALIGNED,,iswm_mp3 iswm_wav iswm_eaf iswm_xml iswm_tsv,,787847,790846,##	pro.h:s	=lv	v:pred	other	=ln	np:dt	other	=ln	np:dt,,iswm,∅	∅	∅	∅	∅	∅	∅	∅	∅	∅,∅	7101	∅	∅	∅	∅	7097	∅	∅	7098,∅	7101	∅	∅	∅	∅	7097	∅	∅	7098
iswm_0229,mcveraa,dirēm vetren̄ di 'ō dim van van van dim kal lēn vunu 'a Lan̄tir,#	dir	=ēm	vetren̄	di	'ō'	ZERO	#	di	=m	van	van	van	#	di	=m	kal	lē	=n	vunu	'a	Lan̄tir,#	3PL	=TAM1	send	3SG	with	ZERO	#	3SG	=TAM1	go	go	go	#	3SG	=TAM1	enter	LOC	=ART	land	ASS.SP	place.name,"They sent him with (it), and he went on and on until he came into the village of Lan̄tir.",en,MORPHEME_ALIGNED,,iswm_mp3 iswm_wav iswm_eaf iswm_xml iswm_tsv,,790846,795770,##	pro.h:a	=lv	v:pred	pro.h:p	adp	0:obl	##	pro.h:s	=lv	v:pred	rv	rv	##	pro.h:s	=lv	v:pred	adp	=ln	np:g	rn	rn_pn_np,,iswm,∅	∅	∅	∅	∅	∅	∅	∅	∅	∅	∅	∅	∅	∅	∅	∅	∅	∅	∅	∅	∅	∅,∅	7096	∅	∅	7101	∅	7102	∅	7101	∅	∅	∅	∅	∅	7101	∅	∅	∅	∅	7007	∅	∅,∅	7096	∅	∅	7101	∅	7102	∅	7101	∅	∅	∅	∅	∅	7101	∅	∅	∅	∅	7007	∅	∅
iswm_0230,mcveraa,dim kal lēn vunu Lan̄tir,#	di	=m	kal	lē	=n	vunu	Lan̄tir,#	3SG	=TAM1	enter	LOC	=ART	land	place.name,When he came into the village of Lan̄tir,en,MORPHEME_ALIGNED,,iswm_mp3 iswm_wav iswm_eaf iswm_xml iswm_tsv,,795770,799214,##	pro.h:s	=lv	v:pred	adp	=ln	np:g	rn_pn_np,,iswm,∅	∅	∅	∅	∅	∅	∅	∅,∅	7101	∅	∅	∅	∅	7007	∅,∅	7101	∅	∅	∅	∅	7007	∅
iswm_0231,mcveraa,di ne tēk mēn e raga 'a kēnē so kamam van kel ma sir ēn 'irbēn ... 'irbēn e Wōwut,#	di	ne	tēk	mē-n	e	raga	'a	kēnē	so	#	kamam	van	kēl	ma	sir	ēn	'irbē-n	'irbē-n	e	Wōwut,#	3SG	TAM2:3SG	speak	DAT-CS	PERS.ART	people	ASS.SP	LOC.DEM1	QUOT	#	1PL.EX	go	back	hither	for	ART	body-CS	body-CS	PERS.ART	Wōwut,he said to the people there: we came back here for Wowōt's body.,en,MORPHEME_ALIGNED,,iswm_mp3 iswm_wav iswm_eaf iswm_xml iswm_tsv,,799214,804293,##	pro.h:s_ds	lv-pro_h_s_ds	v:pred	adp	ln	np.h:g	rn	rn_dem1	other	##ds	pro.1:s	v:pred	rv	rv	adp	ln	nc	np:obl	rn	rn_pn_np.h:poss,,iswm,∅	∅	∅	∅	∅	∅	bridging	∅	∅	∅	∅	∅	∅	∅	∅	∅	∅	∅	∅	∅	∅,∅	7101	∅	∅	∅	∅	7103	∅	∅	∅	∅	7096	∅	∅	∅	∅	∅	∅	7056	∅	7001,∅	7101	∅	∅	∅	∅	7103	∅	∅	∅	∅	7096	∅	∅	∅	∅	∅	∅	7056	∅	7001
iswm_0232,mcveraa,maranaga 'a kēnē ne gis gōr ēn ... ēn 'eveg 'anē wo ne gis gōr ēn qō,#	maranaga	'a	kēnē	ne	gis	gōr	ēn	ēn	'eveg	anē	#	wo	ZERO	ne	gis	gōr	ēn	qō,#	chief	ASS.SP	LOC.DEM1	TAM2:3SG	hold	secure	ART	ART	money	DEM1.A	#	and	ZERO	TAM2:3SG	hold	secure	ART	pig,The chief from there took the (shell) money and the pig,en,MORPHEME_ALIGNED,,iswm_mp3 iswm_wav iswm_eaf iswm_xml iswm_tsv,,804293,808630,##	np.h:a	rn	rn_dem1	lv-pro_h_a	v:pred	rv	nc	ln	np:p	rn_dem1	##	other	0.h:a	lv-pro_h_a	v:pred	rv	ln	np:p,,iswm,∅	new	∅	∅	∅	∅	∅	∅	∅	∅	∅	∅	∅	∅	∅	∅	∅	∅	∅,∅	7104	∅	∅	∅	∅	∅	∅	∅	7098	∅	∅	∅	7104	∅	∅	∅	∅	7097,∅	7104	∅	∅	∅	∅	∅	∅	∅	7098	∅	∅	∅	7104	∅	∅	∅	∅	7097
iswm_0233,mcveraa,ne tēk mē dir so n mē'ēsalam ga 'uw mē nikē,#	ZERO	ne	tēk	mē	dir	so	#	n	mē'ēsala	-m	ga	'uw	mē	nikē,#	ZERO	TAM2:3SG	speak	DAT	3PL	QUOT	#	ART	way	-2SG	STAT	loosen	DAT	2SG,and said to them: Your road is open for you.,en,MORPHEME_ALIGNED,,iswm_mp3 iswm_wav iswm_eaf iswm_xml iswm_tsv,,808630,812590,##	0.h:s_ds	lv-pro_h_s_ds	v:pred	adp	pro.h:g	other	##ds	ln	np:s	-rn_pro.2:poss	lv	v:pred	adp	pro.2:g,,iswm,∅	∅	∅	∅	∅	∅	∅	∅	∅	new	∅	∅	∅	∅	∅,∅	7104	∅	∅	∅	7096	∅	∅	∅	7105	7096	∅	∅	∅	7096,∅	7104	∅	∅	∅	7096	∅	∅	∅	7105	7096	∅	∅	∅	7096
iswm_0234,mcveraa,van le kel ēn ni'im sin 'ubum,#	ZERO	van	#	ZERO	le	kēl	ēn	ni'i	-m	si	=n	'ubu	-m,#	ZERO	go	#	ZERO	transfer	back	ART	small	-2SG	or	=ART	grandparent/child	-2SG,go and take back your child or your grandchild.,en,MORPHEME_ALIGNED,,iswm_mp3 iswm_wav iswm_eaf iswm_xml iswm_tsv,,812590,815929,##ds	0.2:s	vother:pred	##ds	0.2:a	vother:pred	rv	ln	np.h:p	-rn_pro.2:poss	rn	=rn	rn_np.h	-rn_pro.2:poss,,iswm,∅	∅	∅	∅	∅	∅	∅	∅	∅	∅	∅	∅	∅	∅,∅	7096	∅	∅	7096	∅	∅	∅	7001	7010	∅	∅	7001	7083,∅	7096	∅	∅	7096	∅	∅	∅	7001	7010	∅	∅	7001	7083
iswm_0235,mcveraa,dirēk van,#	dir	=ēk	van,#	3PL	=TAM2	go,They went,en,MORPHEME_ALIGNED,,iswm_mp3 iswm_wav iswm_eaf iswm_xml iswm_tsv,,815929,817704,##	pro.h:s	=lv	v:pred,,iswm,∅	∅	∅	∅,∅	7096	∅	∅,∅	7096	∅	∅
iswm_0236,mcveraa,van rōw din̄ man 'ekē 'a Gek 'e dis 'ir 'i va'a lēn ge di mal 'og wuva reksen qōn̄ ne vōve va'a,#	ZERO	van	rōw	din̄	ma	=n	p	'a	Gek	#	e	di	=s	'ir	'i	va'a	lē	=n	ge	#	di	mal	'ōg	wuva	rekse	=n	qōn̄	ne	vō-ve'	va'a,#	ZERO	go	seawards	reach	hither	=ART	place	ASS.SP	Gek	#	DISC	3SG	=SIM	stand	DEL	already	LOC	=ART	THING	#	3SG	REM.PST	stay	only	like	=ART	night	NUM.ART	NUM-four	already,"went down to the place at Gek, the one standing already there in this thing, he had been there for four nights now.",en,MORPHEME_ALIGNED,,iswm_mp3 iswm_wav iswm_eaf iswm_xml iswm_tsv,,817704,823007,##	0.h:a	v:pred	rv	rv	rv	=ln	np:p	rn	rn_pn_np	##	other	pro.h:s	=lv	v:pred	rv	rv	adp	=ln	np:l	##	pro.h:s	lv	v:pred	rv	other	=ln	np:other	rn	rn	other,,iswm,∅	∅	∅	∅	∅	∅	∅	bridging	∅	∅	∅	∅	∅	∅	∅	∅	∅	∅	∅	∅	∅	∅	∅	∅	∅	∅	∅	new	∅	∅	∅,∅	7096	∅	∅	∅	∅	∅	7106	∅	∅	∅	∅	7001	∅	∅	∅	∅	∅	∅	7079	∅	7001	∅	∅	∅	∅	∅	7107	∅	∅	∅,∅	7096	∅	∅	∅	∅	∅	7106	∅	∅	∅	∅	7001	∅	∅	∅	∅	∅	∅	7079	∅	7001	∅	∅	∅	∅	∅	7107	∅	∅	∅
iswm_0237,mcveraa,'irbēgi mal mulumlum rekse di mal mōnō qē'ēgs ... ge bunō,#	'irbē	-gi	mal	mulumlum	#	rekse	di	mal	mōnō	qē'ēg	ge	bunō,#	body	-3SG	REM.PST	soft	#	like	3SG	REM.PST	little	begin	THING	smell,"His body had already become a little soft, like it had started to smell a bit.",en,MORPHEME_ALIGNED,,iswm_mp3 iswm_wav iswm_eaf iswm_xml iswm_tsv,,823007,828106,##	np:s	-rn_pro.h:poss	lv	v:pred	##	other	pro.h:s	lv	lv	v:pred	nc	rv,,iswm,∅	∅	∅	∅	∅	∅	∅	∅	∅	∅	∅	∅	∅,∅	7056	7001	∅	∅	∅	∅	7001	∅	∅	∅	∅	∅,∅	7056	7001	∅	∅	∅	∅	7001	∅	∅	∅	∅	∅
iswm_0238,mcveraa,lēn masōgi 'anē sa rek... dirēm le kal kel diē dirēm m̄ōn gōr lēn du vog,#	lē	=n	masō-gi	anē	sa	rek—	dir	=ēm	le	kal	kēl	diē	#	dir	=ēm	m̄ōn	gōr	ZERO	lē	=n	du	vog,#	LOC	=ART	time-3SG	DEM1.A	EMPH	NC	3PL	=TAM1	transfer	upwards	back	3SG	#	3PL	=TAM1	wrap	secure	ZERO	LOC	=ART	leaf	tree.sp,"At this point of time, they picked him up again and wrapped (him) into panundas leaves,",en,MORPHEME_ALIGNED,,iswm_mp3 iswm_wav iswm_eaf iswm_xml iswm_tsv,,828106,833050,##	adp	=ln	np:other	rn_dem1	other	nc	pro.h:a	=lv	v:pred	rv	rv	pro.h:p	##	pro.h:a	=lv	v:pred	rv	0.h:p	adp	=ln	np:obl	rn,,iswm,∅	∅	∅	∅	∅	∅	∅	∅	∅	∅	∅	∅	∅	∅	∅	∅	∅	∅	∅	∅	∅	new	∅,∅	∅	∅	∅	∅	∅	∅	7096	∅	∅	∅	∅	7001	∅	7096	∅	∅	∅	7001	∅	∅	7108	∅,∅	∅	∅	∅	∅	∅	∅	7096	∅	∅	∅	∅	7001	∅	7096	∅	∅	∅	7001	∅	∅	7108	∅
iswm_0239,mcveraa,'al di lēn du vog 'al gōr ēn 'irbēgi dōl,#	ZERO	'al	di	lē	=n	du	vog	#	ZERO	'al	gōr	ēn	'irbē	-gi	dōl,#	ZERO	tie	3SG	LOC	=ART	leaf	tree.sp	#	ZERO	tie	secure	ART	body	-3SG	all,"tied him up in panunadas leaves, tied up his entire body",en,MORPHEME_ALIGNED,,iswm_mp3 iswm_wav iswm_eaf iswm_xml iswm_tsv,,833050,836511,##	0.h:a	v:pred	pro.h:p	adp	=ln	np:obl	rn	##	0.h:a	v:pred	rv	ln	np:p	-rn_pro.h:poss	rn,,iswm,∅	∅	∅	∅	∅	∅	∅	∅	∅	∅	∅	∅	∅	∅	∅	∅,∅	7096	∅	7001	∅	∅	7108	∅	∅	7096	∅	∅	∅	7056	7001	∅,∅	7096	∅	7001	∅	∅	7108	∅	∅	7096	∅	∅	∅	7056	7001	∅
iswm_0240,mcveraa,den ēn lan̄ sin sav ga sēsēe ne rōw sag rana,#	den	ēn	lan̄	si	=n	sav	ga	sisiē	ne	rōw	sag	rana,#	ABL	ART	wind	or	=ART	what	STAT	different	TAM2:3SG	skip	up	PRO.OBL,to prevent that flies or something else will jump onto it.,en,MORPHEME_ALIGNED,,iswm_mp3 iswm_wav iswm_eaf iswm_xml iswm_tsv,,836511,839416,##	other	ln	np:s	rn	=rn	rn_np	rn	rn	lv-pro_s	v:pred	rv	other:g,,iswm,∅	∅	∅	new	∅	∅	∅	∅	∅	∅	∅	∅	∅,∅	∅	∅	7109	∅	∅	∅	∅	∅	∅	∅	∅	7001,∅	∅	∅	7109	∅	∅	∅	∅	∅	∅	∅	∅	7001
iswm_0241,mcveraa,'irbēgi dirēm sas dirēm 'al ēn woqe'enge rana,#	'irbē	-gi	dir	=ēm	sas	ZERO	#	dir	=ēm	'al	ēn	woqe'enge	rana,#	body	-3SG	3PL	=TAM1	schlep	ZERO	#	3PL	=TAM1	tie	ART	tree	PRO.OBL,"His body, they carried (it), they tied a piece of wood to it,",en,MORPHEME_ALIGNED,,iswm_mp3 iswm_wav iswm_eaf iswm_xml iswm_tsv,,839416,842416,##	np:dt_p	-rn_pro.h:poss	pro.h:a	=lv	v:pred	0:p	##	pro.h:a	=lv	v:pred	ln	np:p	other:g,,iswm,∅	∅	∅	∅	∅	∅	∅	∅	∅	∅	∅	∅	new	∅,∅	7056	7001	7096	∅	∅	7056	∅	7096	∅	∅	∅	7110	7056,∅	7056	7001	7096	∅	∅	7056	∅	7096	∅	∅	∅	7110	7056
iswm_0242,mcveraa,dirēm sas rak den 'a Lan̄tir,#	dir	=ēm	sas	rak	ZERO	den	a	Lan̄tir,#	3PL	=TAM1	schlep	remove	ZERO	ABL	LOC.SP	place.name,"they carried it out of Lan̄tir,",en,MORPHEME_ALIGNED,,iswm_mp3 iswm_wav iswm_eaf iswm_xml iswm_tsv,,842416,844220,##	pro.h:a	=lv	v:pred	rv	0:p	adp	adp	pn_np:obl,,iswm,∅	∅	∅	∅	∅	∅	∅	∅	∅,∅	7096	∅	∅	∅	7056	∅	∅	7007,∅	7096	∅	∅	∅	7056	∅	∅	7007
iswm_0243,mcveraa,dirēm van 'ō din̄ kel 'a Nōs,#	dir	=ēm	van	'ō'	din̄	kēl	ZERO	a	Nōs,#	3PL	=TAM1	go	carry	reach	back	ZERO	LOC.SP	place.name,they went with (it) until they reached Nōs again.,en,MORPHEME_ALIGNED,,iswm_mp3 iswm_wav iswm_eaf iswm_xml iswm_tsv,,844220,848149,##	pro.h:a	=lv	v:pred	rv	rv	rv	0:p	adp	pn_np:g,,iswm,∅	∅	∅	∅	∅	∅	∅	∅	∅	∅,∅	7096	∅	∅	∅	∅	∅	7056	∅	7006,∅	7096	∅	∅	∅	∅	∅	7056	∅	7006
iswm_0244,mcveraa,dim din̄ kel ma 'a Nōs n 'ubugi ne tēk mē di so kimi wom vavan 'ō kimi as mom valakra diē,#	di	=m	din̄	kēl	ma	a	Nōs	#	n	'ubu	-gi	ne	tēk	mē	di	so	#	kimi	wo	=m	va-van	'ō'	ZERO	#	kimi	as	mom	valakra	diē,#	3SG	=TAM1	reach	back	hither	LOC.SP	place.name	#	ART	grandparent/child	-3SG	TAM2:3SG	speak	DAT	3SG	QUOT	#	2PL	and	=TAM1	RED-go	carry	ZERO	#	2PL	as	mom	incorrect	3SG,"When he came back to Nōs, his grandfather said to him: when you come with (him) you mustn't put him just anywhere.",en,MORPHEME_ALIGNED,,iswm_mp3 iswm_wav iswm_eaf iswm_xml iswm_tsv,,848149,854568,##	pro.h:s	=lv	v:pred	rv	rv	adp	pn_np:g	##	ln	np.h:s_ds	-rn_pro.h:poss	lv-pro_h_s_ds	v:pred	adp	pro.h:g	other	##ds	pro.2:a	other	=lv	v:pred	rv	0.h:p	#nc	nc_pro.2	nc	nc	nc	nc,,iswm,∅	∅	∅	∅	∅	∅	∅	∅	∅	∅	∅	∅	∅	∅	∅	∅	∅	∅	∅	∅	∅	∅	∅	∅	∅	∅	∅	∅	∅	∅,∅	7010	∅	∅	∅	∅	∅	7006	∅	∅	7083	7001	∅	∅	∅	7010	∅	∅	7096	∅	∅	∅	∅	7056	∅	7096	∅	∅	∅	∅,∅	7010	∅	∅	∅	∅	∅	7006	∅	∅	7083	7001	∅	∅	∅	7010	∅	∅	7096	∅	∅	∅	∅	7056	∅	7096	∅	∅	∅	∅
iswm_0245,mcveraa,kimi mom ba'a lēn gamal muk di me 'ir 'i 'ekēnē,#	kimi	mom	ba'a	ZERO	lē	=n	gamal	mu	-k	#	di	me	'ir	'i	'ekēnē,#	2PL	mom	into	ZERO	LOC	=ART	mens'.house	POSS.GEN	-1SG	#	3SG	FUT	stand	DEL	LOC.DEM1,Put him into my gamal he will be standing here for now.,en,MORPHEME_ALIGNED,,iswm_mp3 iswm_wav iswm_eaf iswm_xml iswm_tsv,,854568,858118,##ds	pro.2:a	vother:pred	rv	0.h:p	adp	=ln	np:g	rn	-rn_pro.1:poss	##ds	pro.h:s	lv	v:pred	rv	dem_other:l,,iswm,∅	∅	∅	∅	∅	∅	∅	new	∅	∅	∅	∅	∅	∅	∅	∅,∅	7096	∅	∅	7056	∅	∅	7111	∅	7083	∅	7056	∅	∅	∅	7111,∅	7096	∅	∅	7056	∅	∅	7111	∅	7083	∅	7056	∅	∅	∅	7111
iswm_0246,mcveraa,kimi me veriv di lēn venē gamal di ne 'aq 'i kēnē,#	kimi	me	veriv	di	lē	=n	venē	gamal	#	di	ne	'aq	'i	kēnē,#	2PL	FUT	NC	3SG	LOC	=ART	middle	mens'.house	#	3SG	TAM2:3SG	duck	DEL	LOC.DEM1,Then you will lay him down in the middle of the gamal so that he will be hidden here.,en,MORPHEME_ALIGNED,,iswm_mp3 iswm_wav iswm_eaf iswm_xml iswm_tsv,,858118,861360,##ds	pro.2:a	lv	v:pred	pro.h:p	adp	=ln	ln	np:g	##ds	pro.h:s	lv-pro_h_s	v:pred	rv	dem_other:l,,iswm,∅	∅	∅	∅	∅	∅	∅	∅	∅	∅	∅	∅	∅	∅	∅,∅	7096	∅	∅	7056	∅	∅	∅	7111	∅	7056	∅	∅	∅	7111,∅	7096	∅	∅	7056	∅	∅	∅	7111	∅	7056	∅	∅	∅	7111
iswm_0247,mcveraa,dirēm van da 'a'ag reksen sava ubugim tēk mē dire,#	dir	=ēm	van	#	ZERO	da	'a-'ag	rekse	=n	sava	#	'ubu	-gi	=m	tēk	ZERO	mē	dire,#	3PL	=TAM1	go	#	ZERO	do	RED-follow	like	=ART	what	#	grandparent/child	-3SG	=TAM1	speak	ZERO	DAT	3PL,They went and did following what his grandfather had said to them.,en,MORPHEME_ALIGNED,,iswm_mp3 iswm_wav iswm_eaf iswm_xml iswm_tsv,,861360,864756,##	pro.h:s	=lv	v:pred	##	0.h:a	v:pred	v:pred	other	=ln	np:p	#rc_rn	np.h:s	-rn_pro.h:poss	=lv	v:pred	0:p	adp	pro.h:g,,iswm,∅	∅	∅	∅	∅	∅	∅	∅	∅	∅	bridging	∅	∅	∅	∅	∅	∅	∅	∅,∅	7096	∅	∅	∅	7096	∅	∅	∅	∅	7112	∅	7083	7001	∅	∅	7112	∅	7096,∅	7096	∅	∅	∅	7096	∅	∅	∅	∅	7112	∅	7083	7001	∅	∅	7112	∅	7096
iswm_0248,mcveraa,lēn masōgin 'ubugim van mam 'ēn'ēn qē' diē,#	lē	=n	masō-gi	=n	'ubu	-gi	=m	van	ma	#	ZERO	=m	'ēn'ēn	qē'	diē,#	LOC	=ART	time-3SG	=ART	grandparent/child	-3SG	=TAM1	go	hither	#	ZERO	=TAM1	RED:see	finish	3SG,"When his grandfather had come and had examined him,",en,MORPHEME_ALIGNED,,iswm_mp3 iswm_wav iswm_eaf iswm_xml iswm_tsv,,864756,869169,##	adp	=ln	np:other	=ln	np.h:s	-rn_pro.h:poss	=lv	v:pred	rv	##	0.h:a	=lv	v:pred	rv	pro.h:p,,iswm,∅	∅	∅	∅	∅	∅	∅	∅	∅	∅	∅	∅	∅	∅	∅	∅,∅	∅	∅	∅	∅	7083	7001	∅	∅	∅	∅	7083	∅	∅	∅	7056,∅	∅	∅	∅	∅	7083	7001	∅	∅	∅	∅	7083	∅	∅	∅	7056
iswm_0249,mcveraa,di ne tēk mēn ni'igin 'am̄an ... 'aman e Wōwut ne tēk so,#	di	ne	tēk	mē	=n	ni'i	-gi	=n	'am̄a-n	'ama-n	e	Wōwut	#	ZERO	ne	tēk	so,#	3SG	TAM2:3SG	speak	DAT	=ART	small	-3SG	=ART	'am̄a-CS	father-CS	PERS.ART	Wōwut	#	ZERO	TAM2:3SG	speak	QUOT,"he said to his child, Wowōt's father, said:",en,MORPHEME_ALIGNED,,iswm_mp3 iswm_wav iswm_eaf iswm_xml iswm_tsv,,869169,873028,##	pro.h:s	lv-pro_h_s	v:pred	adp	=ln	np.h:g	-rn_pro.h:poss	=ln	nc	np.h:appos	rn	rn_pn_np.h:poss	##	0.h:s_ds	lv-pro_h_s_ds	v:pred	other,,iswm,∅	∅	∅	∅	∅	∅	∅	∅	∅	∅	∅	∅	∅	∅	∅	∅	∅	∅,∅	7083	∅	∅	∅	∅	7010	7083	∅	∅	7010	∅	7001	∅	7083	∅	∅	∅,∅	7083	∅	∅	∅	∅	7010	7083	∅	∅	7010	∅	7001	∅	7083	∅	∅	∅
iswm_0250,mcveraa,no wom 'og 'ō din ... nēnēn qōn̄ ne vōvisē 'ekēgēn no ga 'awis e sē ne vōwal ne van ma ne tēktēk mē no,#	no	wo	=m	'ōg	'ō'	di	=n	nēnēn	qōn̄	ne	vō-visē	'ekēgēn	#	no	ga	'awis	#	e	sē	ne	vō-wal	ne	van	ma	#	ZERO	ne	tēktēk	mē	no,#	1SG	and	=TAM1	stay	carry	3SG	=ART	nēnēn	night	NUM.ART	NUM-how.many	LOC.DEM2	#	1SG	STAT	dislike	#	PERS.ART	who	NUM.ART	NUM-one	TAM2:3SG	go	hither	#	ZERO	TAM2:3SG	RED:speak	DAT	1SG,"when I will be staying here with him for as many nights (as it will take) I don't want anybody to come and speak to me,",en,MORPHEME_ALIGNED,,iswm_mp3 iswm_wav iswm_eaf iswm_xml iswm_tsv,,873028,880655,##ds	pro.1:a	other	=lv	v:pred	rv	pro.h:p	=ln	nc	np:other	rn	rn	dem_other:l	##ds	pro.1:s	lv	v:pred	#ds_cc	ln	np.h:s	rn	rn	lv-pro_h_s	v:pred	rv	#ds_cc	0.h:s	lv-pro_h_s	v:pred	adp	pro.1:g,,iswm,∅	∅	∅	∅	∅	∅	∅	∅	∅	∅	∅	∅	∅	∅	∅	∅	∅	∅	∅	new	∅	∅	∅	∅	∅	∅	∅	∅	∅	∅	∅,∅	7083	∅	∅	∅	∅	7056	∅	∅	∅	∅	∅	7111	∅	7083	∅	∅	∅	∅	7113	∅	∅	∅	∅	∅	∅	7113	∅	∅	∅	7083,∅	7083	∅	∅	∅	∅	7056	∅	∅	∅	∅	∅	7111	∅	7083	∅	∅	∅	∅	7113	∅	∅	∅	∅	∅	∅	7113	∅	∅	∅	7083
iswm_0251,mcveraa,si ne kal ma lēn muk ēn gamal,#	si	ZERO	ne	kal	ma	lē	=n	mu	-k	ēn	gamal,#	or	ZERO	TAM2:3SG	enter	hither	LOC	=ART	POSS.GEN	-1SG	ART	mens'.house,"or to enter my gamal,",en,MORPHEME_ALIGNED,,iswm_mp3 iswm_wav iswm_eaf iswm_xml iswm_tsv,,880655,882466,#ds_cc	other	0.h:s	lv-pro_h_s	v:pred	rv	adp	=ln	ln	-ln_pro.1:poss	ln	np:g,,iswm,∅	∅	∅	∅	∅	∅	∅	∅	∅	∅	∅	∅,∅	∅	7113	∅	∅	∅	∅	∅	∅	7083	∅	7111,∅	∅	7113	∅	∅	∅	∅	∅	∅	7083	∅	7111
iswm_0252,mcveraa,si ne ... kimi me 'ēn'ēn gōr den ēn 'an̄sar ne van ma,#	si	ne	kimi	me	'ēn'ēn	gōr	#	den	ēn	'an̄sar	ne	van	ma,#	or	TAM2:3SG	2PL	FUT	RED:see	secure	#	ABL	ART	person	TAM2:3SG	go	hither,or ... You guys will watch out and prevent any person to come here.,en,MORPHEME_ALIGNED,,iswm_mp3 iswm_wav iswm_eaf iswm_xml iswm_tsv,,882466,885082,##ds	nc	nc	pro.2:s	lv	v:pred	rv	#ds_cc	other	ln	np.h:s	lv-pro_h_s	v:pred	rv,,iswm,∅	∅	∅	∅	∅	∅	∅	∅	∅	∅	∅	∅	∅	∅,∅	∅	∅	7096	∅	∅	∅	∅	∅	∅	7113	∅	∅	∅,∅	∅	∅	7096	∅	∅	∅	∅	∅	∅	7113	∅	∅	∅
iswm_0253,mcveraa,no masgēk di masgēgi kamadu me 'og lēn ge 'alēn qōn̄ ne vōve,#	no	masgē-k	di	masgē-gi	kamadu	me	'ōg	lē	=n	ge	'alēn	qōn̄	ne	vō-ve,#	1SG	masgē-1SG	3SG	masgē-3SG	1DL.EX	FUT	stay	LOC	=ART	THING	ASS	night	NUM.ART	NUM-four,"Me by myself, and he by himself, we two will stay in this thing for four days.",en,MORPHEME_ALIGNED,,iswm_mp3 iswm_wav iswm_eaf iswm_xml iswm_tsv,,885082,889532,##ds	pro.1:dt	rn	pro.h:dt	rn	pro.1:s	lv	v:pred	adp	=ln	np:l	adp	np:other	rn	rn,,iswm,∅	∅	∅	∅	∅	bridging	∅	∅	∅	∅	∅	∅	new	∅	∅,∅	7083	∅	7056	∅	7114	∅	∅	∅	∅	7111	∅	7115	∅	∅,∅	7083	∅	7056	∅	7114	∅	∅	∅	∅	7111	∅	7115	∅	∅
iswm_0254,mcveraa,da 'ag 'esenē,#	ZERO	da	'ag	esenē,#	ZERO	do	follow	MAN.DEM1,"Did accordingly,",en,MORPHEME_ALIGNED,,iswm_mp3 iswm_wav iswm_eaf iswm_xml iswm_tsv,,889532,891576,##	0.h:s	v:pred	rv	dem1_other,,iswm,∅	∅	∅	∅	∅,∅	7096	∅	∅	∅,∅	7096	∅	∅	∅
iswm_0255,mcveraa,so lēn masōgin ... lēn qōn̄ ne vōwal durum 'og'og lēn lōlō ge 'anē'ē,#	so	lē	=n	masō-gi	=n	#	lē	=n	qōn̄	ne	vō-wal	duru	=m	'ōg'ōg	lē	=n	lōlō	ge	anē'ē,#	CPL	LOC	=ART	time-3SG	=ART	#	LOC	=ART	night	NUM.ART	NUM-one	3DL	=TAM1	RED:stay	LOC	=ART	inside	THING	DEM1.A,When at one day they were staying inside of this,en,MORPHEME_ALIGNED,,iswm_mp3 iswm_wav iswm_eaf iswm_xml iswm_tsv,,891576,896410,#nc	nc	nc	nc	nc	nc	##	adp	=ln	np:other	rn	rn	pro.h:s	=lv	v:pred	adp	=ln	ln	np:l	rn_dem1,,iswm,∅	∅	∅	∅	∅	∅	∅	∅	∅	∅	∅	∅	∅	∅	∅	∅	∅	∅	∅	∅,∅	∅	∅	∅	∅	∅	∅	∅	∅	∅	∅	∅	7096	∅	∅	∅	∅	∅	∅	∅,∅	∅	∅	∅	∅	∅	∅	∅	∅	∅	∅	∅	7096	∅	∅	∅	∅	∅	∅	∅
iswm_0256,mcveraa,manmana 'alēn nes,#	manmana	'alēn	nes,#	manmana	ASS	song,"the power of a song,",en,MORPHEME_ALIGNED,,iswm_mp3 iswm_wav iswm_eaf iswm_xml iswm_tsv,,896410,899226,#nc	nc	nc	nc,,iswm,∅	∅	∅	∅,∅	∅	∅	∅,∅	∅	∅	∅
iswm_0257,mcveraa,n manmana 'alēn .. nēnēn siviēn n 'ubugim da diē dim ...,n	manmana	'alēn	nēnēn	siviēn	n	'ubugim	da	diē	dim,ART	manmana	ASS	nēnēn	hown	ART	grandparent/child	do	3SG	3SG=TAM1,"the power of how his grandfather acted on him,",en,WORD_ALIGNED,,iswm_mp3 iswm_wav iswm_eaf iswm_xml iswm_tsv,,899226,904840,nc	nc	nc	nc	nc	nc	nc_np.h	nc	nc_pro.h	nc,,iswm,∅	∅	∅	∅	∅	∅	∅	∅	∅	∅,∅	∅	∅	∅	∅	∅	7083	∅	7001	∅,∅	∅	∅	∅	∅	∅	7083	∅	7001	∅
iswm_0258,mcveraa,di ga gis ēn du m̄ēl valgi 'agēnē won seg valgi 'agēnē,#	di	ga	gis	ēn	du	m̄ēl	val-gi	agēnē	wo	=n	seg	valgi	agēnē,#	3SG	STAT	hold	ART	leaf	tree.sp	one.side-3SG	DEM2.A	and	=ART	tree.sp	one.side-3SG	DEM2.A,he held a m̄ēl leaf on its back side here and a seg (leaf) on its back side here,en,WORD_ALIGNED,,iswm_mp3 iswm_wav iswm_eaf iswm_xml iswm_tsv,,904840,909114,##	pro.h:a	lv	v:pred	ln	np:p	rn	rn	rn_dem2	rn	=rn	rn	rn	rn_dem2,,iswm,∅	∅	∅	∅	∅	new	∅	∅	∅	∅	∅	new	∅	∅,∅	7083	∅	∅	∅	7116	∅	∅	∅	∅	∅	7117	∅	∅,∅	7083	∅	∅	∅	7116	∅	∅	∅	∅	∅	7117	∅	∅
iswm_0259,mcveraa,manmana 'a bēne nes di me ul 'ar siviē,#	man-mana	'a	bēne	nes	di	me	ul	'ar	#	siviē,#	RED-force	ASS.SP	PRO.OBL	song	3SG	FUT	call	chop	#	how,"its (magic) power, the song he started singing it",en,MORPHEME_ALIGNED,,iswm_mp3 iswm_wav iswm_eaf iswm_xml iswm_tsv,,909114,912963,##	np:dt	rn	rn	np:dt_s	pro:s	lv	v:pred	rv	#cc	other,,iswm,∅	new	∅	∅	new	∅	∅	∅	∅	∅	∅,∅	7118	∅	∅	7119	7083	∅	∅	∅	∅	∅,∅	7118	∅	∅	7119	7083	∅	∅	∅	∅	∅
iswm_0260,mcveraa,nēnēn manmanam van wo e m̄eter dim ... e Wōwut dim ... dim es kel 'al... 'an manmana,nēnē	=n	man-mana	=m	van	#	wo	e	m̄eter	dim	e	Wōwut	dim	di	=m	es	kēl	'al—	'a	=n	man-mana,nēnē	=ART	RED-force	=TAM1	go	#	and	PERS.ART	m̄eter	3SG=TAM1	PERS.ART	Wōwut	3SG=TAM1	3SG	=TAM1	alive	back	tie	ASS.SP	=ART	RED-force,and the (magic) power went and Wowōt came to life again.,en,WORD_ALIGNED,,iswm_mp3 iswm_wav iswm_eaf iswm_xml iswm_tsv,,912963,922156,nc	=ln	np:s	=lv	v:pred	#nc	nc	nc	nc_pn_np.h	nc	ln	pn_np.h:dt_s	nc	pro.h:s	=lv	v:pred	rv	nc	adp	=ln	np:obl,,iswm,∅	∅	∅	∅	∅	∅	∅	∅	∅	∅	∅	∅	∅	∅	∅	∅	∅	∅	∅	∅	∅,∅	∅	7118	∅	∅	∅	∅	∅	7002	∅	∅	7001	∅	7001	∅	∅	∅	∅	∅	∅	7118,∅	∅	7118	∅	∅	∅	∅	∅	7002	∅	∅	7001	∅	7001	∅	∅	∅	∅	∅	∅	7118
iswm_0261,mcveraa,nes 'a bēne rekse kama.. ..eh.. rōge 'agēnē me sur,#	nes	'a	bēne	rekse	kama—	eh	rō	ge	agēnē	me	sur	ZERO,#	song	ASS.SP	PRO.OBL	like	NC	HES	PERS.ART.F	THING	DEM2.A	FUT	sing	ZERO,The song to it this woman here will sing (it).,en,MORPHEME_ALIGNED,,iswm_mp3 iswm_wav iswm_eaf iswm_xml iswm_tsv,,922156,926407,##	np:dt_p	rn	rn	other	nc	nc	ln	np.h:a	rn_dem2	lv	v:pred	0:p,,iswm,∅	∅	∅	∅	∅	∅	∅	∅	∅	∅	∅	∅	∅,∅	∅	∅	∅	∅	∅	∅	∅	∅	∅	∅	∅	∅,∅	∅	∅	∅	∅	∅	∅	∅	∅	∅	∅	∅	∅
iswm_0262,mcveraa,kimi me rōn̄ lēn ge 'ōw'ōw den ēn 'ir kaka ne van ne qē',#	kimi	me	rōn̄	ZERO	lē	=n	ge	#	'ōw'ōw	den	ēn	'ir	kaka	ne	van	#	ZERO	ne	qē',#	2PL	FUT	feel	ZERO	LOC	=ART	THING	#	before	ABL	ART	genuine	story	TAM2:3SG	go	#	ZERO	TAM2:3SG	finish,You guys will hear it before the actual story will continue and come to its end.,en,MORPHEME_ALIGNED,,iswm_mp3 iswm_wav iswm_eaf iswm_xml iswm_tsv,,926407,931801,##	pro.2:a	lv	v:pred	0:p	adp	=ln	np:obl	#ac	other	other	ln	ln	np:s	lv-pro_s	v:pred	##	0:s	lv-pro_s	v:pred,,iswm,∅	∅	∅	∅	∅	∅	∅	∅	∅	∅	∅	∅	∅	∅	∅	∅	∅	∅	∅	∅,∅	∅	∅	∅	∅	∅	∅	∅	∅	∅	∅	∅	∅	∅	∅	∅	∅	∅	∅	∅,∅	∅	∅	∅	∅	∅	∅	∅	∅	∅	∅	∅	∅	∅	∅	∅	∅	∅	∅	∅
iswm_0263,mcveraa,[SONG],[SONG],NC,[SONG],en,MORPHEME_ALIGNED,,iswm_mp3 iswm_wav iswm_eaf iswm_xml iswm_tsv,,931801,936976,nc,,iswm,∅,∅,∅
iswm_0264,mcveraa,[SONG],[SONG],NC,[SONG],en,MORPHEME_ALIGNED,,iswm_mp3 iswm_wav iswm_eaf iswm_xml iswm_tsv,,936976,943795,nc,,iswm,∅,∅,∅
iswm_0265,mcveraa,[SONG],[SONG],NC,[SONG],en,MORPHEME_ALIGNED,,iswm_mp3 iswm_wav iswm_eaf iswm_xml iswm_tsv,,943795,945442,nc,,iswm,∅,∅,∅
iswm_0266,mcveraa,[SONG],[SONG],NC,[SONG],en,MORPHEME_ALIGNED,,iswm_mp3 iswm_wav iswm_eaf iswm_xml iswm_tsv,,945442,951657,nc,,iswm,∅,∅,∅
iswm_0267,mcveraa,[SONG],[SONG],NC,[SONG],en,MORPHEME_ALIGNED,,iswm_mp3 iswm_wav iswm_eaf iswm_xml iswm_tsv,,951657,957970,nc,,iswm,∅,∅,∅
iswm_0268,mcveraa,[SONG],[SONG],NC,[SONG],en,MORPHEME_ALIGNED,,iswm_mp3 iswm_wav iswm_eaf iswm_xml iswm_tsv,,957970,962856,nc,,iswm,∅,∅,∅
iswm_0269,mcveraa,[SONG],[SONG],NC,[SONG],en,MORPHEME_ALIGNED,,iswm_mp3 iswm_wav iswm_eaf iswm_xml iswm_tsv,,962856,967210,nc,,iswm,∅,∅,∅
iswm_0270,mcveraa,[SONG],[SONG],NC,[SONG],en,MORPHEME_ALIGNED,,iswm_mp3 iswm_wav iswm_eaf iswm_xml iswm_tsv,,967210,971356,nc,,iswm,∅,∅,∅
iswm_0271,mcveraa,[SONG],[SONG],NC,[SONG],en,MORPHEME_ALIGNED,,iswm_mp3 iswm_wav iswm_eaf iswm_xml iswm_tsv,,971356,975606,nc,,iswm,∅,∅,∅
iswm_0272,mcveraa,[SONG],[SONG],NC,[SONG],en,MORPHEME_ALIGNED,,iswm_mp3 iswm_wav iswm_eaf iswm_xml iswm_tsv,,975606,979655,nc,,iswm,∅,∅,∅
iswm_0273,mcveraa,[SONG],[SONG],NC,[SONG],en,MORPHEME_ALIGNED,,iswm_mp3 iswm_wav iswm_eaf iswm_xml iswm_tsv,,979655,983233,nc,,iswm,∅,∅,∅
iswm_0274,mcveraa,[SONG],[SONG],NC,[SONG],en,MORPHEME_ALIGNED,,iswm_mp3 iswm_wav iswm_eaf iswm_xml iswm_tsv,,983233,991741,nc,,iswm,∅,∅,∅
iswm_0275,mcveraa,di sa nē'ē n ka... n nes reksen manmana dim man di viaklun qōn̄ ne vōve,#	di	sa	nē'ē	#	n	ka—	n	nes	rekse	=n	man-mana	di	=m	man	di	viaklu	=n	qōn̄	ne	vō-ve,#	3SG	EMPH	DEM1	#	ART	NC	ART	song	like	=ART	RED-force	3SG	=TAM1	affect	3SG	through	=ART	night	NUM.ART	NUM-four,"That's what it is. the song, the (magic) power enchanted him throughout the four days,",en,MORPHEME_ALIGNED,,iswm_mp3 iswm_wav iswm_eaf iswm_xml iswm_tsv,,991741,996925,##	pro:s	other	dem_pro:pred	##	nc	nc	ln	np:dt	other	=ln	np:dt_a	pro:a	=lv	v:pred	pro.h:p	adp	=ln	np:other	rn	rn,,iswm,∅	∅	∅	∅	∅	∅	∅	∅	∅	∅	∅	∅	∅	∅	∅	∅	∅	∅	∅	∅	∅,∅	7119	∅	∅	∅	∅	∅	∅	7119	∅	∅	7118	7118	∅	∅	7001	∅	∅	7115	∅	∅,∅	7119	∅	∅	∅	∅	∅	∅	7119	∅	∅	7118	7118	∅	∅	7001	∅	∅	7115	∅	∅
iswm_0276,mcveraa,dim man viaklu san nes di sa nē'ē,#	di	=m	man	viaklu	sa	=n	nes	#	di	sa	nē'ē,#	3SG	=TAM1	affect	through	EMPH	=ART	song	#	3SG	EMPH	DEM1,"it enchanted (him) through this song, that's what its is.",en,MORPHEME_ALIGNED,,iswm_mp3 iswm_wav iswm_eaf iswm_xml iswm_tsv,,996925,999285,##	pro.h:s	=lv	v:pred	adp	other	=ln	np:obl	##	pro:s	other	dem_pro:pred,,iswm,∅	∅	∅	∅	∅	∅	∅	∅	∅	∅	∅	∅,∅	7001	∅	∅	∅	∅	∅	7119	∅	7118	∅	∅,∅	7001	∅	∅	∅	∅	∅	7119	∅	7118	∅	∅
iswm_0277,mcveraa,manmana nē n nes 'alēn ... n sērē 'ama' siviēn sērē 'ama' sar gēn,#	manmana	nē	n	nes	'alēn	n	sērē	'ama'	siviēn	sērē	'ama'	sar	gēn,#	manmana	DEM1	ART	song	ASS	ART	sērē	spirit	hown	sērē	spirit	inwards	DEM2,"That (magic) power, the song of the spirits' place up here",en,MORPHEME_ALIGNED,,iswm_mp3 iswm_wav iswm_eaf iswm_xml iswm_tsv,,999285,1004748,#nc	nc_np	nc	nc	nc_np	nc	nc	nc	nc	nc	nc	nc	nc	nc,,iswm,∅	∅	∅	∅	∅	∅	∅	∅	∅	∅	∅	∅	∅	∅,∅	7118	∅	∅	7119	∅	∅	∅	∅	∅	∅	∅	∅	∅,∅	7118	∅	∅	7119	∅	∅	∅	∅	∅	∅	∅	∅	∅
iswm_0278,mcveraa,dim man 'ar,#	dim	=m	man	'ar	ZERO,#	3SG=TAM1	=TAM1	man	chop	ZERO,it stroke with its power.,en,WORD_ALIGNED,,iswm_mp3 iswm_wav iswm_eaf iswm_xml iswm_tsv,,1004748,1006409,#nc	nc	nc	nc	nc	nc,,iswm,∅	∅	∅	∅	∅	∅,∅	∅	∅	∅	∅	∅,∅	∅	∅	∅	∅	∅
iswm_0279,mcveraa,dim ululul ēn 'erē 'an̄sar dōl 'alēn 'erē 'ama' dōl 'alēn n̄ēn̄ērē 'ekē dōl,#	di	=m	ululul	ēn	'erē	'an̄sar	dōl	alē	=n	'erē	'ama'	dōl	'alēn	n̄ē-n̄ērē	'ekē	dōl,#	3SG	=TAM1	RED:call	ART	PL	person	all	INTERJ	=ART	PL	spirit	all	ASS	RED-shore/point	place	all,"He called for all the spirits of all the hills of the entire area,",en,MORPHEME_ALIGNED,,iswm_mp3 iswm_wav iswm_eaf iswm_xml iswm_tsv,,1006409,1010620,##	pro.h:a	=lv	v:pred	ln	ln	np.h:p	rn	other	=ln	ln	np.d:dt_p	rn	rn	rn_np	rn_np	rn,,iswm,∅	∅	∅	∅	∅	∅	new	∅	∅	∅	∅	∅	∅	∅	new	∅	∅,∅	7083	∅	∅	∅	∅	7120	∅	∅	∅	∅	7120	∅	∅	7121	∅	∅,∅	7083	∅	∅	∅	∅	7120	∅	∅	∅	∅	7120	∅	∅	7121	∅	∅
iswm_0280,mcveraa,rōwēn sargēn suwēn sagēn,rōwēn	sargēn	suwēn	sagēn,rōwēn	sargēn	downwind	sagēn,"down (at the sea), up (in the bush), in suw and in sag direction,",en,MORPHEME_ALIGNED,,iswm_mp3 iswm_wav iswm_eaf iswm_xml iswm_tsv,,1010620,1015486,other	other	other	other,,iswm,∅	∅	∅	∅,∅	∅	∅	∅,∅	∅	∅	∅
iswm_0281,mcveraa,dim ulul qē' dirē 'erē 'ama' 'ekēnē,#	di	=m	ulul	qē'	dirē	'erē	'ama'	'ekēnē,#	3SG	=TAM1	RED:call	finish	3PL	PL	spirit	LOC.DEM1,"He called all of them, the spirits of this place.",en,MORPHEME_ALIGNED,,iswm_mp3 iswm_wav iswm_eaf iswm_xml iswm_tsv,,1015486,1017955,##	pro.h:a	=lv	v:pred	rv	pro.h:p	ln	np.d:dt_p	rn_dem1,,iswm,∅	∅	∅	∅	∅	∅	∅	∅	∅,∅	7083	∅	∅	∅	7120	∅	7120	∅,∅	7083	∅	∅	∅	7120	∅	7120	∅
iswm_0282,mcveraa,dirēm van seserge ma 'alēn ga da so ne le kal kel ēn es nōn e Wōwut s ōn 'i lēn venē gamal ē,#	dir	=ēm	van	se-serge	ma	#	'alēn	ga	da	#	so	ZERO	ne	le	kal	kēl	ēn	es	nō-n	e	Wōwut	#	ZERO	s	ōn	'i	lē	=n	venē	gamal	ē,#	3PL	=TAM1	go	RED-join	hither	#	ASS	STAT	do	#	CPL	ZERO	TAM2:3SG	transfer	upwards	back	ART	life	POSS.DOM-CS	PERS.ART	Wōwut	#	ZERO	SIM	lie	DEL	LOC	=ART	middle	mens'.house	DEM3,"They came together here in order to make that he lifts up Wowōt's life again, who is lying in the middle of the gamail.",en,MORPHEME_ALIGNED,,iswm_mp3 iswm_wav iswm_eaf iswm_xml iswm_tsv,,1017955,1023948,##	pro.d:s	=lv	v:pred	rv	rv	#cc	other	lv	vother:pred	#cc	other	0.d:a	lv-pro_h_a	v:pred	rv	rv	ln	np:p	rn	rn	rn_pn_np.h:poss	#rc_rn	0.h:s	lv	v:pred	rv	adp	=ln	ln	np:l	rn,,iswm,∅	∅	∅	∅	∅	∅	∅	∅	∅	∅	∅	∅	∅	∅	∅	∅	∅	∅	bridging	∅	∅	∅	∅	∅	∅	∅	∅	∅	∅	∅	∅	∅,∅	7120	∅	∅	∅	∅	∅	∅	∅	∅	∅	∅	7120	∅	∅	∅	∅	∅	7122	∅	∅	7001	∅	7001	∅	∅	∅	∅	∅	∅	7111	∅,∅	7120	∅	∅	∅	∅	∅	∅	∅	∅	∅	∅	7120	∅	∅	∅	∅	∅	7122	∅	∅	7001	∅	7001	∅	∅	∅	∅	∅	∅	7111	∅
iswm_0283,mcveraa,masōgi dim vus diē 'esenē vavan dim din̄ ēn qōn̄ ne vō... vōve,#	masō-gi	di	=m	vus	diē	esenē	va-van	#	di	=m	din̄	ēn	qōn̄	ne	vō—	vō-ve,#	time-3SG	3SG	=TAM1	hit	3SG	MAN.DEM1	RED-go	#	3SG	=TAM1	reach	ART	night	NUM.ART	NC	NUM-four,"Since when he had killed him until four days had passed,",en,MORPHEME_ALIGNED,,iswm_mp3 iswm_wav iswm_eaf iswm_xml iswm_tsv,,1023948,1028871,##	np:other	pro.h:a	=lv	v:pred	pro.h:p	dem1_other	other	##	pro:a	=lv	rv	ln	np:p	rn	nc	rn,,iswm,∅	∅	∅	∅	∅	∅	∅	∅	∅	∅	∅	∅	∅	bridging	∅	∅	∅,∅	∅	∅	∅	∅	7001	∅	∅	∅	7001	∅	∅	∅	7123	∅	∅	∅,∅	∅	∅	∅	∅	7001	∅	∅	∅	7001	∅	∅	∅	7123	∅	∅	∅
iswm_0284,mcveraa,'irbēn e Wōwut ne rōn̄rōn̄ dōl ēn 'ekē,#	'irbē-n	e	Wōwut	ne	rōn̄rōn̄	dōl	ēn	'ekē,#	body-CS	PERS.ART	Wōwut	TAM2:3SG	RED:feel	all	ART	place,"Wowōt's body came to life again [lit.: the entire body started to feel the place,]",en,MORPHEME_ALIGNED,,iswm_mp3 iswm_wav iswm_eaf iswm_xml iswm_tsv,,1028871,1032003,##	np:a	rn	rn_pn_np.h:poss	lv-pro_h_a	v:pred	rv	ln	np:p,,iswm,∅	∅	∅	∅	∅	∅	∅	∅	∅,∅	7056	∅	7001	∅	∅	∅	∅	7111,∅	7056	∅	7001	∅	∅	∅	∅	7111
iswm_0285,mcveraa,dim vavavan wo dim din̄ ēn revrev,#	di	=m	vavavan	#	wo	di	=m	din̄	ēn	revrev,#	3SG	=TAM1	RED-go	#	and	3SG	=TAM1	reach	ART	evening,"it went on and on and reached the evening,",en,WORD_ALIGNED,,iswm_mp3 iswm_wav iswm_eaf iswm_xml iswm_tsv,,1032003,1034882,##	pro:s	=lv	v:pred	##	other	pro:a	=lv	v:pred	ln	np:p,,iswm,∅	bridging	∅	∅	∅	∅	∅	∅	∅	∅	new,∅	7124	∅	∅	∅	∅	7124	∅	∅	∅	7125,∅	7124	∅	∅	∅	∅	7124	∅	∅	∅	7125
iswm_0286,mcveraa,dim ma'av kel sag ma Wōwut ne baer gogin gengen lēn qōn̄ velim nagi,#	di	=m	ma'av	kēl	sag	ma	#	Wōwut	ne	baer	go	-gi	=n	gengen	lē	=n	qōn̄	velim	na	-gi,#	3SG	=TAM1	morning	back	up	hither	#	Wōwut	TAM2:3SG	beg	POSS.EAT	-3SG	=ART	RED:eat	LOC	=ART	night	five	ORD	-3SG,and when it got morning again Wowōt asked for food on the fifth day.,en,MORPHEME_ALIGNED,,iswm_mp3 iswm_wav iswm_eaf iswm_xml iswm_tsv,,1034882,1039553,##	pro:s	=lv	v:pred	rv	rv	rv	##	pn_np.h:a	lv-pro_h_a	v:pred	ln	-ln_pro.h:poss	=ln	np:p	adp	=ln	np:other	rn	rn	-rn_pro:poss,,iswm,∅	new	∅	∅	∅	∅	∅	∅	∅	∅	∅	∅	∅	∅	new	∅	∅	new	∅	∅	∅,∅	7126	∅	∅	∅	∅	∅	∅	7001	∅	∅	∅	7001	∅	7127	∅	∅	7128	∅	∅	7124,∅	7126	∅	∅	∅	∅	∅	∅	7001	∅	∅	∅	7001	∅	7127	∅	∅	7128	∅	∅	7124
iswm_0287,mcveraa,dim baer gongen gogi dim baer ēn bē,#	di	=m	baer	gengen	go	-gi	#	di	=m	baer	ēn	bē,#	3SG	=TAM1	beg	RED:eat	POSS.EAT	-3SG	#	3SG	=TAM1	beg	ART	water,He asked for food and he asked for water.,en,MORPHEME_ALIGNED,,iswm_mp3 iswm_wav iswm_eaf iswm_xml iswm_tsv,,1039553,1042468,##	pro.h:a	=lv	v:pred	np:p	rn	-rn_pro.h:poss	##	pro.h:a	=lv	v:pred	ln	np:p,,iswm,∅	∅	∅	∅	∅	∅	∅	∅	∅	∅	∅	∅	new,∅	7001	∅	∅	7127	∅	7001	∅	7001	∅	∅	∅	7129,∅	7001	∅	∅	7127	∅	7001	∅	7001	∅	∅	∅	7129
iswm_0288,mcveraa,'enei di ne van kel ma rekse gidē kel dim es kel reksen 'irbēdē gidēn 'an̄sara gidē ga es qiri 'anei,#	enei	di	ne	van	kēl	ma	rekse	gidē	#	kēl	di	=m	es	kēl	rekse	=n	'irbē	-dē	gidē	=n	'an̄sara	#	gidē	ga	es	qiri	anei,#	now	3SG	TAM2:3SG	go	back	hither	like	1PL.IN	#	back	3SG	=TAM1	alive	back	like	=ART	body	-1PL.IN	1PL.IN	=ART	person	#	1PL.IN	STAT	alive	today	DEM4.A?,"Now he became again like us, he was alive again like our bodies (are), (as) we are people, (as) we are alive today.",en,MORPHEME_ALIGNED,,iswm_mp3 iswm_wav iswm_eaf iswm_xml iswm_tsv,,1042468,1049169,##	other	pro.h:s	lv-pro_h_s	v:pred	rv	rv	adp	pro.1:obl	##	nc	pro.h:s	=lv	v:pred	rv	adp	=ln	np:other	-rn_pro.1:poss	pro.1:dt	=ln	np.h:dt	##	pro.1:s	lv	v:pred	other	rn,,iswm,∅	∅	∅	∅	∅	∅	∅	∅	∅	∅	∅	∅	∅	∅	∅	∅	∅	∅	∅	∅	∅	∅	∅	∅	∅	∅	∅	∅,∅	∅	7001	∅	∅	∅	∅	∅	∅	∅	∅	7001	∅	∅	∅	∅	∅	∅	∅	∅	∅	∅	∅	∅	∅	∅	∅	∅,∅	∅	7001	∅	∅	∅	∅	∅	∅	∅	∅	7001	∅	∅	∅	∅	∅	∅	∅	∅	∅	∅	∅	∅	∅	∅	∅	∅
iswm_0289,mcveraa,Wōwut dim es kel,#	Wōwut	di	=m	es	kēl,#	Wōwut	3SG	=TAM1	alive	back,"When Wowōt had come to life again,",en,MORPHEME_ALIGNED,,iswm_mp3 iswm_wav iswm_eaf iswm_xml iswm_tsv,,1049169,1050966,##	pn_np.h:dt_s	pro.h:s	=lv	v:pred	rv,,iswm,∅	∅	∅	∅	∅	∅,∅	7001	7001	∅	∅	∅,∅	7001	7001	∅	∅	∅
iswm_0290,mcveraa,dim 'og lēn din senē,#	di	=m	'ōg	lē	=n	din	senē,#	3SG	=TAM1	stay	LOC	=ART	room	MAN.DEM1,"he stayed in the room like this,",en,MORPHEME_ALIGNED,,iswm_mp3 iswm_wav iswm_eaf iswm_xml iswm_tsv,,1050966,1052633,##	pro.h:s	=lv	v:pred	adp	=ln	np:l	dem1_other,,iswm,∅	∅	∅	∅	∅	∅	∅	∅,∅	7001	∅	∅	∅	∅	7111	∅,∅	7001	∅	∅	∅	∅	7111	∅
iswm_0291,mcveraa,mōnō misin gōr reksen wunva dim van lēn qōn̄ ... qōn̄ sam̄wul gēr senē,#	mōnō	misin	gōr	#	#	rekse	wunva	di	=m	van	lē	=n	qōn̄	qōn̄	sam̄wul	gēr	senē	%,#	little	long.time	secure	#	#	like	probably	3SG	=TAM1	go	LOC	=ART	night	night	ten	approximately	MAN.DEM1	%,"not very soon, it probably lasted for ten days",en,MORPHEME_ALIGNED,,iswm_mp3 iswm_wav iswm_eaf iswm_xml iswm_tsv,,1052633,1058082,##	lv	v:pred	rv	#cc.neg	#ac	other	other	pro:s	=lv	v:pred	adp	=ln	nc	np:g	rn	rn	dem1_other	%,,iswm,∅	∅	∅	∅	∅	∅	∅	∅	new	∅	∅	∅	∅	∅	new	∅	∅	∅	∅,∅	∅	∅	∅	∅	∅	∅	∅	7130	∅	∅	∅	∅	∅	7131	∅	∅	∅	∅,∅	∅	∅	∅	∅	∅	∅	∅	7130	∅	∅	∅	∅	∅	7131	∅	∅	∅	∅
iswm_0292,mcveraa,di e kalu rōs lēn mēe,di	e	kalu	rōs	lē	=n	miē,3SG	GEN.NEG1	exit	GEN.NEG2	LOC	=ART	outside,(that) he didn't come outside.,en,MORPHEME_ALIGNED,,iswm_mp3 iswm_wav iswm_eaf iswm_xml iswm_tsv,,1058082,1059773,pro.h:s	lv	v:pred	rv	adp	=ln	np:g,,iswm,∅	∅	∅	∅	∅	∅	bridging,7001	∅	∅	∅	∅	∅	7132,7001	∅	∅	∅	∅	∅	7132
iswm_0293,mcveraa,dirēm vavan̄a wuva di lēn ... lēnēnēn lōlō nim̄ē,#	dir	=ēm	va-van̄a	wuva	di	lē	=n	lēnēnēn	lōlō	nim̄ē,#	3PL	=TAM1	RED-feed	only	3SG	LOC	=ART	lēnēnēn	inside	house,They fed him only inside the house.,en,MORPHEME_ALIGNED,,iswm_mp3 iswm_wav iswm_eaf iswm_xml iswm_tsv,,1059773,1064918,##	pro.h:a	=lv	v:pred	rv	pro.h:p	adp	=ln	nc	ln	np:l,,iswm,∅	∅	∅	∅	∅	∅	∅	∅	∅	∅	∅,∅	7096	∅	∅	∅	7001	∅	∅	∅	∅	7111,∅	7096	∅	∅	∅	7001	∅	∅	∅	∅	7111
iswm_0294,mcveraa,'ubugim van̄a wuva di durum gengen ēn gengen ga m̄ōn gēs,#	'ubu	-gi	=m	van̄a	wuva	di	#	duru	=m	gengen	ēn	gengen	ga	m̄ōn	gēs,#	grandparent/child	-3SG	=TAM1	feed	only	3SG	#	3DL	=TAM1	RED:eat	ART	RED:eat	STAT	roast	exclusively,"His grandfather gave him food, they ate only roasted food,",en,MORPHEME_ALIGNED,,iswm_mp3 iswm_wav iswm_eaf iswm_xml iswm_tsv,,1064918,1068310,##	np.h:a	-rn_pro.h:poss	=lv	v:pred	rv	pro.h:p	##	pro.h:a	=lv	v:pred	ln	np:p	rn	rn	other,,iswm,∅	∅	∅	∅	∅	∅	∅	∅	bridging	∅	∅	∅	new	∅	∅	∅,∅	7083	7001	∅	∅	∅	7001	∅	7133	∅	∅	∅	7134	∅	∅	∅,∅	7083	7001	∅	∅	∅	7001	∅	7133	∅	∅	∅	7134	∅	∅	∅
iswm_0295,mcveraa,inin rōs ēn bē,#	ZERO	inin	rōs	ēn	bē,#	ZERO	RED:drink	GEN.NEG2	ART	water,"didn't drink water,",en,MORPHEME_ALIGNED,,iswm_mp3 iswm_wav iswm_eaf iswm_xml iswm_tsv,,1068310,1069877,##neg	0.h:a	v:pred	rv	ln	np:p,,iswm,∅	∅	∅	∅	∅	∅,∅	7133	∅	∅	∅	7129,∅	7133	∅	∅	∅	7129
iswm_0296,mcveraa,duru ga 'og lēn gamal 'a'ag ēn gargar mamas rekse siviēn es nōn e Wōwut dim kel ma,#	duru	ga	'ōg	lē	=n	gamal	#	ZERO	'a-'ag	ēn	gargar	mamas	#	rekse	siviē	=n	es	nō-n	e	Wōwut	di	=m	kēl	ma,#	3DL	STAT	stay	LOC	=ART	mens'.house	#	ZERO	RED-follow	ART	diet	dry	#	like	how	=ART	life	POSS.DOM-CS	PERS.ART	Wōwut	3SG	=TAM1	back	hither,They stayed in the gamal following a strict diet in a way that Wowōt's life had come back again.,en,MORPHEME_ALIGNED,,iswm_mp3 iswm_wav iswm_eaf iswm_xml iswm_tsv,,1069877,1076057,##	pro.h:s	lv	v:pred	adp	=ln	np:l	##	0.h:a	v:pred	ln	np:p	rv	##	other	other	=ln	np:dt_s	rn	rn	rn_pn_np.h:poss	pro:s	=lv	v:pred	rv,,iswm,∅	∅	∅	∅	∅	∅	∅	∅	∅	∅	∅	new	∅	∅	∅	∅	∅	∅	∅	∅	∅	∅	∅	∅	∅,∅	7133	∅	∅	∅	∅	7111	∅	7133	∅	∅	7135	∅	∅	∅	∅	∅	7122	∅	∅	7001	7122	∅	∅	∅,∅	7133	∅	∅	∅	∅	7111	∅	7133	∅	∅	7135	∅	∅	∅	∅	∅	7122	∅	∅	7001	7122	∅	∅	∅
iswm_0297,mcveraa,dim van ne 'aram lu mēn vēvēgi va'anē n 'ubugi ne kalu den ēn gamal,#	di	=m	van	#	ZERO	ne	'aram	lu	ZERO	mē	=n	vēvē	-gi	va'anē	#	n	'ubu	-gi	ne	kalu	den	ēn	gamal,#	3SG	=TAM1	go	#	ZERO	TAM2:3SG	inform	through	ZERO	DAT	=ART	mother	-3SG	TEMP.DEM1	#	ART	grandparent/child	-3SG	TAM2:3SG	exit	ABL	ART	mens'.house,"He went and told his mother, then his grandfather left the gamal",en,MORPHEME_ALIGNED,,iswm_mp3 iswm_wav iswm_eaf iswm_xml iswm_tsv,,1076057,1080316,##	pro.h:s	=lv	v:pred	##	0.h:a	lv-pro_h_a	v:pred	rv	0:p	adp	=ln	np.h:g	-rn_pro.h:poss	other	##	ln	np.h:s	-rn_pro.h:poss	lv-pro_h_s	v:pred	adp	ln	np:obl,,iswm,∅	∅	∅	∅	∅	∅	∅	∅	∅	∅	∅	∅	∅	∅	∅	∅	∅	∅	∅	∅	∅	∅	∅	∅,∅	7083	∅	∅	∅	7083	∅	∅	∅	∅	∅	∅	7015	7001	∅	∅	∅	7083	7001	∅	∅	∅	∅	7111,∅	7083	∅	∅	∅	7083	∅	∅	∅	∅	∅	∅	7015	7001	∅	∅	∅	7083	7001	∅	∅	∅	∅	7111
iswm_0298,mcveraa,di ne van ne 'aram mēn 'amagi won vēvēgi so,#	di	ne	van	#	ZERO	ne	'aram	mē	=n	'ama	-gi	won	vēvē-gi	so,#	3SG	TAM2:3SG	go	#	ZERO	TAM2:3SG	inform	DAT	=ART	father	-3SG	won	mother-3SG	QUOT,he went and told his father and mother:,en,MORPHEME_ALIGNED,,iswm_mp3 iswm_wav iswm_eaf iswm_xml iswm_tsv,,1080316,1082491,##	pro.h:s	lv-pro_h_s	v:pred	##	0.h:s_ds	lv-pro_h_s_ds	v:pred	adp	=ln	np.h:g	-rn_pro.h:poss	rn	rn_np.h:poss	other,,iswm,∅	∅	∅	∅	∅	∅	∅	∅	∅	∅	∅	∅	∅	∅	∅,∅	7083	∅	∅	∅	7083	∅	∅	∅	∅	7010	7001	∅	7015	∅,∅	7083	∅	∅	∅	7083	∅	∅	∅	∅	7010	7001	∅	7015	∅
iswm_0299,mcveraa,Wōwut 'eneim es kel,#	Wōwut	enei	=m	es	kēl,#	Wōwut	now	=TAM1	alive	back,Now Wowōt is alive again.,en,MORPHEME_ALIGNED,,iswm_mp3 iswm_wav iswm_eaf iswm_xml iswm_tsv,,1082491,1084898,##ds	pn_np.h:s	other	=lv	v:pred	rv,,iswm,∅	∅	∅	∅	∅	∅,∅	7001	∅	∅	∅	∅,∅	7001	∅	∅	∅	∅
iswm_0300,mcveraa,sōw 'enei di me 'og lēn gamal 'alēn qōn̄ sam̄wul 'og'og 'i di ne kaluō,#	sōw	enei	di	me	'ōg	lē	=n	gamal	'alēn	qōn̄	sam̄wul	#	ZERO	'ōg'ōg	'i	#	di	ne	kaluō,#	DISC	now	3SG	FUT	stay	LOC	=ART	mens'.house	ASS	night	ten	#	ZERO	RED:stay	DEL	#	3SG	TAM2:3SG	exit,"Now, he will be staying in the gamal for (another) ten days, will stay there and then he will come out.",en,MORPHEME_ALIGNED,,iswm_mp3 iswm_wav iswm_eaf iswm_xml iswm_tsv,,1084898,1090135,##	other	other	pro.h:s	lv	v:pred	adp	=ln	np:l	adp	np:other	rn	##	0.h:s	v:pred	rv	##	pro.h:s	lv-pro_h_s	v:pred,,iswm,∅	∅	∅	∅	∅	∅	∅	∅	∅	∅	new	∅	∅	∅	∅	∅	∅	∅	∅	∅,∅	∅	∅	7001	∅	∅	∅	∅	7111	∅	7136	∅	∅	7001	∅	∅	∅	7001	∅	∅,∅	∅	∅	7001	∅	∅	∅	∅	7111	∅	7136	∅	∅	7001	∅	∅	∅	7001	∅	∅
iswm_0301,mcveraa,di ne kalu ne van kelkel va'anē,#	di	ne	kalu	#	ZERO	ne	van	kēlkēl	va'anē,#	3SG	TAM2:3SG	exit	#	ZERO	TAM2:3SG	go	RED:back	TEMP.DEM1,He will come out and walk around then.,en,MORPHEME_ALIGNED,,iswm_mp3 iswm_wav iswm_eaf iswm_xml iswm_tsv,,1090135,1092042,##	pro.h:s	lv-pro_h_s	v:pred	##	0.h:s	lv-pro_h_s	v:pred	rv	other,,iswm,∅	∅	∅	∅	∅	∅	∅	∅	∅	∅,∅	7001	∅	∅	∅	7001	∅	∅	∅	∅,∅	7001	∅	∅	∅	7001	∅	∅	∅	∅
iswm_0302,mcveraa,ba di me kalu di me van 'ag ēn dōdōmia di e van kelkel valakra rōs ba di me van 'a'ag rekse n sava dir me van dir me van 'ōn laklaka,#	ba	di	me	kalu	#	di	me	van	'ag	ēn	dōdōmia	#	di	e	van	kēlkēl	valakra	rōs	#	ba	di	me	van	'a-'ag	rekse	n	sava	#	dir	me	van	#	dir	me	van	'ō'	=n	lak-laka,#	but	3SG	FUT	exit	#	3SG	FUT	go	follow	ART	thought	#	3SG	GEN.NEG1	go	RED:back	incorrect	GEN.NEG2	#	but	3SG	FUT	go	RED-follow	like	ART	what	#	3PL	FUT	go	#	3PL	FUT	go	carry	=ART	RED-dance,"But when he will come out he will go following a plan, he won't be going around (where / like he shouldn't). He will go following what they will go [with?], they will go with a dance (?).",en,MORPHEME_ALIGNED,,iswm_mp3 iswm_wav iswm_eaf iswm_xml iswm_tsv,,1092042,1099344,##	other	pro.h:s	lv	v:pred	##	pro.h:a	lv	v:pred	rv	ln	np:p	##neg	pro.h:s	lv	v:pred	rv	rv	rv	##	other	pro.h:a	lv	v:pred	rv	other	ln	np:p	##	pro.h:s	lv	v:pred	##	pro.h:a	lv	v:pred	rv	=ln	np:p,,iswm,∅	∅	∅	∅	∅	∅	∅	∅	∅	∅	∅	new	∅	∅	∅	∅	∅	∅	∅	∅	∅	∅	∅	∅	∅	∅	∅	∅	∅	bridging	∅	∅	∅	∅	∅	∅	∅	∅	new,∅	∅	7001	∅	∅	∅	7001	∅	∅	∅	∅	7137	∅	7001	∅	∅	∅	∅	∅	∅	∅	7001	∅	∅	∅	∅	∅	∅	∅	7138	∅	∅	∅	7138	∅	∅	∅	∅	7139,∅	∅	7001	∅	∅	∅	7001	∅	∅	∅	∅	7137	∅	7001	∅	∅	∅	∅	∅	∅	∅	7001	∅	∅	∅	∅	∅	∅	∅	7138	∅	∅	∅	7138	∅	∅	∅	∅	7139
iswm_0303,mcveraa,'an kele qōn̄ sam̄wul 'amagi won vēvēgi mal lama'i so dim es kel,#	a	=n	kele	qōn̄	sam̄wul	'ama	-gi	wo	=n	vēvē	-gi	mal	lama'i	#	so	di	=m	es	kēl,#	LOC.SP	=ART	behind	night	ten	father	-3SG	and	=ART	mother	-3SG	REM.PST	know	#	CPL	3SG	=TAM1	alive	back,"After ten days his father and his mother knew that he was alive again,",en,MORPHEME_ALIGNED,,iswm_mp3 iswm_wav iswm_eaf iswm_xml iswm_tsv,,1099344,1103675,##	adp	=ln	ln	np:other	rn	np.h:s	-rn_pro.h:poss	rn	=rn	rn_np.h	-rn_pro.h:poss	lv	v:pred	#cc	other	pro.h:s	=lv	v:pred	rv,,iswm,∅	∅	∅	∅	∅	∅	∅	∅	∅	∅	∅	∅	∅	∅	∅	∅	∅	∅	∅	∅,∅	∅	∅	∅	7131	∅	7010	7001	∅	∅	7015	7001	∅	∅	∅	∅	7001	∅	∅	∅,∅	∅	∅	∅	7131	∅	7010	7001	∅	∅	7015	7001	∅	∅	∅	∅	7001	∅	∅	∅
iswm_0304,mcveraa,'an kele qōn̄ sam̄wul dirēm rōr rak lik,#	a	=n	kele	qōn̄	sam̄wul	dir	=ēm	rōr	rak	lik,#	LOC.SP	=ART	behind	night	ten	3PL	=TAM1	NC	remove	more,after ten days they were roused again.,en,MORPHEME_ALIGNED,,iswm_mp3 iswm_wav iswm_eaf iswm_xml iswm_tsv,,1103675,1107290,##	adp	=ln	ln	np:other	rn	pro.h:s	=lv	v:pred	rv	other,,iswm,∅	∅	∅	∅	∅	∅	∅	∅	∅	∅	∅,∅	∅	∅	∅	7131	∅	7008	∅	∅	∅	∅,∅	∅	∅	∅	7131	∅	7008	∅	∅	∅	∅
iswm_0305,mcveraa,'enei dirēm vetren̄ ēn rōrōgim van so,#	enei	dir	=ēm	vetren̄	ēn	rōrō	-gi	#	ZERO	=m	van	so,#	now	3PL	=TAM1	send	ART	message	-3SG	#	ZERO	=TAM1	go	CPL,Now they sent the news:,en,MORPHEME_ALIGNED,,iswm_mp3 iswm_wav iswm_eaf iswm_xml iswm_tsv,,1107290,1110491,##	other	pro.h:a	=lv	v:pred	ln	np:p	-rn_pro:poss	##	0:s	=lv	v:pred	other,,iswm,∅	∅	∅	∅	∅	∅	new	∅	∅	∅	∅	∅	∅,∅	∅	7008	∅	∅	∅	7140	∅	∅	7140	∅	∅	∅,∅	∅	7008	∅	∅	∅	7140	∅	∅	7140	∅	∅	∅
iswm_0306,mcveraa,itok kamam me van sag me dan laklaka ne vōwal dir ga ul so n resres dō n̄ar,#	itok	kamam	me	van	sag	#	ZERO	me	da	=n	lak-laka	ne	vō-wal	#	dir	ga	ul	ZERO	so	n	resres	dō	n̄ar,#	good	1PL.EX	FUT	go	up	#	ZERO	FUT	do	=ART	RED-dance	NUM.ART	NUM-one	#	3PL	STAT	call	ZERO	CPL	ART	RED:sweep	leaf	canarium,"Alright, we will go <sag>wards, will make a dance that they call ""Almond Leaves Sweeping"".",en,MORPHEME_ALIGNED,,iswm_mp3 iswm_wav iswm_eaf iswm_xml iswm_tsv,,1110491,1115916,##ds	other	pro.1:s	lv	v:pred	rv	##	0.1:a	lv	v:pred	=ln	np:p	rn	rn	#ds_rc_rn	pro.h:a	lv	v:pred	0:p	other	ln	np:other	rn_np	rn_np,,iswm,∅	∅	∅	∅	∅	∅	∅	∅	∅	∅	∅	∅	∅	∅	∅	∅	∅	∅	∅	∅	∅	∅	∅	∅,∅	∅	7138	∅	∅	∅	∅	7138	∅	∅	∅	7139	∅	∅	∅	∅	∅	∅	7139	∅	∅	∅	∅	∅,∅	∅	7138	∅	∅	∅	∅	7138	∅	∅	∅	7139	∅	∅	∅	∅	∅	∅	7139	∅	∅	∅	∅	∅
iswm_0307,mcveraa,kamam me van me van 'ō man laklaka,#	kamam	me	van	#	ZERO	me	van	'ō'	ma	=n	lak-laka,#	1PL.EX	FUT	go	#	ZERO	FUT	go	carry	hither	=ART	RED-dance,"We will go, come with the dance.",en,MORPHEME_ALIGNED,,iswm_mp3 iswm_wav iswm_eaf iswm_xml iswm_tsv,,1115916,1118702,##ds	pro.1:s	lv	v:pred	##ds	0.1:a	lv	v:pred	rv	rv	=ln	np:p,,iswm,∅	∅	∅	∅	∅	∅	∅	∅	∅	∅	∅	∅,∅	7138	∅	∅	∅	7138	∅	∅	∅	∅	∅	7139,∅	7138	∅	∅	∅	7138	∅	∅	∅	∅	∅	7139
iswm_0308,mcveraa,kamam ga mōrōs lak 'ō' e Wōwut lu kel sag sag nē managi dim ma' wōl lēn 'ekēnē,#	kamam	ga	mōrōs	lak	'ō'	e	Wōwut	#	lu	kēl	sag	sag	nē	#	mana-gi	di	=m	ma'	wōl	lē	=n	'ekēnē,#	1PL.EX	STAT	want	dance	carry	PERS.ART	Wōwut	#	through	back	sag	sag	DEM1	#	reason-3SG	3SG	=TAM1	dead	DIR<wōl>	LOC	=ART	LOC.DEM1,"we want to dance out again with Wowōt up there (in <sag>), because he died there, as you know.",en,MORPHEME_ALIGNED,,iswm_mp3 iswm_wav iswm_eaf iswm_xml iswm_tsv,,1118702,1124129,##ds	pro.1:a	lv	v:pred	rv	rv	ln	pn_np.h:p	#nc	nc	nc	nc	nc	nc	##	other	pro.h:s	=lv	v:pred	other:l	nc	nc	dem_other:l,,iswm,∅	∅	∅	∅	∅	∅	∅	∅	∅	∅	∅	∅	∅	∅	∅	∅	∅	∅	∅	∅	∅	∅	∅,∅	7138	∅	∅	∅	∅	∅	7001	∅	∅	∅	∅	∅	∅	∅	∅	7001	∅	∅	7106	∅	∅	7106,∅	7138	∅	∅	∅	∅	∅	7001	∅	∅	∅	∅	∅	∅	∅	∅	7001	∅	∅	7106	∅	∅	7106
iswm_0309,mcveraa,itok kamam me lak lu kel 'i? sagē,#	itok	kamam	me	lak	lu	kēl	'i?	sagē,#	good	1PL.EX	FUT	dance	through	back	NC	up,"Alright, we will dance out again up there.",en,MORPHEME_ALIGNED,,iswm_mp3 iswm_wav iswm_eaf iswm_xml iswm_tsv,,1124129,1126118,#ds	other	pro.1:s	lv	v:pred	rv	rv	nc	other:l,,iswm,∅	∅	∅	∅	∅	∅	∅	∅	∅,∅	∅	7138	∅	∅	∅	∅	∅	∅,∅	∅	7138	∅	∅	∅	∅	∅	∅
iswm_0310,mcveraa,lēn masōgi dim van lēn kele qōn̄ sam̄wul,#	lē	=n	masō-gi	di	=m	van	lē	=n	kele	qōn̄	sam̄wul,#	LOC	=ART	time-3SG	3SG	=TAM1	go	LOC	=ART	behind	night	ten,"When ten days had passed,",en,MORPHEME_ALIGNED,,iswm_mp3 iswm_wav iswm_eaf iswm_xml iswm_tsv,,1126118,1129748,##	adp	=ln	np:other	pro:s	=lv	v:pred	adp	=ln	ln	np:g	rn,,iswm,∅	∅	∅	∅	∅	∅	∅	∅	∅	∅	∅	∅,∅	∅	∅	∅	∅	∅	∅	∅	∅	∅	7136	∅,∅	∅	∅	∅	∅	∅	∅	∅	∅	∅	7136	∅
iswm_0311,mcveraa,dirēk van,#	dir	=ēk	van,#	3PL	=TAM2	go,they went.,en,MORPHEME_ALIGNED,,iswm_mp3 iswm_wav iswm_eaf iswm_xml iswm_tsv,,1129748,1130613,##	pro.h:s	=lv	v:pred,,iswm,∅	∅	∅	∅,∅	7138	∅	∅,∅	7138	∅	∅
iswm_0312,mcveraa,dim vanvan sir ēn qōn̄ sam̄wul wal dēmē ne vōruō,#	di	=m	vanvan	sir	ēn	qōn̄	sam̄wul	wal	dēmē	ne	vō-ruō,#	3SG	=TAM1	RED:go	for	ART	night	ten	once	NC	NUM.ART	NUM-two,When it was getting close to the twelfth day,en,MORPHEME_ALIGNED,,iswm_mp3 iswm_wav iswm_eaf iswm_xml iswm_tsv,,1130613,1133853,##	pro:s	=lv	v:pred	adp	ln	np:g	rn	rv	rn	rn	rn,,iswm,∅	∅	∅	∅	∅	∅	new	∅	∅	∅	∅	∅,∅	∅	∅	∅	∅	∅	7141	∅	∅	∅	∅	∅,∅	∅	∅	∅	∅	∅	7141	∅	∅	∅	∅	∅
iswm_0313,mcveraa,dirēk 'an̄ vē'ēn n̄ērēgi 'a Nōs dirēk van,#	dir	=ēk	'an̄	vē'ē	=n	n̄ērē	-gi	'a	Nōs	#	dir	=ēk	van,#	3PL	=TAM2	move.hand	out	=ART	shore/point	-3SG	ASS.SP	place.name	#	3PL	=TAM2	go,"they left the point at Nōs, they went (on).",en,MORPHEME_ALIGNED,,iswm_mp3 iswm_wav iswm_eaf iswm_xml iswm_tsv,,1133853,1138638,##	pro.h:a	=lv	v:pred	rv	=ln	np:p	-rn_pro.h:poss	rn	rn_pn_np	##	pro.h:s	=lv	v:pred,,iswm,∅	∅	∅	∅	∅	∅	new	∅	∅	∅	∅	∅	∅	∅,∅	7138	∅	∅	∅	∅	7142	∅	∅	7006	∅	7138	∅	∅,∅	7138	∅	∅	∅	∅	7142	∅	∅	7006	∅	7138	∅	∅
iswm_0314,mcveraa,dirēm van van vavavan dirēm din̄ ēn bē gōr wa'ag,#	dir	=ēm	van	van	vavavan	#	dir	=ēm	din̄	ēn	Bēgōrwa'ag,#	3PL	=TAM1	go	go	RED-go	#	3PL	=TAM1	reach	ART	place.name,"They went on and on and came to the river ""Bē gōr wa'ag"".",en,WORD_ALIGNED,,iswm_mp3 iswm_wav iswm_eaf iswm_xml iswm_tsv,,1138638,1144908,##	pro.h:s	=lv	v:pred	rv	other	##	pro.h:a	=lv	v:pred	ln	pn_np:p,,iswm,∅	∅	∅	∅	∅	∅	∅	∅	∅	∅	∅	new,∅	7138	∅	∅	∅	∅	∅	7138	∅	∅	∅	7143,∅	7138	∅	∅	∅	∅	∅	7138	∅	∅	∅	7143
iswm_0315,mcveraa,dirēk sag momse 'ekēnē managi nē? mal revrev lōo mal van,#	dir	=ēk	sag	momse	'ekēnē	#	mana-gi	nē?	mal	revrev	#	lōo	mal	van,#	3PL	=TAM2	sit	breathe	LOC.DEM1	#	mana-3SG	DEM1?	REM.PST	evening	#	sun	REM.PST	go,"They set down to take a rest here because it was already evening, the sun had already moved on",en,MORPHEME_ALIGNED,,iswm_mp3 iswm_wav iswm_eaf iswm_xml iswm_tsv,,1144908,1148180,##	pro.h:s	=lv	v:pred	rv	dem_other:l	##	other	nc	lv	v:pred	##	np:s	lv	v:pred,,iswm,∅	∅	∅	∅	∅	∅	∅	∅	∅	∅	∅	∅	unused	∅	∅,∅	7138	∅	∅	∅	7143	∅	∅	∅	∅	∅	∅	7144	∅	∅,∅	7138	∅	∅	∅	7143	∅	∅	∅	∅	∅	∅	7144	∅	∅
iswm_0316,mcveraa,dirēm saasag won 'ekēm miliglig enteg,#	dir	=ēm	saa-sag	#	wo	=n	'ekē	=m	miliglig	enteg,#	3PL	=TAM1	RED-sit	#	and	=ART	place	=TAM1	dark	well,As they were sitting there and it got pitch dark,en,MORPHEME_ALIGNED,,iswm_mp3 iswm_wav iswm_eaf iswm_xml iswm_tsv,,1148180,1151354,##	pro.h:s	=lv	v:pred	##	other	=ln	np:s	=lv	v:pred	rv,,iswm,∅	∅	∅	∅	∅	∅	∅	∅	∅	∅	∅,∅	7138	∅	∅	∅	∅	∅	7143	∅	∅	∅,∅	7138	∅	∅	∅	∅	∅	7143	∅	∅	∅
iswm_0317,mcveraa,wo dirēk kalu lēn vunu 'a Lan̄tir,#	wo	dir	=ēk	kalu	lē	=n	vunu	'a	Lan̄tir,#	and	3PL	=TAM2	exit	LOC	=ART	land	ASS.SP	place.name,then they went into the village of Lan̄tir.,en,MORPHEME_ALIGNED,,iswm_mp3 iswm_wav iswm_eaf iswm_xml iswm_tsv,,1151354,1155276,##	other	pro.h:s	=lv	v:pred	adp	=ln	np:g	rn	rn_pn_np,,iswm,∅	∅	∅	∅	∅	∅	∅	∅	∅	∅,∅	∅	7138	∅	∅	∅	∅	7007	∅	∅,∅	∅	7138	∅	∅	∅	∅	7007	∅	∅
iswm_0318,mcveraa,dirēm kalu lēn vunu 'a Lan̄tir,#	dir	=ēm	kalu	lē	=n	vunu	'a	Lan̄tir,#	3PL	=TAM1	exit	LOC	=ART	land	ASS.SP	place.name,When they came into the village of Lan̄tir,en,MORPHEME_ALIGNED,,iswm_mp3 iswm_wav iswm_eaf iswm_xml iswm_tsv,,1155276,1158143,##	pro.h:s	=lv	v:pred	adp	=ln	np:g	rn	rn_pn_np,,iswm,∅	∅	∅	∅	∅	∅	∅	∅	∅,∅	7138	∅	∅	∅	∅	7007	∅	∅,∅	7138	∅	∅	∅	∅	7007	∅	∅
iswm_0319,mcveraa,laklaka ēm van,#	lak-laka	ē	=m	van,#	RED-dance	DEM3	=TAM1	go,the dancing was going on,en,MORPHEME_ALIGNED,,iswm_mp3 iswm_wav iswm_eaf iswm_xml iswm_tsv,,1158143,1159642,##	np:s	rn	=lv	v:pred,,iswm,∅	new	∅	∅	∅,∅	7145	∅	∅	∅,∅	7145	∅	∅	∅
iswm_0320,mcveraa,laklaka ne van,#	lak-laka	ne	van,#	RED-dance	TAM2:3SG	go,then the dances started,en,MORPHEME_ALIGNED,,iswm_mp3 iswm_wav iswm_eaf iswm_xml iswm_tsv,,1159642,1161255,##	np:s	lv-pro_s	v:pred,,iswm,∅	∅	∅	∅,∅	7145	∅	∅,∅	7145	∅	∅
iswm_0321,mcveraa,ba lēn masōgi dirēk laklaka lēn lōlō ge 'anē'ē,#	ba	lē	=n	masō-gi	dir	=ēk	lak-laka	lē	=n	lōlō	ge	anē'ē,#	but	LOC	=ART	time-3SG	3PL	=TAM2	RED-dance	LOC	=ART	inside	THING	DEM1.A,But when they were dancing in this (dance),en,MORPHEME_ALIGNED,,iswm_mp3 iswm_wav iswm_eaf iswm_xml iswm_tsv,,1161255,1164419,##	other	adp	=ln	np:other	pro.h:s	=lv	v:pred	adp	=ln	ln	np:l	rn_dem1,,iswm,∅	∅	∅	∅	∅	∅	∅	∅	∅	∅	∅	bridging	∅,∅	∅	∅	∅	∅	7138	∅	∅	∅	∅	∅	7146	∅,∅	∅	∅	∅	∅	7138	∅	∅	∅	∅	∅	7146	∅
iswm_0322,mcveraa,'erō m̄eter ne van ma ne kalkal rērē segēne?,#	erō	m̄eter	ne	van	ma	#	ZERO	ne	kalkal	rērē	segēnē,#	PERS.ART.F	m̄eter	TAM2:3SG	go	hither	#	ZERO	TAM2:3SG	RED:enter	crane	MAN.DEM2,M̄eter came and crawled craning her neck like this,en,MORPHEME_ALIGNED,,iswm_mp3 iswm_wav iswm_eaf iswm_xml iswm_tsv,,1164419,1167943,#	ln	pn_np.h:s	lv-pro_h_s	v:pred	rv	##	0.h:s	lv-pro_h_s	v:pred	rv	other,,iswm,∅	∅	∅	∅	∅	∅	∅	∅	∅	∅	∅	∅,∅	∅	7002	∅	∅	∅	∅	7002	∅	∅	∅	∅,∅	∅	7002	∅	∅	∅	∅	7002	∅	∅	∅	∅
iswm_0323,mcveraa,rērē volvol sa eragam la.. laklaka nē managi dir ga da nōrēn ... nēn ... dir ga misig dirē dir ga ...,#	ZERO	rērē	volvol	sa	e	raga	#	ZERO	=m	la—	lak-laka	nē	#	mana-gi	dir	ga	da	nōrēn	nēn	#	dir	ga	misig	dirē	#	dir	ga,#	ZERO	crane	RED:every	EMPH	PERS.ART	people	#	ZERO	=TAM1	NC	RED-dance	DEM1	#	reason-3SG	3PL	STAT	do	nōrēn	nēn	#	3PL	STAT	NC	3PL	#	3PL	STAT,"craned her neck for those dancing because they had put taboos on themselves,",en,MORPHEME_ALIGNED,,iswm_mp3 iswm_wav iswm_eaf iswm_xml iswm_tsv,,1167943,1174625,##	0.h:a	v:pred	rv	other	ln	np.h:p	#rc_rn	0.h:s	=lv	nc	v:pred	other	#nc	nc	nc_pro.h	nc	nc	nc	nc	##	pro.h:a	lv	v:pred	pro.h:p	##	pro.h:s	lv,,iswm,∅	∅	∅	∅	∅	∅	new	∅	∅	∅	∅	∅	∅	∅	∅	∅	∅	∅	∅	∅	∅	∅	∅	∅	∅	∅	∅	∅,∅	7002	∅	∅	∅	∅	7147	∅	7147	∅	∅	∅	∅	∅	∅	7147	∅	∅	∅	∅	∅	7147	∅	∅	7147	∅	7147	∅,∅	7002	∅	∅	∅	∅	7147	∅	7147	∅	∅	∅	∅	∅	∅	7147	∅	∅	∅	∅	∅	7147	∅	∅	7147	∅	7147	∅
iswm_0324,mcveraa,dan 'erē m̄ōgm̄ōglēge dir ga 'al gōr enteg dirē,da	=n	'erē	m̄ōgm̄ōglēge	#	dir	ga	'al	gōr	enteg	dirē,do	=ART	PL	things	#	3PL	STAT	tie	secure	well	3PL,"had done all the things, they tied up themselves neatly.",en,MORPHEME_ALIGNED,,iswm_mp3 iswm_wav iswm_eaf iswm_xml iswm_tsv,,1174625,1176769,v:pred	=ln	ln	np:p	##	pro.h:a	lv	v:pred	rv	rv	pro.h:p,,iswm,∅	∅	∅	∅	∅	∅	∅	∅	∅	∅	∅,∅	∅	∅	∅	∅	7147	∅	∅	∅	∅	7147,∅	∅	∅	∅	∅	7147	∅	∅	∅	∅	7147
iswm_0325,mcveraa,di e 'ēn'ēn enteg rōs,#	di	e	'ēn'ēn	enteg	rōs,#	3SG	GEN.NEG1	RED:see	well	GEN.NEG2,She didn't see well.,en,MORPHEME_ALIGNED,,iswm_mp3 iswm_wav iswm_eaf iswm_xml iswm_tsv,,1176769,1178218,##neg	pro.h:s	lv	v:pred	rv	rv,,iswm,∅	∅	∅	∅	∅	∅,∅	7002	∅	∅	∅	∅,∅	7002	∅	∅	∅	∅
iswm_0326,mcveraa,[UNCLEAR] di ne van ma ne rērē e ruwa 'agēn ō di rōs,#	di	ne	van	ma	#	ZERO	ne	rērē	e	ruwa	agēn	#	ō	ZERO	di	rōs,#	3SG	TAM2:3SG	go	hither	#	ZERO	TAM2:3SG	crane	PERS.ART	two.people	DEM2.A	#	INTERJ	ZERO	3SG	GEN.NEG2,"[UNCLEAR] then she came and stared at those two guys: Oh, not him.",en,MORPHEME_ALIGNED,,iswm_mp3 iswm_wav iswm_eaf iswm_xml iswm_tsv,,1178218,1183500,##	pro.h:s	lv-pro_h_s	v:pred	rv	##	0.h:a	lv-pro_h_a	v:pred	ln	np.h:p	rn	##ds	other	0.h:s	pro:pred	rv,,iswm,∅	∅	∅	∅	∅	∅	∅	∅	∅	∅	new	∅	∅	∅	∅	∅	∅,∅	7002	∅	∅	∅	∅	7002	∅	∅	∅	7148	∅	∅	∅	7001	∅	∅,∅	7002	∅	∅	∅	∅	7002	∅	∅	∅	7148	∅	∅	∅	7001	∅	∅
iswm_0327,mcveraa,di ga lama'i enteg wal so e Wōwut mal es kel,#	di	ga	lama'i	enteg	wal	#	so	e	Wōwut	mal	es	kēl,#	3SG	STAT	know	well	once	#	CPL	PERS.ART	Wōwut	REM.PST	alive	back,She knew very well that Wowōt had come to life again.,en,MORPHEME_ALIGNED,,iswm_mp3 iswm_wav iswm_eaf iswm_xml iswm_tsv,,1183500,1187552,##	pro.h:s	lv	v:pred	rv	rv	#cc	other	ln	pn_np.h:s	lv	v:pred	rv,,iswm,∅	∅	∅	∅	∅	∅	∅	∅	∅	∅	∅	∅	∅,∅	7002	∅	∅	∅	∅	∅	∅	∅	7001	∅	∅	∅,∅	7002	∅	∅	∅	∅	∅	∅	∅	7001	∅	∅	∅
iswm_0328,mcveraa,ba dim da 'ēn? so di ne 'ēn qal dim 'ēn'ēn volvol eraga [UNCLEAR] vavavan,#	ba	di	=m	da	'ēn?	#	so	di	ne	'ēn	qal	ZERO	#	di	=m	'ēn'ēn	volvol	e	raga	NC	vavavan,#	but	3SG	=TAM1	do	see?	#	CPL	3SG	TAM2:3SG	see	hit	ZERO	#	3SG	=TAM1	RED:see	RED:every	PERS.ART	people	NC	RED-go,"But she tried to spot him, she looked at each of them, on and on",en,WORD_ALIGNED,,iswm_mp3 iswm_wav iswm_eaf iswm_xml iswm_tsv,,1187552,1191327,##	other	pro.h:s	=lv	v:pred	nc	#cc	other	pro.h:a	lv-pro_h_a	v:pred	rv	0.h:p	##	pro.h:a	=lv	v:pred	rv	ln	np.h:p	nc	other,,iswm,∅	∅	∅	∅	∅	∅	∅	∅	∅	∅	∅	∅	∅	∅	∅	∅	∅	∅	∅	∅	∅	∅,∅	∅	7002	∅	∅	∅	∅	∅	7002	∅	∅	∅	7001	∅	7002	∅	∅	∅	∅	7138	∅	∅,∅	∅	7002	∅	∅	∅	∅	∅	7002	∅	∅	∅	7001	∅	7002	∅	∅	∅	∅	7138	∅	∅
iswm_0329,mcveraa,di ne 'ēn ma lēn venē 'an̄sar dōl,#	di	ne	'ēn	ma	lē	=n	venē	'an̄sar	dōl,#	3SG	TAM2:3SG	see	hither	LOC	=ART	middle	person	all,"She spotted (s.o.) in the middle of all the people,",en,MORPHEME_ALIGNED,,iswm_mp3 iswm_wav iswm_eaf iswm_xml iswm_tsv,,1191327,1194167,##	pro.h:s	lv-pro_h_s	v:pred	rv	adp	=ln	ln	np.h:g	rn,,iswm,∅	∅	∅	∅	∅	∅	∅	∅	∅	∅,∅	7002	∅	∅	∅	∅	∅	∅	7138	∅,∅	7002	∅	∅	∅	∅	∅	∅	7138	∅
iswm_0330,mcveraa,di ne 'ēn ma 'an̄sar wuvas 'ir 'i,#	di	ne	'ēn	ma	'an̄sar	wuva	#	ZERO	=s	'ir	'i,#	3SG	TAM2:3SG	see	hither	person	only	#	ZERO	=SIM	stand	DEL,she spotted a single person standing there.,en,MORPHEME_ALIGNED,,iswm_mp3 iswm_wav iswm_eaf iswm_xml iswm_tsv,,1194167,1196536,##	pro.h:a	lv-pro_h_s	v:pred	rv	np.h:p	rn	#rc_rn	0.h:s	=lv	v:pred	rv,,iswm,∅	∅	∅	∅	∅	∅	∅	∅	∅	∅	∅	∅,∅	7002	∅	∅	∅	7001	∅	∅	7001	∅	∅	∅,∅	7002	∅	∅	∅	7001	∅	∅	7001	∅	∅	∅
iswm_0331,mcveraa,di wo masi'ava di sa nē,#	di	wo	masi'ava	di	sa	nē,#	3SG	and	masi'ava	3SG	EMPH	DEM1,[UNCLEAR],en,MORPHEME_ALIGNED,,iswm_mp3 iswm_wav iswm_eaf iswm_xml iswm_tsv,,1196536,1198783,#nc	nc	nc	nc	nc	nc	nc,,iswm,∅	∅	∅	∅	∅	∅	∅,∅	∅	∅	∅	∅	∅	∅,∅	∅	∅	∅	∅	∅	∅
iswm_0332,mcveraa,ba dir ga da menmen dir ga ... dir ga bul ēn ... n 'ōsōm̄,ba	dir	ga	da	menmen	dir	ga	#	dir	ga	bul	ēn	n	'ōsōm̄,but	3PL	STAT	do	menmen	3PL	STAT	#	3PL	STAT	throw.against	ART	ART	ashes,"They made clean ... they crushed ashes,",en,MORPHEME_ALIGNED,,iswm_mp3 iswm_wav iswm_eaf iswm_xml iswm_tsv,,1198783,1203443,nc	nc_pro.h	nc	nc	nc	nc_pro.h	nc	##	pro.h:a	lv	v:pred	ln	nc	np:p,,iswm,∅	∅	∅	∅	∅	∅	∅	∅	∅	∅	∅	∅	∅	new,∅	7138	∅	∅	∅	7138	∅	∅	7138	∅	∅	∅	∅	7149,∅	7138	∅	∅	∅	7138	∅	∅	7138	∅	∅	∅	∅	7149
iswm_0333,mcveraa,dir gan... ram kōrkōr ēn 'irbēgi bēne,#	dir	gan—	ram	kōrkōr	ēn	'irbē	-gi	bēne,#	3PL	NC	smear	dark	ART	body	-3SG	PRO.OBL,and rubbed his body black with it.,en,MORPHEME_ALIGNED,,iswm_mp3 iswm_wav iswm_eaf iswm_xml iswm_tsv,,1203443,1205693,##	pro.h:a	nc	v:pred	rv	ln	np:p	-rn_pro.h:poss	other:obl,,iswm,∅	∅	∅	∅	∅	∅	∅	∅	∅,∅	7138	∅	∅	∅	∅	7056	7001	7149,∅	7138	∅	∅	∅	∅	7056	7001	7149
iswm_0334,mcveraa,da so 'irbēgi din ... din Wōwut mananagin 'irbēgi ga qagqaga,#	da	so	'irbē	-gi	din	di	=n	Wōwut	#	manana-gi	=n	'irbē	-gi	ga	qagqaga,#	do	CPL	body	-3SG	din	3SG	=ART	Wōwut	#	reason-3SG	=ART	body	-3SG	STAT	RED-white,He is Wowōt because his body is white / light.,en,WORD_ALIGNED,,iswm_mp3 iswm_wav iswm_eaf iswm_xml iswm_tsv,,1205693,1210126,##	other	other	np:dt_s	-rn_pro.h:poss	nc	pro.h:s	=ln	pn_np.h:pred	##	other	=ln	np:s	-rn_pro.h:poss	lv	v:pred,,iswm,∅	∅	∅	∅	∅	∅	∅	∅	∅	∅	∅	∅	∅	∅	∅	∅,∅	∅	∅	7056	7001	∅	7001	∅	∅	∅	∅	∅	7056	7001	∅	∅,∅	∅	∅	7056	7001	∅	7001	∅	∅	∅	∅	∅	7056	7001	∅	∅
iswm_0335,mcveraa,'irbēgi ga qagqaga di kōrkōr rōs rōs segēn ba di ga mōnō qagqaga,#	'irbē	-gi	ga	qagqaga	#	di	kōrkōr	rōs	rōs	segēn	#	ba	di	ga	mōnō	qagqaga,#	body	-3SG	STAT	RED-white	#	3SG	dark	GEN.NEG2	GEN.NEG2	MAN.DEM2	#	but	3SG	STAT	little	RED-white,"His body is light, it isn't dark, not like this, but it is slightly light.",en,WORD_ALIGNED,,iswm_mp3 iswm_wav iswm_eaf iswm_xml iswm_tsv,,1210126,1212887,##	np:s	-rn_pro.h:poss	lv	v:pred	##neg	pro:s	v:pred	rv	nc	dem2_other	##	other	pro:s	lv	lv	v:pred,,iswm,∅	∅	∅	∅	∅	∅	∅	∅	∅	∅	∅	∅	∅	∅	∅	∅	∅,∅	7056	7001	∅	∅	∅	7056	∅	∅	∅	∅	∅	∅	7056	∅	∅	∅,∅	7056	7001	∅	∅	∅	7056	∅	∅	∅	∅	∅	∅	7056	∅	∅	∅
iswm_0336,mcveraa,'irbēgi ga mōnō sin̄sin̄ ē da so da 'i din Wōwut sir sa nē'ē,#	'irbē	-gi	ga	mōnō	sin̄sin̄	ē	#	da	so	da	'i	di	=n	Wōwut	sir	sa	nē'ē,#	body	-3SG	STAT	little	RED:light	DEM3	#	do	CPL	do	DEL	3SG	=ART	Wōwut	for	EMPH	DEM1,"His body is slightly shining, and that's why he is a Wowōt.",en,MORPHEME_ALIGNED,,iswm_mp3 iswm_wav iswm_eaf iswm_xml iswm_tsv,,1212887,1216138,##	np:s	-rn_pro.h:poss	lv	lv	v:pred	other	##	nc	nc	other	other	pro.h:s	=ln	pn_np.h:pred	adp	other	dem_pro:other,,iswm,∅	∅	∅	∅	∅	∅	∅	∅	∅	∅	∅	∅	∅	∅	∅	∅	∅	∅,∅	7056	7001	∅	∅	∅	∅	∅	∅	∅	∅	∅	7001	∅	∅	∅	∅	∅,∅	7056	7001	∅	∅	∅	∅	∅	∅	∅	∅	∅	7001	∅	∅	∅	∅	∅
iswm_0337,mcveraa,lēn masōgi dirēm ... dim 'ēn'ēn van di wo di sas 'ir 'i lēn venē 'ekē 'agēn,#	lē	=n	masō-gi	dirēm	di	=m	'ēn'ēn	van	#	di	wo	#	di	sa	=s	'ir	'i	lē	=n	venē	'ekē	agēn,#	LOC	=ART	time-3SG	dirēm	3SG	=TAM1	RED:see	go	#	3SG	QUOT	#	3SG	EMPH	=SIM	stand	DEL	LOC	=ART	middle	place	DEM2.A,"When she was looking around, went, she said: It's him standing right in the middle of the place here.",en,MORPHEME_ALIGNED,,iswm_mp3 iswm_wav iswm_eaf iswm_xml iswm_tsv,,1216138,1223151,##	adp	=ln	np:other	nc	pro.h:s	=lv	v:pred	rv	##	pro.h:s	other:pred	##ds	pro.h:s	other	=lv	v:pred	rv	adp	=ln	ln	np:l	rn,,iswm,∅	∅	∅	∅	∅	∅	∅	∅	∅	∅	∅	∅	∅	∅	∅	∅	∅	∅	∅	∅	∅	∅	∅,∅	∅	∅	∅	∅	7002	∅	∅	∅	∅	7002	∅	∅	7001	∅	∅	∅	∅	∅	∅	∅	7138	∅,∅	∅	∅	∅	∅	7002	∅	∅	∅	∅	7002	∅	∅	7001	∅	∅	∅	∅	∅	∅	∅	7138	∅
iswm_0338,mcveraa,'an kelegi dim van ma dim wōr ēn 'erē 'an̄sar rekse lēn lōlō laklaka,#	a	=n	kele	-gi	di	=m	van	ma	#	di	=m	wōr	ēn	'erē	'an̄sar	rekse	lē	=n	lōlō	lak-laka,#	LOC.SP	=ART	behind	-3SG	3SG	=TAM1	go	hither	#	3SG	=TAM1	squeeze	ART	PL	person	like	LOC	=ART	inside	RED-dance,"After this she came, she paved her way through the people inside the dance,",en,MORPHEME_ALIGNED,,iswm_mp3 iswm_wav iswm_eaf iswm_xml iswm_tsv,,1223151,1227809,##	adp	=ln	np:other	-rn_pro:poss	pro.h:s	=lv	v:pred	rv	##	pro.h:a	=lv	v:pred	ln	ln	np.h:p	other	adp	=ln	ln	np:other,,iswm,∅	∅	∅	∅	new	∅	∅	∅	∅	∅	∅	∅	∅	∅	∅	∅	∅	∅	∅	∅	∅,∅	∅	∅	∅	7150	7002	∅	∅	∅	∅	7002	∅	∅	∅	∅	7138	∅	∅	∅	∅	7146,∅	∅	∅	∅	7150	7002	∅	∅	∅	∅	7002	∅	∅	∅	∅	7138	∅	∅	∅	∅	7146
iswm_0339,mcveraa,dim van van vavavan,#	di	=m	van	van	vavavan,#	3SG	=TAM1	go	go	RED-go,she went on and on,en,WORD_ALIGNED,,iswm_mp3 iswm_wav iswm_eaf iswm_xml iswm_tsv,,1227809,1229239,##	pro.h:s	=lv	v:pred	rv	other,,iswm,∅	∅	∅	∅	∅	∅,∅	7002	∅	∅	∅	∅,∅	7002	∅	∅	∅	∅
iswm_0340,mcveraa,dim kal ba' dim van 'ēnēnē ma di segēn,#	di	=m	kal	ba'a	ZERO	#	di	=m	van	'ēnēnē	ma	di	segēn,#	3SG	=TAM1	enter	into	ZERO	#	3SG	=TAM1	go	directly	hither	3SG	MAN.DEM2,she went inside [of the dance] she came straight to him like this,en,MORPHEME_ALIGNED,,iswm_mp3 iswm_wav iswm_eaf iswm_xml iswm_tsv,,1229239,1231820,##	pro.h:s	=lv	v:pred	rv	0:g	##	pro.h:a	=lv	v:pred	rv	rv	pro.h:p	dem2_other,,iswm,∅	∅	∅	∅	∅	∅	∅	∅	∅	∅	∅	∅	∅	∅,∅	7002	∅	∅	∅	7146	∅	7002	∅	∅	∅	∅	7001	∅,∅	7002	∅	∅	∅	7146	∅	7002	∅	∅	∅	∅	7001	∅
iswm_0341,mcveraa,dim rērē menteg dim 'an̄ sag 'an nōgōn e Wōwut dim sarav 'esegēn,#	di	=m	rērē	menteg	#	di	=m	'an̄	sag	a	=n	nōgō-n	e	Wōwut	#	di	=m	sarav	ZERO	esegēn,#	3SG	=TAM1	crane	well	#	3SG	=TAM1	move.hand	up	LOC.SP	=ART	face-CS	PERS.ART	Wōwut	#	3SG	=TAM1	rub	ZERO	MAN.DEM2,"she craned her neck well up, she reached out for Wowōt's face and rubbed (it) like this.",en,MORPHEME_ALIGNED,,iswm_mp3 iswm_wav iswm_eaf iswm_xml iswm_tsv,,1231820,1236550,##	pro.h:s	=lv	v:pred	rv	##	pro.h:s	=lv	v:pred	rv	adp	=ln	np:g	rn	rn_pn_np.h:poss	##	pro.h:a	=lv	v:pred	0:p	dem2_other,,iswm,∅	∅	∅	∅	∅	∅	∅	∅	∅	∅	∅	∅	∅	∅	∅	∅	∅	∅	∅	∅	∅,∅	7002	∅	∅	∅	∅	7002	∅	∅	∅	∅	∅	7070	∅	7001	∅	7002	∅	∅	7070	∅,∅	7002	∅	∅	∅	∅	7002	∅	∅	∅	∅	∅	7070	∅	7001	∅	7002	∅	∅	7070	∅
iswm_0342,mcveraa,dim 'an̄ sarav ēn nōgōn e Wōwut 'esegēn,#	di	=m	'an̄	sarav	ēn	nōgō-n	e	Wōwut	esegēn,#	3SG	=TAM1	move.hand	rub	ART	face-CS	PERS.ART	Wōwut	MAN.DEM2,She reached out for and rubbed Wowōt's face like this.,en,MORPHEME_ALIGNED,,iswm_mp3 iswm_wav iswm_eaf iswm_xml iswm_tsv,,1236550,1238961,##	pro.h:a	=lv	v:pred	rv	ln	np:p	rn	rn_pn_np.h:poss	dem2_other,,iswm,∅	∅	∅	∅	∅	∅	∅	∅	∅	∅,∅	7002	∅	∅	∅	∅	7070	∅	7001	∅,∅	7002	∅	∅	∅	∅	7070	∅	7001	∅
iswm_0343,mcveraa,di ne 'ēn ēn 'ekē gam.. ga sin̄sin̄ lēn nōgōgi di Wōwut,#	di	ne	'ēn	ēn	'ekē	gam—	ga	sin̄sin̄	lē	=n	nōgō	-gi	#	di	Wōwut,#	3SG	TAM2:3SG	see	ART	place	NC	STAT	RED:light	LOC	=ART	face	-3SG	#	3SG	Wōwut,"She saw a bright spot in his face, that was Wowōt.",en,MORPHEME_ALIGNED,,iswm_mp3 iswm_wav iswm_eaf iswm_xml iswm_tsv,,1238961,1242600,##	pro.h:a	lv-pro_h_a	v:pred	ln	np:p	nc	rn	rn	rn	=rn	rn_np	-rn_pro.h:poss	##	pro.h:s	pn_np.h:pred,,iswm,∅	∅	∅	∅	∅	new	∅	∅	∅	∅	∅	∅	∅	∅	∅	∅,∅	7002	∅	∅	∅	7151	∅	∅	∅	∅	∅	7070	7001	∅	7001	∅,∅	7002	∅	∅	∅	7151	∅	∅	∅	∅	∅	7070	7001	∅	7001	∅
iswm_0344,mcveraa,dim ul ēn sogi,#	di	=m	ul	ēn	so	-gi,#	3SG	=TAM1	call	ART	name	-3SG,She called his name,en,MORPHEME_ALIGNED,,iswm_mp3 iswm_wav iswm_eaf iswm_xml iswm_tsv,,1242600,1243927,##	pro.h:a	=lv	v:pred	ln	np:p	-rn_pro.h:poss,,iswm,∅	∅	∅	∅	∅	∅	∅,∅	7002	∅	∅	∅	7014	7001,∅	7002	∅	∅	∅	7014	7001
iswm_0345,mcveraa,wōwut ne vol diē,#	wōwut	ne	vol	diē,#	wōwut	TAM2:3SG	respond	3SG,and Wowōt answered her.,en,MORPHEME_ALIGNED,,iswm_mp3 iswm_wav iswm_eaf iswm_xml iswm_tsv,,1243927,1245809,##	np.h:a	lv-pro_h_a	v:pred	pro.h:p,,iswm,∅	∅	∅	∅	∅,∅	7001	∅	∅	7002,∅	7001	∅	∅	7002
iswm_0346,mcveraa,dim kalakam gis vavarga diē,#	di	=m	kalaka	#	ZERO	=m	gis	va-varga	diē,#	3SG	=TAM1	get.up	#	ZERO	=TAM1	hold	RED-tight	3SG,"He got up and held her tightly,",en,MORPHEME_ALIGNED,,iswm_mp3 iswm_wav iswm_eaf iswm_xml iswm_tsv,,1245809,1248107,##	pro.h:s	=lv	v:pred	##	0.h:a	=lv	v:pred	rv	pro.h:p,,iswm,∅	∅	∅	∅	∅	∅	∅	∅	∅	∅,∅	7001	∅	∅	∅	7001	∅	∅	∅	7002,∅	7001	∅	∅	∅	7001	∅	∅	∅	7002
iswm_0347,mcveraa,kalu 'ō den din laklaka,#	ZERO	kalu	'ō	den	di	=n	lak-laka,#	ZERO	exit	carry	ABL	3SG	=ART	RED-dance,"left the dance with her,",en,MORPHEME_ALIGNED,,iswm_mp3 iswm_wav iswm_eaf iswm_xml iswm_tsv,,1248107,1250426,#nc	nc_0.h	nc	nc	nc	nc_pro.h	nc	nc_np,,iswm,∅	∅	∅	∅	∅	∅	∅	∅,∅	7001	∅	∅	∅	7002	∅	7146,∅	7001	∅	∅	∅	7002	∅	7146
iswm_0348,mcveraa,van kal ba' 'ō di lēn lōlō nim̄ m̄ogi,#	ZERO	van	kal	ba'a	'ō	di	lē	=n	lōlō	nim̄	m̄o	-gi,#	ZERO	go	upwards	into	carry	3SG	LOC	=ART	inside	house	POSS.HOUSE	-3SG,and went into her house with her.,en,MORPHEME_ALIGNED,,iswm_mp3 iswm_wav iswm_eaf iswm_xml iswm_tsv,,1250426,1253458,##	0.h:a	v:pred	rv	rv	rv	pro.h:p	adp	=ln	ln	np:g	rn	-rn_pro.h:poss,,iswm,∅	∅	∅	∅	∅	∅	∅	∅	∅	∅	∅	∅	∅,∅	7001	∅	∅	∅	∅	7002	∅	∅	∅	7038	∅	7002,∅	7001	∅	∅	∅	∅	7002	∅	∅	∅	7038	∅	7002
iswm_0349,mcveraa,ne gitag e sēn lumgav 'i lik,#	ne	gitag	e	sē	=n	lumgav	'ilik,#	NC	not.exist	PERS.ART	who	=ART	young.man	one.more,"There were no more young men,",en,MORPHEME_ALIGNED,,iswm_mp3 iswm_wav iswm_eaf iswm_xml iswm_tsv,,1253458,1255819,##	other	other:pred	ln	np.h:s	=ln	np.h:appos	rn,,iswm,∅	∅	∅	∅	∅	∅	∅	∅,∅	∅	∅	∅	7042	∅	7042	∅,∅	∅	∅	∅	7042	∅	7042	∅
iswm_0350,mcveraa,ne gitag e sē 'amarga 'i lik si e sē,#	ne	gitag	e	sē	'amarga	'ilik	si	e	sē,#	NC	not.exist	PERS.ART	who	elder.man	one.more	or	PERS.ART	who,"there were no more elder men, or who ever",en,MORPHEME_ALIGNED,,iswm_mp3 iswm_wav iswm_eaf iswm_xml iswm_tsv,,1255819,1258624,##	other	other:pred	ln	np.h:s	rn	rn	rn	rn	rn,,iswm,∅	∅	∅	∅	new	∅	∅	∅	∅	∅,∅	∅	∅	∅	7152	∅	∅	∅	∅	∅,∅	∅	∅	∅	7152	∅	∅	∅	∅	∅
iswm_0351,mcveraa,ne van sir duru X ne van so ne vus lik si siviē,#	ZERO	ne	van	sir	duru	X	#	ZERO	ne	van	#	so	ZERO	ne	vus	lik	ZERO	si	siviē,#	ZERO	TAM2:3SG	go	for	3DL	X	#	ZERO	TAM2:3SG	go	#	CPL	ZERO	TAM2:3SG	kill	more	ZERO	or	how,"who would want to go for the two, to go and kill again, or what",en,MORPHEME_ALIGNED,,iswm_mp3 iswm_wav iswm_eaf iswm_xml iswm_tsv,,1258624,1261334,#rc_rn	0.h:s	lv-pro_h_s	v:pred	adp	pro.h:g	nc	##	0.h:s	lv-pro_h_s	v:pred	#cc	other	0.h:a	lv-pro_h_a	v:pred	other	0.h:p	other	other,,iswm,∅	∅	∅	∅	∅	∅	∅	∅	∅	∅	∅	∅	∅	∅	∅	∅	∅	∅	∅	∅,∅	7152	∅	∅	∅	7004	∅	∅	7152	∅	∅	∅	∅	7152	∅	∅	∅	7004	∅	∅,∅	7152	∅	∅	∅	7004	∅	∅	7152	∅	∅	∅	∅	7152	∅	∅	∅	7004	∅	∅
iswm_0352,mcveraa,managin sōm mal van gōr,#	mana-gi	=n	sōm	mal	van	gōr,#	mana-3SG	=ART	shell.money	REM.PST	go	secure,because money had been passed,en,MORPHEME_ALIGNED,,iswm_mp3 iswm_wav iswm_eaf iswm_xml iswm_tsv,,1261334,1263224,##	other	=ln	np:s	lv	v:pred	rv,,iswm,∅	∅	∅	∅	∅	∅	∅,∅	∅	∅	7098	∅	∅	∅,∅	∅	∅	7098	∅	∅	∅
iswm_0353,mcveraa,n qō mal van gōr,#	n	qō	mal	van	gōr,#	ART	pig	REM.PST	go	secure,"a pig had been passed,",en,MORPHEME_ALIGNED,,iswm_mp3 iswm_wav iswm_eaf iswm_xml iswm_tsv,,1263224,1264581,##	ln	np:s	lv	v:pred	rv,,iswm,∅	∅	∅	∅	∅	∅,∅	∅	7097	∅	∅	∅,∅	∅	7097	∅	∅	∅
iswm_0354,mcveraa,'erē m̄ōgm̄ōglēge dōl mal van gōr ne gitag lik ēn vusvus,#	'erē	m̄ōgm̄ōglēge	dōl	mal	van	gōr	#	ne	gitag	lik	ēn	vusvus,#	PL	things	all	REM.PST	go	secure	#	NC	not.exist	more	ART	RED:kill,"all the (necessary) things had been passed on, there was no more killing.",en,MORPHEME_ALIGNED,,iswm_mp3 iswm_wav iswm_eaf iswm_xml iswm_tsv,,1264581,1267109,##	ln	np:s	rn	lv	v:pred	rv	##	other	other:pred	rv	ln	np:s,,iswm,∅	∅	∅	∅	∅	∅	∅	∅	∅	∅	∅	∅	∅,∅	∅	7099	∅	∅	∅	∅	∅	∅	∅	∅	∅	∅,∅	∅	7099	∅	∅	∅	∅	∅	∅	∅	∅	∅	∅
iswm_0355,mcveraa,'am̄a'a mananagin 'aman e Wōwut ga gis ēn wis ma' lēn sara,#	'am̄a'a	#	manana-gi	=n	'ama-n	e	Wōwut	ga	gis	ēn	wisma'	lē	=n	sara,#	peace	#	reason-3SG	=ART	father-CS	PERS.ART	Wōwut	STAT	hold	ART	k.o.leaf	LOC	=ART	square,"It was peace because Wowōt's father was holding a ""wis ma'"" on the dancing square.",en,MORPHEME_ALIGNED,,iswm_mp3 iswm_wav iswm_eaf iswm_xml iswm_tsv,,1267109,1272784,##	np:pred	##	other	=ln	np.h:a	rn	rn_pn_np.h:poss	lv	v:pred	ln	np:p	adp	=ln	np:l,,iswm,∅	∅	∅	∅	∅	∅	∅	∅	∅	∅	∅	∅	∅	∅	bridging,∅	∅	∅	∅	∅	7010	∅	7001	∅	∅	∅	7102	∅	∅	7153,∅	∅	∅	∅	∅	7010	∅	7001	∅	∅	∅	7102	∅	∅	7153
iswm_0356,mcveraa,so din̄ 'ekēnē reksen kaaka mun e Wōwut duru wunva dim din̄ 'ekēnē,#	so	din̄	'ekēnē	#	rekse	=n	kaaka	mu-n	e	Wōwut	duru	wunva	di	=m	din̄	'ekēnē,#	CPL	reach	LOC.DEM1	#	like	=ART	kaaka	POSS.GEN-CS	PERS.ART	Wōwut	3DL	probably	3SG	=TAM1	reach	LOC.DEM1,"It's over here, like the story about Wowōt and her is probably over here.",en,MORPHEME_ALIGNED,,iswm_mp3 iswm_wav iswm_eaf iswm_xml iswm_tsv,,1272784,1278840,##	other	v:pred	dem_other:l	##	other	=ln	np:dt_s	rn	rn	rn_pn_np.h:poss	nc_pro.h	other	pro.h:s	=lv	v:pred	dem_other:l,,iswm,∅	∅	∅	∅	∅	∅	∅	∅	∅	∅	∅	∅	∅	∅	∅	∅	∅,∅	∅	∅	∅	∅	∅	∅	∅	∅	∅	7001	7004	∅	∅	∅	∅	∅,∅	∅	∅	∅	∅	∅	∅	∅	∅	∅	7001	7004	∅	∅	∅	∅	∅
iswm_0357,mcveraa,durum din̄ lēn ... kal ba'a lēn lōlō ge,#	duru	=m	din̄	lēn	kal	ba'a	lē	=n	lōlō	ge,#	3DL	=TAM1	reach	lēn	enter	into	LOC	=ART	inside	THING,They went inside of this thing,en,MORPHEME_ALIGNED,,iswm_mp3 iswm_wav iswm_eaf iswm_xml iswm_tsv,,1278840,1281854,##	pro.h:s	=lv	nc	nc	v:pred	rv	adp	=ln	ln	np:g,,iswm,∅	∅	∅	∅	∅	∅	∅	∅	∅	∅	∅,∅	7004	∅	∅	∅	∅	∅	∅	∅	∅	7038,∅	7004	∅	∅	∅	∅	∅	∅	∅	∅	7038
iswm_0358,mcveraa,wo Wōwut dim le e m̄eter reksen gunugi durum mul kel ma 'a Nōs,#	wo	Wōwut	di	=m	le	e	m̄eter	rekse	=n	gunu	-gi	#	duru	=m	mul	kēl	ma	a	Nōs,#	and	Wōwut	3SG	=TAM1	transfer	PERS.ART	m̄eter	like	=ART	spouse	-3SG	#	3DL	=TAM1	change.place	back	hither	LOC.SP	place.name,and Wowōt took M̄eter as his wife and they moved back to Nōs.,en,MORPHEME_ALIGNED,,iswm_mp3 iswm_wav iswm_eaf iswm_xml iswm_tsv,,1281854,1286613,##	other	pn_np.h:dt_a	pro.h:a	=lv	v:pred	ln	pn_np.h:p	other	=ln	np.h:other	-rn_pro.h:poss	##	pro.h:s	=lv	v:pred	rv	rv	adp	pn_np:g,,iswm,∅	∅	∅	∅	∅	∅	∅	∅	∅	∅	∅	∅	∅	∅	∅	∅	∅	∅	∅	∅,∅	∅	7001	7001	∅	∅	∅	7002	∅	∅	∅	7001	∅	7004	∅	∅	∅	∅	∅	7006,∅	∅	7001	7001	∅	∅	∅	7002	∅	∅	∅	7001	∅	7004	∅	∅	∅	∅	∅	7006
iswm_0359,mcveraa,durum 'og 'i 'ekēnē,#	duru	=m	'ōg	'i	'ekēnē,#	3DL	=TAM1	stay	DEL	LOC.DEM1,They stayed here.,en,MORPHEME_ALIGNED,,iswm_mp3 iswm_wav iswm_eaf iswm_xml iswm_tsv,,1286613,1288074,##	pro.h:s	=lv	v:pred	rv	dem_other:l,,iswm,∅	∅	∅	∅	∅	∅,∅	7004	∅	∅	∅	7006,∅	7004	∅	∅	∅	7006
iswm_0360,mcveraa,duru wunvam ma' 'ekēnē lēn 'e ga mew va'a gide lama'i rōs,#	duru	wunva	=m	ma'	'ekēnē	lē	=n	'e	ga	mew	va'a	#	gide	lama'i	rōs,#	3DL	probably	=TAM1	dead	LOC.DEM1	LOC	=ART	year	STAT	many	already	#	1PL.IN	know	GEN.NEG2,"Probably they died there after many years, we don't know.",en,MORPHEME_ALIGNED,,iswm_mp3 iswm_wav iswm_eaf iswm_xml iswm_tsv,,1288074,1291890,##	pro.h:s	other	=lv	v:pred	dem_other:l	adp	=ln	np:other	rn	rn	rn	##neg	pro.1:s	v:pred	rv,,iswm,∅	∅	∅	∅	∅	∅	∅	∅	new	∅	∅	∅	∅	∅	∅	∅,∅	7004	∅	∅	∅	7006	∅	∅	7154	∅	∅	∅	∅	∅	∅	∅,∅	7004	∅	∅	∅	7006	∅	∅	7154	∅	∅	∅	∅	∅	∅	∅
iswm_0361,mcveraa,kaaka wunva dim din̄ wuva 'ekēnē,#	kaka	wunva	di	=m	din̄	wuva	'ekēnē,#	story	probably	3SG	=TAM1	reach	only	LOC.DEM1,The story is probably over right here,en,MORPHEME_ALIGNED,,iswm_mp3 iswm_wav iswm_eaf iswm_xml iswm_tsv,,1291890,1294155,##	np:dt_s	other	pro:s	=lv	v:pred	rv	dem_other:l,,iswm,∅	∅	∅	∅	∅	∅	∅	∅,∅	∅	∅	∅	∅	∅	∅	∅,∅	∅	∅	∅	∅	∅	∅	∅
iswm_0362,mcveraa,rekse ..eh..n sava a no ga lama'i son kaka mun e Wōwut di wunvam van din̄ wuva 'ekēnē,#	rekse	eh	n	sava	#	a	no	ga	lama'i	so	=n	kaka	mu-n	e	Wōwut	%	di	wunva	=m	van	din̄	wuva	'ekēnē,#	like	HES	ART	what	#	REL	1SG	STAT	know	CPL	=ART	story	POSS.GEN-CS	PERS.ART	Wōwut	%	3SG	probably	=TAM1	go	reach	only	LOC.DEM1,"like what I know that it is the story of Wowōt, it is probably over right here.",en,MORPHEME_ALIGNED,,iswm_mp3 iswm_wav iswm_eaf iswm_xml iswm_tsv,,1294155,1300148,##	other	nc	nc	np:dt	#rc	other	pro.1:a	lv	v:pred	other	=ln	np:p	rn	rn	rn_pn_np.h:poss	%	pro:s	other	=lv	v:pred	rv	rv	dem_other:l,,iswm,∅	∅	∅	∅	∅	∅	∅	∅	∅	∅	∅	∅	∅	∅	∅	∅	∅	∅	∅	∅	∅	∅	∅	∅,∅	∅	∅	∅	∅	∅	∅	∅	∅	∅	∅	∅	∅	∅	∅	7001	∅	∅	∅	∅	∅	∅	∅	∅,∅	∅	∅	∅	∅	∅	∅	∅	∅	∅	∅	∅	∅	∅	∅	7001	∅	∅	∅	∅	∅	∅	∅	∅
iswm_0363,mcveraa,wunva qē' kēnē varian,#	wunva	ZERO	qē'	kēnē	#	varian,#	probably	ZERO	finish	LOC.DEM1	#	varian,"It's probably over here, thank you.",en,MORPHEME_ALIGNED,,iswm_mp3 iswm_wav iswm_eaf iswm_xml iswm_tsv,,1300148,1303159,##	other	0:s	v:pred	dem_other:l	#nc	nc,,iswm,∅	∅	∅	∅	∅	∅	∅,∅	∅	∅	∅	∅	∅	∅,∅	∅	∅	∅	∅	∅	∅
jjq_0001,mcveraa,qōn̄ ne vōwal,#	qōn̄	ne	vo	-wal,#	day	NUM.ART	NUM	-one,"One day,",en,MORPHEME_ALIGNED,,jjq_mp3 jjq_wav jjq_eaf jjq_xml jjq_tsv,,0,3863,##	np:other	rn	rn	rn,,jjq,∅	∅	∅	∅	∅,∅	∅	∅	∅	∅,∅	∅	∅	∅	∅
jjq_0002,mcveraa,Qo' birin̄ 'eraga 'i'isigi,Qo'	birin̄	e	raga	'i	-'isi	-gi,Qo'	with	ART	people	NSG	-brother	-3SG,there was Qo' and his brothers.,en,MORPHEME_ALIGNED,,jjq_mp3 jjq_wav jjq_eaf jjq_xml jjq_tsv,,3863,8157,pn_np.h:pred	rn	rn	rn	rn	-np.h	-rn_pro.h:poss,,jjq,new	∅	∅	∅	bridging	∅	∅,8001	∅	∅	∅	8002	8001	∅,8001	∅	∅	∅	8002	8001	∅
jjq_0003,mcveraa,'eraga 'i'isigi san̄wul wal dēmē ne vōruō,#	e	raga	'i	-'isi	-gi	san̄wul	wal	dēmē	ne	vō	-ruō,#	ART	people	NSG	-brother	-3SG	ten	one	NC	NUM.ART	NUM	-two,There were twelve brothers of his.,en,MORPHEME_ALIGNED,,jjq_mp3 jjq_wav jjq_eaf jjq_xml jjq_tsv,,8157,12307,##	ln	ln	ln	np.h:s	-rn_pro.h:poss	np:pred	rn	rn	rn	rn	rn,,jjq,∅	∅	∅	∅	∅	∅	∅	∅	∅	∅	∅	∅,∅	∅	∅	8002	8001	∅	∅	∅	∅	∅	∅	∅,∅	∅	∅	8002	8001	∅	∅	∅	∅	∅	∅	∅
jjq_0004,mcveraa,dirm 'og'og 'a Rev,#	dir	=m	'ōg'ōg	a	Rev,#	3PL	=TAM1	RED:stay	LOC.SP	Rev,They lived at Arep.,en,MORPHEME_ALIGNED,,jjq_mp3 jjq_wav jjq_eaf jjq_xml jjq_tsv,,12307,15144,##	pro.h:s	=lv	v:pred	adp	pn_np:l,,jjq,∅	bridging	∅	∅	∅	unused,∅	8003	∅	∅	∅	8004,∅	8003	∅	∅	∅	8004
jjq_0005,mcveraa,'a Rev si nik van din̄ 'a Rev nike 'ēn ēn skul luwo sogi nē bēne 'a Rev sa nē n vono ne Qo',#	a	Rev	si	nik	van	din̄	a	Rev	#	nik	ē	'ēn	ēn	skul	luwo	#	so	-gi	nē	bēne	#	a	Rev	sa	nē	n	vono	-n	e	Qo',#	LOC.SP	Rev	if	2SG	go	reach	LOC.SP	Rev	#	2SG	TAM2:2SG	see	ART	school	big	#	name	-3SG	DEM1	PRO.OBL	#	LOC.SP	Rev	EMPH	DEM1	ART	home	-CS	PERS.ART	Qo',"Arep, if you arrive at Arep, you will see a big school, it has a name... This is exactly Arep, the home of Qo'.",en,MORPHEME_ALIGNED,,jjq_mp3 jjq_wav jjq_eaf jjq_xml jjq_tsv,,15144,22692,##	adp	pn_np:dt	other	pro.2:s	v:pred	rv	adp	pn_np:g	##	pro.2:a	lv-pro_2_a	v:pred	ln	np:p	rn	##	np:s	-rn_pro:poss	rn	other:predex	#	adp	pn_np:pred	ln	dem1_pro:s	ln	np:dt_pred	rn	rn	rn_pn_np.h:poss,,jjq,∅	∅	∅	∅	unused	∅	∅	∅	∅	∅	∅	∅	∅	∅	new	∅	∅	bridging	∅	∅	∅	∅	∅	∅	∅	∅	∅	∅	∅	∅	∅,∅	∅	8004	∅	8005	∅	∅	∅	8004	∅	8005	∅	∅	∅	8006	∅	∅	8007	8006	∅	∅	∅	∅	8004	∅	8004	∅	∅	8001	∅	∅,∅	∅	8004	∅	8005	∅	∅	∅	8004	∅	8005	∅	∅	∅	8006	∅	∅	8007	8006	∅	∅	∅	∅	8004	∅	8004	∅	∅	8001	∅	∅
jjq_0006,mcveraa,dirm 'og'ogo kēnē vavan qōn̄ ne vōwal dirk dodō̄m 'amēn ga van 'ar ēn naka,#	dir	=m	'ōg	-'ōgo	kēnē	va-van	#	qōn̄	ne	vō-wal	dir	=k	dō̄-dō̄m	#	'amēn	ga	van	'ar	ēn	naka,#	3PL	=TAM1	RED	-stay	LOC.DEM1	RED-go	#	day	NUM.ART	NUM-one	3PL	=TAM2	RED-think	#	ASS	STAT	go	chop	ART	canoe,They lived there until one day they thought about going to cut canoes.,en,MORPHEME_ALIGNED,,jjq_mp3 jjq_wav jjq_eaf jjq_xml jjq_tsv,,22692,28716,##	pro.h:s	=lv	v:pred	-rv	other:l	other	##	np:other	rn	rn	pro.h:s	=lv	v:pred	#cc	other	lv	vother:pred	rv	ln	np:p,,jjq,∅	∅	∅	∅	∅	∅	∅	∅	∅	∅	∅	∅	∅	∅	∅	∅	∅	∅	∅	∅	∅,∅	8003	∅	∅	∅	8004	∅	∅	∅	∅	∅	8002	∅	∅	∅	∅	∅	∅	∅	∅	∅,∅	8003	∅	∅	∅	8004	∅	∅	∅	∅	∅	8002	∅	∅	∅	∅	∅	∅	∅	∅	∅
jjq_0007,mcveraa,dirm van mēn 'ar ēn nak susuō,#	dir	=m	van	mē	#	=n	'ar	ēn	nak	su-suō,#	3PL	=TAM1	go	DAT	#	=ART	cut	ART	canoe	RED-paddle,So they went to cut canoes.,en,MORPHEME_ALIGNED,,jjq_mp3 jjq_wav jjq_eaf jjq_xml jjq_tsv,,28716,32058,##	pro.h:s	=lv	v:pred	adp	#cc:g	=ln	vother:pred	ln	np:p	rn,,jjq,∅	∅	∅	∅	∅	∅	∅	∅	∅	∅	∅,∅	8002	∅	∅	∅	∅	∅	∅	∅	∅	∅,∅	8002	∅	∅	∅	∅	∅	∅	∅	∅	∅
jjq_0008,mcveraa,dirm van kal sar lēn wōm̄ōm̄ō',#	dir	=m	van	kal	sar	lē	=n	wōm̄ōm̄ō',#	3PL	=TAM1	go	upwards	inland	LOC	=ART	bush,They went up to the bush.,en,MORPHEME_ALIGNED,,jjq_mp3 jjq_wav jjq_eaf jjq_xml jjq_tsv,,32058,34809,##	pro.h:s	=lv	v:pred	rv	rv	adp	=ln	np:g,,jjq,∅	∅	∅	∅	∅	∅	∅	∅	unused,∅	8002	∅	∅	∅	∅	∅	∅	8008,∅	8002	∅	∅	∅	∅	∅	∅	8008
jjq_0009,mcveraa,ba e Qo' ē van ros,#	ba	e	Qo'	e	van	rōs,#	but	ART	Qo'	GEN.NEG1	go	GEN.NEG2,But Qo' didn't go.,en,MORPHEME_ALIGNED,,jjq_mp3 jjq_wav jjq_eaf jjq_xml jjq_tsv,,34809,37192,##neg	other	ln	pn_np.h:s	lv	v:pred	rv,,jjq,∅	∅	∅	∅	∅	∅	∅,∅	∅	∅	8001	∅	∅	∅,∅	∅	∅	8001	∅	∅	∅
jjq_0010,mcveraa,'eraga 'i'isigi wuva dirm van,#	e	raga	'i-'isi	-gi	wuva	dir	=m	van,#	ART	people	RED-brother	-3SG	only	3PL	=TAM1	go,"Only his brothers, they went.",en,MORPHEME_ALIGNED,,jjq_mp3 jjq_wav jjq_eaf jjq_xml jjq_tsv,,37192,39868,##	ln	ln	np.h:dt_s	-rn_pro.h:poss	rn	pro.h:s	=lv	v:pred,,jjq,∅	∅	∅	∅	∅	∅	∅	∅	∅,∅	∅	∅	8002	8001	∅	8002	∅	∅,∅	∅	∅	8002	8001	∅	8002	∅	∅
jjq_0011,mcveraa,dir san̄wul,#	dir	san̄wul,#	3PL	ten,There were ten of them.,en,MORPHEME_ALIGNED,,jjq_mp3 jjq_wav jjq_eaf jjq_xml jjq_tsv,,39868,41831,##	pro.h:s	np:pred,,jjq,∅	∅	∅,∅	8002	∅,∅	8002	∅
jjq_0012,mcveraa,san̄wul wal dēmē ne vōwal dirm van dirk kal 'ar ēn naka ba Qo' ga 'og'og lēn lōlō vunuō ne 'og 'i,#	san̄wul	wal	dēmē	ne	vō-wal	dir	=m	van	#	dir	=k	kal	'ar	ēn	naka	#	ba	Qo'	ga	'ōg'ōg	lē	=n	lōlō	vunuō	#	ZERO	ne	'ōg	'i,#	ten	one	NC	NUM.ART	NUM-one	3PL	=TAM1	go	#	3PL	=TAM2	go.upwards	cut	ART	canoe	#	but	Qo'	STAT	RED:stay	LOC	=ART	inside	village	#	ZERO	TAM2:3SG	stay	DEL,"Eleven, and they went. They went upwards to cut canoes, but Qo' stayed in the village, stayed behind.",en,MORPHEME_ALIGNED,,jjq_mp3 jjq_wav jjq_eaf jjq_xml jjq_tsv,,41831,50020,##	np:other	rn	rn	rn	rn	pro.h:s	=lv	v:pred	##	pro.h:a	=lv	v:pred	rv	ln	np:p	##	other	pn_np.h:s	lv	v:pred	adp	=ln	ln	np:l	##	0.h:s	lv-pro_h_s	v:pred	rv,,jjq,∅	∅	∅	∅	∅	∅	∅	∅	∅	∅	∅	∅	∅	∅	∅	∅	∅	∅	∅	∅	∅	∅	∅	∅	∅	∅	∅	∅	∅	∅,∅	∅	∅	∅	∅	∅	8002	∅	∅	∅	8002	∅	∅	∅	∅	∅	∅	∅	8001	∅	∅	∅	∅	∅	8004	∅	8001	∅	∅	∅,∅	∅	∅	∅	∅	∅	8002	∅	∅	∅	8002	∅	∅	∅	∅	∅	∅	∅	8001	∅	∅	∅	∅	∅	8004	∅	8001	∅	∅	∅
jjq_0013,mcveraa,dim 'ogo 'ogo vavan ba dire galal ros so Qom van rekm 'ar ... mēn 'ar naka,#	di	=m	'ōgo	'ōgo	va-van	#	ba	dir	e	galal	rōs	#	so	Qo'	=m	van	rek	#	ZERO	=m	'ar	%	mē	#	=n	'ar	naka,#	3SG	=TAM1	stay	stay	RED-go	#	but	3PL	GEN.NEG1	know	GEN.NEG2	#	CPL	Qo'	=TAM1	go	too	#	ZERO	=TAM1	cut	%	DAT	#	=ART	cut	canoe,"He stayed there, but they didn't know that Qo', too, went to canoe-cutting.",en,MORPHEME_ALIGNED,,jjq_mp3 jjq_wav jjq_eaf jjq_xml jjq_tsv,,50020,56167,##	pro.h:s	=lv	v:pred	rv	other	##neg	other	pro.h:s	lv	v:pred	rv	#cc	other	pn_np.h:s	=lv	v:pred	other	#nc	nc	nc	nc	%	adp	#cc:g	=ln	vother:pred	rv,,jjq,∅	∅	∅	∅	∅	∅	∅	∅	∅	∅	∅	∅	∅	∅	∅	∅	∅	∅	∅	∅	∅	∅	∅	∅	∅	∅	∅	∅,∅	8001	∅	∅	∅	∅	∅	∅	8002	∅	∅	∅	∅	∅	8001	∅	∅	∅	∅	∅	∅	∅	∅	∅	∅	∅	∅	∅,∅	8001	∅	∅	∅	∅	∅	∅	8002	∅	∅	∅	∅	∅	8001	∅	∅	∅	∅	∅	∅	∅	∅	∅	∅	∅	∅	∅
jjq_0014,mcveraa,'eraga 'i'isigi lama'i ros,#	e	raga	'i-'isi	-gi	lama'i	rōs,#	ART	people	RED-brother	-3SG	know	GEN.NEG2,His brothers didn't know that.,en,MORPHEME_ALIGNED,,jjq_mp3 jjq_wav jjq_eaf jjq_xml jjq_tsv,,56167,58727,##neg	ln	ln	np.h:s	-rn_pro.h:poss	v:pred	rv,,jjq,∅	∅	∅	∅	∅	∅	∅,∅	∅	∅	8002	8001	∅	∅,∅	∅	∅	8002	8001	∅	∅
jjq_0015,mcveraa,'eraga 'i'isigim van 'anē dirm 'ar ēn naka 'eraga 'aklēgi dir dōl dirm 'ar ēn nak susuōn nak n kore,#	e	raga	'i-'isi	-gi	=m	van	anē	#	dir	=m	'ar	ēn	naka	#	e	raga	'aklē	-gi	dir	dōl	dir	=m	'ar	ēn	nak	su-suō	=n	nak	n	ko	-re,#	ART	people	RED-brother	-3SG	=TAM1	go	DEM1.A	#	3PL	=TAM1	chop	ART	canoe	#	ART	people	some	-3SG	3PL	all	3PL	=TAM1	chop	ART	canoe	RED-paddle	=ART	canoe	ART	POSS.CL	-3PL,"His brothers went and cut canoes. Some of them ... each of them, they cut paddling-canoes, canoes, vessels of theirs..",en,MORPHEME_ALIGNED,,jjq_mp3 jjq_wav jjq_eaf jjq_xml jjq_tsv,,58727,65234,##	ln	ln	np.h:s	-rn_pro.h:poss	=lv	v:pred	other	##	pro.h:a	=lv	v:pred	ln	np:p	##	nc	nc	nc	nc	pro.h:dt_a	rn	pro.h:a	=lv	v:pred	ln	np:p	rn	=ln	np:dt_p	ln	np:dt_p	-rn_pro.h:poss,,jjq,∅	∅	∅	∅	∅	∅	∅	∅	∅	∅	∅	∅	∅	new	∅	∅	∅	∅	∅	∅	∅	∅	∅	∅	∅	∅	∅	∅	∅	∅	∅	∅,∅	∅	∅	8002	8001	∅	∅	∅	∅	8002	∅	∅	∅	8009	∅	∅	∅	∅	∅	8002	∅	8002	∅	∅	∅	8009	∅	∅	8009	∅	8009	8002,∅	∅	∅	8002	8001	∅	∅	∅	∅	8002	∅	∅	∅	8009	∅	∅	∅	∅	∅	8002	∅	8002	∅	∅	∅	8009	∅	∅	8009	∅	8009	8002
jjq_0016,mcveraa,dirm 'ar ēn 'erē naka 'anēn nēn kala'a,#	dir	=m	'ar	ēn	'erē	naka	anē	#	=n	nē	=n	kala'a,#	3PL	=TAM1	chop	ART	PL	canoe	DEM1.A	#	=ART	DEM1	=ART	tree.sp,They cut these canoes from kala'a.,en,MORPHEME_ALIGNED,,jjq_mp3 jjq_wav jjq_eaf jjq_xml jjq_tsv,,65234,68900,##	pro.h:a	=lv	v:pred	ln	ln	np:p	rn	##	nc	dem_pro:s	=ln	np:pred,,jjq,∅	∅	∅	∅	∅	∅	∅	∅	∅	∅	∅	∅	∅,∅	8002	∅	∅	∅	∅	8009	∅	∅	∅	8009	∅	∅,∅	8002	∅	∅	∅	∅	8009	∅	∅	∅	8009	∅	∅
jjq_0017,mcveraa,dirk rōw lu ma den lēn vunuō dirk 'ēn e Qos 'og 'i,#	dir	=k	rōw	lu	ma	den	lē	=n	vunuō	#	dir	=k	'ēn	e	Qo'	#	ZERO	=s	'ōg	'i,#	3PL	=TAM2	skip	through	hither	ABL	LOC	=ART	village	#	3PL	=TAM2	see	e	Qo'	#	ZERO	=SIM	stay	DEL,When they came down to the village they saw Qo' sitting there.,en,MORPHEME_ALIGNED,,jjq_mp3 jjq_wav jjq_eaf jjq_xml jjq_tsv,,68900,73519,##	pro.h:s	=lv	v:pred	rv	rv	adp	adp	=ln	np:obl	##	pro.h:a	=lv	v:pred	ln	pn_np.h:p	#rc	0.h:s	=lv	v:pred	rv,,jjq,∅	∅	∅	∅	∅	∅	∅	∅	∅	∅	∅	∅	∅	∅	∅	∅	∅	∅	∅	∅	∅,∅	8002	∅	∅	∅	∅	∅	∅	∅	8004	∅	8002	∅	∅	∅	8001	∅	8001	∅	∅	∅,∅	8002	∅	∅	∅	∅	∅	∅	∅	8004	∅	8002	∅	∅	∅	8001	∅	8001	∅	∅	∅
jjq_0018,mcveraa,Qo' nike 'ēnēn? disivie,#	Qo'	nikē	'ēnē	da	siviē,#	Qo'	2SG	DEM?	do	how,"Qo', what's up?",en,MORPHEME_ALIGNED,,jjq_mp3 jjq_wav jjq_eaf jjq_xml jjq_tsv,,73519,76433,##	pn_np.h:voc	pro.2:s	nc	v:pred	other,,jjq,∅	∅	∅	∅	∅	∅,∅	∅	8001	∅	∅	∅,∅	∅	8001	∅	∅	∅
jjq_0019,mcveraa,vaga kamak van kelkel si kamak van lēn 'ar 'ēqē sik van 'a vie senē kamak van ma nike 'ēn niks 'og 'i lēn lōlō vunuō,#	vaga	kamak	van	kēlkēl	#	si	kamak	van	lē	#	=n	'ar	'ēqē	#	si	ZERO	=k	van	a	viē	senē	#	kamak	van	ma	#	nik	ē	'ēn	#	nik	=s	'ōg	'i	lē	=n	lōlō	vunuō,#	always	1PL.EX:TAM2	go	RED-back	#	or	1PL.EX:TAM2	go	LOC	#	=ART	chop	'ēqē	#	or	ZERO	=TAM2	go	LOC.SP	where	MAN.DEM1	#	1PL.EX:TAM2	go	hither	#	2SG	TAM2:2SG	see	#	2SG	=SIM	stay	DEL	LOC	=ART	inside	village,"Every time that we go walk around, or go cut a garden, or go wherever, when we come back, you can see that you stay behind in the village.",en,WORD_ALIGNED,,jjq_mp3 jjq_wav jjq_eaf jjq_xml jjq_tsv,,76433,84894,##ds	other	pro.1:s	v:pred	rv	##ds	other	pro.1:s	v:pred	adp	#cc:g	=ln	vother:pred	rv	##ds	other	0.1:s	=lv	v:pred	adp	other:g	other	##ds	pro.1:s	v:pred	rv	##ds	pro.2:s	lv-pro_2_s	v:pred	#ds_cc	pro.2:s	=lv	v:pred	rv	adp	=ln	ln	np:l,,jjq,∅	∅	∅	∅	∅	∅	∅	∅	∅	∅	∅	∅	∅	∅	∅	∅	∅	∅	∅	∅	∅	∅	∅	∅	∅	∅	∅	∅	∅	∅	∅	∅	∅	∅	∅	∅	∅	∅	∅,∅	∅	8002	∅	∅	∅	∅	8002	∅	∅	∅	∅	∅	∅	∅	∅	8002	∅	∅	∅	∅	∅	∅	8002	∅	∅	∅	8001	∅	∅	∅	8001	∅	∅	∅	∅	∅	∅	8004,∅	∅	8002	∅	∅	∅	∅	8002	∅	∅	∅	∅	∅	∅	∅	∅	8002	∅	∅	∅	∅	∅	∅	8002	∅	∅	∅	8001	∅	∅	∅	8001	∅	∅	∅	∅	∅	∅	8004
jjq_0020,mcveraa,ba nik ē da sivie kamam 'a van nē mēn 'ar naka nē kamam van ēk 'ar'ar komam 'amēn kamam k susuō,#	ba	nik	ē	da	siviē	#	kamam	'a	van	nē	mē	#	=n	'ar	naka	nē	#	kamam	van	#	ē	ZERO	=k	'ar'ar	ko	-mam	#	'amēn	kamam	k	su-suō,#	but	2SG	TAM2:2SG	do	how	#	1PL.EX:TAM1	HES	go	DEM1	DAT	#	=ART	chop	canoe	DEM1	#	1PL.EX:TAM1	go	#	CC	ZERO	=TAM2	RED:chop	POSS.VES	-1PL.EX	#	ASS	1PL.EX	=TAM2	RED-paddle,"So, what's up? We [UNCLEAR] went to cut canoes, we went cutting vessels for us in order to paddle",en,WORD_ALIGNED,,jjq_mp3 jjq_wav jjq_eaf jjq_xml jjq_tsv,,84894,91026,##ds	other	pro.2:s	lv-pro_2_s	v:pred	other	##ds	pro.1:s	nc	v:pred	other	adp	#cc:g	=ln	vother:pred	rv	other	##ds	pro.1:s	v:pred	##ds	other	0.1:s	=lv	v:pred	rv	-rv_pro.1:poss	#ds_cc	other	pro.1:s	=lv	v:pred,,jjq,∅	∅	∅	∅	∅	∅	∅	∅	∅	∅	∅	∅	∅	∅	∅	∅	∅	∅	∅	∅	∅	∅	∅	∅	∅	∅	∅	∅	∅	∅	∅	∅,∅	∅	8001	∅	∅	∅	∅	8002	∅	∅	∅	∅	∅	∅	∅	∅	∅	∅	8002	∅	∅	∅	8002	∅	∅	8009	8002	∅	∅	8002	∅	∅,∅	∅	8001	∅	∅	∅	∅	8002	∅	∅	∅	∅	∅	∅	∅	∅	∅	∅	8002	∅	∅	∅	8002	∅	∅	8009	8002	∅	∅	8002	∅	∅
jjq_0021,mcveraa,susuō wuva rōw ma 'a Serewan 'anē si rōw ma lēn mē'ērsa 'a Rev 'anē,#	ZERO	su-suō	wuva	rōw	ma	a	Serewan	anē	#	si	ZERO	rōw	ma	lē	=n	mē'ērsa	'a	Rev	anē,#	ZERO	RED-paddle	only	seawards	hither	LOC.SP	Serewan	DEM1.A	#	or	ZERO	skip	hither	LOC	=ART	harbour	ASS.SP	Rev	DEM1.A,just to paddle down here to Serewan or down here to the harbour of Arev.,en,MORPHEME_ALIGNED,,jjq_mp3 jjq_wav jjq_eaf jjq_xml jjq_tsv,,91026,96489,##ds	0.1:s	v:pred	rv	rv	rv	adp	pn_np:g	rn	##ds	other	0.1:s	v:pred	rv	adp	=ln	np:g	rn	rn_pn_np	rn,,jjq,∅	∅	∅	∅	∅	∅	∅	unused	∅	∅	∅	∅	∅	∅	∅	∅	bridging	∅	∅	∅,∅	8002	∅	∅	∅	∅	∅	8010	∅	∅	∅	8002	∅	∅	∅	∅	8011	∅	8004	∅,∅	8002	∅	∅	∅	∅	∅	8010	∅	∅	∅	8002	∅	∅	∅	∅	8011	∅	8004	∅
jjq_0022,mcveraa,'amēn ga susu kelkel 'ekē nēk suō din̄ sar 'a Narwē,#	'amēn	ga	su-su	kēlkēl	'ekē	nē	#	ZERO	=k	suō	din̄	sar	a	Narwē,#	ASS	STAT	RED-paddle	RED-back	place	DEM1	#	ZERO	=TAM2	paddle	reach	in	LOC.SP	Narwē,"in order to paddle all around there, paddle up to Narwē.",en,WORD_ALIGNED,,jjq_mp3 jjq_wav jjq_eaf jjq_xml jjq_tsv,,96489,102235,#ds_cc	other	lv	vother:pred	rv	rv	other	##ds	0.1:s	=lv	v:pred	rv	rv	adp	pn_np:g,,jjq,∅	∅	∅	∅	∅	∅	∅	∅	∅	∅	∅	∅	∅	∅	unused,∅	∅	∅	∅	∅	∅	∅	∅	8002	∅	∅	∅	∅	∅	8012,∅	∅	∅	∅	∅	∅	∅	∅	8002	∅	∅	∅	∅	∅	8012
jjq_0023,mcveraa,qē' ēk si su kel ma 'a kēnē,#	qē'	ē	ZERO	=k	si	su	kēl	ma	a	kēnē,#	then	CC	ZERO	=TAM2	or	paddle	back	hither	LOC.SP	there,and then come back here.,en,MORPHEME_ALIGNED,,jjq_mp3 jjq_wav jjq_eaf jjq_xml jjq_tsv,,102235,104923,#nc	nc	nc	nc	nc	nc	nc	nc	nc	nc	nc,,jjq,∅	∅	∅	∅	∅	∅	∅	∅	∅	∅	∅,∅	∅	∅	∅	∅	∅	∅	∅	∅	∅	∅,∅	∅	∅	∅	∅	∅	∅	∅	∅	∅	∅
jjq_0024,mcveraa,ba nikēn 'og'og wuva mum wal sa kēnē nike vanvan kelkel ros,#	ba	nikē	=n	'ōg'ōg	wuva	mu	-m	wal	sa	kēnē	#	nik	e	vanvan	kēlkēl	rōs,#	but	2SG	=ART	RED:stay	only	POSS.GEN	-2SG	once	EMPH	LOC.DEM1	#	2SG	GEN.NEG1	RED:go	RED:back	GEN.NEG2,"But you, your only staying is right here, you don't walk around.",en,MORPHEME_ALIGNED,,jjq_mp3 jjq_wav jjq_eaf jjq_xml jjq_tsv,,104923,109959,##ds	other	pro.2:s	=ln	np:pred	rn	rn	-rn_pro.2:poss	rn	other	other:l	##ds.neg	pro.2:s	lv	v:pred	rv	rv,,jjq,∅	∅	∅	∅	∅	∅	∅	∅	∅	∅	∅	∅	∅	∅	∅	∅	∅,∅	∅	8001	∅	∅	∅	∅	8001	∅	∅	8004	∅	8001	∅	∅	∅	∅,∅	∅	8001	∅	∅	∅	∅	8001	∅	∅	8004	∅	8001	∅	∅	∅	∅
jjq_0025,mcveraa,nike 'ēn ... nike 'ēn 'i nē kamam m van m 'ar ēn komam,#	nik	e	'ēn	#	nik	ē	'ēn	'i	nē	#	kamam	van	#	ZERO	m	'ar	ēn	ko	-mam,#	2.SG	=TAM2	see	#	2SG	TAM2:2SG	see	DEL	DEM1	#	1PL.EX:TAM1	go	#	ZERO	TAM1	chop	ART	POSS.VES	-1PL.EX,"You look ... look at us, we went and cut us a vessel.",en,WORD_ALIGNED,,jjq_mp3 jjq_wav jjq_eaf jjq_xml jjq_tsv,,109959,113667,#nc	nc	nc	nc	##ds	pro.2:s	lv-pro_2_s	v:pred	rv	other	#ds_cc	pro.1:s	v:pred	##ds	0.1:a	lv	v:pred	ln	np:p	-rn_pro.1:poss,,jjq,∅	∅	∅	∅	∅	∅	∅	∅	∅	∅	∅	∅	∅	∅	∅	∅	∅	∅	∅	∅,∅	∅	∅	∅	∅	8001	∅	∅	∅	∅	∅	8002	∅	∅	8002	∅	∅	∅	8009	8002,∅	∅	∅	∅	∅	8001	∅	∅	∅	∅	∅	8002	∅	∅	8002	∅	∅	∅	8009	8002
jjq_0026,mcveraa,niks 'og 'i 'anē ne gitag kom,#	nik	=s	'ōg	'i	anē	#	ne	gitag	ko	-m,#	2SG	=SIM	stay	DEL	DEM1.A	#	NC	not.exist	POSS.VES	-2SG,"While you are staying here, you don't have a vessel.",en,MORPHEME_ALIGNED,,jjq_mp3 jjq_wav jjq_eaf jjq_xml jjq_tsv,,113667,116584,##ds	pro.2:s	=lv	v:pred	rv	other	##ds	other	other:pred	np:s	-rn_pro.2:poss,,jjq,∅	∅	∅	∅	∅	∅	∅	∅	∅	∅	∅,∅	8001	∅	∅	∅	∅	∅	∅	∅	∅	8001,∅	8001	∅	∅	∅	∅	∅	∅	∅	∅	8001
jjq_0027,mcveraa,qiri 'anē dirk van 'aluwo 'i lik 'esēnē,#	qiri	anē	dir	=k	van	#	'aluwo	'i	lik	'esēnē,#	today	DEM1.A	3PL	=TAM1	go	#	tomorrow	DEL	more	like.this,"Today they went, and tomorrow the same thing again.",en,MORPHEME_ALIGNED,,jjq_mp3 jjq_wav jjq_eaf jjq_xml jjq_tsv,,116584,121298,##	other	rn	pro.h:s	=lv	v:pred	#nc	nc	nc	nc	nc,,jjq,∅	∅	∅	∅	∅	∅	∅	∅	∅	∅	∅,∅	∅	∅	8002	∅	∅	∅	∅	∅	∅	∅,∅	∅	∅	8002	∅	∅	∅	∅	∅	∅	∅
jjq_0028,mcveraa,rise nē dir lik ē... dir da lik 'esēnē,#	rise	nē	dir	lik	ē—	dir	da	lik	esenē,#	two.days	DEM1	3PL	more	NC	3PL	do	more	MAN.DEM1.E,"The day after tomorrow, they would do (it) like this",en,MORPHEME_ALIGNED,,jjq_mp3 jjq_wav jjq_eaf jjq_xml jjq_tsv,,121298,124971,##	other	rn	nc	nc	nc	pro.h:s	v:pred	rv	other,,jjq,∅	∅	∅	∅	∅	∅	∅	∅	∅	∅,∅	∅	∅	∅	∅	∅	8002	∅	∅	∅,∅	∅	∅	∅	∅	∅	8002	∅	∅	∅
jjq_0029,mcveraa,van qōn̄ ne vōwal dirm 'ogo dir gēde gēdek van ek rev lun kode,#	van	qōn̄	ne	vō-wal	dir	=m	'ōgo	#	dir	gidē	gidē	=k	van	#	ē	ZERO	=k	rēv	lu	=n	ko	-de,#	go	night	NUM.ART	NUM-one	3PL	=TAM1	stay	#	3PL	1DL.IN	1DL.IN	=TAM2	go	#	CC	ZERO	=TAM2	drag	through	=ART	POSS.VES	-1PL.IN,"until one day, they were staying there, and then they ... ""Let's go drag out our vessels.""",en,MORPHEME_ALIGNED,,jjq_mp3 jjq_wav jjq_eaf jjq_xml jjq_tsv,,124971,130277,##	other	np:other	rn	rn	pro.h:s	=lv	v:pred	##ds	nc	pro.1:dt_s	pro.1:s	=lv	v:pred	##	other	0.h:a	=lv	v:pred	rv	=ln	np:p	-rn_pro.1:poss,,jjq,∅	∅	∅	∅	∅	∅	∅	∅	∅	∅	∅	∅	∅	∅	∅	∅	∅	∅	∅	∅	∅	∅	∅,∅	∅	∅	∅	∅	8002	∅	∅	∅	∅	8002	8002	∅	∅	∅	∅	8002	∅	∅	∅	∅	8009	8002,∅	∅	∅	∅	∅	8002	∅	∅	∅	∅	8002	8002	∅	∅	∅	∅	8002	∅	∅	∅	∅	8009	8002
jjq_0030,mcveraa,dirk van k rev lu man kore,#	dir	=k	van	#	ZERO	k	rēv	lu	ma	=n	ko	-re,#	3PL	=TAM2	go	#	ZERO	=TAM2	drag	through	hither	=ART	POSS.VES	-3PL,they went and dragged out their vessels,en,WORD_ALIGNED,,jjq_mp3 jjq_wav jjq_eaf jjq_xml jjq_tsv,,130277,133020,##	pro.h:s	=lv	v:pred	##	0.h:a	=lv	v:pred	rv	rv	=ln	np:p	-rn_pro.h:poss,,jjq,∅	∅	∅	∅	∅	∅	∅	∅	∅	∅	∅	∅	∅,∅	8002	∅	∅	∅	8002	∅	∅	∅	∅	∅	8009	8002,∅	8002	∅	∅	∅	8002	∅	∅	∅	∅	∅	8009	8002
jjq_0031,mcveraa,din̄ rōw lēn mē'ērsa a Rev,#	ZERO	din̄	rōw	lē	=n	mē'ērsa	a	Rev,#	ZERO	reach	seawards	LOC	=ART	harbour	LOC.SP	Rev,until they reached the harbour at Arev,en,MORPHEME_ALIGNED,,jjq_mp3 jjq_wav jjq_eaf jjq_xml jjq_tsv,,133020,136069,##	0.h:s	v:pred	rv	adp	=ln	np:g	rn	rn_pn_np,,jjq,∅	∅	∅	∅	∅	∅	∅	∅	∅,∅	8002	∅	∅	∅	∅	8011	∅	8004,∅	8002	∅	∅	∅	∅	8011	∅	8004
jjq_0032,mcveraa,dirk vilvil ēn nak mure,#	dir	=k	vilvil	ēn	nak	mu	-re,#	3PL	=TAM1	RED:tie	ART	canoe	POSS.GEN-3PL	-3PL,then they tied together their canoes.,en,WORD_ALIGNED,,jjq_mp3 jjq_wav jjq_eaf jjq_xml jjq_tsv,,136069,138826,##	pro.h:a	=lv	v:pred	ln	np:p	rn	-rn_pro.h:poss,,jjq,∅	∅	∅	∅	∅	∅	∅	∅,∅	8002	∅	∅	∅	8009	∅	8002,∅	8002	∅	∅	∅	8009	∅	8002
jjq_0033,mcveraa,ge 'ew'i ne rev sur ēn nak mugi nek van rōw lēn naw won n kogi ne 'ul,#	ge	'ew'i	ne	rēv	sur	ēn	nak	mu	-gi	nē	#	ZERO	=k	van	rōw	lē	=n	naw	#	wo	=n	n	ko	-gi	ne	'ul,#	THING	other	TAM2:3SG	drag	down	ART	canoe	POSS.GEN	-3SG	DEM1	#	ZERO	=TAM2	go	seawards	LOC	=ART	saltwater	#	and	=ART	ART	POSS.VES	-3SG	TAM2:3SG	drown,"one dragged down his canoe, went out into the sea, and his canoe sank",en,MORPHEME_ALIGNED,,jjq_mp3 jjq_wav jjq_eaf jjq_xml jjq_tsv,,138826,144779,##	np.h:a	rn	lv-pro_h_a	v:pred	rv	ln	np:p	rn	-rn_pro.h:poss	rn	##	0.h:s	=lv	v:pred	rv	adp	=ln	np:g	##	other	nc	ln	np:s	-rn_pro.h:poss	lv-pro_s	v:pred,,jjq,∅	bridging	∅	∅	∅	∅	∅	bridging	∅	∅	∅	∅	∅	∅	∅	∅	∅	∅	unused	∅	∅	∅	∅	∅	∅	∅	∅,∅	8013	∅	∅	∅	∅	∅	8015	∅	8013	∅	∅	8013	∅	∅	∅	∅	∅	8017	∅	∅	∅	∅	8015	8013	∅	∅,∅	8013	∅	∅	∅	∅	∅	8015	∅	8013	∅	∅	8013	∅	∅	∅	∅	∅	8017	∅	∅	∅	∅	8015	8013	∅	∅
jjq_0034,mcveraa,ge 'ew'i ne da lik 'esenē van 'ō rōw ēn kogi wo ne 'ul,#	ge	'ew'i	ne	da	lik	esenē	#	ZERO	van	'ō'	rōw	ēn	ko	-gi	#	wo	ZERO	ne	'ul,#	THING	other	TAM2:3SG	do	more	MAN.DEM1.E	#	ZERO	go	carry	seawards	ART	POSS.VES	-3SG	#	and	ZERO	TAM2:3SG	drown,"another did it the same way, brought his canoe down, and sank",en,MORPHEME_ALIGNED,,jjq_mp3 jjq_wav jjq_eaf jjq_xml jjq_tsv,,144779,148926,##	np.h:s	rn	lv-pro_h_s	v:pred	rv	other	##	0.h:a	v:pred	rv	rv	ln	np:p	-rn_pro.h:poss	##	other	0:s	lv-pro_s	v:pred,,jjq,∅	bridging	∅	∅	∅	∅	∅	∅	∅	∅	∅	∅	∅	bridging	∅	∅	∅	∅	∅	∅,∅	8014	∅	∅	∅	∅	∅	∅	8014	∅	∅	∅	∅	8016	8014	∅	∅	8016	∅	∅,∅	8014	∅	∅	∅	∅	∅	∅	8014	∅	∅	∅	∅	8016	8014	∅	∅	8016	∅	∅
jjq_0035,mcveraa,sow e Qo' dim 'ar sur ēn kogin nanara,#	sōw	e	Qo'	di	=m	'ar	sur	ēn	ko	-gi	=n	nanara,#	DISC	PERS.ART	Qo'	3SG	=TAM1	chop	down	ART	POSS.VES	-3SG	=ART	nanara.tree,"then Qo', he cut down a nanara tree for him (to make a canoe)",en,MORPHEME_ALIGNED,,jjq_mp3 jjq_wav jjq_eaf jjq_xml jjq_tsv,,148926,153858,##	other	ln	pn_np.h:dt_a	pro.h:a	=lv	v:pred	rv	ln	ln	-rn_pro.h:poss	=ln	np:p,,jjq,∅	∅	∅	∅	∅	∅	∅	∅	∅	bridging	∅	∅	new,∅	∅	∅	8001	8001	∅	∅	∅	∅	8018	8001	∅	8019,∅	∅	∅	8001	8001	∅	∅	∅	∅	8018	8001	∅	8019
jjq_0036,mcveraa,dim 'ar sur ēn naka anē'ē dim 'o.. le dim n qōn̄ ga mew 'og den 'amēn nak ne qē',#	di	=m	'ar	sur	ēn	naka	anē'ē	#	di	=m	'o—	le	di	=m	#	n	qōn̄	ga	mēw	'ōg	den	#	'amē	=n	nak	ne	qē',#	3SG	=TAM1	chop	down	ART	canoe	DEM1.A	#	3SG	=TAM1	NC	transfer	3SG	=TAM1	#	ART	night	STAT	many	stay	ABL	#	ASS	=ART	canoe	TAM2:3SG	finish,"he cut down this canoe, then many days were still left before the canoe would be completed.",en,MORPHEME_ALIGNED,,jjq_mp3 jjq_wav jjq_eaf jjq_xml jjq_tsv,,153858,161368,##	pro.h:a	=lv	v:pred	rv	ln	np:p	rn	#nc	nc	nc	nc	nc	nc	nc	##	ln	np:s	rn	rn	v:pred	rv	##	other	=ln	np:s	lv-pro_s	v:pred,,jjq,∅	∅	∅	∅	∅	∅	∅	∅	∅	∅	∅	∅	∅	∅	∅	∅	∅	∅	∅	∅	∅	∅	∅	∅	∅	∅	∅	∅,∅	8001	∅	∅	∅	∅	8018	∅	∅	∅	∅	∅	∅	∅	∅	∅	∅	∅	∅	∅	∅	∅	∅	∅	∅	8018	∅	∅,∅	8001	∅	∅	∅	∅	8018	∅	∅	∅	∅	∅	∅	∅	∅	∅	∅	∅	∅	∅	∅	∅	∅	∅	∅	8018	∅	∅
jjq_0037,mcveraa,'alē masōgi dim 'ar sur ēn kogi dine mul den,#	alē	masō	-gi	di	=m	'ar	sur	ēn	ko	-gi	#	di	ne	mul	den	ZERO,#	alright	time	-3SG	3SG	=TAM1	chop	down	ART	POSS.VES	-3SG	#	3SG	TAM2:3SG	go	ABL	ZERO,when he had cut it down for his canoe he went off home,en,MORPHEME_ALIGNED,,jjq_mp3 jjq_wav jjq_eaf jjq_xml jjq_tsv,,161368,166210,##	other	np:other	-rn_pro.h:poss	pro.h:a	=lv	v:pred	rv	ln	np:p	-rn_pro.h:poss	##	pro.h:s	lv-pro_h_s	v:pred	adp	0:obl,,jjq,∅	∅	∅	∅	∅	∅	∅	∅	∅	∅	∅	∅	∅	∅	∅	∅	∅,∅	∅	∅	8001	8001	∅	∅	∅	∅	8018	8001	∅	8001	∅	∅	∅	8018,∅	∅	∅	8001	8001	∅	∅	∅	∅	8018	8001	∅	8001	∅	∅	∅	8018
jjq_0038,mcveraa,wōmarawraw ne van ma ne le ne len kōlōv 'ar'ara,#	wōmarawraw	ne	van	ma	#	ZERO	ne	le	ZERO	#	ZERO	ne	le	=n	kōlōv	'ar-'ara,#	Spider	TAM2:3SG	go	hither	#	ZERO	TAM2:3SG	trasnfer	ZERO	#	ZERO	TAM2:3SG	transfer	=ART	wood.chip	RED-chop,a spider came and picked up the wood chips,en,MORPHEME_ALIGNED,,jjq_mp3 jjq_wav jjq_eaf jjq_xml jjq_tsv,,166210,171030,##	np.d:s	lv-pro_d_s	v:pred	rv	##	0.d:a	lv-pro_d_a	v:pred	0:p	##	0.d:a	lv-pro_d_a	v:pred	=ln	np:p	rn,,jjq,∅	new	∅	∅	∅	∅	∅	∅	∅	∅	∅	∅	∅	∅	∅	bridging	∅,∅	8020	∅	∅	∅	∅	8020	∅	∅	8018	∅	8020	∅	∅	∅	8021	∅,∅	8020	∅	∅	∅	∅	8020	∅	∅	8018	∅	8020	∅	∅	∅	8021	∅
jjq_0039,mcveraa,ne bol ne van 'ō den,#	ZERO	ne	bol	ZERO	#	ZERO	ne	van	'ō'	ZERO	den	ZERO,#	ZERO	TAM2:3SG	steal	ZERO	#	ZERO	TAM2:3SG	go	carry	ZERO	ABL	ZERO,"stole them, took them away",en,MORPHEME_ALIGNED,,jjq_mp3 jjq_wav jjq_eaf jjq_xml jjq_tsv,,171030,173739,##	0.d:a	lv-pro_d_a	v:pred	0:p	##	0.d:s	lv-pro_d_a	v:pred	rv	0:p	adp	0:obl,,jjq,∅	∅	∅	∅	∅	∅	∅	∅	∅	∅	∅	∅	∅,∅	8020	∅	∅	8021	∅	8020	∅	∅	∅	8021	∅	∅,∅	8020	∅	∅	8021	∅	8020	∅	∅	∅	8021	∅	∅
jjq_0040,mcveraa,so e Qo' ne mulō mul den wo,#	so	e	Qo'	ne	mulō	#	ZERO	mul	den	ZERO	#	wo,#	NC	PERS.ART	Qo'	TAM2:3SG	go	#	ZERO	go	ABL	ZERO	#	and,"Qo went home, went away and",en,MORPHEME_ALIGNED,,jjq_mp3 jjq_wav jjq_eaf jjq_xml jjq_tsv,,173739,177721,##	other	ln	pn_np.h:s	lv-pro_h_s	v:pred	##	0.h:s	v:pred	rv	0:obl	##	other,,jjq,∅	∅	∅	∅	∅	∅	∅	∅	∅	∅	∅	∅	∅,∅	∅	∅	8001	∅	∅	∅	8001	∅	∅	∅	∅	∅,∅	∅	∅	8001	∅	∅	∅	8001	∅	∅	∅	∅	∅
jjq_0041,mcveraa,marawraw ne van ma ne le kal kel ēn naka,marawraw	ne	van	ma	#	ZERO	ne	le	kal	kēl	ēn	naka,spider	TAM2:3SG	go	hither	#	ZERO	TAM2:3SG	transfer	upwards	back	ART	canoe,the spider came and put together the canoe again,en,MORPHEME_ALIGNED,,jjq_mp3 jjq_wav jjq_eaf jjq_xml jjq_tsv,,177721,181245,np.d:s	lv-pro_d_s	v:pred	rv	##	0.d:a	lv-pro_d_a	v:pred	rv	rv	ln	np:p,,jjq,∅	∅	∅	∅	∅	∅	∅	∅	∅	∅	∅	∅,8020	∅	∅	∅	∅	8020	∅	∅	∅	∅	∅	8018,8020	∅	∅	∅	∅	8020	∅	∅	∅	∅	∅	8018
jjq_0042,mcveraa,'ir'ir kel lēn 'ōnōgi,#	ZERO	'ir'ir	kēl	lē	=n	'ōnō	-gi,#	ZERO	RED:stand	back	LOC	=ART	place	-3SG,was standing again at its place,en,MORPHEME_ALIGNED,,jjq_mp3 jjq_wav jjq_eaf jjq_xml jjq_tsv,,181245,183063,##	0:s	v:pred	rv	adp	=ln	np:l	-rn_pro:poss,,jjq,∅	∅	∅	∅	∅	∅	bridging	∅,∅	8018	∅	∅	∅	∅	8022	8018,∅	8018	∅	∅	∅	∅	8022	8018
jjq_0043,mcveraa,ne vabi'ir kel lik dine 'ir kel wal lēn 'ōnōgi,#	ZERO	ne	vabi'ir	kēl	lik	ZERO	#	di	ne	'ir	kēl	wal	lē	=n	'ōnō	-gi,#	ZERO	TAM2:3SG	erect	back	more	ZERO	#	3SG	TAM2:3SG	stand	back	one	LOC	=ART	place	-3SG,put it upright again and stood again right at its place,en,MORPHEME_ALIGNED,,jjq_mp3 jjq_wav jjq_eaf jjq_xml jjq_tsv,,183063,186229,##	0.d:a	lv-pro_d_a	v:pred	rv	rv	0:p	##	pro:s	lv-pro_s	v:pred	rv	rv	adp	=ln	np:l	-rn_pro:poss,,jjq,∅	∅	∅	∅	∅	∅	∅	∅	∅	∅	∅	∅	∅	∅	∅	∅	∅,∅	8020	∅	∅	∅	∅	8018	∅	8018	∅	∅	∅	∅	∅	∅	8022	8018,∅	8020	∅	∅	∅	∅	8018	∅	8018	∅	∅	∅	∅	∅	∅	8022	8018
jjq_0044,mcveraa,maran bēne Qo' ne van ma ne 'ēn,#	maran	bēne	Qo'	ne	van	ma	#	ZERO	ne	'ēn,#	daylight	PRO.OBL	Qo'	TAM2:3SG	go	hither	#	ZERO	TAM2:3SG	see,"the day after, Qo came and saw",en,MORPHEME_ALIGNED,,jjq_mp3 jjq_wav jjq_eaf jjq_xml jjq_tsv,,186229,189344,##	np:other	rn	pn_np.h:s	lv-pro_h_s	v:pred	rv	##	0.h:s	lv-pro_h_s	v:pred,,jjq,∅	∅	∅	∅	∅	∅	∅	∅	∅	∅	∅,∅	∅	∅	8001	∅	∅	∅	∅	8001	∅	∅,∅	∅	∅	8001	∅	∅	∅	∅	8001	∅	∅
jjq_0045,mcveraa,'ei n nak muk... n nak kok sa ēnē nom... n woqe 'enge a nom 'ar m̄em̄es son naka muk,#	'ei	n	nak	muk—	n	nak	ko	-k	sa	nē	#	nom—	n	woqe'enge	#	a	no	=m	'ar	m̄e-m̄es	ZERO	so	=n	naka	mu	-k,#	hey	ART	canoe	POSS.GEN-1SG	ART	canoe	POSS.VES	-1SG	EMPH	DEM1	#	1SG=TAM1	ART	tree	#	REL	1SG	=TAM1	chop	RED-fall	ZERO	PROSP?	=ART	canoe	POSS.GEN	-1SG,"""Hey, my canoe was right here, this tree that I cut falling was meant to be my canoe.",en,WORD_ALIGNED,,jjq_mp3 jjq_wav jjq_eaf jjq_xml jjq_tsv,,189344,195008,#ds_cc	other	nc	nc	nc	ln	np:pred	rn	-rn_pro.1:poss	other	dem_pro:s	##	nc	ln	np:s	#rc_rn	other	pro.1:a	=lv	v:pred	rv	0:p	other:pred	=ln	np:other	rn	-rn_pro.1:poss,,jjq,∅	∅	∅	∅	∅	∅	∅	∅	∅	∅	∅	∅	∅	∅	∅	∅	∅	∅	∅	∅	∅	∅	∅	∅	∅	∅	∅,∅	∅	∅	∅	∅	∅	8018	∅	8001	∅	∅	∅	∅	∅	8018	∅	∅	8001	∅	∅	∅	8018	∅	∅	8018	∅	8001,∅	∅	∅	∅	∅	∅	8018	∅	8001	∅	∅	∅	∅	∅	8018	∅	∅	8001	∅	∅	∅	8018	∅	∅	8018	∅	8001
jjq_0046,mcveraa,ba da sivie van kal kel anē,#	ba	da	siviē	ZERO	van	kal	kēl	anē,#	but	do	how	ZERO	go	upwards	back	DEM1.A,what made it stand upright again?,en,MORPHEME_ALIGNED,,jjq_mp3 jjq_wav jjq_eaf jjq_xml jjq_tsv,,195008,198267,##	other	other	other	0:s	v:pred	rv	rv	other,,jjq,∅	∅	∅	∅	∅	∅	∅	∅	∅,∅	∅	∅	∅	8018	∅	∅	∅	∅,∅	∅	∅	∅	8018	∅	∅	∅	∅
jjq_0047,mcveraa,dim 'ir 'im 'ēn sier m 'ēn sier vavan 'o ga itok nok 'ar kel lik,#	di	=m	'ir	'i	#	ZERO	=m	'ēn	sier	#	ZERO	m	'ēn	sier	va-van	#	'o	ga	itok	#	no	=k	'ar	kēl	lik	ZERO,#	3SG	=TAM1	stand	DEL	#	ZERO	=TAM1	see	realise	#	ZERO	TAM1	see	realise	RED-go	#	INTERJ	STAT	good	#	1SG	=TAM2	chop	back	more	ZERO,"he was standing there looking around until: ""All right, I'll cut it down again.""",en,MORPHEME_ALIGNED,,jjq_mp3 jjq_wav jjq_eaf jjq_xml jjq_tsv,,198267,204217,##	pro.h:s	=lv	v:pred	rv	##	0.h:s	=lv	v:pred	rv	##	0.h:s	lv	v:pred	rv	other	##ds	other	lv	v:pred	##ds	pro.1:a	=lv	v:pred	rv	rv	0:p,,jjq,∅	∅	∅	∅	∅	∅	∅	∅	∅	∅	∅	∅	∅	∅	∅	∅	∅	∅	∅	∅	∅	∅	∅	∅	∅	∅	∅,∅	8001	∅	∅	∅	∅	8001	∅	∅	∅	∅	8001	∅	∅	∅	∅	∅	∅	∅	∅	∅	8001	∅	∅	∅	∅	8018,∅	8001	∅	∅	∅	∅	8001	∅	∅	∅	∅	8001	∅	∅	∅	∅	∅	∅	∅	∅	∅	8001	∅	∅	∅	∅	8018
jjq_0048,mcveraa,dine 'ara 'ar'ar m̄es,#	di	ne	'ara	ZERO	#	ZERO	'ar'ar	m̄es	ZERO,#	3SG	TAM2:3SG	chop	ZERO	#	ZERO	RED:chop	fall	ZERO,"then he cut, was cutting until it fell down",en,MORPHEME_ALIGNED,,jjq_mp3 jjq_wav jjq_eaf jjq_xml jjq_tsv,,204217,208294,##	pro.h:a	lv-pro_h_a	v:pred	0:p	##	0.h:a	v:pred	rv	0:p,,jjq,∅	∅	∅	∅	∅	∅	∅	∅	∅	∅,∅	8001	∅	∅	8018	∅	8001	∅	∅	8018,∅	8001	∅	∅	8018	∅	8001	∅	∅	8018
jjq_0049,mcveraa,dim 'ar m̄es bikirm̄ō',#	di	=m	'ar	m̄es	ZERO	#	ZERO	bikirm̄ō'	ZERO,#	3SG	=TAM1	chop	fall	ZERO	#	ZERO	split	ZERO,he cut it down and cut a piece out of it,en,MORPHEME_ALIGNED,,jjq_mp3 jjq_wav jjq_eaf jjq_xml jjq_tsv,,208294,213041,##	pro.h:a	=lv	v:pred	rv	0:p	##	0.h:a	v:pred	0:p,,jjq,∅	∅	∅	∅	∅	∅	∅	∅	∅	∅,∅	8001	∅	∅	∅	8018	∅	8001	∅	8018,∅	8001	∅	∅	∅	8018	∅	8001	∅	8018
jjq_0050,mcveraa,itok nok mulō,#	itok	#	no	=k	mulō,#	good	#	1SG	=TAM2	go,"""All right, I'm gonna go home.",en,MORPHEME_ALIGNED,,jjq_mp3 jjq_wav jjq_eaf jjq_xml jjq_tsv,,213041,215331,##ds	v:pred	##ds	pro.1:s	=lv	v:pred,,jjq,∅	∅	∅	∅	∅	∅,∅	∅	∅	8001	∅	∅,∅	∅	∅	8001	∅	∅
jjq_0051,mcveraa,dine mul den,#	di	ne	mul	den	ZERO,#	3SG	TAM2:3SG	go	ABL	ZERO,he went off,en,MORPHEME_ALIGNED,,jjq_mp3 jjq_wav jjq_eaf jjq_xml jjq_tsv,,215331,217037,##	pro.h:s	lv-pro_h_s	v:pred	adp	0:obl,,jjq,∅	∅	∅	∅	∅	∅,∅	8001	∅	∅	∅	∅,∅	8001	∅	∅	∅	∅
jjq_0052,mcveraa,ba dim gis ēn menren kōlōv 'ar'ara ē ne mul 'ō lēn lōlō im̄ē,#	ba	di	=m	gis	ēn	menren	kōlōv	'ar'-ara	ē	#	ZERO	ne	mul	'ō'	ZERO	lē	=n	lōlō	im̄ē,#	but	3SG	=TAM1	hold	ART	piece	wood.chip	RED-chop	DEM3	#	ZERO	TAM2:3SG	go	carry	ZERO	LOC	=ART	inside	house,but he took a piece ... one of these wood chips and took it home with him into the house,en,MORPHEME_ALIGNED,,jjq_mp3 jjq_wav jjq_eaf jjq_xml jjq_tsv,,217037,222551,##	other	pro.h:a	=lv	v:pred	ln	np:p	rn	rn	rn	##	0.h:a	lv-pro_h_a	v:pred	rv	0:p	adp	=ln	ln	np:g,,jjq,∅	∅	∅	∅	∅	∅	bridging	∅	∅	∅	∅	∅	∅	∅	∅	∅	∅	∅	∅	new,∅	∅	8001	∅	∅	∅	8023	8021	∅	∅	∅	8001	∅	∅	∅	8023	∅	∅	∅	8024,∅	∅	8001	∅	∅	∅	8023	8021	∅	∅	∅	8001	∅	∅	∅	8023	∅	∅	∅	8024
jjq_0053,mcveraa,dim mul qēl rōw 'o'o'ogo,#	di	=m	mul	qēl	rōw	#	ZERO	'ō-'ō-'ōgo,#	3SG	=TAM1	go	down	seawards	#	ZERO	RED-RED-stay,"he went down home, stayed there",en,MORPHEME_ALIGNED,,jjq_mp3 jjq_wav jjq_eaf jjq_xml jjq_tsv,,222551,225162,##	pro.h:s	=lv	v:pred	rv	rv	##	0.h:s	v:pred,,jjq,∅	∅	∅	∅	∅	∅	∅	∅	∅,∅	8001	∅	∅	∅	∅	∅	8001	∅,∅	8001	∅	∅	∅	∅	∅	8001	∅
jjq_0054,mcveraa,'ogon 'ekēm qōn̄ wōmarawrawm kel ma,#	ZERO	'ōgo	#	=n	'ekē	=m	qōn̄	#	wōmarawraw	=m	kēl	ma,#	ZERO	stay	#	=ART	place	=TAM1	night	#	spider	=TAM1	back	hither,"stayed there, and when it got dark the spider returned",en,MORPHEME_ALIGNED,,jjq_mp3 jjq_wav jjq_eaf jjq_xml jjq_tsv,,225162,228668,##	0.h:s	v:pred	##	=ln	np:s	=lv	v:pred	##	np.d:s	=lv	v:pred	rv,,jjq,∅	∅	∅	∅	∅	∅	∅	∅	∅	∅	∅	∅	∅,∅	8001	∅	∅	∅	∅	∅	∅	∅	8020	∅	∅	∅,∅	8001	∅	∅	∅	∅	∅	∅	∅	8020	∅	∅	∅
jjq_0055,mcveraa,di ga moros ne sōk kel san nak mu ne Qo' ē,#	di	ga	mōrōs	#	ZERO	ne	sōk	kēl	sa	=n	nak	mu-n	e	Qo'	ē,#	3SG	STAT	want	#	ZERO	TAM2:3SG	scan	back	EMPH	=ART	canoe	POSS.GEN-CS	PERS.ART	Qo'	DEM3,it wanted to find again this canoe of Qo's,en,MORPHEME_ALIGNED,,jjq_mp3 jjq_wav jjq_eaf jjq_xml jjq_tsv,,228668,232249,##	pro.d:s	lv	v:pred	#cc	0.d:a	lv-pro_d_a	v:pred	rv	other	=ln	np:p	rn	rn	rn_pn_np.h:poss	rn,,jjq,∅	∅	∅	∅	∅	∅	∅	∅	∅	∅	∅	∅	∅	∅	∅	∅,∅	8020	∅	∅	∅	8020	∅	∅	∅	∅	∅	8018	∅	∅	8001	∅,∅	8020	∅	∅	∅	8020	∅	∅	∅	∅	∅	8018	∅	∅	8001	∅
jjq_0056,mcveraa,lēn masōgi dim sōk kel dim sōk kel ēn woqe 'engem van kal kel ... 'ir kel lēn 'ōnōgi,#	lē	=n	masō	-gi	di	=m	sōk	kēl	ZERO	#	di	=m	sōk	kēl	ēn	woqe'enge	#	ZERO	=m	van	kal	kēl	#	ZERO	'ir	kēl	lē	=n	'ōnō	-gi,#	LOC	=ART	time	-3SG	3SG	=TAM1	scan	back	ZERO	#	3SG	=TAM1	scan	back	ART	tree	#	ZERO	=TAM1	go	upwards	back	#	ZERO	stand	back	LOC	=ART	place	-3SG,"when it found it again, it found again the tree standing at its place again",en,MORPHEME_ALIGNED,,jjq_mp3 jjq_wav jjq_eaf jjq_xml jjq_tsv,,232249,239011,##	adp	=ln	np:other	-rn_pro.d:poss	pro.d:a	=lv	v:pred	rv	0:p	##	pro.d:a	=lv	v:pred	rv	ln	np:p	##	0:s	=lv	v:pred	rv	rv	##	0:s	v:pred	rv	adp	=ln	np:g	-rn_pro:poss,,jjq,∅	∅	∅	∅	∅	∅	∅	∅	∅	∅	∅	∅	∅	∅	∅	∅	∅	∅	∅	∅	∅	∅	∅	∅	∅	∅	∅	∅	∅	∅	∅,∅	∅	∅	∅	8020	8020	∅	∅	∅	8018	∅	8020	∅	∅	∅	∅	8018	∅	8018	∅	∅	∅	∅	∅	8018	∅	∅	∅	∅	8022	∅,∅	∅	∅	∅	8020	8020	∅	∅	∅	8018	∅	8020	∅	∅	∅	∅	8018	∅	8018	∅	∅	∅	∅	∅	8018	∅	∅	∅	∅	8022	∅
jjq_0057,mcveraa,vabi'ir kal kel dim sik ēn menregi vōwal m sikēm sikēm sisikēm siksik lēgē,#	ZERO	vabi'ir	kal	kēl	ZERO	#	di	=m	sik	ēn	menre	-gi	vō-wal	#	ZERO	m	sikē	ZERO	#	ZERO	=m	sikē	ZERO	#	ZERO	=m	si-sikē	ZERO	#	ZERO	=m	sik-sik	lēgē	ZERO,#	ZERO	erect	upwards	back	ZERO	#	3SG	=TAM1	search	ART	piece	-3SG	NUM-one	#	ZERO	TAM1	search=EV=TAM1	ZERO	#	ZERO	=TAM1	search=EV=TAM1	ZERO	#	ZERO	=TAM1	RED-search=EV=TAM1	ZERO	#	ZERO	=TAM1	RED-search	in.vain	ZERO,"put it standing upright again, then it looked for this one piece, searched and searched, searched in vain",en,WORD_ALIGNED,,jjq_mp3 jjq_wav jjq_eaf jjq_xml jjq_tsv,,239011,245282,##	0.d:a	v:pred	rv	rv	0:p	##	pro.d:a	=lv	v:pred	ln	np:p	-rn_pro:poss	rn	##	0.d:a	lv	v:pred	0:p	##	0.d:a	=lv	v:pred	0:p	##	0.d:a	=lv	v:pred	0:p	##	0.d:a	=lv	v:pred	rv	0:p,,jjq,∅	∅	∅	∅	∅	∅	∅	∅	∅	∅	∅	∅	∅	∅	∅	∅	∅	∅	∅	∅	∅	∅	∅	∅	∅	∅	∅	∅	∅	∅	∅	∅	∅	∅	∅,∅	8020	∅	∅	∅	8018	∅	8020	∅	∅	∅	8023	∅	∅	∅	8020	∅	∅	8023	∅	8020	∅	∅	8023	∅	8020	∅	∅	8023	∅	8020	∅	∅	∅	8023,∅	8020	∅	∅	∅	8018	∅	8020	∅	∅	∅	8023	∅	∅	∅	8020	∅	∅	8023	∅	8020	∅	∅	8023	∅	8020	∅	∅	8023	∅	8020	∅	∅	∅	8023
jjq_0058,mcveraa,no? Qom mul 'ō',no	#	Qo	=m	mul	'ō'	ZERO,1SG	#	Qo'	=TAM1	go	carry	ZERO,Qo' went home with it,en,MORPHEME_ALIGNED,,jjq_mp3 jjq_wav jjq_eaf jjq_xml jjq_tsv,,245282,247075,nc	##	pn_np.h:a	=lv	v:pred	rv	0:p,,jjq,∅	∅	∅	∅	∅	∅	∅,∅	∅	8001	∅	∅	∅	8023,∅	∅	8001	∅	∅	∅	8023
jjq_0059,mcveraa,'ekēm ma'ava,#	'ekē	=m	ma'ava,#	place	=TAM1	morning,when it got daylight,en,MORPHEME_ALIGNED,,jjq_mp3 jjq_wav jjq_eaf jjq_xml jjq_tsv,,247075,249734,##	np:s	=lv	v:pred,,jjq,∅	∅	∅	∅,∅	∅	∅	∅,∅	∅	∅	∅
jjq_0060,mcveraa,dim 'o'ogom gengen qē' lēn lōlō im̄ē,#	di	=m	'ō-'ōgo	#	ZERO	=m	gengen	qē'	lē	=n	lōlō	im̄ē,#	3SG	=TAM1	RED-stay=TAM1	#	ZERO	=TAM1	RED:eat	finish	LOC	=ART	inside	house,"he stayed there, and when he had eaten",en,WORD_ALIGNED,,jjq_mp3 jjq_wav jjq_eaf jjq_xml jjq_tsv,,249734,252790,##	pro.h:s	=lv	v:pred	##	0.h:s	=lv	v:pred	rv	adp	=ln	ln	np:l,,jjq,∅	∅	∅	∅	∅	∅	∅	∅	∅	∅	∅	∅	∅,∅	8001	∅	∅	∅	8001	∅	∅	∅	∅	∅	∅	8024,∅	8001	∅	∅	∅	8001	∅	∅	∅	∅	∅	∅	8024
jjq_0061,mcveraa,itok nok van kel sir ēn nak muk,#	itok	#	no	=k	van	kēl	sir	ēn	nak	mu	-k,#	good	#	1SG	=TAM2	go	back	for	ART	canoe	POSS.GEN	-1SG,"""All right, I'm gonna go for my canoe""",en,MORPHEME_ALIGNED,,jjq_mp3 jjq_wav jjq_eaf jjq_xml jjq_tsv,,252790,254944,##ds	v:pred	##ds	pro.1:s	lv	v:pred	rv	adp	ln	np:g	rn	-rn_pro.1:poss,,jjq,∅	∅	∅	∅	∅	∅	∅	∅	∅	∅	∅	∅,∅	∅	∅	8001	∅	∅	∅	∅	∅	8018	∅	8001,∅	∅	∅	8001	∅	∅	∅	∅	∅	8018	∅	8001
jjq_0062,mcveraa,dim vavan van din̄ kel ma,#	di	=m	va-van	#	ZERO	van	din̄	kēl	ma,#	3SG	=TAM1	RED-go	#	ZERO	go	reach	back	hither,"he went, arrived here again",en,MORPHEME_ALIGNED,,jjq_mp3 jjq_wav jjq_eaf jjq_xml jjq_tsv,,254944,257514,##	pro.h:s	=lv	v:pred	##	0.h:s	v:pred	rv	rv	rv,,jjq,∅	∅	∅	∅	∅	∅	∅	∅	∅	∅,∅	8001	∅	∅	∅	8001	∅	∅	∅	∅,∅	8001	∅	∅	∅	8001	∅	∅	∅	∅
jjq_0063,mcveraa,dine 'ēn e womarawraw ēs kal dedeln̄e 'i san ēn qan̄ nanara ē,#	di	ne	'ēn	e	womarawraw	ē	#	ZERO	=s	kal	de-deln̄e	'i	sa	=n	ēn	qan̄	nanara	ē,#	3SG	TAM2:3SG	see	ART	spider	DEM3	#	ZERO	=SIM	upwards	RED-around	DEL	EMPH	=ART	ART	side	nanara.tree	DEM3,he saw this spider just climbing up on this nanara tree,en,MORPHEME_ALIGNED,,jjq_mp3 jjq_wav jjq_eaf jjq_xml jjq_tsv,,257514,263324,##	pro.h:a	lv-pro_h_a	v:pred	ln	np.d:p	rn	#rc_rn	0.d:a	=lv	v:pred	rv	rv	other	=ln	nc	np:p	rn	rn,,jjq,∅	∅	∅	∅	∅	∅	∅	∅	∅	∅	∅	∅	∅	∅	∅	∅	∅	∅	∅,∅	8001	∅	∅	∅	8020	∅	∅	8020	∅	∅	∅	∅	∅	∅	∅	8018	∅	∅,∅	8001	∅	∅	∅	8020	∅	∅	8020	∅	∅	∅	∅	∅	∅	∅	8018	∅	∅
jjq_0064,mcveraa,ei nike 'anē sas dada kel ēn [UNCLEAR] nak muk as 'ir'ir kal kel ē,#	ei	nikē	anē	sa	=s	dada	kēl	ēn	NC	nak	mu	-k	#	a	ZERO	=s	'ir'ir	kal	kēl	ē,#	ei	2SG	DEM1.A	EMPH	=SIM	RED:do	back	ART	nc	canoe	POSS.GEN	-1SG	#	REL	ZERO	=SIM	RED:stand	upwards	back	DEM3,"""Hey, so it's you who made that my canoe is standing upright again",en,MORPHEME_ALIGNED,,jjq_mp3 jjq_wav jjq_eaf jjq_xml jjq_tsv,,263324,267215,##ds	other	pro.2:a	rn	rn	lv	v:pred	rv	ln	nc	np:p	rn	-rn_pro.1:poss	#ds_rc_rn	other	0:s	=lv	v:pred	rv	rv	other,,jjq,∅	∅	∅	∅	∅	∅	∅	∅	∅	∅	∅	∅	∅	∅	∅	∅	∅	∅	∅	∅	∅,∅	∅	8020	∅	∅	∅	∅	∅	∅	∅	8018	8001	∅	∅	∅	8018	∅	∅	∅	∅	∅,∅	∅	8020	∅	∅	∅	∅	∅	∅	∅	8018	8001	∅	∅	∅	8018	∅	∅	∅	∅	∅
jjq_0065,mcveraa,'ei nos lan̄ mama' nikē 'i,#	'ei	no	=s	lan̄	ma-ma'	nikē	'i,#	hey	1SG	=SIM	beat	RED-dead	2SG	DEL,"hey, I will kill you",en,MORPHEME_ALIGNED,,jjq_mp3 jjq_wav jjq_eaf jjq_xml jjq_tsv,,267215,269689,##ds	other	pro.1:a	=lv	v:pred	rv	pro.2:p	other,,jjq,∅	∅	∅	∅	∅	∅	∅	∅,∅	∅	8001	∅	∅	∅	8020	∅,∅	∅	8001	∅	∅	∅	8020	∅
jjq_0066,mcveraa,so dim row m vidir row so ne len mugin ēn qēsēkēr,#	so	di	=m	rōw	#	ZERO	m	vidir	rōw	#	ZERO	so	ne	le	=n	mu	-gi	=n	ēn	qēsēkēr,#	NC	3SG	=TAM1	skip	#	ZERO	TAM1	jump	seawards	#	ZERO	PROSP	TAM2:3SG	transfer	=ART	POSS.GEN	-3SG	=ART	ART	club,"then he jumped, jumped down to get a club for himself",en,MORPHEME_ALIGNED,,jjq_mp3 jjq_wav jjq_eaf jjq_xml jjq_tsv,,269689,276430,##	other	pro.h:s	=lv	v:pred	##	0.h:s	lv	v:pred	rv	##	0.h:a	other	lv-pro_h_a	v:pred	=ln	ln	-rn_pro.h:poss	=ln	nc	np:p,,jjq,∅	∅	∅	∅	∅	∅	∅	∅	∅	∅	∅	∅	∅	∅	∅	∅	∅	∅	∅	∅	new,∅	∅	8001	∅	∅	∅	8001	∅	∅	∅	∅	8001	∅	∅	∅	∅	∅	8001	∅	∅	8025,∅	∅	8001	∅	∅	∅	8001	∅	∅	∅	∅	8001	∅	∅	∅	∅	∅	8001	∅	∅	8025
jjq_0067,mcveraa,di so ne vus e womarawraw womarawraw so e e nik 'ovi'i vusvus no,#	di	so	ne	vus	e	womarawraw	#	womarawraw	so	#	e—	e	nik	'ovi'i	vusvus	no,#	3SG	PROSP	TAM2:3SG	kill	ART	spider	#	spider	QUOT	#	HES	DISC	2SG	PROH	RED:kill	1SG,"he was gonna kill spider, spider said: ""Oh, you mustn't kill me.",en,MORPHEME_ALIGNED,,jjq_mp3 jjq_wav jjq_eaf jjq_xml jjq_tsv,,276430,282327,##	pro.h:a	other	lv-pro_h_a	v:pred	ln	np.d:p	##	np.d:s	other:pred	##ds	nc	other	pro.2:a	lv	v:pred	pro.1:p,,jjq,∅	∅	∅	∅	∅	∅	∅	∅	∅	∅	∅	∅	∅	∅	∅	∅	∅,∅	8001	∅	∅	∅	∅	8020	∅	8020	∅	∅	∅	∅	8001	∅	∅	8020,∅	8001	∅	∅	∅	∅	8020	∅	8020	∅	∅	∅	∅	8001	∅	∅	8020
jjq_0068,mcveraa,qe'i no me birin̄ nikē,#	qe'i	#	no	me	birin̄	nikē,#	a.moment	#	1SG	FUT	help	2SG,"wait, I will help you",en,MORPHEME_ALIGNED,,jjq_mp3 jjq_wav jjq_eaf jjq_xml jjq_tsv,,282327,284646,##ds	other:pred	##ds	pro.1:a	lv	v:pred	pro.2:p,,jjq,∅	∅	∅	∅	∅	∅	∅,∅	∅	∅	8020	∅	∅	8001,∅	∅	∅	8020	∅	∅	8001
jjq_0069,mcveraa,no me birin̄ nike duk 'ar ēn nak mum,#	no	me	birin̄	nikē	#	du	=k	'ar	ēn	nak	mu	-m,#	1SG	FUT	help	2SG	#	1DL.IN	=TAM2	chop	ART	canoe	POSS.GEN	-2SG,"I'll help you, and we two will cut your canoe.""",en,MORPHEME_ALIGNED,,jjq_mp3 jjq_wav jjq_eaf jjq_xml jjq_tsv,,284646,287545,##	pro.1:a	lv	v:pred	pro.2:p	##ds	wpro.1:a	=lv	v:pred	ln	np:p	rn	-rn_pro.2:poss,,jjq,∅	∅	∅	∅	∅	∅	bridging	∅	∅	∅	∅	∅	∅,∅	8020	∅	∅	8001	∅	8026	∅	∅	∅	8018	∅	8001,∅	8020	∅	∅	8001	∅	8026	∅	∅	∅	8018	∅	8001
jjq_0070,mcveraa,so e duruk 'ar m̄em̄es kel qikirm̄o reksom da 'i 'ow'ow,#	so	eh	duru	=k	'ar	m̄e-m̄es	kēl	ZERO	#	ZERO	bikirm̄ō	ZERO	#	rekso	ZERO	=m	da	'i	'ōw'ōw,#	NC	HES	3DL	=TAM2	chop	RED-fall	back	ZERO	#	ZERO	split	ZERO	#	like	ZERO	=TAM1	do	DEL	before,"then they chopped it down again, cut a piece out of it, like it had been done before",en,MORPHEME_ALIGNED,,jjq_mp3 jjq_wav jjq_eaf jjq_xml jjq_tsv,,287545,293722,##	other	nc	pro.h:a	lv	v:pred	rv	rv	0:p	##	0.h:a	v:pred	0:p	##	other	0.h:s	=lv	v:pred	rv	other,,jjq,∅	∅	∅	∅	∅	∅	∅	∅	∅	∅	∅	∅	∅	∅	∅	∅	∅	∅	∅	∅,∅	∅	∅	8026	∅	∅	∅	∅	8018	∅	8026	∅	8018	∅	∅	8001	∅	∅	∅	∅,∅	∅	∅	8026	∅	∅	∅	∅	8018	∅	8026	∅	8018	∅	∅	8001	∅	∅	∅	∅
jjq_0071,mcveraa,qē' duruk dur,#	qē'	duru	=k	dur	ZERO,#	finish	3DL	=TAM2	hollow	ZERO,then they hollowed it out,en,MORPHEME_ALIGNED,,jjq_mp3 jjq_wav jjq_eaf jjq_xml jjq_tsv,,293722,297856,##	other	pro.h:a	lv	v:pred	0:p,,jjq,∅	∅	∅	∅	∅	∅,∅	∅	8026	∅	∅	8018,∅	∅	8026	∅	∅	8018
jjq_0072,mcveraa,durum dur lu suwo,#	duru	=m	dur	lu	suwo	ZERO,#	3DL	=TAM1	hollow	through	thither	ZERO,they hollowed it out to the bottom,en,MORPHEME_ALIGNED,,jjq_mp3 jjq_wav jjq_eaf jjq_xml jjq_tsv,,297856,300012,##	pro.h:a	=lv	v:pred	rv	rv	0:p,,jjq,∅	∅	∅	∅	∅	∅	∅,∅	8026	∅	∅	∅	∅	8018,∅	8026	∅	∅	∅	∅	8018
jjq_0073,mcveraa,qo' ne mul den,#	Qo'	ne	mul	den	ZERO,#	Qo'	TAM2:3SG	go	ABL	ZERO,Qo' went off home,en,MORPHEME_ALIGNED,,jjq_mp3 jjq_wav jjq_eaf jjq_xml jjq_tsv,,300012,302059,##	pn_np.h:s	lv-pro_h_s	v:pred	adp	0:obl,,jjq,∅	∅	∅	∅	∅	∅,∅	8001	∅	∅	∅	∅,∅	8001	∅	∅	∅	∅
jjq_0074,mcveraa,womarawraw ne 'og 'i,#	womarawraw	ne	'ōg	'i,#	spider	TAM2:3SG	stay	DEL,and spider stayed behind,en,MORPHEME_ALIGNED,,jjq_mp3 jjq_wav jjq_eaf jjq_xml jjq_tsv,,302059,304261,##	np.d:s	lv-pro_d_s	v:pred	rv,,jjq,∅	∅	∅	∅	∅,∅	8020	∅	∅	∅,∅	8020	∅	∅	∅
jjq_0075,mcveraa,'og 'i lēn qōn̄ 'anē womarawraw ne dur ne durudur san naka ē,#	ZERO	'ōg	'i	#	lē	=n	qōn̄	anē	womarawraw	ne	dur	ZERO	#	ZERO	ne	duru-dur	sa	=n	naka	ē,#	ZERO	stay	DEL	#	LOC	=ART	night	DEM1.A	spider	TAM2:3SG	hollow	ZERO	#	ZERO	TAM2:3SG	RED-hollow	EMPH	=ART	canoe	DEM3,"stayed behind, during this night spider hollowed it out, hollowed out thie canoe",en,MORPHEME_ALIGNED,,jjq_mp3 jjq_wav jjq_eaf jjq_xml jjq_tsv,,304261,310109,##	0.d:s	v:pred	rv	##	adp	=ln	np:other	rn	np.d:a	lv-pro_d_a	v:pred	0:p	##	0.d:a	lv-pro_d_a	v:pred	other	=ln	np:p	rn,,jjq,∅	∅	∅	∅	∅	∅	∅	bridging	∅	∅	∅	∅	∅	∅	∅	∅	∅	∅	∅	∅	∅,∅	8020	∅	∅	∅	∅	∅	8027	∅	8020	∅	∅	8018	∅	8020	∅	∅	∅	∅	8018	∅,∅	8020	∅	∅	∅	∅	∅	8027	∅	8020	∅	∅	8018	∅	8020	∅	∅	∅	∅	8018	∅
jjq_0076,mcveraa,dim dur dur dur vavan,#	di	=m	dur	dur	dur	ZERO	vavan,#	3SG	=TAM1	hollow	hollow	hollow	ZERO	RED-go,"it hollowed it out, on and on",en,WORD_ALIGNED,,jjq_mp3 jjq_wav jjq_eaf jjq_xml jjq_tsv,,310109,313657,##	pro.h:s	=lv	v:pred	rv	rv	0:p	other,,jjq,∅	∅	∅	∅	∅	∅	∅	∅,∅	8020	∅	∅	∅	∅	∅	∅,∅	8020	∅	∅	∅	∅	∅	∅
jjq_0077,mcveraa,'ekē ne ma'ava qo' ne gengen qē' ne mul ne van kal kel sar ne 'ēn,#	'ekē	ne	ma'ava	#	Qo'	ne	gengen	qē'	#	ZERO	ne	mul	#	ZERO	ne	van	kal	kēl	sar	#	ZERO	ne	'ēn,#	place	TAM2:3SG	morning	#	Qo'	TAM2:3SG	RED:eat	finish	#	ZERO	TAM2:3SG	go	#	ZERO	TAM2:3SG	go	upwards	back	in	#	ZERO	TAM2:3SG	see,"it got daylight and when Qo' had eaten, he went up again and had a look:",en,MORPHEME_ALIGNED,,jjq_mp3 jjq_wav jjq_eaf jjq_xml jjq_tsv,,313657,319079,##	np:s	lv-pro_s	v:pred	##	pn_np.h:s	lv-pro_h_s	v:pred	rv	##	0.h:s	lv-pro_h_s	v:pred	##	0.h:s	lv-pro_h_s	v:pred	rv	rv	rv	##	0.h:s	lv-pro_h_s	v:pred,,jjq,∅	∅	∅	∅	∅	∅	∅	∅	∅	∅	∅	∅	∅	∅	∅	∅	∅	∅	∅	∅	∅	∅	∅	∅,∅	∅	∅	∅	∅	8001	∅	∅	∅	∅	8001	∅	∅	∅	8001	∅	∅	∅	∅	∅	∅	8001	∅	∅,∅	∅	∅	∅	∅	8001	∅	∅	∅	∅	8001	∅	∅	∅	8001	∅	∅	∅	∅	∅	∅	8001	∅	∅
jjq_0078,mcveraa,'o ban nak muk 'anē rōv'e ne qē' so ke',#	'o	ba	=n	nak	mu	-k	anē	rōv'e	ne	qē'	#	so	ke',#	INTERJ	but	=ART	canoe	POSS.GEN	-1SG	DEM1.A	close	TAM2:3SG	finish	#	QUOT	INTERJ,"""Oh, my canoe is almost complete."" ""Wow!""",en,MORPHEME_ALIGNED,,jjq_mp3 jjq_wav jjq_eaf jjq_xml jjq_tsv,,319079,324331,#ds_cc	other	other	=ln	np:s	rn	-rn_pro.1:poss	rn	other	lv-pro_s	v:pred	#nc	nc	nc,,jjq,∅	∅	∅	∅	∅	∅	∅	∅	∅	∅	∅	∅	∅	∅,∅	∅	∅	∅	8018	∅	8001	∅	∅	∅	∅	∅	∅	∅,∅	∅	∅	∅	8018	∅	8001	∅	∅	∅	∅	∅	∅	∅
jjq_0079,mcveraa,so 'o ba ga itok wal,#	ZERO	so	#	'o	ba	ga	itok	wal,#	ZERO	QUOT	#	INTERJ	but	STAT	good	once,"""Oh, but that's great!""",en,MORPHEME_ALIGNED,,jjq_mp3 jjq_wav jjq_eaf jjq_xml jjq_tsv,,324331,326748,##	0.h:s	other:pred	##ds	other	other	lv	v:pred	rv,,jjq,∅	∅	∅	∅	∅	∅	∅	∅	∅,∅	8001	∅	∅	∅	∅	∅	∅	∅,∅	8001	∅	∅	∅	∅	∅	∅	∅
jjq_0080,mcveraa,ba mē... mē bēr 'an̄'an̄ man̄asa so o va gēr 'aluwō,#	ba	mē	ZERO	me	bēr	'an̄'an̄	man̄asa	#	ZERO	so	#	o	van	gēr	'aluwō,#	but	DAT	ZERO	FUT	join	RED:hand.move	when	#	ZERO	QUOT	#	oh	go	approximately	tomorrow,"""But the fine cutting is when?"" ""No, probably tomorrow.",en,MORPHEME_ALIGNED,,jjq_mp3 jjq_wav jjq_eaf jjq_xml jjq_tsv,,326748,331270,##ds	other	nc	0:s	lv	v:pred	rv	other	##	0.d:s	other:pred	##ds	other	v:pred	other	other,,jjq,∅	∅	∅	∅	∅	∅	∅	∅	∅	∅	∅	∅	∅	∅	∅	∅,∅	∅	∅	∅	∅	∅	∅	∅	∅	8020	∅	∅	∅	∅	∅	∅,∅	∅	∅	∅	∅	∅	∅	∅	∅	8020	∅	∅	∅	∅	∅	∅
jjq_0081,mcveraa,'aluwō nike kel ma duk bēr 'an̄'an̄ ēn nak anē,#	'aluwō	nik	ē	kēl	ma	#	du	=k	bēr	'an̄'an̄	ēn	nak	anē,#	tomorrow	2SG	TAM2:2SG	back	hither	#	1DL.IN	=TAM2	join	RED:hand.move	ART	canoe	DEM1.A,"come back tomorrow, and we two will fine-cut the canoe",en,MORPHEME_ALIGNED,,jjq_mp3 jjq_wav jjq_eaf jjq_xml jjq_tsv,,331270,334462,##ds	other	pro.2:s	lv-pro_2_s	v:pred	rv	##	wpro.1:a	=lv	v:pred	rv	ln	np:p	other,,jjq,∅	∅	∅	∅	∅	∅	∅	∅	∅	∅	∅	∅	∅	∅,∅	∅	8001	∅	∅	∅	∅	8026	∅	∅	∅	∅	8018	∅,∅	∅	8001	∅	∅	∅	∅	8026	∅	∅	∅	∅	8018	∅
jjq_0082,mcveraa,so 'ēris 'ēnē' wom disivie nik mak rēv lun kom va'anē,#	so	'ēris	'ēnē'	#	wo	=m	da	siviē	#	nik	mak	rēv	lu	=n	ko	-m	va'anē,#	QUOT	NC	this	#	and	=TAM1	do	how	#	2SG	IMM	drag	through	=ART	POSS.VES	-2SG	TEMP.DEM1,"the next day what ever is gonna happen, you will drag out your vessel then""",en,MORPHEME_ALIGNED,,jjq_mp3 jjq_wav jjq_eaf jjq_xml jjq_tsv,,334462,339221,#nc	nc	nc	nc	##ds	other	=lv	v:pred	other	##ds	pro.2:a	lv	v:pred	rv	=ln	np:p	-rn_pro.2:poss	other,,jjq,∅	∅	∅	∅	∅	∅	∅	∅	∅	∅	∅	∅	∅	∅	∅	∅	∅	∅,∅	∅	∅	∅	∅	∅	∅	∅	∅	∅	8001	∅	∅	∅	∅	8018	8001	∅,∅	∅	∅	∅	∅	∅	∅	∅	∅	∅	8001	∅	∅	∅	∅	8018	8001	∅
jjq_0083,mcveraa,e Qo' so o itok wom disivie gēdu me vil ēn nak wal 'i 'ekēnē lēn wōm̄ōm̄ō',#	e	Qo'	so	#	o	itok	#	wo	=m	da	siviē	#	gidu	me	vil	ēn	nak	wal	'i	'ekēnē	lē	=n	wōm̄ōm̄ō',#	PERS.ART	Qo'	QUOT	#	INTERJ	good	#	and	=TAM1	do	how	#	1DL.IN	FUT	tie	ART	canoe	once	DEL	LOC.DEM1	LOC	=ART	bush,"then Qo' said: ""All right, but whatever, we two will tie together the canoe right here in the bush""",en,MORPHEME_ALIGNED,,jjq_mp3 jjq_wav jjq_eaf jjq_xml jjq_tsv,,339221,344614,##	ln	pn_np.h:s	other:pred	##ds	other	v:pred	##ds	other	=lv	v:pred	other	##ds	pro.1:a	lv	v:pred	ln	np:p	other	other	other:l	adp	=ln	np:l,,jjq,∅	∅	∅	∅	∅	∅	∅	∅	∅	∅	∅	∅	∅	∅	∅	∅	∅	∅	∅	∅	∅	∅	∅	∅,∅	∅	8001	∅	∅	∅	∅	∅	∅	∅	∅	∅	∅	8026	∅	∅	∅	8018	∅	∅	8008	∅	∅	8008,∅	∅	8001	∅	∅	∅	∅	∅	∅	∅	∅	∅	∅	8026	∅	∅	∅	8018	∅	∅	8008	∅	∅	8008
jjq_0084,mcveraa,womarawraw so o ga itok,#	womarawraw	so	#	o	ga	itok,#	spider	QUOT	#	oh	STAT	good,"spider said: ""That's all right",en,MORPHEME_ALIGNED,,jjq_mp3 jjq_wav jjq_eaf jjq_xml jjq_tsv,,344614,347346,##	np.d:s	other:pred	##ds	other	lv	v:pred,,jjq,∅	∅	∅	∅	∅	∅	∅,∅	8020	∅	∅	∅	∅	∅,∅	8020	∅	∅	∅	∅	∅
jjq_0085,mcveraa,du me vil ēn nak mum lēn wōm̄ōm̄ō',#	du	me	vil	ēn	nak	mu	-m	lē	=n	wōm̄ōm̄ō',#	1DL.IN	FUT	tie	ART	canoe	POSS.GEN	-2SG	LOC	=ART	bush,we will tie together your canoe in the bush,en,MORPHEME_ALIGNED,,jjq_mp3 jjq_wav jjq_eaf jjq_xml jjq_tsv,,347346,350267,##ds	wpro.1:a	lv	v:pred	ln	np:p	rn	-rn_pro.1:poss	adp	=ln	np:l,,jjq,∅	∅	∅	∅	∅	∅	∅	∅	∅	∅	∅,∅	8026	∅	∅	∅	8018	∅	8001	∅	∅	8008,∅	8026	∅	∅	∅	8018	∅	8001	∅	∅	8008
jjq_0086,mcveraa,ba senē di me kal lu bēn sivie,#	ba	senē	di	me	kalu	bēn	siviē,#	but	MAN.DEM1	3SG	FUT	exit	PRO.OBL	how,"but like this, how will it get out of it?""",en,MORPHEME_ALIGNED,,jjq_mp3 jjq_wav jjq_eaf jjq_xml jjq_tsv,,350267,352698,##ds	other	other	pro:s	lv	v:pred	other	other,,jjq,∅	∅	∅	∅	∅	∅	∅	∅,∅	∅	∅	8018	∅	∅	∅	∅,∅	∅	∅	8018	∅	∅	∅	∅
jjq_0087,mcveraa,Qo' so o ke'i no me dan wede,#	Qo'	so	#	o	ZERO	ke'i	#	no	me	da	=n	wēde,#	Qo'	QUOT	#	oh	ZERO	a.moment	#	1SG	FUT	do	=ART	rain,"Qo' said: ""Oh, wait, I'll make rain",en,MORPHEME_ALIGNED,,jjq_mp3 jjq_wav jjq_eaf jjq_xml jjq_tsv,,352698,355024,##	pn_np.h:s	other:pred	##ds	other	0.2:s	other:pred	##ds	pro.1:a	lv	v:pred	=ln	np:p,,jjq,∅	∅	∅	∅	∅	∅	∅	∅	∅	∅	∅	∅	new,∅	8001	∅	∅	∅	8020	∅	∅	8001	∅	∅	∅	8028,∅	8001	∅	∅	∅	8020	∅	∅	8001	∅	∅	∅	8028
jjq_0088,mcveraa,no me dan wede n wede ne wede ne 'ō' lun nak muk,#	no	me	da	=n	wēde	#	n	wēde	ne	wēde	#	ZERO	ne	'ō'	lu	=n	nak	mu	-k,#	1SG	FUT	do	=ART	rain	#	ART	rain	TAM2:3SG	rain	#	ZERO	TAM2:3SG	carry	through	=ART	canoe	POSS.GEN	-1SG,"I'll make rain, and when the rain is raining, it will carry out my canoe",en,MORPHEME_ALIGNED,,jjq_mp3 jjq_wav jjq_eaf jjq_xml jjq_tsv,,355024,359678,##ds	pro.1:a	lv	v:pred	=ln	np:p	##ds	ln	np:s	lv-pro_s	v:pred	##	0:a	lv-pro_a	v:pred	rv	=ln	np:p	rn	-rn_pro.1:poss,,jjq,∅	∅	∅	∅	∅	∅	∅	∅	∅	∅	∅	∅	∅	∅	∅	∅	∅	∅	∅	∅,∅	8001	∅	∅	∅	8028	∅	∅	8028	∅	∅	∅	8028	∅	∅	∅	∅	8018	∅	8001,∅	8001	∅	∅	∅	8028	∅	∅	8028	∅	∅	∅	8028	∅	∅	∅	∅	8018	∅	8001
jjq_0089,mcveraa,den 'eraga 'i'isik ē 'ēn ga lama'i so o nom da rek ēn naka ban m̄alare me row wuva den,#	den	e	raga	'i-'isi	-k	ē	'ēn	ga	lama'i	#	so	o	no	=m	da	rek	ēn	naka	#	ba	=n	m̄ala	-rē	me	rōw	wuva	den	ZERO,#	ABL	ART	people	NSG-younger.same.sex.sibling	-1SG	DEM3	see	STAT	know	#	CPL	INTERJ	1SG	=TAM1	do	also	ART	canoe	#	but	=ART	startle	-3PL	FUT	skip	only	ABL	ZERO,"to prevent that my brothers notice that I build a canoe, too, and they will be shocked by this""",en,MORPHEME_ALIGNED,,jjq_mp3 jjq_wav jjq_eaf jjq_xml jjq_tsv,,359678,366273,##	other	ln	ln	np.h:s	-rn_pro.1:poss	rn	v:pred	rv	rv	#ds_cc	other	other	pro.1:a	=lv	v:pred	rv	ln	np:p	##ds	other	=ln	np:s	-rn_pro.h:poss	lv	v:pred	rv	adp	0:obl,,jjq,∅	∅	∅	∅	∅	∅	∅	∅	∅	∅	∅	∅	∅	∅	∅	∅	∅	∅	∅	∅	∅	∅	∅	∅	∅	∅	∅	∅	∅,∅	∅	∅	∅	8002	8001	∅	∅	∅	∅	∅	∅	∅	8001	∅	∅	∅	∅	8018	∅	∅	∅	∅	8002	∅	∅	∅	∅	8018,∅	∅	∅	∅	8002	8001	∅	∅	∅	∅	∅	∅	∅	8001	∅	∅	∅	∅	8018	∅	∅	∅	∅	8002	∅	∅	∅	∅	8018
jjq_0090,mcveraa,lēn masōgi dirm vavan qē' rōw lēn mē'ērsa n m̄alarē ne row den san nak susu as sag 'i,#	lē	=n	masō-gi	dir	=m	va-van	qē'	rōw	lē	=n	mē'ērsa	#	n	m̄ala	-rē	ne	rōw	den	sa	=n	nak	su-su	#	a	ZERO	=s	sag	'i,#	LOC	=ART	time-3SG	3PL	=TAM1	RED-go	finish	seawards	LOC	=ART	harbour	#	ART	startle	-3SG	TAM2:3SG	skip	ABL	EMPH	=ART	canoe	RED-paddle	#	REL	ZERO	=SIM	sit	DEL,"when they go all down to the harbour, they will be shocked about this paddling canoe sitting there",en,MORPHEME_ALIGNED,,jjq_mp3 jjq_wav jjq_eaf jjq_xml jjq_tsv,,366273,373157,##ds	adp	=ln	np:other	pro.h:s	=lv	v:pred	rv	rv	adp	=ln	np:g	##ds	ln	np:s	-rn_pro.h:poss	lv-pro_s	v:pred	adp	other	=ln	np:obl	rn	#ds_rc_rn	other	0:s	=lv	v:pred	rv,,jjq,∅	∅	∅	∅	∅	∅	∅	∅	∅	∅	∅	∅	∅	∅	∅	∅	∅	∅	∅	∅	∅	∅	∅	∅	∅	∅	∅	∅	∅,∅	∅	∅	∅	8002	∅	∅	∅	∅	∅	∅	8011	∅	∅	∅	8002	∅	∅	∅	∅	∅	8018	∅	∅	∅	8018	∅	∅	∅,∅	∅	∅	∅	8002	∅	∅	∅	∅	∅	∅	8011	∅	∅	∅	8002	∅	∅	∅	∅	∅	8018	∅	∅	∅	8018	∅	∅	∅
jjq_0091,mcveraa,sow n masōgin womarawraw n .... Qo' dim van kal kel sar durum ran̄ ēn gaga,#	sow	n	masō-gi	=n	womarawraw	n	Qo'	di	=m	van	kal	kēl	sar	#	duru	=m	ran̄	ēn	gaga,#	DISC	ART	time-3SG	=ART	spider	ART	Qo'	3SG	=TAM1	go	upwards	back	inland	#	3DL	=TAM1	tear	ART	vines,"when the spider ... Qo' went up again, they pulled vines",en,MORPHEME_ALIGNED,,jjq_mp3 jjq_wav jjq_eaf jjq_xml jjq_tsv,,373157,380606,##	other	ln	np:other	nc	nc	nc	pn_np.h:dt_s	pro.h:s	=lv	v:pred	rv	rv	rv	##	pro.h:a	=lv	v:pred	ln	np:p,,jjq,∅	∅	∅	∅	∅	∅	∅	∅	∅	∅	∅	∅	∅	∅	∅	∅	∅	∅	∅	new,∅	∅	∅	∅	∅	∅	∅	8001	8001	∅	∅	∅	∅	∅	∅	8026	∅	∅	∅	8029,∅	∅	∅	∅	∅	∅	∅	8001	8001	∅	∅	∅	∅	∅	∅	8026	∅	∅	∅	8029
jjq_0092,mcveraa,'ar ēn 'erē wo'iw'iwēm 'ar ēn sama,#	ZERO	'ar	ēn	'erē	wo'iw'iwēm	#	ZERO	'ar	ēn	sama,#	ZERO	chop	ART	PL	connecting.woods	#	ZERO	chop	ART	outrigger,"cut the connecting woods, cut the outrigger",en,MORPHEME_ALIGNED,,jjq_mp3 jjq_wav jjq_eaf jjq_xml jjq_tsv,,380606,383887,##	0.h:a	v:pred	ln	ln	np:p	##	0.h:a	v:pred	ln	np:p,,jjq,∅	∅	∅	∅	∅	new	∅	∅	∅	∅	new,∅	∅	∅	∅	∅	8030	∅	∅	∅	∅	8031,∅	∅	∅	∅	∅	8030	∅	∅	∅	∅	8031
jjq_0093,mcveraa,durum vivil vivil qēn naka,#	duru	=m	vi-vil	vi-vil	qē'	=n	naka,#	3DL	=TAM1	RED-tie	RED-tie	finish	=ART	canoe,the two tied it up and (when they) had tied up the canoe,en,MORPHEME_ALIGNED,,jjq_mp3 jjq_wav jjq_eaf jjq_xml jjq_tsv,,383887,386681,##	pro.h:a	=lv	v:pred	rv	rv	=ln	np:p,,jjq,∅	∅	∅	∅	∅	∅	∅	∅,∅	8026	∅	∅	∅	∅	∅	8018,∅	8026	∅	∅	∅	∅	∅	8018
jjq_0094,mcveraa,Qo' ne mulō,#	Qo'	ne	mulō,#	Qo'	TAM2:3SG	go,Qo' went home,en,MORPHEME_ALIGNED,,jjq_mp3 jjq_wav jjq_eaf jjq_xml jjq_tsv,,386681,388561,##	pn_np.h:s	lv-pro_h_s	v:pred,,jjq,∅	∅	∅	∅,∅	8001	∅	∅,∅	8001	∅	∅
jjq_0095,mcveraa,rawraw ne 'og 'i,#	rawraw	ne	'ōg	'i,#	spider	TAM2:3SG	stay	DEL,spider stayed behind,en,MORPHEME_ALIGNED,,jjq_mp3 jjq_wav jjq_eaf jjq_xml jjq_tsv,,388561,390368,##	np.d:s	lv-pro_d_s	v:pred	rv,,jjq,∅	∅	∅	∅	∅,∅	8020	∅	∅	∅,∅	8020	∅	∅	∅
jjq_0096,mcveraa,Qo' dim mulō di wo bulsal nok mul 'eqēl̄,#	Qo'	di	=m	mulō	#	di	wo	#	bulsal	no	=k	mul	'ēqēl̄,#	Qo'	3SG	=TAM1	go	#	3SG	and	#	friend	1SG	=TAM2	go	descend,"as Qo' went home, he said: ""Friend, I'll go down home",en,MORPHEME_ALIGNED,,jjq_mp3 jjq_wav jjq_eaf jjq_xml jjq_tsv,,390368,394484,##	pn_np.h:dt_s	pro.h:s	=lv	v:pred	##	pro.h:s	other:pred	##ds	np.d:voc	pro.1:s	=lv	v:pred	rv,,jjq,∅	∅	∅	∅	∅	∅	∅	∅	∅	∅	∅	∅	∅	∅,∅	8001	8001	∅	∅	∅	8001	∅	∅	∅	8001	∅	∅	∅,∅	8001	8001	∅	∅	∅	8001	∅	∅	∅	8001	∅	∅	∅
jjq_0097,mcveraa,ba qiri lēn qōn̄ no me tēk mē nike nik me van den ēn 'ekē 'anē'ē,#	ba	qiri	lē	=n	qōn̄	no	me	tēk	mē	nikē	#	nik	me	van	den	ēn	'ekē	anē'ē,#	but	today	LOC	=ART	night	1SG	FUT	speak	DAT	2SG	#	2SG	FUT	go	ABL	ART	place	DEM1.A,"but tonight when I tell you, you will leave this place",en,MORPHEME_ALIGNED,,jjq_mp3 jjq_wav jjq_eaf jjq_xml jjq_tsv,,394484,400267,##ds	other	other	adp	=ln	np:other	pro.1:s	lv	v:pred	adp	pro.2:g	##ds	pro.2:s	lv	v:pred	adp	ln	np:obl	rn,,jjq,∅	∅	∅	∅	∅	∅	∅	∅	∅	∅	∅	∅	∅	∅	∅	∅	∅	∅	∅,∅	∅	∅	∅	∅	∅	8001	∅	∅	∅	8020	∅	8020	∅	∅	∅	∅	8008	∅,∅	∅	∅	∅	∅	∅	8001	∅	∅	∅	8020	∅	8020	∅	∅	∅	∅	8008	∅
jjq_0098,mcveraa,managi no me gis ēn wede qiri lēn qōn̄,#	mana-gi	no	me	gis	ēn	wēde	qiri	lē	=n	qōn̄,#	reason-3SG	1SG	FUT	hold	ART	rain	today	LOC	=ART	night,because I will hold rain tonight,en,MORPHEME_ALIGNED,,jjq_mp3 jjq_wav jjq_eaf jjq_xml jjq_tsv,,400267,403580,##ds	np:other	pro.1:a	lv	v:pred	ln	np:p	other	adp	=ln	np:other,,jjq,∅	∅	∅	∅	∅	∅	∅	∅	∅	∅	∅,∅	∅	8001	∅	∅	∅	8028	∅	∅	∅	∅,∅	∅	8001	∅	∅	∅	8028	∅	∅	∅	∅
jjq_0099,mcveraa,'aluwō lēn ma'avan nak 'anē man din̄ rōwē 'alo,#	'aluwō	lē	=n	ma'ava	=n	nak	anē	man	din̄	rōwē	a	lo,#	tomorrow	LOC	=ART	morning	=ART	canoe	dem1.A	PFV	reach	seawards	LOC.SP	at.sea,"tomorrow morning this canoe will have arrived down at the sea""",en,MORPHEME_ALIGNED,,jjq_mp3 jjq_wav jjq_eaf jjq_xml jjq_tsv,,403580,407096,##ds	other	adp	=ln	np:other	=ln	np:s	rn	lv	v:pred	other:g	adp	np:g,,jjq,∅	∅	∅	∅	∅	∅	∅	∅	∅	∅	∅	∅	∅,∅	∅	∅	∅	∅	∅	8018	∅	∅	∅	∅	∅	8017,∅	∅	∅	∅	∅	∅	8018	∅	∅	∅	∅	∅	8017
jjq_0100,mcveraa,so lēn revrev 'anē dim mulō mul din̄ row,#	so	lē	=n	revrev	anē	di	=m	mulō	#	ZERO	mul	din̄	rōw,#	NC	LOC	=ART	evening	DEM1.A	3SG	=TAM1	go	#	ZERO	go	reach	seawards,"then on that afternoon he went home, arrived down at home",en,MORPHEME_ALIGNED,,jjq_mp3 jjq_wav jjq_eaf jjq_xml jjq_tsv,,407096,410579,##	other	adp	=ln	np:other	rn	pro.h:s	=lv	v:pred	##	0.h:s	v:pred	rv	rv,,jjq,∅	∅	∅	∅	∅	∅	∅	∅	∅	∅	∅	∅	∅	∅,∅	∅	∅	∅	∅	∅	8001	∅	∅	∅	8001	∅	∅	∅,∅	∅	∅	∅	∅	∅	8001	∅	∅	∅	8001	∅	∅	∅
jjq_0101,mcveraa,misin wal ros dine van lēn qaran̄ 'alēn ōlōl dine mom ēn 'enge 'alēn wede,#	misin	wal	rōs	#	di	ne	van	lē	=n	qaran̄	'alē	=n	ōlōl	#	di	ne	mom	ēn	'enge	'alē	=n	wēde,#	long.time	once	GEN.NEG2	#	3SG	TAM2:3SG	go	LOC	=ART	pit	ASS	=ART	RED:conjure	#	3SG	TAM2:3SG	put	ART	plant	ASS	=ART	rain,shortly after that he went to the conjuring hole and put down plants for rain,en,MORPHEME_ALIGNED,,jjq_mp3 jjq_wav jjq_eaf jjq_xml jjq_tsv,,410579,416775,##neg	v:pred	rn	rn	#cc	pro.h:s	lv-pro_h_s	v:pred	adp	=ln	np:g	rn	rn	rn	##	pro.h:a	lv-pro_h_a	v:pred	ln	np:p	rn	rn	rn,,jjq,∅	∅	∅	∅	∅	∅	∅	∅	∅	∅	bridging	∅	∅	∅	∅	∅	∅	∅	∅	∅	∅	∅	∅,∅	∅	∅	∅	∅	8001	∅	∅	∅	∅	8032	∅	∅	∅	∅	8001	∅	∅	∅	∅	∅	∅	∅,∅	∅	∅	∅	∅	8001	∅	∅	∅	∅	8032	∅	∅	∅	∅	8001	∅	∅	∅	∅	∅	∅	∅
jjq_0102,mcveraa,e n wede ne wede,#	e	n	wēde	ne	wēde,#	CC	ART	rain	TAM2:3SG	rain,then rain started to rain,en,MORPHEME_ALIGNED,,jjq_mp3 jjq_wav jjq_eaf jjq_xml jjq_tsv,,416775,418699,##	other	ln	np:s	lv-pro_s	v:pred,,jjq,∅	∅	∅	∅	∅	∅,∅	∅	∅	8028	∅	∅,∅	∅	∅	8028	∅	∅
jjq_0103,mcveraa,dim wede wede wede vavavvaan qē',#	di	=m	wēde	wēde	wēde	va-va-vaan	qē',#	3SG	=TAM1	rain	rain	rain	RED-RED-go	finish,"it rained and rained, on and on, then",en,MORPHEME_ALIGNED,,jjq_mp3 jjq_wav jjq_eaf jjq_xml jjq_tsv,,418699,422670,##	pro:s	=lv	v:pred	rv	rv	other	other,,jjq,∅	∅	∅	∅	∅	∅	∅	∅,∅	8028	∅	∅	∅	∅	∅	∅,∅	8028	∅	∅	∅	∅	∅	∅
jjq_0104,mcveraa,wede dim luwo,#	wēde	di	=m	luwo,#	rain	3SG	=TAM1	big,the rain got big,en,MORPHEME_ALIGNED,,jjq_mp3 jjq_wav jjq_eaf jjq_xml jjq_tsv,,422670,426106,##	np:dt_s	pro:s	=lv	v:pred,,jjq,∅	∅	∅	∅	∅,∅	8028	8028	∅	∅,∅	8028	8028	∅	∅
jjq_0105,mcveraa,dine len nak susu ē,#	di	ne	le	=n	nak	susu	ē,#	3SG	TAM2:3SG	transfer	=ART	canoe	RED-paddle	DEM3,it took that canoe,en,WORD_ALIGNED,,jjq_mp3 jjq_wav jjq_eaf jjq_xml jjq_tsv,,426106,428952,##	pro:a	lv-pro_a	v:pred	=ln	np:p	rn	rn,,jjq,∅	∅	∅	∅	∅	∅	∅	∅,∅	8028	∅	∅	∅	8018	∅	∅,∅	8028	∅	∅	∅	8018	∅	∅
jjq_0106,mcveraa,ne le ne van ne van vavavavan ne sal lu rōw 'a Rev lēn mē'ērsa 'a Rev,#	ZERO	ne	le	ZERO	#	ZERO	ne	van	#	ZERO	ne	van	va-va-va-van	#	ZERO	ne	sal	lu	rōw	a	Rev	lē	=n	mē'ērsa	a	Rev,#	ZERO	TAM2:3SG	transfer	ZERO	#	ZERO	TAM2:3SG	go	#	ZERO	TAM2:3SG	go	RED-RED-RED-go	#	ZERO	TAM2:3SG	float	through	seawards	LOC.SP	Rev	LOC	=ART	harbour	LOC.SP	Rev,"took it, went, went, on and on, floated down to Arev, to the harbour of Arev",en,MORPHEME_ALIGNED,,jjq_mp3 jjq_wav jjq_eaf jjq_xml jjq_tsv,,428952,434661,##	0:a	lv-pro_a	v:pred	0:p	##	0:s	lv-pro_s	v:pred	##	0:s	lv-pro_s	v:pred	other	##	0:s	lv-pro_s	v:pred	rv	rv	adp	pn_np:g	adp	=ln	np:dt	rn	rn_pn_np,,jjq,∅	∅	∅	∅	∅	∅	∅	∅	∅	∅	∅	∅	∅	∅	∅	∅	∅	∅	∅	∅	∅	∅	∅	∅	∅	∅	∅,∅	8028	∅	∅	8018	∅	8018	∅	∅	∅	8018	∅	∅	∅	∅	8018	∅	∅	∅	∅	∅	8004	∅	∅	8011	∅	8004,∅	8028	∅	∅	8018	∅	8018	∅	∅	∅	8018	∅	∅	∅	∅	8018	∅	∅	∅	∅	∅	8004	∅	∅	8011	∅	8004
jjq_0107,mcveraa,naw n wede ne wede ne mamasa?,#	naw	n	wēde	ne	wēde	#	ZERO	ne	mamasa,#	saltwater	ART	rain	TAM2:3SG	rain	#	ZERO	TAM2:3SG	dry,"The sea ... the rain rained, and then it got dry(?).",en,MORPHEME_ALIGNED,,jjq_mp3 jjq_wav jjq_eaf jjq_xml jjq_tsv,,434661,438455,##	nc	ln	np:s	lv-pro_s	v:pred	##	0:s	lv-pro_s	v:pred,,jjq,∅	∅	∅	∅	∅	∅	∅	∅	∅	∅,∅	∅	∅	8028	∅	∅	∅	8028	∅	∅,∅	∅	∅	8028	∅	∅	∅	8028	∅	∅
jjq_0108,mcveraa,won nak ne sag wal 'i lēn n̄ērē ōn 'anē ne sag wal 'i sa kēnē,#	wo	=n	nak	ne	sag	wal	'i	lē	=n	n̄ērē	ōn	anē	#	ZERO	ne	sag	wal	'i	sa	kēnē,#	and	=ART	canoe	TAM2:3SG	sit	once	DEL	LOC	=ART	shoreline	sand	DEM1.A	#	ZERO	TAM2:3SG	sit	once	DEL	EMPH	LOC.DEM1,"and then the canoe was sitting on the beach for now, was sitting right there.",en,MORPHEME_ALIGNED,,jjq_mp3 jjq_wav jjq_eaf jjq_xml jjq_tsv,,438455,442431,##	other	=ln	np:s	lv-pro_s	v:pred	other	other	adp	=ln	np:l	rn	rn	##	0:s	lv-pro_s	v:pred	other	other	other	other:l,,jjq,∅	∅	∅	∅	∅	∅	∅	∅	∅	∅	unused	∅	∅	∅	∅	∅	∅	∅	∅	∅	∅,∅	∅	∅	8018	∅	∅	∅	∅	∅	∅	8033	∅	∅	∅	8018	∅	∅	∅	∅	∅	8033,∅	∅	∅	8018	∅	∅	∅	∅	∅	∅	8033	∅	∅	∅	8018	∅	∅	∅	∅	∅	8033
jjq_0109,mcveraa,'ekēm ma'ava 'eraga 'i'isigi kel rōw,#	'ekē	=m	ma'ava	#	e	raga	'i-'isi	-gi	kēl	rōw,#	place	=TAM1	morning	#	PERS.ART	people	NSG-brother	-3SG	back	seawards,"When it got daylight, all his brothers returned to the sea.",en,MORPHEME_ALIGNED,,jjq_mp3 jjq_wav jjq_eaf jjq_xml jjq_tsv,,442431,445510,##	np:s	=lv	v:pred	##	ln	ln	np.h:s	-rn_pro.h:poss	v:pred	rv,,jjq,∅	∅	∅	∅	∅	∅	∅	∅	∅	∅	∅,∅	∅	∅	∅	∅	∅	∅	8002	8001	∅	∅,∅	∅	∅	∅	∅	∅	∅	8002	8001	∅	∅
jjq_0110,mcveraa,'ei ban nak 'agēnē n nak mu ne sē gēn,#	'ei	ba	=n	nak	agēnē	n	nak	mu-n	e	sē	gēn,#	hey	but	=ART	canoe	DEM2.A	ART	canoe	POSS.GEN-CS	PERS.ART	who	DEM.PROX.CAT,"'Hey, but this canoe here, whose canoe is this?'",en,MORPHEME_ALIGNED,,jjq_mp3 jjq_wav jjq_eaf jjq_xml jjq_tsv,,445510,450843,##ds	other	other	=ln	np:dt_pred	rn	ln	np:pred	rn	rn	rn	dem_pro:s,,jjq,∅	∅	∅	∅	∅	∅	∅	∅	∅	∅	∅	∅,∅	∅	∅	∅	8018	∅	∅	8018	∅	∅	∅	∅,∅	∅	∅	∅	8018	∅	∅	8018	∅	∅	∅	∅
jjq_0111,mcveraa,'eraga 'aklēgi so on mu ne Qo',#	e	raga	'aklē	-gi	so	#	o	ZERO	=n	mu-n	e	Qo',#	ART	people	some	-3SG	QUOT	#	oh	ZERO	=ART	POSS.GEN-CS	PERS.ART	Qo',"Some of them said: 'Oh, Qo's.'",en,MORPHEME_ALIGNED,,jjq_mp3 jjq_wav jjq_eaf jjq_xml jjq_tsv,,450843,453420,##	ln	np:s	rn	nc	other:pred	##ds	other	0:s	=ln	np:pred	rn	rn_pn_np.h:poss,,jjq,∅	∅	∅	bridging	∅	∅	∅	∅	∅	∅	∅	∅	∅,∅	∅	∅	8034	∅	∅	∅	∅	8018	∅	∅	∅	8001,∅	∅	∅	8034	∅	∅	∅	∅	8018	∅	∅	∅	8001
jjq_0112,mcveraa,'eraga 'aklēgi so 'ei ba gēdēk vanvan lēn 'ar naka e Qo' vanvan kelkel ros,#	e	raga	'aklē-gi	so	#	'ei	ba	gidē	=k	vanvan	lē	#	=n	'ar	naka	#	e	Qo'	vanvan	kēlkēl	rōs,#	PERS.ART	people	some-3SG	QUOT	#	hey	but	1DL.IN	=TAM2	RED:go	LOC	#	=ART	chop	canoe	#	PERS.ART	Qo'	RED:go	RED:back	GEN.NEG2,"But some of them said: 'Hey, but we went canoe cutting, and Qo' didn't go.",en,MORPHEME_ALIGNED,,jjq_mp3 jjq_wav jjq_eaf jjq_xml jjq_tsv,,453420,458042,##	ln	np.h:s	rn	other:pred	##ds	other	other	pro.1:s	=lv	v:pred	adp	#ds_cc:g	=ln	vother:pred	rv	##ds.neg	ln	pn_np.h:s	v:pred	rv	rv,,jjq,∅	∅	∅	bridging	∅	∅	∅	∅	∅	∅	∅	∅	∅	∅	∅	∅	∅	∅	∅	∅	∅	∅,∅	∅	∅	8035	∅	∅	∅	∅	8002	∅	∅	∅	∅	∅	∅	∅	∅	∅	8001	∅	∅	∅,∅	∅	∅	8035	∅	∅	∅	∅	8002	∅	∅	∅	∅	∅	∅	∅	∅	∅	8001	∅	∅	∅
jjq_0113,mcveraa,di ga 'og'og wuva wal lēn lōlō vunu ban ... n nak mugi 'anēm (0.5) da bēn sivien nak 'anēm (1.5) 'ar asenē m kalu ma lēn mē'ērsas sag 'i anē,#	di	ga	'ōg'ōg	wuva	wal	lē	=n	lōlō	vunu	#	ba	=n	n	nak	mu	-gi	anē	=m	da	bēn	siviē	#	=n	nak	anē	=m	'ar	asenē	#	ZERO	m	kalu	ma	lē	=n	mē'ērsa	#	ZERO	=s	sag	'i	anē,#	3SG	STAT	RED:stay	only	once	LOC	=ART	inside	village	#	but	=ART	ART	canoe	POSS.GEN	-3SG	DEM1.A	=TAM1	do	PRO.OBL	how	#	=ART	canoe	DEM1.A	=TAM1	chop	MAN.DEM1.A	#	ZERO	TAM1	exit	hither	LOC	=ART	harbour	#	ZERO	=SIM	sit	DEL	DEM1.A,"He stayed in the village only, but how was this canoe of his done, was cut and and came out here into the harbour where it is sitting now?'",en,MORPHEME_ALIGNED,,jjq_mp3 jjq_wav jjq_eaf jjq_xml jjq_tsv,,458042,468381,##ds	pro.h:s	lv	v:pred	other	other	adp	=ln	ln	np:l	##ds	other	nc	ln	np:s	rn	-rn_pro.h:poss	rn	=lv	v:pred	other	other	##ds	=ln	np:s	rn	=lv	v:pred	other	##ds	0:s	lv	v:pred	rv	adp	=ln	np:g	##ds	0:s	=lv	v:pred	rv	other,,jjq,∅	∅	∅	∅	∅	∅	∅	∅	∅	∅	∅	∅	∅	∅	∅	∅	∅	∅	∅	∅	∅	∅	∅	∅	∅	∅	∅	∅	∅	∅	∅	∅	∅	∅	∅	∅	∅	∅	∅	∅	∅	∅	∅,∅	8001	∅	∅	∅	∅	∅	∅	∅	8004	∅	∅	∅	∅	8018	∅	8001	∅	∅	∅	∅	∅	∅	∅	8018	∅	∅	∅	∅	∅	8018	∅	∅	∅	∅	∅	8011	∅	8018	∅	∅	∅	∅,∅	8001	∅	∅	∅	∅	∅	∅	∅	8004	∅	∅	∅	∅	8018	∅	8001	∅	∅	∅	∅	∅	∅	∅	8018	∅	∅	∅	∅	∅	8018	∅	∅	∅	∅	∅	8011	∅	8018	∅	∅	∅	∅
jjq_0114,mcveraa,'eraga 'aklēgi so n nak 'anēn ko ne Qo',#	e	raga	'aklē-gi	so	#	n	nak	anē	=n	ko-n	e	Qo',#	ART	people	some	QUOT	#	ART	canoe	DEM1.A	=ART	POSS.VES-CS	PERS.ART	Qo',Some of them said: 'This canoe is Qo's.'',en,WORD_ALIGNED,,jjq_mp3 jjq_wav jjq_eaf jjq_xml jjq_tsv,,468381,471740,##	ln	np.h:s	rn	other:pred	##ds	ln	np:s	rn	=ln	np:pred	rn	rn_pn_np.h:poss,,jjq,∅	∅	∅	∅	∅	∅	∅	∅	∅	∅	∅	∅	∅,∅	∅	∅	8034	∅	∅	∅	8018	∅	∅	∅	∅	8001,∅	∅	∅	8034	∅	∅	∅	8018	∅	∅	∅	∅	8001
jjq_0115,mcveraa,'ēkē gēdē dēm kalu 'ō man muden 'erē naka m 'ul'ul qē',#	'ēkē	#	gidē	dē	=m	kalu	'ō'	ma	=n	mu	-de	=n	'erē	naka	#	ZERO	m	'ul'ul	qē',#	oh.dear	#	1DL.IN	1DL.IN	=TAM1	exit	carry	hither	=ART	POSS.GEN	-1PL.IN	=ART	PL	canoe	#	ZERO	TAM1	RED:drown	finish,"'Oh dear, we, we came out with our canoes, and they all drowned,",en,MORPHEME_ALIGNED,,jjq_mp3 jjq_wav jjq_eaf jjq_xml jjq_tsv,,471740,477883,##ds	other:pred	##ds	pro.1:dt_a	wpro.1:a	=lv	v:pred	rv	rv	=ln	ln	-ln_pro.1:poss	=ln	ln	np:p	##ds	0:s	lv	v:pred	rv,,jjq,∅	∅	∅	∅	∅	∅	∅	∅	∅	∅	∅	∅	∅	∅	∅	∅	∅	∅	∅	∅,∅	∅	∅	8002	8002	∅	∅	∅	∅	∅	∅	8002	∅	∅	8009	∅	8009	∅	∅	∅,∅	∅	∅	8002	8002	∅	∅	∅	∅	∅	∅	8002	∅	∅	8009	∅	8009	∅	∅	∅
jjq_0116,mcveraa,'enein ko ne Qo' ga itok,#	enei	=n	ko-n	e	Qo'	ga	itok,#	now	=ART	POSS.VES-CS	PERS.ART	Qo'	STAT	good,but now Qo's is good.',en,MORPHEME_ALIGNED,,jjq_mp3 jjq_wav jjq_eaf jjq_xml jjq_tsv,,477883,480264,##ds	other	=ln	np:s	rn	rn_pn_np.h:poss	lv	v:pred,,jjq,∅	∅	∅	∅	∅	∅	∅	∅,∅	∅	∅	8018	∅	8001	∅	∅,∅	∅	∅	8018	∅	8001	∅	∅
jjq_0117,mcveraa,dirk gege 'e wo misin wal ros e Qo' ne van ma ne rēv sur ēn nak mugi,#	dir	=k	gege	#	e	wo	misin	wal	rōs	#	e	Qo'	ne	van	ma	#	ZERO	ne	rēv	sur	ēn	nak	mu	-gi,#	3PL	=TAM2	RED:THING	#	CC	and	long.time	once	GEN.NEG1	#	PERS.ART	Qo'	TAM2:3SG	go	hither	#	ZERO	TAM2:3SG	drag	down	ART	canoe	POSS.GEN	-3SG,"They were doing like this, and shortly afterwards Qo' came and dragged down his canoe.",en,MORPHEME_ALIGNED,,jjq_mp3 jjq_wav jjq_eaf jjq_xml jjq_tsv,,480264,484437,##	pro.h:s	=lv	v:pred	##neg	other	other	v:pred	rv	rv	#cc	ln	pn_np.h:s	lv-pro_h_s	v:pred	rv	##	0.h:a	lv-pro_h_a	v:pred	rv	ln	np:p	rn	-rn_pro.h:poss,,jjq,∅	∅	∅	∅	∅	∅	∅	∅	∅	∅	∅	∅	∅	∅	∅	∅	∅	∅	∅	∅	∅	∅	∅	∅	∅,∅	8002	∅	∅	∅	∅	∅	∅	∅	∅	∅	∅	8001	∅	∅	∅	∅	8001	∅	∅	∅	∅	8018	∅	8001,∅	8002	∅	∅	∅	∅	∅	∅	∅	∅	∅	∅	8001	∅	∅	∅	∅	8001	∅	∅	∅	∅	8018	∅	8001
jjq_0118,mcveraa,ne rem rōw rana ne va.. sur ... ne su 'i rōw,#	ZERO	ne	rem	rōw	rana	#	ZERO	ne	va—	sur	#	ZERO	ne	su	'i	rōw,#	ZERO	TAM2:3SG	climb	seawards	PRO.OBL	#	ZERO	TAM2	NC	down	#	ZERO	TAM2:3SG	paddle	DEL	seawards,climbed onto it and paddled out,en,MORPHEME_ALIGNED,,jjq_mp3 jjq_wav jjq_eaf jjq_xml jjq_tsv,,484437,487964,##	0.h:s	lv-pro_h_s	v:pred	rv	other:g	#nc	nc	nc	nc	nc	##	0.h:s	lv-pro_h_s	v:pred	rv	rv,,jjq,∅	∅	∅	∅	∅	∅	∅	∅	∅	∅	∅	∅	∅	∅	∅	∅	∅,∅	8001	∅	∅	∅	∅	∅	∅	∅	∅	∅	∅	8001	∅	∅	∅	∅,∅	8001	∅	∅	∅	∅	∅	∅	∅	∅	∅	∅	8001	∅	∅	∅	∅
jjq_0119,mcveraa,su rōw lēn nēn mē'ērsa 'anē,#	ZERO	su	rōw	lē	=n	nēn	mē'ērsa	anē,#	ZERO	paddle	seawards	LOC	=ART	ART	harbour	DEM1.A,"Paddled out to the harbour,",en,MORPHEME_ALIGNED,,jjq_mp3 jjq_wav jjq_eaf jjq_xml jjq_tsv,,487964,490529,##	0.h:s	v:pred	rv	adp	=ln	nc	np:g	rn,,jjq,∅	∅	∅	∅	∅	∅	∅	∅	∅,∅	8001	∅	∅	∅	∅	∅	8011	∅,∅	8001	∅	∅	∅	∅	∅	8011	∅
jjq_0120,mcveraa,dir'ōl 'ēn 'ō ko ne Qom sal,#	dir'ōl	'ēn	#	'ō	ko-n	e	Qo	=m	sal,#	3TL	see	#	INTERJ	POSS.VES-CS	PERS.ART	Qo'	=TAM1	float,"The three look: 'Oh, Qo's does float.",en,MORPHEME_ALIGNED,,jjq_mp3 jjq_wav jjq_eaf jjq_xml jjq_tsv,,490529,494373,##	pro.h:s	v:pred	#ds_cc	other	np:s	rn	rn_pn_np.h:poss	=lv	v:pred,,jjq,∅	∅	∅	∅	∅	∅	∅	∅	∅	∅,∅	8002	∅	∅	∅	8018	∅	8001	∅	∅,∅	8002	∅	∅	∅	8018	∅	8001	∅	∅
jjq_0121,mcveraa,ba gēdēn kodem 'ul qē',#	ba	gidē	=n	ko	-de	=m	'ul	qē',#	but	1DL.IN	=ART	POSS.VES	-1PL.IN	=TAM1	drown	finish,"But we, ours have all drowned.",en,MORPHEME_ALIGNED,,jjq_mp3 jjq_wav jjq_eaf jjq_xml jjq_tsv,,494373,496894,##ds	other	pro.1:dt_poss	=ln	np:s	-rn_pro.1:poss	=lv	v:pred	rv,,jjq,∅	∅	∅	∅	∅	∅	∅	∅	∅,∅	∅	8002	∅	8009	8002	∅	∅	∅,∅	∅	8002	∅	8009	8002	∅	∅	∅
jjq_0122,mcveraa,'ei 'aluwō dēk da mē die dēk van 'ō di mēn sisidin̄,#	ei	'aluwō	dē	=k	da	mē	diē	#	dē	=k	van	'ō'	di	mē	=n	sisidin̄,#	hey	tomorrow	1PL.IN	=TAM2	do	DAT	3SG	#	1DL.IN	=TAM2	go	carry	3SG	DAT	=ART	bird.catch,"Hey, tomorrow we will do (something) to him, we will go bird catching with him.",en,MORPHEME_ALIGNED,,jjq_mp3 jjq_wav jjq_eaf jjq_xml jjq_tsv,,496894,500978,##ds	other	other	wpro.1:s	=lv	v:pred	adp	pro.h:g	##ds	wpro.1:a	=lv	v:pred	rv	pro.h:p	adp	=ln	np:g,,jjq,∅	∅	∅	∅	∅	∅	∅	∅	∅	∅	∅	∅	∅	∅	∅	∅	∅,∅	∅	∅	8002	∅	∅	∅	8001	∅	8002	∅	∅	∅	8001	∅	∅	∅,∅	∅	∅	8002	∅	∅	∅	8001	∅	8002	∅	∅	∅	8001	∅	∅	∅
jjq_0123,mcveraa,dēk gal die dēk van lēn sisidin̄,#	dē	=k	gal	diē	#	dē	=k	van	lē	=n	sisidin̄,#	1PL.IN	=TAM2	lie	3SG	#	1PL.IN	=TAM2	go	LOC	=ART	bird.catch,"We will lie to him, saying that we go bird catching.'",en,MORPHEME_ALIGNED,,jjq_mp3 jjq_wav jjq_eaf jjq_xml jjq_tsv,,500978,505969,##ds	wpro.1:a	=lv	v:pred	pro.h:p	#ds_cc	wpro.1:s	=lv	v:pred	adp	=ln	np:g,,jjq,∅	∅	∅	∅	∅	∅	∅	∅	∅	∅	∅	∅,∅	8002	∅	∅	8001	∅	8003	∅	∅	∅	∅	∅,∅	8002	∅	∅	8001	∅	8003	∅	∅	∅	∅	∅
jjq_0124,mcveraa,'o ga itok,#	'o	ga	itok,#	INTERJ	STAT	good,'All right!',en,MORPHEME_ALIGNED,,jjq_mp3 jjq_wav jjq_eaf jjq_xml jjq_tsv,,505969,508262,##ds	other	lv	v:pred,,jjq,∅	∅	∅	∅,∅	∅	∅	∅,∅	∅	∅	∅
jjq_0125,mcveraa,dirk vanvan lēn ma'a dirk van lēn n̄ēn̄ērēgi nōre,#	dir	=k	vanvan	lē	=n	ma'a	#	dir	=k	van	lē	=n	n̄ēn̄ērē	-gi	nō	-re,#	3PL	=TAM2	RED:go	LOC	=ART	taro.garden	#	3PL	=TAM2	go	LOC	=ART	store	-3SG	POSS.DOM	-3PL,"Then they went to the garden, went to their shore.",en,MORPHEME_ALIGNED,,jjq_mp3 jjq_wav jjq_eaf jjq_xml jjq_tsv,,508262,512139,##	pro.h:s	=lv	v:pred	adp	=ln	np:g	##	pro.h:s	=lv	v:pred	adp	=ln	np:g	nc	rn	-rn_pro:poss,,jjq,∅	∅	∅	∅	∅	∅	new	∅	∅	∅	∅	∅	∅	bridging	∅	∅	∅,∅	8002	∅	∅	∅	∅	8036	∅	8002	∅	∅	∅	∅	8037	∅	∅	8003,∅	8002	∅	∅	∅	∅	8036	∅	8002	∅	∅	∅	∅	8037	∅	∅	8003
jjq_0126,mcveraa,dir lele gengen dirk kel ma salsalman gengen,#	dir	lele	gengen	#	dir	=k	kēl	ma	#	ZERO	sal-salma	=n	gengen,#	3PL	RED:transfer	RED:eat	#	3PL	=TAM2	back	hither	#	ZERO	RED-prepare	=ART	RED:eat,"They got food, came back, prepared the food.",en,MORPHEME_ALIGNED,,jjq_mp3 jjq_wav jjq_eaf jjq_xml jjq_tsv,,512139,515552,##	pro.h:s	v:pred	rv	##	pro.h:s	=lv	v:pred	rv	##	0.h:a	v:pred	=ln	np:p,,jjq,∅	∅	∅	∅	∅	∅	∅	∅	∅	∅	∅	∅	∅	∅,∅	8002	∅	∅	∅	8002	∅	∅	∅	∅	8002	∅	∅	∅,∅	8002	∅	∅	∅	8002	∅	∅	∅	∅	8002	∅	∅	∅
jjq_0127,mcveraa,'ekēm qōn̄ suwo,#	'ekē	=m	qōn̄	suwo,#	place	=TAM1	night	thither,It got dark.,en,MORPHEME_ALIGNED,,jjq_mp3 jjq_wav jjq_eaf jjq_xml jjq_tsv,,515552,517887,##	np:s	=lv	v:pred	rv,,jjq,∅	∅	∅	∅	∅,∅	∅	∅	∅	∅,∅	∅	∅	∅	∅
jjq_0128,mcveraa,dirm sag serge segēn,#	dir	=m	sag	serge	segēn,#	3PL	=TAM1	sit	together	MAN.DEM2,As they were sitting together like this,en,MORPHEME_ALIGNED,,jjq_mp3 jjq_wav jjq_eaf jjq_xml jjq_tsv,,517887,520326,##	pro.h:s	=lv	v:pred	rv	other,,jjq,∅	∅	∅	∅	∅	∅,∅	8003	∅	∅	∅	∅,∅	8003	∅	∅	∅	∅
jjq_0129,mcveraa,Qo' ne tēktēk mē dirē,#	Qo'	ne	tēktēk	mē	dirē,#	Qo'	TAM2:3SG	RED:speak	DAT	3PL,"Qo' said to them,",en,MORPHEME_ALIGNED,,jjq_mp3 jjq_wav jjq_eaf jjq_xml jjq_tsv,,520326,522839,##	pn_np.h:s	lv-pro_h_s	v:pred	adp	pro.h:g,,jjq,∅	∅	∅	∅	∅	∅,∅	8001	∅	∅	∅	8002,∅	8001	∅	∅	∅	8002
jjq_0130,mcveraa,ne vōvōna dire,#	ZERO	ne	vō-vōna	dirē,#	ZERO	TAM2:3SG	RED-teach	3PL,taught them.,en,MORPHEME_ALIGNED,,jjq_mp3 jjq_wav jjq_eaf jjq_xml jjq_tsv,,522839,525991,##	0.h:a	lv-pro_h_a	v:pred	pro.h:p,,jjq,∅	∅	∅	∅	∅,∅	8001	∅	∅	8002,∅	8001	∅	∅	8002
jjq_0131,mcveraa,so ē dirk tēk so Qo' n sava kamam ga moros 'a 'enei den nike,#	so	ē	dir	=k	tēk	so	#	Qo'	n	sava	#	kamam	ga	mōrōs	ZERO	a	enei	den	nikē,#	NC	CC	3PL	=TAM2	speak	QUOT	#	Qo'	ART	what	#	1PL.EX	STAT	want	ZERO	LOC.SP	now	ABL	2SG,"Then they said: 'Qo', one thing that we want from you right now,",en,MORPHEME_ALIGNED,,jjq_mp3 jjq_wav jjq_eaf jjq_xml jjq_tsv,,525991,532350,##	nc	other	pro.h:s_ds	=lv	v:pred	other	##ds	pn_np.h:other	ln	np:s	#ds_rc_rn	pro.1:a	lv	v:pred	0:p	adp	other	adp	pro.2:obl,,jjq,∅	∅	∅	∅	∅	∅	∅	∅	∅	∅	∅	∅	∅	∅	∅	∅	∅	∅	∅	∅,∅	∅	∅	8002	∅	∅	∅	∅	8001	∅	∅	∅	8002	∅	∅	∅	∅	∅	∅	8001,∅	∅	∅	8002	∅	∅	∅	∅	8001	∅	∅	∅	8002	∅	∅	∅	∅	∅	∅	8001
jjq_0132,mcveraa,'aluwō kamam ga moros so dēk vanek sisidin̄,#	'aluwō	kamam	ga	mōrōs	#	so	dē	=k	van	#	ZERO	=ēk	sisidin̄,#	tomorrow	1PL.EX	STAT	want	#	CPL	1PL.IN	=TAM2	go	#	ZERO	=TAM2	bird.catching,"tomorrow, we want that we go bird catching.'",en,MORPHEME_ALIGNED,,jjq_mp3 jjq_wav jjq_eaf jjq_xml jjq_tsv,,532350,537367,#ds_cc:pred	other	pro.1:s	lv	v:pred	#ds_cc	other	wpro.1:s	=lv	v:pred	##ds	0.1:s	=lv	v:pred,,jjq,∅	∅	∅	∅	∅	∅	∅	∅	∅	∅	∅	∅	∅	∅,∅	∅	8002	∅	∅	∅	∅	8003	∅	∅	∅	8003	∅	∅,∅	∅	8002	∅	∅	∅	∅	8003	∅	∅	∅	8003	∅	∅
jjq_0133,mcveraa,'o ga itok,#	'o	ga	itok,#	INTERJ	STAT	good,'All right!',en,MORPHEME_ALIGNED,,jjq_mp3 jjq_wav jjq_eaf jjq_xml jjq_tsv,,537367,538983,##ds	other	lv	v:pred,,jjq,∅	∅	∅	∅,∅	∅	∅	∅,∅	∅	∅	∅
jjq_0134,mcveraa,ba dirk galgal ē sirē dir ga moros dirm bol san nak mugi,#	ba	dir	=k	galgal	ē	#	sirē	dir	ga	mōrōs	#	dir	=m	bol	sa	=n	nak	mu	-gi,#	but	3PL	=TAM2	RED:lie	DEM3	#	for	3PL	STAT	want	#	3PL	=TAM1	steal	EMPH	=ART	canoe	POSS.GEN	-3SG,But they were lying because they wanted to steal his canoe.,en,MORPHEME_ALIGNED,,jjq_mp3 jjq_wav jjq_eaf jjq_xml jjq_tsv,,538983,544202,##	other	pro.h:s	=lv	v:pred	other	##	other	pro.h:s	lv	v:pred	#cc	pro.h:a	=lv	v:pred	other	=ln	np:p	rn	-rn_pro.h:poss,,jjq,∅	∅	∅	∅	∅	∅	∅	∅	∅	∅	∅	∅	∅	∅	∅	∅	∅	∅	∅	∅,∅	∅	8002	∅	∅	∅	∅	∅	8002	∅	∅	∅	8002	∅	∅	∅	∅	8018	∅	8001,∅	∅	8002	∅	∅	∅	∅	∅	8002	∅	∅	∅	8002	∅	∅	∅	∅	8018	∅	8001
jjq_0135,mcveraa,dirm bol ēn nak mugi 'amēn dirk suō wo dirk bol ēn gunugik rōw 'ō,#	dir	=m	bol	ēn	nak	mu	-gi	#	'amē	dir	=k	suō	#	wo	dir	=k	bol	ēn	gunu	-gi	#	ZERO	=k	rōw	'ō'	ZERO,#	3PL	=TAM1	steal	ART	canoe	POSS.GEN	-3SG	#	ASS	3PL	=TAM2	paddle	#	and	3PL	=TAM2	steal	ART	spouse	-3SG	#	ZERO	=TAM2	skip	carry	ZERO,They stole his canoe in order to paddle and then they stole his wife and ran away with (her).,en,MORPHEME_ALIGNED,,jjq_mp3 jjq_wav jjq_eaf jjq_xml jjq_tsv,,544202,549758,##	pro.h:a	=lv	v:pred	ln	np:p	rn	-rn_pro.h:poss	##	other	pro.h:s	=lv	v:pred	##	other	pro.h:a	=lv	v:pred	ln	np.h:p	-rn_pro.h:poss	##	0.h:a	=lv	v:pred	rv	0:p,,jjq,∅	∅	∅	∅	∅	∅	∅	∅	∅	∅	∅	∅	∅	∅	∅	∅	∅	∅	∅	bridging	∅	∅	∅	∅	∅	∅	∅,∅	8002	∅	∅	∅	8018	∅	8001	∅	∅	8002	∅	∅	∅	∅	8002	∅	∅	∅	8038	8001	∅	8002	∅	∅	∅	8038,∅	8002	∅	∅	∅	8018	∅	8001	∅	∅	8002	∅	∅	∅	∅	8002	∅	∅	∅	8038	8001	∅	8002	∅	∅	∅	8038
jjq_0136,mcveraa,so dirm van 'asenem van 'asene vavavan,#	so	dir	=m	van	asenē	#	ZERO	=m	van	asenē	va-va-van,#	NC	3PL	=TAM1	go	MAN.DEM1.A	#	ZERO	=TAM2	go	MAN.DEM1.A	RED-RED-go,"They went like this, went like this, on and on.",en,MORPHEME_ALIGNED,,jjq_mp3 jjq_wav jjq_eaf jjq_xml jjq_tsv,,549758,553740,##	other	pro.h:s	=lv	v:pred	other	##	0.h:s	=lv	v:pred	other	other,,jjq,∅	∅	∅	∅	∅	∅	∅	∅	∅	∅	∅	∅,∅	∅	8003	∅	∅	∅	∅	8003	∅	∅	∅	∅,∅	∅	8003	∅	∅	∅	∅	8003	∅	∅	∅	∅
jjq_0137,mcveraa,dirm ... 'ekē ... masōgin qōn̄ ne vōwal likm van ma,#	dir=m	'ekē	#	masō-gi	=n	qōn̄	ne	vō-wal	lik	=m	van	ma,#	3PL=TAM1	time	#	time-3SG	=ART	night	NUM.ART	one	more	=TAM1	go	hither,They ... when another day came,en,WORD_ALIGNED,,jjq_mp3 jjq_wav jjq_eaf jjq_xml jjq_tsv,,553740,557996,#nc	nc	nc	##	np:other	=ln	np:s	rn	rn	rn	=lv	v:pred	rv,,jjq,∅	∅	∅	∅	∅	∅	∅	∅	∅	∅	∅	∅	∅,∅	∅	∅	∅	∅	∅	∅	∅	∅	∅	∅	∅	∅,∅	∅	∅	∅	∅	∅	∅	∅	∅	∅	∅	∅	∅
jjq_0138,mcveraa,dirkm? salman ... dir man salman tēktēk dirk tēk mēn e Qo' va'anē,#	NC	salma	=n	#	dir	man	salma	=n	tēktēk	#	dir	=k	tēk	mē-n	e	Qo'	va'anē,#	NC	ready	=ART	#	3PL	PFV	prepare	=ART	RED:speak	#	3PL	=TAM2	speak	DAT-CS	PERS.ART	Qo'	TEMP.DEM1,"they had already prepared a talk, and now they say to Qo':",en,MORPHEME_ALIGNED,,jjq_mp3 jjq_wav jjq_eaf jjq_xml jjq_tsv,,557996,564364,#nc	nc	nc	nc	##	pro.h:a	lv	v:pred	=ln	np:p	##	pro.h:s_ds	=lv	v:pred	adp	ln	pn_np.h:g	other,,jjq,∅	∅	∅	∅	∅	∅	∅	∅	∅	new	∅	∅	∅	∅	∅	∅	∅	∅,∅	∅	∅	∅	∅	8002	∅	∅	∅	8039	∅	8002	∅	∅	∅	∅	8001	∅,∅	∅	∅	∅	∅	8002	∅	∅	∅	8039	∅	8002	∅	∅	∅	∅	8001	∅
jjq_0139,mcveraa,'aluwō dēk van lēn sisidin̄,#	'aluwō	dē	=k	van	lē	=n	sisidin̄,#	tomorrow	1PL.IN	=TAM2	go	LOC	=ART	bird.catch,'Tomorrow we will go bird catching.',en,MORPHEME_ALIGNED,,jjq_mp3 jjq_wav jjq_eaf jjq_xml jjq_tsv,,564364,567840,##ds	other	wpro.1:s	=lv	v:pred	adp	=ln	np:g,,jjq,∅	∅	∅	∅	∅	∅	∅	∅,∅	∅	8003	∅	∅	∅	∅	∅,∅	∅	8003	∅	∅	∅	∅	∅
jjq_0140,mcveraa,masōgi dirm din̄ ma dirm van mēn sisisdin̄ dirm din̄ ma dine rem ēnēn daraga,#	masō-gi	dir	=m	din̄	ma	#	dir	=m	van	mē	=n	sisisdin̄	#	dir	=m	din̄	ma	#	di	ne	rem	ēnēn	daraga,#	time-3SG	3PL	=TAM1	reach	hither	#	3PL	=TAM1	go	DAT	=ART	bird.catch	#	3PL	=TAM1	reach	hither	#	3SG	TAM2:3SG	climb	ART	nutmeg,"When they arrived here, when they went bird catching and arrived here, he climbed a 'wild nutmeg'.",en,MORPHEME_ALIGNED,,jjq_mp3 jjq_wav jjq_eaf jjq_xml jjq_tsv,,567840,573825,##	np:other	pro.h:s	=lv	v:pred	rv	##	pro.h:s	=lv	v:pred	adp	=ln	np:g	##	pro.h:s	=lv	v:pred	rv	##	pro.h:a	lv-pro_h_a	v:pred	ln	np:p,,jjq,∅	∅	∅	∅	∅	∅	∅	∅	∅	∅	∅	∅	∅	∅	∅	∅	∅	∅	∅	∅	∅	∅	∅	new,∅	∅	8003	∅	∅	∅	∅	8003	∅	∅	∅	∅	∅	∅	8003	∅	∅	∅	∅	8001	∅	∅	∅	8040,∅	∅	8003	∅	∅	∅	∅	8003	∅	∅	∅	∅	∅	∅	8003	∅	∅	∅	∅	8001	∅	∅	∅	8040
jjq_0141,mcveraa,daraga ga ul lēn tēktēk 'a Vera'a ga ul son darag towla,#	daraga	ga	ul	lē	=n	tēktēk	'a	Vera'a	#	ZERO	ga	ul	so	=n	darag	towla,#	nutmeg	STAT	call	LOC	=ART	RED:speak	ASS.SP	Vera'a	#	ZERO	STAT	call	QUOT	=ART	nutmeg	tree,This wild nutmeg is called darag towla in the language of Vera'a.,en,MORPHEME_ALIGNED,,jjq_mp3 jjq_wav jjq_eaf jjq_xml jjq_tsv,,573825,577631,##	np:s	lv	v:pred	adp	=ln	np:obl	rn	rn_pn_np	##	0:s	lv	v:pred	adp	=ln	np:other	rn,,jjq,∅	∅	∅	∅	∅	∅	∅	∅	∅	∅	∅	∅	∅	∅	∅	∅	∅,∅	∅	∅	∅	∅	∅	∅	∅	∅	∅	∅	∅	∅	∅	∅	∅	∅,∅	∅	∅	∅	∅	∅	∅	∅	∅	∅	∅	∅	∅	∅	∅	∅	∅
jjq_0142,mcveraa,di ga luluwō,#	di	ga	lu-luwo,#	3SG	STAT	RED-big,It's very big.,en,MORPHEME_ALIGNED,,jjq_mp3 jjq_wav jjq_eaf jjq_xml jjq_tsv,,577631,579701,##	pro:s	lv	v:pred,,jjq,∅	∅	∅	∅,∅	∅	∅	∅,∅	∅	∅	∅
jjq_0143,mcveraa,so 'eraga 'anēm remrem lēn 'erē dara ga sēsēe ba e Qo' dim rem 'an darag 'anē mēn sisidin̄,#	so	e	raga	anē	=m	remrem	lē	=n	'erē	dara	ga	sisiē	#	ba	e	Qo'	di	=m	rem	a	=n	darag	anē	mē	=n	sisidin̄,#	NC	ART	people	DEM1.A	=TAM1	RED:climb	LOC	=ART	PL	nutmeg	STAT	different	#	but	PERS.ART	Qo'	3SG	=TAM1	climb	LOC.SP	=ART	nutmeg	DEM1.A	DAT	=ART	bird.catch,"So they all climbed onto different wild nutmeg trees, but Qo', he climbed onto this wild nutmeg to catch birds.",en,MORPHEME_ALIGNED,,jjq_mp3 jjq_wav jjq_eaf jjq_xml jjq_tsv,,579701,585270,##	other	ln	np.h:s	rn	=lv	v:pred	adp	=ln	ln	np:g	rn	rn	##	other	ln	pn_np.h:dt_s	pro.h:s	=lv	v:pred	adp	=ln	np:g	rn	adp	=ln	np:g,,jjq,∅	∅	∅	∅	∅	∅	∅	∅	∅	∅	new	∅	∅	∅	∅	∅	∅	∅	∅	∅	∅	∅	∅	∅	∅	∅	∅,∅	∅	∅	8002	∅	∅	∅	∅	∅	∅	8041	∅	∅	∅	∅	∅	8001	8001	∅	∅	∅	∅	8040	∅	∅	∅	∅,∅	∅	∅	8002	∅	∅	∅	∅	∅	∅	8041	∅	∅	∅	∅	∅	8001	8001	∅	∅	∅	∅	8040	∅	∅	∅	∅
jjq_0144,mcveraa,dim rem rem rerem dim din̄ din̄ sag lēn n̄ōl wōqe'enge,#	di	=m	rem	rem	re-rem	#	di	=m	din̄	din̄	sag	lē	=n	n̄ōl	wōqe'enge,#	3SG	=TAM1	climb	climb	RED-climb	#	3SG	=TAM1	reach	reach	up	LOC	=ART	top	tree,He climbed and climbed until he reached the top of the tree.,en,MORPHEME_ALIGNED,,jjq_mp3 jjq_wav jjq_eaf jjq_xml jjq_tsv,,585270,589643,##	pro.h:s	=lv	v:pred	rv	rv	##	pro.h:s	=lv	v:pred	nc	rv	adp	=ln	np:g	rn,,jjq,∅	∅	∅	∅	∅	∅	∅	∅	∅	∅	∅	∅	∅	∅	bridging	∅,∅	8001	∅	∅	∅	∅	∅	8001	∅	∅	∅	∅	∅	∅	8042	8041,∅	8001	∅	∅	∅	∅	∅	8001	∅	∅	∅	∅	∅	∅	8042	8041
jjq_0145,mcveraa,dim mom ēn mugin ga sisidin̄ dim momom qē' so ne 'isiwē,#	di	=m	mom	ēn	mu	-gi	=n	ga	sisidin̄	#	di	=m	mo-mom	qē'	ZERO	#	ZERO	so	ne	'isiwē,#	3SG	=TAM1	put	ART	POSS.GEN	-3SG	=ART	vine	bird.catch	#	3SG	=TAM1	RED-put	finish	ZERO	#	ZERO	PROSP	TAM2:3SG	dismount,"He installed his bird catching rope, and when he had put it there and was just about to climb down",en,MORPHEME_ALIGNED,,jjq_mp3 jjq_wav jjq_eaf jjq_xml jjq_tsv,,589643,594390,##	pro.h:a	=lv	v:pred	ln	ln	-ln_pro.h:poss	=ln	np:p	rn	##	pro.h:a	=lv	v:pred	rv	0:p	##	0.h:s	other	lv-pro_h_s	v:pred,,jjq,∅	∅	∅	∅	∅	∅	∅	∅	new	∅	∅	∅	∅	∅	∅	∅	∅	∅	∅	∅	∅,∅	8001	∅	∅	∅	∅	8001	∅	8043	∅	∅	8001	∅	∅	∅	8043	∅	8001	∅	∅	∅,∅	8001	∅	∅	∅	∅	8001	∅	8043	∅	∅	8001	∅	∅	∅	8043	∅	8001	∅	∅	∅
jjq_0146,mcveraa,wo e raga anēk sur ēn nes so,#	wo	e	raga	anē	=k	sur	ēn	nes	so,#	and	PERS.ART	people	DEM1.A	=TAM2	sing	ART	song	QUOT,these guys started to sing a song:,en,MORPHEME_ALIGNED,,jjq_mp3 jjq_wav jjq_eaf jjq_xml jjq_tsv,,594390,597389,##	other	ln	np.h:a	rn	=lv	v:pred	ln	np:p	other,,jjq,∅	∅	∅	∅	∅	∅	∅	∅	new	∅,∅	∅	∅	8002	∅	∅	∅	∅	8044	∅,∅	∅	∅	8002	∅	∅	∅	∅	8044	∅
jjq_0147,mcveraa,dara utowla nike luwo nike luwo,#	dara	towla	nik	ē	luwo	#	nik	ē	luwo,#	nutmeg	k.o.nutmeg	2SG	TAM2:2SG	big	#	2SG	TAM2:2SG	big,"darag utowla, get big, get big!",en,MORPHEME_ALIGNED,,jjq_mp3 jjq_wav jjq_eaf jjq_xml jjq_tsv,,597389,600867,##ds	np:dt_s	rn	pro.2:s	lv-pro_2_s	v:pred	##ds	pro.2:s	lv-pro_2_s	v:pred,,jjq,∅	∅	∅	∅	∅	∅	∅	∅	∅	∅,∅	8040	∅	8040	∅	∅	∅	8040	∅	∅,∅	8040	∅	8040	∅	∅	∅	8040	∅	∅
jjq_0148,mcveraa,nike malaw nike malaw,#	nik	ē	malaw	#	nik	ē	malaw,#	2SG	TAM2:2SG	wide	#	2SG	TAM2:2SG	wide,Grow! Grow!,en,MORPHEME_ALIGNED,,jjq_mp3 jjq_wav jjq_eaf jjq_xml jjq_tsv,,600867,603353,##ds	pro.2:s	lv-pro_2_s	v:pred	##ds	pro.2:s	lv-pro_2_s	v:pred,,jjq,∅	∅	∅	∅	∅	∅	∅	∅,∅	8040	∅	∅	∅	8040	∅	∅,∅	8040	∅	∅	∅	8040	∅	∅
jjq_0149,mcveraa,dirk tēktēk ēn tēktēk 'anē won qan̄ ē ... daraga ē ne luluwo,#	dir	=k	tēktēk	ēn	tēktēk	anē	#	wo	=n	qan̄	eh	daraga	ē	ne	lu-luwo,#	3PL	=TAM2	RED:speak	ART	RED-speak	DEM1.A	#	and	=ART	flank	HES	nutmeg	DEM3	TAM2:3SG	RED-big,"As they said this talk, the side ... the wild nutmeg tree became very big.",en,WORD_ALIGNED,,jjq_mp3 jjq_wav jjq_eaf jjq_xml jjq_tsv,,603353,608684,##	pro.h:a	=lv	v:pred	ln	np:p	rn	##	other	=ln	nc	nc	np:s	rn	lv-pro_s	v:pred,,jjq,∅	∅	∅	∅	∅	∅	∅	∅	∅	∅	∅	∅	∅	∅	∅	∅,∅	8002	∅	∅	∅	8044	∅	∅	∅	∅	∅	∅	8040	∅	∅	∅,∅	8002	∅	∅	∅	8044	∅	∅	∅	∅	∅	∅	8040	∅	∅	∅
jjq_0150,mcveraa,m luwōm luwōm luwō e Qo' mas gavra din̄ m̄as 'avalgi,#	ZERO	=m	luwo	#	=m	luwō	=m	luwō	#	e	Qo'	mas	gavra	din̄	m̄as	aval-gi,#	ZERO	=TAM1	big	#	=TAM1	big	=TAM1	big	#	PERS.ART	Qo'	INABIL1	embrace	reach	INABIL2	other.side-3SG,"Got bigger and bigger, until Qo' couldn't reach the other side with his arms.",en,MORPHEME_ALIGNED,,jjq_mp3 jjq_wav jjq_eaf jjq_xml jjq_tsv,,608684,613339,##	0:s	=lv	v:pred	#nc	nc	nc	nc	nc	##	ln	pn_np.h:s	lv	v:pred	rv	rv	other:g,,jjq,∅	∅	∅	∅	∅	∅	∅	∅	∅	∅	∅	∅	∅	∅	∅	∅	∅,∅	8040	∅	∅	∅	∅	∅	∅	∅	∅	∅	8001	∅	∅	∅	∅	∅,∅	8040	∅	∅	∅	∅	∅	∅	∅	∅	∅	8001	∅	∅	∅	∅	∅
jjq_0151,mcveraa,e Qo' ne sag rēn sag kēkē ē,#	e	Qo'	ne	sag	rēn	sag	kēkē	ē,#	PERS.ART	Qo'	TAM2:3SG	sit	stuck	up	on.top	DEM3,So then Qo' had got stuck up there.,en,MORPHEME_ALIGNED,,jjq_mp3 jjq_wav jjq_eaf jjq_xml jjq_tsv,,613339,616235,##	ln	pn_np.h:s	lv-pro_h_s	v:pred	rv	rv	rv	other,,jjq,∅	∅	∅	∅	∅	∅	∅	∅	∅,∅	∅	8001	∅	∅	∅	∅	∅	∅,∅	∅	8001	∅	∅	∅	∅	∅	∅
jjq_0152,mcveraa,sag wo 'eraga 'i'isigi 'anē van rōw lēn vunuō,#	ZERO	sag	#	wo	e	raga	'i-'isi	-gi	anē	van	rōw	lē	=n	vunuō,#	ZERO	sit	#	and	PERS.ART	people	RED-younger.same.sex.sibling	-3SG	DEM1.A	go	seawards	LOC	=ART	village,"Sitting (there), and all his brothers went down to the village,",en,MORPHEME_ALIGNED,,jjq_mp3 jjq_wav jjq_eaf jjq_xml jjq_tsv,,616235,621067,##	0.h:s	v:pred	##	other	ln	ln	np.h:s	-rn_pro.h:poss	rn	v:pred	rv	adp	=ln	np:g,,jjq,∅	∅	∅	∅	∅	∅	∅	∅	∅	∅	∅	∅	∅	∅	∅,∅	8001	∅	∅	∅	∅	8002	∅	8001	∅	∅	∅	∅	∅	8004,∅	8001	∅	∅	∅	∅	8002	∅	8001	∅	∅	∅	∅	∅	8004
jjq_0153,mcveraa,bol ēn gunugi,#	ZERO	bol	ēn	gunu	-gi,#	ZERO	steal	ART	spouse	-3SG,"stole his wife,",en,MORPHEME_ALIGNED,,jjq_mp3 jjq_wav jjq_eaf jjq_xml jjq_tsv,,621067,623434,##	0.h:a	v:pred	ln	np.h:p	-rn_pro.h:poss,,jjq,∅	∅	∅	∅	∅	∅,∅	8002	∅	∅	8038	8001,∅	8002	∅	∅	8038	8001
jjq_0154,mcveraa,wo dir len nak susuō,#	wo	dir	le	=n	nak	su-suō,#	and	3PL	transfer	=ART	canoe	RED-paddle,and took the canoe.,en,MORPHEME_ALIGNED,,jjq_mp3 jjq_wav jjq_eaf jjq_xml jjq_tsv,,623434,625864,##	other	pro.h:a	v:pred	=ln	np:p	rn,,jjq,∅	∅	∅	∅	∅	∅	∅,∅	∅	8002	∅	∅	8018	∅,∅	∅	8002	∅	∅	8018	∅
jjq_0155,mcveraa,dirk suō dirk suō sirēn Lōkōno,#	dir	=k	suō	#	dir	=k	suō	sir	=ēn	Lōkōno,#	3PL	=TAM2	paddle	#	3PL	=TAM2	paddle	for	=ART	Lōkōno,"Then they started to paddle, and paddled towards Lōkōno (Gaua).",en,MORPHEME_ALIGNED,,jjq_mp3 jjq_wav jjq_eaf jjq_xml jjq_tsv,,625864,630724,##	pro.h:s	=lv	v:pred	##	pro.h:s	=lv	v:pred	adp	=ln	pn_np:g,,jjq,∅	∅	∅	∅	∅	∅	∅	∅	∅	∅	unused,∅	8002	∅	∅	∅	8002	∅	∅	∅	∅	8045,∅	8002	∅	∅	∅	8002	∅	∅	∅	∅	8045
jjq_0156,mcveraa,dirm 'an̄ vē'ē e ... nei dir man ... dir man mul den 'a Rev dirm mul ma 'a Sisiol,#	dir	=m	'an̄	vē'ē	e	nei	dir	man	#	dir	man	mul	den	a	Rev	#	dir	=m	mul	ma	a	Sisiol,#	3PL	=TAM2	hand.move	away	NC	now	3PL	PFV	#	3PL	PFV	go	ABL	LOC.SP	Rev	#	3PL	=TAM1	go	hither	LOC.SP	Sisiol,They left ... now they had already ... now they had already moved away from Rev and came to Sisiol.,en,MORPHEME_ALIGNED,,jjq_mp3 jjq_wav jjq_eaf jjq_xml jjq_tsv,,630724,638666,#nc	nc	nc	nc	nc	nc	nc	nc	nc	##	pro.h:s	lv	v:pred	adp	adp	pn_np:obl	##	pro.h:s	=lv	v:pred	rv	adp	pn_np:g,,jjq,∅	∅	∅	∅	∅	∅	∅	∅	∅	∅	bridging	∅	∅	∅	∅	∅	∅	∅	∅	∅	∅	∅	unused,∅	∅	∅	∅	∅	∅	∅	∅	∅	∅	8046	∅	∅	∅	∅	8004	∅	8046	∅	∅	∅	∅	8047,∅	∅	∅	∅	∅	∅	∅	∅	∅	∅	8046	∅	∅	∅	∅	8004	∅	8046	∅	∅	∅	∅	8047
jjq_0157,mcveraa,ba dir ga 'ōg qēl suw 'a Sisiol n so 'ekē 'anē a Tatgan,#	ba	dir	ga	'ōg	qēl	suw	a	Sisiol	#	n	so	'ekē	anē	a	Tatgan,#	but	3PL	STAT	stay	descend	down	LOC.SP	Sisiol	#	ART	name	place	DEM1.A	LOC.SP	Tatgan,"But they lived down at Sisiol, the name of the place is Tatgan.",en,MORPHEME_ALIGNED,,jjq_mp3 jjq_wav jjq_eaf jjq_xml jjq_tsv,,638666,642537,##	other	pro.h:s	lv	v:pred	rv	rv	adp	pn_np:l	##	ln	np:s	rn_np:poss	rn	adp	pn_np:pred,,jjq,∅	∅	∅	∅	∅	∅	∅	∅	∅	∅	∅	bridging	new	∅	∅	∅,∅	∅	8046	∅	∅	∅	∅	∅	8047	∅	∅	8048	8049	∅	∅	∅,∅	∅	8046	∅	∅	∅	∅	∅	8047	∅	∅	8048	8049	∅	∅	∅
jjq_0158,mcveraa,dir ga 'ōg sa kēnē,#	dir	ga	'ōg	sa	kēnē,#	3PL	STAT	stay	EMPH	LOC.DEM1,That's where they lived.,en,MORPHEME_ALIGNED,,jjq_mp3 jjq_wav jjq_eaf jjq_xml jjq_tsv,,642537,645117,##	pro.h:s	lv	v:pred	other	other:l,,jjq,∅	∅	∅	∅	∅	∅,∅	8046	∅	∅	∅	8049,∅	8046	∅	∅	∅	8049
jjq_0159,mcveraa,n vono ne Qo' dir ga ul so Tamlin̄lin̄,#	n	vono-n	e	Qo'	dir	ga	ul	ZERO	so	Tamlin̄lin̄,#	ART	home-CS	PERS.ART	Qo'	3PL	STAT	call	ZERO	QUOT	Tamlin̄lin̄,Qo's home (village) they call Tamlin̄lin̄.,en,MORPHEME_ALIGNED,,jjq_mp3 jjq_wav jjq_eaf jjq_xml jjq_tsv,,645117,649222,##	ln	np:dt_p	rn	rn_pn_np.h:poss	pro.h:a	lv	v:pred	0:p	other	pn_np:other,,jjq,∅	∅	∅	∅	∅	∅	∅	∅	∅	∅	∅,∅	∅	8004	∅	8001	∅	∅	∅	8004	∅	∅,∅	∅	8004	∅	8001	∅	∅	∅	8004	∅	∅
jjq_0160,mcveraa,'a Sisiol ba van sur sar ma,a	Sisiol	ba	van	sur	sar	ma,LOC.SP	Sisiol	but	go	down	in	hither,"At Sisiol, but a bit further down inland hither",en,MORPHEME_ALIGNED,,jjq_mp3 jjq_wav jjq_eaf jjq_xml jjq_tsv,,649222,651611,adp	pn_np:dt	other	nc	nc	nc	nc,,jjq,∅	∅	∅	∅	∅	∅	∅,∅	∅	∅	∅	∅	∅	∅,∅	∅	∅	∅	∅	∅	∅
jjq_0161,mcveraa,nik ga 'ēn 'in vun... vunu ne raga lēn pablik wok,#	nik	ga	'ēn	'i	=n	vun—	vunu-n	e	raga	lē	=n	pablik	wok,#	2SG	STAT	see	DEL	=ART	village	village-CS	PERS.ART	people	LOC	=ART	public	work,Do you see the village of the public workers?,en,MORPHEME_ALIGNED,,jjq_mp3 jjq_wav jjq_eaf jjq_xml jjq_tsv,,651611,655276,##	pro.2:a	lv	v:pred	rv	=ln	nc	np:p	rn	rn_np.h:poss	rn	=rn	rn	rn,,jjq,∅	∅	∅	∅	∅	∅	∅	∅	∅	∅	∅	∅	∅	∅,∅	8005	∅	∅	∅	∅	∅	∅	∅	∅	∅	∅	∅	∅,∅	8005	∅	∅	∅	∅	∅	∅	∅	∅	∅	∅	∅	∅
jjq_0162,mcveraa,ban valgi kel wōl ma nē san vono ne Qo' ē,#	ba	=n	val-gi	kēl	wōl	ma	nē	sa	=n	vono-n	e	Qo'	ē,#	but	=ART	other.side-3SG	back	wōl.DIR	hither	DEM1	EMPH	=ART	home-CS	PERS.ART	Qo'	DEM3,but on the other side further 'wōl' hither is Qo's home (village).,en,MORPHEME_ALIGNED,,jjq_mp3 jjq_wav jjq_eaf jjq_xml jjq_tsv,,655276,658604,##	other	=ln	np:pred	rn	rn	rn	rn	other	=ln	np:s	rn	rn_pn_np.h:poss	rn,,jjq,∅	∅	∅	∅	∅	∅	∅	∅	∅	∅	∅	∅	∅	∅,∅	∅	∅	∅	∅	∅	∅	∅	∅	∅	∅	∅	8001	∅,∅	∅	∅	∅	∅	∅	∅	∅	∅	∅	∅	∅	8001	∅
jjq_0163,mcveraa,'ōg 'i 'ōw'ōw ēn ra'a,#	ZERO	'ōg	'i	'ōw'ōw	ēn	ra'a,#	ZERO	stay	DEL	before	ART	plan,It used to be a plain.,en,MORPHEME_ALIGNED,,jjq_mp3 jjq_wav jjq_eaf jjq_xml jjq_tsv,,658604,660770,#nc	nc	nc	nc	nc	nc	nc,,jjq,∅	∅	∅	∅	∅	∅	∅,∅	∅	∅	∅	∅	∅	∅,∅	∅	∅	∅	∅	∅	∅
jjq_0164,mcveraa,ba lēn ... dim ōn ... dim ōn barbara sirēn sava,ba	lē	=n	di	=m	ōn	#	di	=m	ōn	barbara	sir	=ēn	sava,but	LOC	=ART	3SG	=TAM1	lie	#	3SG	=TAM1	lie	stretched.out	for	=ART	what,But in ... it lies ... Why does it fall away steeply (today)?,en,MORPHEME_ALIGNED,,jjq_mp3 jjq_wav jjq_eaf jjq_xml jjq_tsv,,660770,666200,nc	nc	nc	nc	nc	nc	##	pro:s	=lv	v:pred	rv	adp	=ln	np:other,,jjq,∅	∅	∅	∅	∅	∅	∅	bridging	∅	∅	∅	∅	∅	∅,∅	∅	∅	∅	∅	∅	∅	8052	∅	∅	∅	∅	∅	∅,∅	∅	∅	∅	∅	∅	∅	8052	∅	∅	∅	∅	∅	∅
jjq_0165,mcveraa,lēn laklak ne vōwal,#	lē	=n	laklak	ne	vō-wal,#	LOC	=ART	RED:dance	NUM.ART	NUM-one,in one dance,en,MORPHEME_ALIGNED,,jjq_mp3 jjq_wav jjq_eaf jjq_xml jjq_tsv,,666200,668485,##	adp	=ln	np:dt	rn	rn,,jjq,∅	∅	∅	∅	∅	∅,∅	∅	∅	∅	∅	∅,∅	∅	∅	∅	∅	∅
jjq_0166,mcveraa,dirm laklaka va'anē dirm var ēn 'ekē 'anē dirk var die dine ōn 'abilin,dir	=m	lak-laka	va'anē	#	dir	=m	var	ēn	'ekē	anē	#	dir	=k	var	diē	#	di	ne	ōn	'abilin,3PL	=TAM1	RED-dance	TEMP.DEM1	#	3PL	=TAM1	tread	ART	place	DEM1.A	#	3PL	=TAM2	tread	3SG	#	3SG	TAM2:3SG	lie	askew,"they danced (it), and now they tramped at this place, they tramped on it and then it was falling away.",en,MORPHEME_ALIGNED,,jjq_mp3 jjq_wav jjq_eaf jjq_xml jjq_tsv,,668485,675118,pro.h:s	=lv	v:pred	other	##	pro.h:a	=lv	v:pred	ln	np:p	rn	##	pro.h:a	=lv	v:pred	pro:p	##	pro:s	lv-pro_s	v:pred	rv,,jjq,∅	∅	∅	∅	∅	bridging	∅	∅	∅	∅	∅	∅	∅	∅	∅	∅	∅	∅	∅	∅	∅,∅	∅	∅	∅	∅	8054	∅	∅	∅	8052	∅	∅	8054	∅	∅	8052	∅	8052	∅	∅	∅,∅	∅	∅	∅	∅	8054	∅	∅	∅	8052	∅	∅	8054	∅	∅	8052	∅	8052	∅	∅	∅
jjq_0167,mcveraa,ē dim ōn barbaran valgi kel wōl,#	ē	di	=m	ōn	barbara	=n	val	-gi	kēl	wōl,#	CC	3SG	=TAM1	lie	stretched.out	=ART	other.side	-3SG	back	DIR<wōl>,so it is falling away to the other side further wōl,en,MORPHEME_ALIGNED,,jjq_mp3 jjq_wav jjq_eaf jjq_xml jjq_tsv,,675118,677688,##	other	pro:a	=lv	v:pred	rv	=ln	np:p	-rn_pro:poss	rn	rn,,jjq,∅	∅	∅	∅	∅	∅	∅	∅	∅	∅	∅,∅	∅	8052	∅	∅	∅	∅	8052	8052	∅	∅,∅	∅	8052	∅	∅	∅	∅	8052	8052	∅	∅
jjq_0168,mcveraa,sow lēn masōgi dirm 'ōg'ōg 'a kēnē dirk tēktēk qē' mēn e Qo' 'anē,#	sōw	lē	=n	masō-gi	dir	=m	'ōg'ōg	a	kēnē	#	dir	=k	tēktēk	qē'	mē-n	e	Qo'	anē,#	DISC	LOC	=ART	time-3SG	3PL	=TAM1	RED:stay	LOC.SP	LOC.DEM1	#	3PL	=TAM2	RED:speak	finish	DAT-CS	PERS.ART	Qo'	DEM1.A,"When they were staying there, and they had spoken to Qo'",en,MORPHEME_ALIGNED,,jjq_mp3 jjq_wav jjq_eaf jjq_xml jjq_tsv,,677688,682175,##	other	adp	=ln	np:other	pro.h:s	=lv	v:pred	adp	other:l	##	pro.h:s	=lv	v:pred	rv	adp	ln	pn_np.h:g	other,,jjq,∅	∅	∅	∅	∅	∅	∅	∅	∅	∅	∅	∅	∅	∅	∅	∅	∅	∅	∅,∅	∅	∅	∅	∅	8003	∅	∅	∅	∅	∅	8002	∅	∅	∅	∅	∅	8001	∅,∅	∅	∅	∅	∅	8003	∅	∅	∅	∅	∅	8002	∅	∅	∅	∅	∅	8001	∅
jjq_0169,mcveraa,dirk len nak susuō mugik suō den 'a ... mē'ērsa 'a Tatgan,#	dir	=k	le	=n	nak	su-suō	mu	-gi	#	ZERO	=k	suō	den	a	mē'ērsa	a	Tatgan,#	3PL	=TAM2	transfer	=ART	canoe	RED-paddle	POSS.GEN	-3SG	#	ZERO	=TAM2	paddle	ABL	LOC.SP	harbour	LOC.SP	Tatgan,they took his canoe and paddled away from Tatgan.,en,MORPHEME_ALIGNED,,jjq_mp3 jjq_wav jjq_eaf jjq_xml jjq_tsv,,682175,689231,##	pro.h:a	=lv	v:pred	=ln	np:p	rn	rn	-rn_pro.h:poss	##	0.h:s	=lv	v:pred	adp	nc	np:obl	rn	rn_pn_np,,jjq,∅	∅	∅	∅	∅	∅	∅	∅	∅	∅	∅	∅	∅	∅	∅	bridging	∅	∅,∅	8002	∅	∅	∅	8018	∅	∅	8001	∅	8002	∅	∅	∅	∅	8055	∅	8049,∅	8002	∅	∅	∅	8018	∅	∅	8001	∅	8002	∅	∅	∅	∅	8055	∅	8049
jjq_0170,mcveraa,dirk suō sirēn Lōkōno,#	dir	=k	suō	sir	=ēn	Lōkōno,#	3PL	=TAM2	paddle	for	=ART	Lōkōno,Then they paddled towards Gaua.,en,MORPHEME_ALIGNED,,jjq_mp3 jjq_wav jjq_eaf jjq_xml jjq_tsv,,689231,691795,##	pro.h:s	=lv	v:pred	adp	=ln	pn_np:g,,jjq,∅	∅	∅	∅	∅	∅	∅,∅	8002	∅	∅	∅	∅	8045,∅	8002	∅	∅	∅	∅	8045
jjq_0171,mcveraa,so Qo' dine sag 'i 'anēn darag towla 'anē,#	so	Qo'	di	ne	sag	'i	anē	=n	darag	towla	anē,#	NC	Qo'	3SG	TAM2:3SG	sit	DEL	DEM1.A	=ART	nutmeg	tree	DEM1,Qo' was still sitting on that darag towla.,en,MORPHEME_ALIGNED,,jjq_mp3 jjq_wav jjq_eaf jjq_xml jjq_tsv,,691795,696092,##	other	pn_np.h:dt_s	pro.h:s	lv-pro_h_s	v:pred	rv	other	=ln	np:dt	rn	rn,,jjq,∅	∅	∅	∅	∅	∅	∅	∅	∅	∅	∅	∅,∅	∅	8001	8001	∅	∅	∅	∅	∅	8040	∅	∅,∅	∅	8001	8001	∅	∅	∅	∅	∅	8040	∅	∅
jjq_0172,mcveraa,di e lama'i ros so di me 'isiw siviē,#	di	e	lama'i	rōs	#	so	di	me	'isiw	siviē,#	3SG	GEN.NEG1	know	GEN.NEG2	#	CPL	3SG	FUT	dismount	how,He didn't know how to get down.,en,MORPHEME_ALIGNED,,jjq_mp3 jjq_wav jjq_eaf jjq_xml jjq_tsv,,696092,698751,##neg	pro.h:s	lv	v:pred	rv	#cc	other	pro.h:s	lv	v:pred	other,,jjq,∅	∅	∅	∅	∅	∅	∅	∅	∅	∅	∅,∅	8001	∅	∅	∅	∅	∅	8001	∅	∅	∅,∅	8001	∅	∅	∅	∅	∅	8001	∅	∅	∅
jjq_0173,mcveraa,van mara... nēnēn wōmaraw ... bul.. vuvulugi sin bulsalagi ēn marawa ē ne row lu ma mē die,#	van	mara.—	nēnēn	wōmaraw	bul—	#	vuvulu	-gi	si	=n	bulsala	-gi	ēn	marawa	ē	ne	rōw	lu	ma	mē	diē,#	go	NC	ART	spider	friend	#	comrade	-3SG	or	=ART	friend	-3SG	ART	spider	DEM3	TAM2:3SG	skip	through	hither	DAT	3SG,"The spider, his comrade or friend, this spider came out to him.",en,MORPHEME_ALIGNED,,jjq_mp3 jjq_wav jjq_eaf jjq_xml jjq_tsv,,698751,706199,#nc	nc	nc	nc	nc	nc	##	np.d:dt_s	-rn_pro.h:poss	other	=ln	np.d:s	ln	ln	np.d:appos	rn	lv-pro_d_s	v:pred	rv	rv	adp	pro.h:g,,jjq,∅	∅	∅	∅	∅	∅	∅	∅	∅	∅	∅	∅	∅	∅	∅	∅	∅	∅	∅	∅	∅	∅,∅	∅	∅	∅	∅	∅	∅	8020	8001	∅	∅	8020	8001	∅	8020	∅	∅	∅	∅	∅	∅	8001,∅	∅	∅	∅	∅	∅	∅	8020	8001	∅	∅	8020	8001	∅	8020	∅	∅	∅	∅	∅	∅	8001
jjq_0174,mcveraa,row lu ma dine vanvan ma dine rōn̄ s rarara,#	ZERO	rōw	lu	ma	#	di	ne	vanvan	ma	#	di	ne	rōn̄	#	ZERO	=s	ra-rara,#	ZERO	skip	through	hither	#	3SG	TAM2:3SG	RED:go	hither	#	3SG	TAM2:3SG	feel	#	ZERO	=SIM	RED-cry,"Coming out, while it was coming it heard someone crying.",en,MORPHEME_ALIGNED,,jjq_mp3 jjq_wav jjq_eaf jjq_xml jjq_tsv,,706199,709673,##	0.d:s	v:pred	rv	rv	##	pro.d:s	lv-pro_d_s	v:pred	rv	##	pro.d:a	lv-pro_d_a	v:pred	#rc.h:p	0.h:s	=lv	v:pred,,jjq,∅	∅	∅	∅	∅	∅	∅	∅	∅	∅	∅	∅	∅	∅	∅	∅	∅	∅,∅	8020	∅	∅	∅	∅	8020	∅	∅	∅	∅	8020	∅	∅	∅	8001	∅	∅,∅	8020	∅	∅	∅	∅	8020	∅	∅	∅	∅	8020	∅	∅	∅	8001	∅	∅
jjq_0175,mcveraa,s ... s rara 'a gēnē sis sursur ēn nes 'agēnē rekso e Qo' ē,#	s—	#	ZERO	=s	rara	%	agēnē	si	#	ZERO	=s	sursur	ēn	nes	%	agēnē	%	rekso	e	Qo'	ē,#	NC	#	ZERO	=SIM	cry	%	DEM2.A	or	#	ZERO	=SIM	RED:sing	ART	song	%	DEM2.A	%	like	PERS.ART	Qo'	DEM3,'This one crying or singing a song here is like Qo'.',en,MORPHEME_ALIGNED,,jjq_mp3 jjq_wav jjq_eaf jjq_xml jjq_tsv,,709673,715309,#nc	nc	#ds_rc.h:s	0.h:s	=lv	v:pred	%	rn	rn	#ds_rc_rn.h:s	0.h:a	=lv	v:pred	ln	np:p	%	rn	%	adp	ln	pn_np.h:pred	rn,,jjq,∅	∅	∅	∅	∅	∅	∅	∅	∅	∅	∅	∅	∅	∅	∅	∅	∅	∅	∅	∅	∅	∅,∅	∅	∅	8001	∅	∅	∅	∅	∅	∅	8001	∅	∅	∅	∅	∅	∅	∅	∅	∅	8001	∅,∅	∅	∅	8001	∅	∅	∅	∅	∅	∅	8001	∅	∅	∅	∅	∅	∅	∅	∅	∅	8001	∅
jjq_0176,mcveraa,dine van ne van vavavan van din̄ man daraga,#	di	ne	van	#	ZERO	ne	van	va-va-van	#	ZERO	van	din̄	ma	=n	daraga,#	3SG	TAM2:3SG	go	#	ZERO	TAM2:3SG	go	RED-RED-go	#	ZERO	go	reach	hither	=ART	nutmeg,"It went, went and went, on and on, until it reached the nandae.",en,MORPHEME_ALIGNED,,jjq_mp3 jjq_wav jjq_eaf jjq_xml jjq_tsv,,715309,720192,##	pro.d:s	lv-pro_d_s	v:pred	##	0.d:s	lv-pro_d_s	v:pred	other	##	0.d:a	v:pred	rv	rv	=ln	np:p,,jjq,∅	∅	∅	∅	∅	∅	∅	∅	∅	∅	∅	∅	∅	∅	∅	∅,∅	8020	∅	∅	∅	8020	∅	∅	∅	∅	8020	∅	∅	∅	∅	8040,∅	8020	∅	∅	∅	8020	∅	∅	∅	∅	8020	∅	∅	∅	∅	8040
jjq_0177,mcveraa,dine rērē kal 'ei bulsalm da sivie,#	di	ne	rērē	kal	#	'ei	bulsal	#	=m	da	siviē,#	3SG	TAM2:3SG	crane	upwards	#	hey	friend	#	=TAM1	do	how,"It craned its neck upwards: 'Hey, friend, what happened?'",en,MORPHEME_ALIGNED,,jjq_mp3 jjq_wav jjq_eaf jjq_xml jjq_tsv,,720192,724485,##	pro.d:s	lv-pro_d_s	v:pred	rv	#nc	nc	nc	##ds	=lv	v:pred	other,,jjq,∅	∅	∅	∅	∅	∅	∅	∅	∅	∅	∅	∅,∅	8020	∅	∅	∅	∅	∅	∅	∅	∅	∅	∅,∅	8020	∅	∅	∅	∅	∅	∅	∅	∅	∅	∅
jjq_0178,mcveraa,'o mē'ēsalakm gōno,#	'o	mē'ēsala	-k	=m	gōno,#	INTERJ	way	-1SG	=TAM1	bitter,"'Oh, my way is blocked.'",en,MORPHEME_ALIGNED,,jjq_mp3 jjq_wav jjq_eaf jjq_xml jjq_tsv,,724485,728313,##ds	other	np:s	nc_pro.1	=lv	v:pred,,jjq,∅	∅	∅	∅	∅	∅,∅	∅	∅	8001	∅	∅,∅	∅	∅	8001	∅	∅
jjq_0179,mcveraa,ba nik da bēn sivie,#	ba	nik	da	bēn	siviē,#	but	2SG	do	PRO.OBL	how,'But how did you make it to there?',en,MORPHEME_ALIGNED,,jjq_mp3 jjq_wav jjq_eaf jjq_xml jjq_tsv,,728313,730826,##ds	other	pro.2:s	v:pred	other	other,,jjq,∅	∅	∅	∅	∅	∅,∅	∅	8001	∅	∅	∅,∅	∅	8001	∅	∅	∅
jjq_0180,mcveraa,o nom ... nom van ma kēnei,#	o	no	=m	#	no	=m	van	ma	kēnei,#	INTERJ	1SG=TAM1	NC	#	1SG	=TAM1	go	hither	LOC.DEM4,"'I came here,",en,WORD_ALIGNED,,jjq_mp3 jjq_wav jjq_eaf jjq_xml jjq_tsv,,730826,733698,#nc	nc	nc	nc	##ds	pro.1:s	=lv	v:pred	rv	other:g,,jjq,∅	∅	∅	∅	∅	∅	∅	∅	∅	∅,∅	∅	∅	∅	∅	8001	∅	∅	∅	∅,∅	∅	∅	∅	∅	8001	∅	∅	∅	∅
jjq_0181,mcveraa,kamam ē 'eraga 'i'isik nē,kamam	ē	e	raga	'i-'isi	-k	nē,1PL.EX	DEM3	ART	people	NSG-brother	-1SG	DEM1,"we, my brothers,",en,MORPHEME_ALIGNED,,jjq_mp3 jjq_wav jjq_eaf jjq_xml jjq_tsv,,733698,736113,pro.1:dt	rn	ln	ln	np.h:appos	-rn_pro.1:poss	other,,jjq,∅	∅	∅	∅	∅	∅	∅,8003	∅	∅	∅	8002	8001	∅,8003	∅	∅	∅	8002	8001	∅
jjq_0182,mcveraa,dirm gal no ma,#	dir	=m	gal	no	ma,#	3PL	=TAM1	lie	1SG	hither,they cheated me so I came here.,en,MORPHEME_ALIGNED,,jjq_mp3 jjq_wav jjq_eaf jjq_xml jjq_tsv,,736113,738268,##ds	pro.h:a	=lv	v:pred	pro.1:p	rv,,jjq,∅	∅	∅	∅	∅	∅,∅	8002	∅	∅	8001	∅,∅	8002	∅	∅	8001	∅
jjq_0183,mcveraa,nom rem 'an woqe'enge 'anē kamam ēm sisidin̄,#	no	=m	rem	a	=n	woqe'enge	anē	#	kamam	=ēm	sisidin̄,#	1SG	=TAM1	climb	LOC.SP	=ART	tree	DEM1.A	#	1PL.EX	=TAM1	bird.catch,I climbed onto this tree - we were catching birds.,en,MORPHEME_ALIGNED,,jjq_mp3 jjq_wav jjq_eaf jjq_xml jjq_tsv,,738268,741637,##ds	pro.1:s	=lv	v:pred	adp	=ln	np:g	rn	##ds	pro.1:s	=lv	v:pred,,jjq,∅	∅	∅	∅	∅	∅	∅	∅	∅	∅	∅	∅,∅	8001	∅	∅	∅	∅	8040	∅	∅	8003	∅	∅,∅	8001	∅	∅	∅	∅	8040	∅	∅	8003	∅	∅
jjq_0184,mcveraa,ba dir qē man vanvan,#	ba	dir	qē'	man	vanvan,#	but	3PL	finish	PFV	RED:go,But all of them had come.,en,MORPHEME_ALIGNED,,jjq_mp3 jjq_wav jjq_eaf jjq_xml jjq_tsv,,741637,743892,##ds	other	pro.h:s	rn	lv	v:pred,,jjq,∅	∅	∅	∅	∅	∅,∅	∅	8002	∅	∅	∅,∅	∅	8002	∅	∅	∅
jjq_0185,mcveraa,so nom van ma 'an woqe'enge 'anē nom rem kal ma,#	so	no	=m	van	ma	a	=n	woqe'enge	anē	#	no	=m	rem	kal	ma,#	NC	1SG	=TAM1	go	hither	LOC.SP	=ART	tree	DEM1.A	#	1SG	=TAM1	climb	upwards	hither,"So I went to this tree here, I climbed up here.",en,MORPHEME_ALIGNED,,jjq_mp3 jjq_wav jjq_eaf jjq_xml jjq_tsv,,743892,747518,##ds	other	pro.1:s	=lv	v:pred	rv	adp	=ln	np:g	rn	##ds	pro.1:s	=lv	v:pred	rv	rv,,jjq,∅	∅	∅	∅	∅	∅	∅	∅	∅	∅	∅	∅	∅	∅	∅	∅,∅	∅	8001	∅	∅	∅	∅	∅	8040	∅	∅	8001	∅	∅	∅	∅,∅	∅	8001	∅	∅	∅	∅	∅	8040	∅	∅	8001	∅	∅	∅	∅
jjq_0186,mcveraa,'an kelegi dirm tēktēk mēn woqe'enge 'anē n woqe'enge 'anē din? 'irbēgim luwo,#	a	=n	kēle-gi	dir	=m	tēktēk	mē	=n	woqe'enge	anē	#	n	woqe'enge	anē	di	=n	'irbē	-gi	=m	luwo,#	LOC.SP	=ART	behind-3SG	3PL	=TAM1	RED:speak	DAT	=ART	woqe'enge	DEM1.A	#	ART	tree	DEM1.A	3SG	=ART	body	-3SG	=TAM1	big,"After that they spoke to the tree, and that tree, its body grew",en,MORPHEME_ALIGNED,,jjq_mp3 jjq_wav jjq_eaf jjq_xml jjq_tsv,,747518,752136,##	adp	=ln	np:other	pro.h:s	=lv	v:pred	adp	=ln	np:g	rn	##	ln	np:dt_poss	rn	pro:dt_poss	=ln	np:s	-rn_pro:poss	=lv	v:pred,,jjq,∅	∅	∅	∅	∅	∅	∅	∅	∅	∅	∅	∅	∅	∅	∅	∅	∅	bridging	∅	∅	∅,∅	∅	∅	∅	8002	∅	∅	∅	∅	8040	∅	∅	∅	8040	∅	8040	∅	8057	8040	∅	∅,∅	∅	∅	∅	8002	∅	∅	∅	∅	8040	∅	∅	∅	8040	∅	8040	∅	8057	8040	∅	∅
jjq_0187,mcveraa,no mas gagavra m̄as 'amēn ga 'ēqēl,#	no	mas	ga-gavra	m̄as	#	'amēn	ga	'ēqēl,#	1SG	INABIL1	RED-embrace	INABIL2	#	ASS	STAT	descend,and I couldn't embrace it in order to descend.,en,MORPHEME_ALIGNED,,jjq_mp3 jjq_wav jjq_eaf jjq_xml jjq_tsv,,752136,755476,##ds	pro.1:s	lv	v:pred	rv	#ds_cc:obl	other	lv	vother:pred,,jjq,∅	∅	∅	∅	∅	∅	∅	∅	∅,∅	8001	∅	∅	∅	∅	∅	∅	∅,∅	8001	∅	∅	∅	∅	∅	∅	∅
jjq_0188,mcveraa,binikm tiktik den,#	bini	-k	=m	tiktik	den,#	hand	-1SG	=TAM1	RED:small	ABL,My hands became too small,en,MORPHEME_ALIGNED,,jjq_mp3 jjq_wav jjq_eaf jjq_xml jjq_tsv,,755476,757418,##ds	np:s	-rn_pro.1:poss	=lv	v:pred	rv,,jjq,∅	bridging	∅	∅	∅	∅,∅	8058	8001	∅	∅	∅,∅	8058	8001	∅	∅	∅
jjq_0189,mcveraa,sim qōqō' den nom mas 'ēqēl kel m̄as nom sag ren̄ keke 'anē,#	si	ZERO	=m	qōqō'	den	#	no	mas	'ēqēl	kēl	m̄as	#	no	=m	sag	ren̄	kēkē	anē,#	or	ZERO	=TAM1	short	ABL	#	1SG	INABIL1	descend	back	INABIL2	#	1SG	=TAM1	sit	stuck	on.top	DEM1.A,"or too short and I could not get down again, I sat being stuck up here.'",en,MORPHEME_ALIGNED,,jjq_mp3 jjq_wav jjq_eaf jjq_xml jjq_tsv,,757418,763299,##ds	other	0:s	=lv	v:pred	rv	##ds	pro.1:s	lv	v:pred	rv	rv	##ds	pro.1:s	=lv	v:pred	rv	rv	other,,jjq,∅	∅	∅	∅	∅	∅	∅	∅	∅	∅	∅	∅	∅	∅	∅	∅	∅	∅	∅,∅	∅	8058	∅	∅	∅	∅	8001	∅	∅	∅	∅	∅	8001	∅	∅	∅	∅	∅,∅	∅	8058	∅	∅	∅	∅	8001	∅	∅	∅	∅	∅	8001	∅	∅	∅	∅	∅
jjq_0190,mcveraa,womarawraw so 'o itok sag qe'i nok ..eh.. le sur nike,#	womarawraw	so	#	'o	itok	#	ZERO	sag	qe'i	#	no	=k	eh	le	sur	nikē,#	spider	QUOT	#	INTERJ	good	#	ZERO	sit	for.a.moment	#	1SG	=TAM2	HES	transfer	down	2SG,"Spider said: 'Oh, good, sit there for a moment, I'll take you down.'",en,MORPHEME_ALIGNED,,jjq_mp3 jjq_wav jjq_eaf jjq_xml jjq_tsv,,763299,768092,##	np.d:s	other:pred	##ds	other	v:pred	##ds	0.2:s	v:pred	other	##ds	pro.1:a	=lv	nc	v:pred	rv	pro.2:p,,jjq,∅	∅	∅	∅	∅	∅	∅	∅	∅	∅	∅	∅	∅	∅	∅	∅	∅,∅	8020	∅	∅	∅	∅	∅	8001	∅	∅	∅	8020	∅	∅	∅	∅	8001,∅	8020	∅	∅	∅	∅	∅	8001	∅	∅	∅	8020	∅	∅	∅	∅	8001
jjq_0191,mcveraa,sōw ēn marawa ne vir ēn ga 'iligi ne van kal ne 'ēqēl ne van kal ne 'ēqēl,#	sōw	ēn	marawa	ne	vir	ēn	ga	'ili	-gi	#	ZERO	ne	van	kal	#	ZERO	ne	'ēqēl	#	ZERO	ne	van	kal	#	ZERO	ne	'ēqēl,#	DISC	ART	spider	TAM2:3SG	yarn	ART	rope	egg	-3SG	#	ZERO	TAM2:3SG	go	upwards	#	ZERO	TAM2:3SG	descend	#	ZERO	TAM2:3SG	go	upwards	#	ZERO	TAM2:3SG	descend,"Then the spider started to spin its web, went up, went down, went up went down.",en,MORPHEME_ALIGNED,,jjq_mp3 jjq_wav jjq_eaf jjq_xml jjq_tsv,,768092,774521,##	other	ln	np.d:a	lv-pro_d_a	v:pred	ln	np:p	rn	-rn_pro.d:poss	##	0.d:s	lv-pro_d_s	v:pred	rv	##	0.d:s	lv-pro_d_s	v:pred	##	0.d:s	lv-pro_d_s	v:pred	rv	##	0.d:s	lv-pro_d_s	v:pred,,jjq,∅	∅	∅	∅	∅	∅	∅	bridging	∅	∅	∅	∅	∅	∅	∅	∅	∅	∅	∅	∅	∅	∅	∅	∅	∅	∅	∅	∅,∅	∅	∅	8020	∅	∅	∅	8059	∅	8020	∅	8020	∅	∅	∅	∅	8020	∅	∅	∅	8020	∅	∅	∅	∅	8020	∅	∅,∅	∅	∅	8020	∅	∅	∅	8059	∅	8020	∅	8020	∅	∅	∅	∅	8020	∅	∅	∅	8020	∅	∅	∅	∅	8020	∅	∅
jjq_0192,mcveraa,ne van kal ne 'ēqēl,#	ZERO	ne	van	kal	#	ZERO	ne	'ēqēl,#	ZERO	TAM2:3SG	go	upwards	#	ZERO	TAM2:3SG	descend,"Went up, went down.",en,MORPHEME_ALIGNED,,jjq_mp3 jjq_wav jjq_eaf jjq_xml jjq_tsv,,774521,776317,##	0.d:s	lv-pro_d_s	v:pred	rv	##	0.d:s	lv-pro_d_s	v:pred,,jjq,∅	∅	∅	∅	∅	∅	∅	∅	∅,∅	8020	∅	∅	∅	∅	8020	∅	∅,∅	8020	∅	∅	∅	∅	8020	∅	∅
jjq_0193,mcveraa,ne van e Qo' ne dam 'a'aga,#	ZERO	ne	van	#	e	Qo'	ne	dam	'a-'aga	ZERO,#	ZERO	TAM2:3SG	go	#	ART	Qo'	TAM2:3SG	hang	RED-follow	ZERO,"Went, and Qo' then climbed following.",en,MORPHEME_ALIGNED,,jjq_mp3 jjq_wav jjq_eaf jjq_xml jjq_tsv,,776317,779154,##	0.d:s	lv-pro_d_s	v:pred	##	ln	pn_np.h:s	lv-pro_h_s	v:pred	rv	0:p,,jjq,∅	∅	∅	∅	∅	∅	∅	∅	∅	∅	∅,∅	8020	∅	∅	∅	∅	8001	∅	∅	∅	8059,∅	8020	∅	∅	∅	∅	8001	∅	∅	∅	8059
jjq_0194,mcveraa,womarawraw so itok nike dam ... nike disir qēl man gaga ē dam 'a'ag man gaga 'anē,#	womarawraw	so	#	itok	#	nik	ē	dam	#	nik	ē	lisir	qēl	ma	=n	gaga	ē	#	ZERO	dam	'a-'ag	ma	=n	gaga	anē,#	spider	QUOT	#	good	#	2SG	NC	hang	#	2SG	TAM2:2SG	move.along	down	hither	=ART	rope	DEM3	#	ZERO	hang	RED-follow	hither	=ART	rope	DEM1.A,"Spider said: 'Good, now take the rope, follow the rope downwards, climb (on it) following the rope.'",en,MORPHEME_ALIGNED,,jjq_mp3 jjq_wav jjq_eaf jjq_xml jjq_tsv,,779154,784746,##	np.d:s	other:pred	##ds	v:pred	#nc	nc	nc	nc	##ds	pro.2:a	lv-pro_2_a	v:pred	rv	rv	=ln	np:p	rn	##	0.2:a	v:pred	rv	rv	=ln	np:p	rn,,jjq,∅	∅	∅	∅	∅	∅	∅	∅	∅	∅	∅	∅	∅	∅	∅	∅	∅	∅	∅	∅	∅	∅	∅	∅	∅	∅,∅	8020	∅	∅	∅	∅	∅	∅	∅	∅	8001	∅	∅	∅	∅	∅	8059	∅	∅	8001	∅	∅	∅	∅	8059	∅,∅	8020	∅	∅	∅	∅	∅	∅	∅	∅	8001	∅	∅	∅	∅	∅	8059	∅	∅	8001	∅	∅	∅	∅	8059	∅
jjq_0195,mcveraa,maraw... e Qo' ne dam disir,#	maraw—	e	Qo'	ne	dam	lisir	ZERO,#	spider	ART	Qo'	TAM2:3SG	hang	move.along	ZERO,Then Qo' climbed following (it).,en,MORPHEME_ALIGNED,,jjq_mp3 jjq_wav jjq_eaf jjq_xml jjq_tsv,,784746,787664,##	nc	ln	pn_np.h:a	lv-pro_h_a	v:pred	rv	0:p,,jjq,∅	∅	∅	∅	∅	∅	∅	∅,∅	∅	∅	8001	∅	∅	∅	8059,∅	∅	∅	8001	∅	∅	∅	8059
jjq_0196,mcveraa,dam 'ēqēl 'ēqēl 'ēqēl 'ēqēl din̄ suw lēn qe'an,#	ZERO	dam	'ēqēl	'ēqēl	'ēqēl	#	ZERO	'ēqēl	din̄	suw	lē	=n	qe'an,#	ZERO	hang	descend	descend	descend	#	ZERO	descend	reach	down	LOC	=ART	ground,"Climbed, descended, descended, on and on, arrived down on the ground",en,MORPHEME_ALIGNED,,jjq_mp3 jjq_wav jjq_eaf jjq_xml jjq_tsv,,787664,793686,##	0.h:s	v:pred	rv	nc	nc	##	0.h:s	v:pred	rv	rv	adp	=ln	np:g,,jjq,∅	∅	∅	∅	∅	∅	∅	∅	∅	∅	∅	∅	∅	new,∅	8001	∅	∅	∅	∅	∅	8001	∅	∅	∅	∅	∅	8060,∅	8001	∅	∅	∅	∅	∅	8001	∅	∅	∅	∅	∅	8060
jjq_0197,mcveraa,ne van din̄ rōw ma lēn lōlō vunuō,#	ZERO	ne	van	din̄	rōw	ma	lē	=n	lōlō	vunuō,#	ZERO	TAM2:3SG	go	reach	seawards	hither	LOC	=ART	inside	village,"went down into the village,",en,MORPHEME_ALIGNED,,jjq_mp3 jjq_wav jjq_eaf jjq_xml jjq_tsv,,793686,795922,##	0.h:s	lv-pro_h_s	v:pred	rv	rv	rv	adp	=ln	ln	np:g,,jjq,∅	∅	∅	∅	∅	∅	∅	∅	∅	∅	∅,∅	8001	∅	∅	∅	∅	∅	∅	∅	∅	8004,∅	8001	∅	∅	∅	∅	∅	∅	∅	∅	8004
jjq_0198,mcveraa,ne 'ēn ēn vēvēgis sag 'i,#	ZERO	ne	'ēn	ēn	vēvē	-gi	#	ZERO	=s	sag	'i,#	ZERO	TAM2:3SG	see	ART	mother	-3SG	#	ZERO	=SIM	sit	DEL,and saw his mother sitting there.,en,MORPHEME_ALIGNED,,jjq_mp3 jjq_wav jjq_eaf jjq_xml jjq_tsv,,795922,797988,##	0.h:a	lv-pro_h_a	v:pred	ln	np.h:p	-rn_pro.h:poss	##	0.h:s	=lv	v:pred	other,,jjq,∅	∅	∅	∅	∅	bridging	∅	∅	∅	∅	∅	∅,∅	8001	∅	∅	∅	8061	8001	∅	8061	∅	∅	∅,∅	8001	∅	∅	∅	8061	8001	∅	8061	∅	∅	∅
jjq_0199,mcveraa,ei ba ote ba 'e raga 'anei,#	ei	ba	ote	#	ba	e	raga	anei,#	hey	but	mum	#	but	PERS.ART	people	DEM4.A,"'Hey, mum, but everybody?'",en,MORPHEME_ALIGNED,,jjq_mp3 jjq_wav jjq_eaf jjq_xml jjq_tsv,,797988,801115,##ds	other	other	np:voc	##ds	other	ln	np.h:pred	rn,,jjq,∅	∅	∅	∅	∅	∅	∅	∅	∅,∅	∅	∅	8061	∅	∅	∅	8002	∅,∅	∅	∅	8061	∅	∅	∅	8002	∅
jjq_0200,mcveraa,so o dirm len vēv... dirm bol ēn gunum dir man row 'ō',#	so	o	dir	=m	le	=n	vēv—	#	dir	=m	bol	ēn	gunu	-m	#	dir	man	rōw	'ō'	ZERO,#	QUOT	oh	3PL	=TAM1	transfer	=ART	mother	#	3PL	=TAM1	steal	ART	spouse	-2SG	#	3PL	PFV	skip	carry	ZERO,"'Oh, they stole your wife, they ran away with (her).'",en,MORPHEME_ALIGNED,,jjq_mp3 jjq_wav jjq_eaf jjq_xml jjq_tsv,,801115,805242,#nc	nc	nc	nc_pro.h	nc	nc	nc	nc	##ds	pro.h:a	=lv	v:pred	ln	np.h:p	-rn_pro.2:poss	##ds	pro.h:a	lv	v:pred	rv	0.h:p,,jjq,∅	∅	∅	∅	∅	∅	∅	∅	∅	∅	∅	∅	∅	∅	∅	∅	∅	∅	∅	∅	∅,∅	∅	∅	8002	∅	∅	∅	∅	∅	8002	∅	∅	∅	8038	8001	∅	8002	∅	∅	∅	8038,∅	∅	∅	8002	∅	∅	∅	∅	∅	8002	∅	∅	∅	8038	8001	∅	8002	∅	∅	∅	8038
jjq_0201,mcveraa,ba dirm van 'a vēe,#	ba	dir	=m	van	a	viē,#	but	3PL	=TAM1	go	LOC.SP	where,'But where did they go?',en,MORPHEME_ALIGNED,,jjq_mp3 jjq_wav jjq_eaf jjq_xml jjq_tsv,,805242,806786,##ds	other	pro.h:s	=lv	v:pred	adp	other:g,,jjq,∅	∅	bridging	∅	∅	∅	∅,∅	∅	8063	∅	∅	∅	∅,∅	∅	8063	∅	∅	∅	∅
jjq_0202,mcveraa,o dirm van sir ēn Lōkōno,#	o	dir	=m	van	sir	ēn	Lōkōno,#	oh	3PL	=TAM1	go	for	ART	Lōkōno,'They went to Gaua.',en,MORPHEME_ALIGNED,,jjq_mp3 jjq_wav jjq_eaf jjq_xml jjq_tsv,,806786,809589,##ds	other	pro.h:s	=lv	v:pred	adp	ln	pn_np:g,,jjq,∅	∅	∅	∅	∅	∅	∅	∅,∅	∅	8002	∅	∅	∅	∅	8045,∅	∅	8002	∅	∅	∅	∅	8045
jjq_0203,mcveraa,'o itok ote,#	'o	itok	ote,#	oh	good	mum,"'Good, mum,",en,MORPHEME_ALIGNED,,jjq_mp3 jjq_wav jjq_eaf jjq_xml jjq_tsv,,809589,811731,#nc	nc	nc	nc,,jjq,∅	∅	∅	∅,∅	∅	∅	∅,∅	∅	∅	∅
jjq_0204,mcveraa,sava nik me da,#	sava	nik	me	da	ZERO,#	what	2SG	FUT	do	ZERO,what you'll do now (is),en,MORPHEME_ALIGNED,,jjq_mp3 jjq_wav jjq_eaf jjq_xml jjq_tsv,,811731,814790,##ds	np:dt_p	pro.2:a	ln	v:pred	0:p,,jjq,∅	∅	∅	∅	∅	∅,∅	∅	8061	∅	∅	∅,∅	∅	8061	∅	∅	∅
jjq_0205,mcveraa,nike nos no lēn wōwen̄,#	nik	ē	nos	no	lē	=n	wōwen̄,#	2SG	TAM2:2SG	insert	1SG	LOC	=ART	k.o.basket,put me into a [special k.o.] basket,en,MORPHEME_ALIGNED,,jjq_mp3 jjq_wav jjq_eaf jjq_xml jjq_tsv,,814790,818198,##ds	pro.2:a	lv-pro_2_a	v:pred	pro.1:p	adp	=ln	np:g,,jjq,∅	∅	∅	∅	∅	∅	∅	new,∅	8061	∅	∅	8001	∅	∅	8064,∅	8061	∅	∅	8001	∅	∅	8064
jjq_0206,mcveraa,wo nike len gok ēn va'al 'agēnē nike nos birin̄ no,#	wo	nik	ē	le	=n	go	-k	ēn	va'al	agēnē	#	nik	ē	nos	ZERO	birin̄	no,#	and	2SG	TAM2:2SG	transfer	=ART	POSS.EAT	-1SG	ART	banana	DEM2.A	#	2SG	TAM2:2SG	insert	ZERO	with	1SG,"and take this banana here for me, put it in there together with me.",en,MORPHEME_ALIGNED,,jjq_mp3 jjq_wav jjq_eaf jjq_xml jjq_tsv,,818198,822251,##ds	other	pro.2:a	lv-pro_2_a	v:pred	=ln	ln	-ln_pro.1:poss	ln	np:p	rn	##ds	pro.2:a	lv-pro_h_a	v:pred	0:p	adp	pro.1:obl,,jjq,∅	∅	∅	∅	∅	∅	∅	∅	∅	new	∅	∅	∅	∅	∅	∅	∅	∅,∅	∅	8061	∅	∅	∅	∅	8001	∅	8065	∅	∅	8061	∅	∅	8065	∅	8001,∅	∅	8061	∅	∅	∅	∅	8001	∅	8065	∅	∅	8061	∅	∅	8065	∅	8001
jjq_0207,mcveraa,son vēvē... qē' nikie 'ēqēl duk 'ēqēl suw 'alo,#	so=n	=n	vēvē—	#	qē'	nik	ē	'ēqēl	#	du	=k	'ēqēl	suw	a	lo,#	CPL	=ART	NC	#	finish	nik	TAM2:2SG	descend	#	1DL.IN	=TAM2	descend	thither	LOC.SP	seaside,"Then we two will go down to the sea,",en,WORD_ALIGNED,,jjq_mp3 jjq_wav jjq_eaf jjq_xml jjq_tsv,,822251,826927,#nc	nc	nc	nc	##ds	other	pro.2:s	lv-pro_2_s	v:pred	##ds	wpro.1:s	=lv	v:pred	rv	adp	other:g,,jjq,∅	∅	∅	∅	∅	∅	∅	∅	∅	∅	bridging	∅	∅	∅	∅	∅,∅	∅	∅	∅	∅	∅	8061	∅	∅	∅	8066	∅	∅	∅	∅	8017,∅	∅	∅	∅	∅	∅	8061	∅	∅	∅	8066	∅	∅	∅	∅	8017
jjq_0208,mcveraa,duk van rōw nikm ... nike lukun ēn naw,#	du	=k	van	rōw	#	nikm	#	nik	ē	lukun	ēn	naw,#	1DL.IN	=TAM2	go	down	#	nikm	#	2SG	TAM2:2SG	count	ART	saltwater,"we will go down, you count the waves.",en,MORPHEME_ALIGNED,,jjq_mp3 jjq_wav jjq_eaf jjq_xml jjq_tsv,,826927,830715,##ds	wpro.1:s	=lv	v:pred	rv	#nc	nc	##ds	pro.2:a	lv-pro_2_a	v:pred	ln	np:p,,jjq,∅	∅	∅	∅	∅	∅	∅	∅	∅	∅	∅	∅	bridging,∅	8066	∅	∅	∅	∅	∅	∅	8061	∅	∅	∅	8067,∅	8066	∅	∅	∅	∅	∅	∅	8061	∅	∅	∅	8067
jjq_0209,mcveraa,naw dim mēlē vag'ōl,#	naw	di	=m	mēlē'	vag-'ōl,#	saltwater	3SG	=TAM1	break	MULT-three,"When the sea breaks for the third time,",en,MORPHEME_ALIGNED,,jjq_mp3 jjq_wav jjq_eaf jjq_xml jjq_tsv,,830715,833015,##ds	np:dt_s	pro.h:s	=lv	v:pred	other,,jjq,∅	∅	∅	∅	∅	∅,∅	8067	8067	∅	∅	∅,∅	8067	8067	∅	∅	∅
jjq_0210,mcveraa,'an kelegi nike 'ev'ē no,#	a	=n	kēle-gi	nik	ē	'ev'ē	no,#	LOC.SP	=ART	behind-3SG	2SG	TAM2:2SG	throw	1SG,After that throw me out.,en,MORPHEME_ALIGNED,,jjq_mp3 jjq_wav jjq_eaf jjq_xml jjq_tsv,,833015,835267,##ds	adp	=ln	np:other	pro.2:a	lv-pro_2_a	v:pred	pro.1:p,,jjq,∅	∅	∅	∅	∅	∅	∅	∅,∅	∅	∅	∅	8061	∅	∅	8001,∅	∅	∅	∅	8061	∅	∅	8001
jjq_0211,mcveraa,son vēvēgim da lisir vēvēgin sogi e Rōlē,#	so	=n	vēvē	-gi	=m	da	lisir	#	vēvē	-gi	=n	so	-gi	e	Rōlē,#	NC	=ART	mother	-3SG	=TAM1	do	move.along	#	mother	-3SG	=ART	name	-3SG	PERS.ART	Rōlē,So his mother did everything accordingly. His mother's name was Rōlē.,en,MORPHEME_ALIGNED,,jjq_mp3 jjq_wav jjq_eaf jjq_xml jjq_tsv,,835267,840253,##	other	=ln	np.h:s	-rn_pro.h:poss	=lv	v:pred	rv	##	np.h:dt_poss	-rn_pro.h:poss	=ln	np:s	-rn_pro.h:poss	ln	pn_np:pred,,jjq,∅	∅	∅	∅	∅	∅	∅	∅	∅	∅	∅	∅	bridging	∅	∅	∅,∅	∅	∅	8061	8001	∅	∅	∅	∅	8061	8001	∅	8068	8061	∅	∅,∅	∅	∅	8061	8001	∅	∅	∅	∅	8061	8001	∅	8068	8061	∅	∅
jjq_0212,mcveraa,masōgi durum din̄ rōw,#	masō-gi	duru	=m	din̄	rōw,#	time-3SG	3DL	=TAM1	reach	seawards,When they came down,en,MORPHEME_ALIGNED,,jjq_mp3 jjq_wav jjq_eaf jjq_xml jjq_tsv,,840253,843736,##	np:other	pro.h:s	=lv	v:pred	rv,,jjq,∅	∅	∅	∅	∅	∅,∅	∅	8066	∅	∅	∅,∅	∅	8066	∅	∅	∅
jjq_0213,mcveraa,din̄ ēn mē'ērsa',#	ZERO	din̄	ēn	mē'ērsa,#	ZERO	reach	ART	harbour,reached the harbour,en,MORPHEME_ALIGNED,,jjq_mp3 jjq_wav jjq_eaf jjq_xml jjq_tsv,,843736,846243,##	0.h:a	v:pred	ln	np:p,,jjq,∅	∅	∅	∅	∅,∅	8066	∅	∅	8011,∅	8066	∅	∅	8011
jjq_0214,mcveraa,vēvēgi ne lukun ēn naw,#	vēvē	-gi	ne	lukun	ēn	naw,#	mother	-3SG	TAM2:3SG	count	ART	saltwater,his mother counted the waves,en,MORPHEME_ALIGNED,,jjq_mp3 jjq_wav jjq_eaf jjq_xml jjq_tsv,,846243,848362,##	np.h:a	-rn_pro.h:poss	lv-pro_h_a	v:pred	ln	np:p,,jjq,∅	∅	∅	∅	∅	∅	∅,∅	8061	8001	∅	∅	∅	8067,∅	8061	8001	∅	∅	∅	8067
jjq_0215,mcveraa,din̄ ēn vō'ōl 'an kelegi dine 'ev'ē san wōvin̄... nēn wōwen̄ ē,din̄	ēn	vō'ōl	#	a	=n	kēle-gi	di	ne	'ev'ē	sa	=n	wōvin̄—	nē	=n	wōwen̄	ē,reach	ART	three	#	LOC.SP	=ART	behind-3SG	3SG	TAM2:3SG	throw	EMPH	=ART	shell	NC	=ART	k.o.basket	DEM3,"until three, after that she threw out this basket.",en,MORPHEME_ALIGNED,,jjq_mp3 jjq_wav jjq_eaf jjq_xml jjq_tsv,,848362,853779,adp	ln	np:other	##	adp	=ln	np:other	pro.h:a	lv-pro_h_a	v:pred	other	=ln	nc	nc	nc	np:p	rn,,jjq,∅	∅	∅	∅	∅	∅	∅	∅	∅	∅	∅	∅	∅	∅	∅	∅	∅,∅	∅	∅	∅	∅	∅	∅	8061	∅	∅	∅	∅	∅	∅	∅	8064	∅,∅	∅	∅	∅	∅	∅	∅	8061	∅	∅	∅	∅	∅	∅	∅	8064	∅
jjq_0216,mcveraa,be Qo' man kal lēn lōlōgi,#	be	Qo'	man	kal	lē	=n	lōlō	-gi,#	but	Qo'	PFV	enter	LOC	=ART	inside	-3SG,Qo' had already entered it,en,MORPHEME_ALIGNED,,jjq_mp3 jjq_wav jjq_eaf jjq_xml jjq_tsv,,853779,855752,##	other	pn_np.h:s	lv	v:pred	adp	=ln	np:g	-rn_pro:poss,,jjq,∅	∅	∅	∅	∅	∅	∅	∅	∅,∅	∅	8001	∅	∅	∅	∅	∅	8064,∅	∅	8001	∅	∅	∅	∅	∅	8064
jjq_0217,mcveraa,birin̄ ēn va'al ga minē,birin̄	ēn	va'al	ga	minē,with	ART	banana	STAT	ripe,together with ripe bananas.,en,MORPHEME_ALIGNED,,jjq_mp3 jjq_wav jjq_eaf jjq_xml jjq_tsv,,855752,858340,adp	ln	np:obl	rn	rn,,jjq,∅	∅	∅	∅	∅,∅	∅	8065	∅	∅,∅	∅	8065	∅	∅
jjq_0218,mcveraa,ne sal luō ne van ne sal sal sal sal,#	ZERO	ne	sal	luō	#	ZERO	ne	van	#	ZERO	ne	sal	sal	sal	sal,#	ZERO	TAM2:3SG	float	through	#	ZERO	TAM2:3SG	go	#	ZERO	TAM2:3SG	float	float	float	float,"Floated out and went, floated, floated and floated.",en,MORPHEME_ALIGNED,,jjq_mp3 jjq_wav jjq_eaf jjq_xml jjq_tsv,,858340,863725,##	0.h:s	lv-pro_h_s	v:pred	rv	##	0.h:s	lv-pro_h_s	v:pred	##	0.h:s	lv-pro_h_s	v:pred	nc	nc	nc,,jjq,∅	∅	∅	∅	∅	∅	∅	∅	∅	∅	∅	∅	∅	∅	∅	∅,∅	8001	∅	∅	∅	∅	8001	∅	∅	∅	8001	∅	∅	∅	∅	∅,∅	8001	∅	∅	∅	∅	8001	∅	∅	∅	8001	∅	∅	∅	∅	∅
jjq_0219,mcveraa,wo 'e raga rō... 'e raga 'i'isigik susuō,#	wo	e	raga	rō—	e	raga	'i-'isi	-gi	=k	su-suō,#	and	PERS.ART	people	NC	PERS.ART	people	NSG-brother	-3SG	=TAM2	RED-paddle,And his brothers were paddling.,en,MORPHEME_ALIGNED,,jjq_mp3 jjq_wav jjq_eaf jjq_xml jjq_tsv,,863725,866561,##	other	nc	nc	nc	ln	ln	np.h:s	-rn_pro.h:poss	=lv	v:pred,,jjq,∅	∅	∅	∅	∅	∅	∅	∅	∅	∅	∅,∅	∅	∅	∅	∅	∅	∅	8002	8001	∅	∅,∅	∅	∅	∅	∅	∅	∅	8002	8001	∅	∅
jjq_0220,mcveraa,dirk suō suō susu 'i,#	dir	=k	suō	suō	#	ZERO	susu	'i,#	3PL	=TAM2	paddle	paddle	#	ZERO	RED:paddle	DEL,"They paddled and paddled, were still paddling",en,MORPHEME_ALIGNED,,jjq_mp3 jjq_wav jjq_eaf jjq_xml jjq_tsv,,866561,869082,##	pro.h:s	=lv	v:pred	nc	##	0.h:s	v:pred	other,,jjq,∅	∅	∅	∅	∅	∅	∅	∅	∅,∅	8002	∅	∅	∅	∅	8002	∅	∅,∅	8002	∅	∅	∅	∅	8002	∅	∅
jjq_0221,mcveraa,'irk 'ēn ēn vin va'al ne sal ma,#	dir	=k	'ēn	#	ēn	vin	va'al	ne	sal	ma,#	3PL	=TAM2	see	#	ART	skin	banana	TAM2:3SG	float	hither,then they saw banana skins that came floating.,en,MORPHEME_ALIGNED,,jjq_mp3 jjq_wav jjq_eaf jjq_xml jjq_tsv,,869082,871896,##	pro.h:s	=lv	v:pred	#cc	ln	np:s	rn	lv-pro_s	v:pred	rv,,jjq,∅	∅	∅	∅	∅	∅	new	∅	∅	∅	∅,∅	8002	∅	∅	∅	∅	8069	8065	∅	∅	∅,∅	8002	∅	∅	∅	∅	8069	8065	∅	∅	∅
jjq_0222,mcveraa,'eraga so 'ei vin va'al gēn,#	e	raga	so	#	'ei	#	vin	va'al	gēn,#	PERS.ART	people	QUOT	#	hey	#	skin	banana	here,"They said: 'Hey, here is banana peel.'",en,MORPHEME_ALIGNED,,jjq_mp3 jjq_wav jjq_eaf jjq_xml jjq_tsv,,871896,875537,##	ln	np.h:s	other:pred	##ds	other	##ds	np:pred	rn	dem_pro:s,,jjq,∅	∅	∅	∅	∅	∅	∅	∅	∅	∅,∅	∅	8002	∅	∅	∅	∅	8069	8065	∅,∅	∅	8002	∅	∅	∅	∅	8069	8065	∅
jjq_0223,mcveraa,n gunugi ne sag 'i so,#	n	gunu	-gi	ne	sag	'i	#	ZERO	so,#	ART	spouse	-3SG	TAM2:3SG	sit	DEL	#	ZERO	QUOT,His wife was sitting there and said:,en,MORPHEME_ALIGNED,,jjq_mp3 jjq_wav jjq_eaf jjq_xml jjq_tsv,,875537,877495,##	ln	np.h:s	-rn_pro.h:poss	lv-pro_h_s	v:pred	other	##	0.h:s	other:pred,,jjq,∅	∅	∅	∅	∅	∅	∅	∅	∅	∅,∅	∅	8038	8001	∅	∅	∅	∅	8038	∅,∅	∅	8038	8001	∅	∅	∅	∅	8038	∅
jjq_0224,mcveraa,vin va'al 'anē go ne Qo',#	vin	va'al	anē	go-n	e	Qo',#	skin	banana	DEM1	POSS.EAT-CS	PERS.ART	Qo','This banana peel is from Qo's (food.)',en,MORPHEME_ALIGNED,,jjq_mp3 jjq_wav jjq_eaf jjq_xml jjq_tsv,,877495,879320,##ds	np:s	rn	rn	np:pred	rn	rn_pn_np,,jjq,∅	∅	∅	∅	∅	∅	∅,∅	8069	8065	∅	∅	∅	8001,∅	8069	8065	∅	∅	∅	8001
jjq_0225,mcveraa,so ei e Qo' e Qo' lu ma 'a vēe Qom sag ren̄ kēkē,#	ZERO	so	#	ei	#	e	Qo'	e	Qo'	lu	ma	a	viē	#	Qo'	=m	sag	ren̄	kēkē,#	ZERO	QUOT	#	hey	#	PERS.ART	Qo'	PERS.ART	Qo'	through	hither	LOC.SP	where	#	Qo'	=TAM1	sit	stuck	on.top,"'Hey, Qo', where has Qo' come from? Qo' is stuck up there.",en,MORPHEME_ALIGNED,,jjq_mp3 jjq_wav jjq_eaf jjq_xml jjq_tsv,,879320,882417,##	0.h:s	other:pred	##ds	other	##ds	ln	pn_np.h:dt_s	ln	pn_np.h:s	other:pred	rv	adp	other:l	##ds	pn_np.h:s	=lv	v:pred	rv	rv,,jjq,∅	∅	∅	∅	∅	∅	∅	∅	∅	∅	∅	∅	∅	∅	∅	∅	∅	∅	∅	∅,∅	8002	∅	∅	∅	∅	∅	8001	∅	8001	∅	∅	∅	∅	∅	8001	∅	∅	∅	∅,∅	8002	∅	∅	∅	∅	∅	8001	∅	8001	∅	∅	∅	∅	∅	8001	∅	∅	∅	∅
jjq_0226,mcveraa,di mas 'isiw m̄as,#	di	mas	'isiw	m̄as,#	3SG	INABIL1	dismount	INABIL2,He's not able to climb down.',en,MORPHEME_ALIGNED,,jjq_mp3 jjq_wav jjq_eaf jjq_xml jjq_tsv,,882417,885216,##ds.neg	pro.h:s	lv	v:pred	rv,,jjq,∅	∅	∅	∅	∅,∅	8001	∅	∅	∅,∅	8001	∅	∅	∅
jjq_0227,mcveraa,dirk suō dirk suō,#	dir	=k	suō	#	dir	=k	suō,#	3PL	=TAM2	paddle	#	3PL	=TAM2	paddle,"Then they paddled, they paddled.",en,MORPHEME_ALIGNED,,jjq_mp3 jjq_wav jjq_eaf jjq_xml jjq_tsv,,885216,888014,##	pro.h:s	=lv	v:pred	##	pro.h:s	=lv	v:pred,,jjq,∅	∅	∅	∅	∅	∅	∅	∅,∅	8063	∅	∅	∅	8063	∅	∅,∅	8063	∅	∅	∅	8063	∅	∅
jjq_0228,mcveraa,nei e Qo' man sal gala dire man van,#	nei	e	Qo'	man	sal	gala	dirē	#	ZERO	man	van,#	now	PERS.ART	Qo'	PFV	float	pass	3PL	#	ZERO	PFV	go,"Now Qo' had already floated past them, had gone.",en,MORPHEME_ALIGNED,,jjq_mp3 jjq_wav jjq_eaf jjq_xml jjq_tsv,,888014,891340,##	other	ln	pn_np.h:a	lv	v:pred	rv	pro.h:p	##	0.h:s	lv	v:pred,,jjq,∅	∅	∅	∅	∅	∅	∅	∅	∅	∅	∅	∅,∅	∅	∅	8001	∅	∅	∅	8063	∅	8001	∅	∅,∅	∅	∅	8001	∅	∅	∅	8063	∅	8001	∅	∅
jjq_0229,mcveraa,dirk susu 'i 'anē misin ros dirk 'ēn lik ēn vin va'al,#	dir	=k	susu	'i	anē	#	misin	rōs	#	dir	=k	'ēn	lik	ēn	vin	va'al,#	3PL	=TAM2	RED:paddle	DEL	DEM1.A	#	long.time	GEN.NEG2	#	3PL	=TAM2	see	more	ART	skin	banana,"And as they were still paddling, soon they spotted another piece of banana peel.",en,MORPHEME_ALIGNED,,jjq_mp3 jjq_wav jjq_eaf jjq_xml jjq_tsv,,891340,895829,##	pro.h:s	=lv	v:pred	other	other	##	v:pred	rv	#cc	pro.h:a	=lv	v:pred	rv	ln	np:p	rn,,jjq,∅	∅	∅	∅	∅	∅	∅	∅	∅	∅	∅	∅	∅	∅	∅	new	∅,∅	8063	∅	∅	∅	∅	∅	∅	∅	∅	8063	∅	∅	∅	∅	8070	8065,∅	8063	∅	∅	∅	∅	∅	∅	∅	∅	8063	∅	∅	∅	∅	8070	8065
jjq_0230,mcveraa,'ei suwēn vin va'al ēs salsal lik 'i nē,#	'ei	#	suwē	=n	vin	va'al	ē	#	ZERO	=s	salsal	lik	'i	nē,#	hey	#	downwind	=ART	skin	banana	DEM3?	#	ZERO	=SIM	RED:float	more	DEL	DEM1,"'Hey, down there, there is another banana skin floating.'",en,MORPHEME_ALIGNED,,jjq_mp3 jjq_wav jjq_eaf jjq_xml jjq_tsv,,895829,898755,##ds	other	##ds	other:s	=ln	np:pred	rn	rn	#rc_rn	0:s	=lv	v:pred	rv	other	other,,jjq,∅	∅	∅	∅	∅	∅	∅	∅	∅	∅	∅	∅	∅	∅	∅,∅	∅	∅	∅	∅	8070	8065	∅	∅	8070	∅	∅	∅	∅	∅,∅	∅	∅	∅	∅	8070	8065	∅	∅	8070	∅	∅	∅	∅	∅
jjq_0231,mcveraa,'e raga 'i'isigi nē so na.. e ... n vēvēgi ne ... n gunugi ne sag 'i so,#	e	raga	'i-'isi-gi	nē	so	na—	e	n	vēvē-gi	ne	#	n	gunu	-gi	ne	sag	'i	#	ZERO	so,#	'e	people	NSG-spouse-3SG	DEM1	QUOT	NC	e	n	mother-3SG	TAM2	#	ART	spouse	-3SG	TAM2:3SG	sit	DEL	#	ZERO	QUOT,His wife said:,en,MORPHEME_ALIGNED,,jjq_mp3 jjq_wav jjq_eaf jjq_xml jjq_tsv,,898755,904759,#nc	nc	nc	nc	nc	nc	nc	nc	nc	nc	nc	##	ln	np.h:s	-rn_pro.h:poss	lv-pro_h_s	v:pred	other	##	0.h:s	other:pred,,jjq,∅	∅	∅	∅	∅	∅	∅	∅	∅	∅	∅	∅	∅	∅	∅	∅	∅	∅	∅	∅	∅,∅	∅	∅	∅	∅	∅	∅	∅	∅	∅	∅	∅	∅	8038	8001	∅	∅	∅	∅	8038	∅,∅	∅	∅	∅	∅	∅	∅	∅	∅	∅	∅	∅	∅	8038	8001	∅	∅	∅	∅	8038	∅
jjq_0232,mcveraa,n vin va'al 'anēn go ne Qo' nē,#	n	vin	va'al	anē	=n	go-n	e	Qo'	nē,#	ART	skin	banana	DEM1.A	=ART	POSS.EAT-3SG	PERS.ART	Qo'	DEM1,'This banana skin is Qo's.,en,MORPHEME_ALIGNED,,jjq_mp3 jjq_wav jjq_eaf jjq_xml jjq_tsv,,904759,907691,##	ln	np:s	rn	rn	=ln	np:pred	rn	rn_pn_np.h:poss	other,,jjq,∅	∅	∅	∅	∅	∅	∅	∅	∅	∅,∅	∅	8070	8065	∅	∅	∅	∅	8001	∅,∅	∅	8070	8065	∅	∅	∅	∅	8001	∅
jjq_0233,mcveraa,va'al ga mēne lēn lōlō m̄omaduō n va'al a ka... gēdēs 'ēn'ēn 'anē san vin va'al 'alēn lōlō m̄omaduō,#	va'al	ga	mine	lē	=n	lōlō	m̄o	-maduō	#	n	va'al	#	a	ka	gidē	=s	'ēn'ēn	ZERO	anē	%	sa	=n	vin	va'al	'alē	=n	lōlō	m̄o	-maduō,#	banana	STAT	ripe	LOC	=ART	inside	POSS.HOUSE	-1DL.EX	#	ART	banana	#	REL	NC	1PL.IN	=SIM	RED:see	ZERO	DEM1.A	%	EMPH	=ART	skin	banana	ASS	=ART	inside	POSS.HOUSE	-1DL.EX,"There are ripe bananas in our house, and the bananas that we are looking at here are exactly those bananas from our house.'",en,MORPHEME_ALIGNED,,jjq_mp3 jjq_wav jjq_eaf jjq_xml jjq_tsv,,907691,914644,##	np:s	rn	rn	adp	=ln	np:pred	rn_np	-rn_pro.1:poss	##	ln	np:s	#rc_rn	other	nc	pro.1:a	=lv	v:pred	0:p	other	%	other	=ln	np:pred	rn	rn	=rn	rn	rn_np	-rn_pro.1:poss,,jjq,∅	∅	∅	∅	∅	∅	∅	∅	bridging	∅	∅	∅	∅	∅	∅	∅	∅	∅	∅	∅	∅	∅	∅	∅	∅	∅	∅	∅	∅	∅,∅	8065	∅	∅	∅	∅	∅	8024	8119	∅	∅	8065	∅	∅	∅	8063	∅	∅	8065	∅	∅	∅	∅	8070	8065	∅	∅	∅	8024	8119,∅	8065	∅	∅	∅	∅	∅	8024	8119	∅	∅	8065	∅	∅	∅	8063	∅	∅	8065	∅	∅	∅	∅	8070	8065	∅	∅	∅	8024	8119
jjq_0234,mcveraa,dir wo e Qo' mas 'isiw m̄as,#	dir	wo	#	e	Qo'	mas	'isiw	m̄as,#	3PL	QUOT	#	PERS.ART	Qo'	INABIL1	dismount	INABIL2,They said: 'Qo' is not able to climb down.,en,MORPHEME_ALIGNED,,jjq_mp3 jjq_wav jjq_eaf jjq_xml jjq_tsv,,914644,919243,##	pro.h:s	other:pred	##ds.neg	ln	pn_np.h:s	lv	v:pred	rv,,jjq,∅	∅	∅	∅	∅	∅	∅	∅	∅,∅	8002	∅	∅	∅	8001	∅	∅	∅,∅	8002	∅	∅	∅	8001	∅	∅	∅
jjq_0235,mcveraa,woqe'engem rigē,#	woqe'enge	=m	rigē,#	tree	=TAM1	swell,"The tree thickened,",en,MORPHEME_ALIGNED,,jjq_mp3 jjq_wav jjq_eaf jjq_xml jjq_tsv,,919243,921855,##ds	np:s	=lv	v:pred,,jjq,∅	∅	∅	∅,∅	8040	∅	∅,∅	8040	∅	∅
jjq_0236,mcveraa,di me 'an̄'an̄ lēge di mas 'ēqēl m̄as dim sag ren̄ kēkē,#	di	me	'an̄'an̄	lēge	#	di	mas	'ēqēl	m̄as	#	di	=m	sag	ren̄	kēkē,#	3SG	FUT	RED:move.hand	in.vain	#	3SG	INABIL1	descend	INABIL2	#	3SG	=TAM1	sit	stuck	on.top,"so that he will not succeed in grabbing (it), he's not able to climb down, he is sitting stuck up there.",en,MORPHEME_ALIGNED,,jjq_mp3 jjq_wav jjq_eaf jjq_xml jjq_tsv,,921855,925865,##ds	pro.h:s	lv	v:pred	rv	##ds.neg	pro.h:s	lv	v:pred	rv	##ds	pro.h:s	=lv	v:pred	rv	rv,,jjq,∅	∅	∅	∅	∅	∅	∅	∅	∅	∅	∅	∅	∅	∅	∅	∅,∅	8001	∅	∅	∅	∅	8001	∅	∅	∅	∅	8001	∅	∅	∅	∅,∅	8001	∅	∅	∅	∅	8001	∅	∅	∅	∅	8001	∅	∅	∅	∅
jjq_0237,mcveraa,'o nike os?... e Qo' ne ... e Qo' ne van lu ma 'a vēe,#	'o	nike	os	e	Qo'	ne	#	e	Qo'	ne	van	lu	ma	a	viē,#	'o	2SG=TAM2	NC	PERS.ART	Qo'	TAM2	#	PERS.ART	Qo'	TAM2:3SG	go	through	hither	LOC.SP	where,So where should Qo' have come from?',en,WORD_ALIGNED,,jjq_mp3 jjq_wav jjq_eaf jjq_xml jjq_tsv,,925865,929938,#nc	nc	nc	nc	nc	nc_pn_np.h	nc	##ds	ln	pn_np.h:s	lv-pro_h_s	v:pred	rv	rv	adp	other:obl,,jjq,∅	∅	∅	∅	∅	∅	∅	∅	∅	∅	∅	∅	∅	∅	∅	∅,∅	∅	∅	∅	∅	8001	∅	∅	∅	8001	∅	∅	∅	∅	∅	∅,∅	∅	∅	∅	∅	8001	∅	∅	∅	8001	∅	∅	∅	∅	∅	∅
jjq_0238,mcveraa,qē' dirk suō dirk suō suō suō vavavavan,#	qē'	dir	=k	suō	#	dir	=k	suō	suō	suō	va-va-va-van,#	finish	3PL	=TAM2	paddle	#	3PL	=TAM2	paddle	paddle	paddle	RED-RED-RED-go,"And then they paddled, paddled and paddled, on and on until",en,MORPHEME_ALIGNED,,jjq_mp3 jjq_wav jjq_eaf jjq_xml jjq_tsv,,929938,934041,##	other	pro.h:s	=lv	v:pred	##	pro.h:s	=lv	v:pred	nc	nc	other,,jjq,∅	∅	∅	∅	∅	∅	∅	∅	∅	∅	∅	∅,∅	∅	8063	∅	∅	∅	8063	∅	∅	∅	∅	∅,∅	∅	8063	∅	∅	∅	8063	∅	∅	∅	∅	∅
jjq_0239,mcveraa,dirk 'ēn lik ēn vin va'al,#	dir	=k	'ēn	lik	ēn	vin	va'al,#	3PL	=TAM2	see	more	ART	skin	banana,they spotted another piece of banana peel.,en,MORPHEME_ALIGNED,,jjq_mp3 jjq_wav jjq_eaf jjq_xml jjq_tsv,,934041,936227,##	pro.h:a	=lv	v:pred	rv	ln	np:p	rn,,jjq,∅	∅	∅	∅	∅	∅	new	∅,∅	8063	∅	∅	∅	∅	8071	8065,∅	8063	∅	∅	∅	∅	8071	8065
jjq_0240,mcveraa,'ēn lik ēn vin va'al 'anē san qēqē na vin va'al ē,#	ZERO	'ēn	lik	ēn	vin	va'al	anē	sa	=n	qēqē	na	vin	va'al	ē,#	ZERO	see	more	ART	skin	banana	DEM1.A	EMPH	=ART	last	ORD	skin	banana	DEM3,"Saw another (piece of) banana peel, the last (piece of) banana peel.",en,MORPHEME_ALIGNED,,jjq_mp3 jjq_wav jjq_eaf jjq_xml jjq_tsv,,936227,940365,##	0.h:a	v:pred	rv	ln	np:p	rn	rn	other	=ln	ln	ln	np:pred	rn	rn,,jjq,∅	∅	∅	∅	∅	∅	∅	∅	∅	∅	∅	∅	∅	∅	∅,∅	8063	∅	∅	∅	8071	8065	∅	∅	∅	∅	∅	∅	∅	∅,∅	8063	∅	∅	∅	8071	8065	∅	∅	∅	∅	∅	∅	∅	∅
jjq_0241,mcveraa,dir 'ēn vag'ōl nagi,#	dir	'ēn	vag'ōl	na-gi,#	3PL	see	MULT-three	ORD-3SG,They saw it for the third time,en,WORD_ALIGNED,,jjq_mp3 jjq_wav jjq_eaf jjq_xml jjq_tsv,,940365,944273,##	pro.h:a	v:pred	np:p	rn,,jjq,∅	∅	∅	∅	∅,∅	8063	∅	∅	∅,∅	8063	∅	∅	∅
jjq_0242,mcveraa,n vēvē.... n gunugi so n vin va'al 'anēn go ne Qo',#	n	vēvē—	=n	gunu	-gi	so	#	=n	vin	va'al	anē	=n	go-n	e	Qo',#	ART	mother	=ART	spouse	-3SG	QUOT	#	=ART	skin	banana	DEM1.A	=ART	POSS.EAT-CS	PERS.ART	Qo',and his wife said: 'This banana peel is Qo's.',en,MORPHEME_ALIGNED,,jjq_mp3 jjq_wav jjq_eaf jjq_xml jjq_tsv,,944273,948631,##	nc	nc	=ln	np.h:s	-rn_pro.h:poss	other:pred	##ds	ln	np:s	rn	rn	=ln	np:pred	rn	rn_pn_np.h:poss,,jjq,∅	∅	∅	∅	∅	∅	∅	∅	∅	∅	∅	∅	∅	∅	∅	∅,∅	∅	∅	∅	8038	8001	∅	∅	∅	8071	8065	∅	∅	∅	∅	8001,∅	∅	∅	∅	8038	8001	∅	∅	∅	8071	8065	∅	∅	∅	∅	8001
jjq_0243,mcveraa,'eraga 'i'isigi so go ne Qo' ros,#	e	raga	'i-'isi	-gi	so	#	ZERO	go-n	e	Qo'	rōs,#	ART	people	NSG-brother	-3SG	QUOT	#	ZERO	POSS.EAT-CS	PERS.ART	Qo'	GEN.NEG1,His brothers said: 'It's not Qo's.',en,MORPHEME_ALIGNED,,jjq_mp3 jjq_wav jjq_eaf jjq_xml jjq_tsv,,948631,951950,##	ln	ln	np.h:s	-rn_pro.h:poss	other:pred	##ds.neg	0:s	np:pred	rn	rn_pn_np.h:poss	rn,,jjq,∅	∅	∅	∅	∅	∅	∅	∅	∅	∅	∅	∅,∅	∅	∅	8002	8001	∅	∅	∅	∅	∅	8001	∅,∅	∅	∅	8002	8001	∅	∅	∅	∅	∅	8001	∅
jjq_0244,mcveraa,ba misin ros direm din̄ rek ... din̄ ēn mē'ērsa 'a Lōkōno,#	ba	misin	rōs	#	dir	=ēm	din̄	rek	lē	=n	mē'ērsa	'a	Lōkōno,#	but	long.time	GEN.NEG1	#	3PL	=TAM1	reach	also	LOC	=ART	harbour	ASS.SP	Lōkōno,Shortly after that they reached the harbour of Lōkōno.,en,MORPHEME_ALIGNED,,jjq_mp3 jjq_wav jjq_eaf jjq_xml jjq_tsv,,951950,956444,##	other	v:pred	rv	#cc	pro.h:s	=lv	v:pred	rv	adp	=ln	np:g	rn	rn_pn_np,,jjq,∅	∅	∅	∅	∅	∅	∅	∅	∅	∅	∅	bridging	∅	∅,∅	∅	∅	∅	∅	8063	∅	∅	∅	∅	∅	8072	∅	8045,∅	∅	∅	∅	∅	8063	∅	∅	∅	∅	∅	8072	∅	8045
jjq_0245,mcveraa,dirk susu sar ēn ... sir ēn mē'ērsa 'a Lōkōno,#	dir	=k	susu	sar	ēn	sir	ēn	mē'ērsa	'a	Lōkōno,#	3PL	=TAM2	RED:paddle	inland	ART	for	ART	harbour	ASS.SP	Lōkōno,Then they paddled landwards towards the harbour of Lōkōno,en,MORPHEME_ALIGNED,,jjq_mp3 jjq_wav jjq_eaf jjq_xml jjq_tsv,,956444,959559,##	pro.h:s	=lv	v:pred	rv	nc	adp	ln	np:g	rn	rn_pn_np,,jjq,∅	∅	∅	∅	∅	∅	∅	∅	∅	∅	∅,∅	8063	∅	∅	∅	∅	∅	∅	8072	∅	8045,∅	8063	∅	∅	∅	∅	∅	∅	8072	∅	8045
jjq_0246,mcveraa,dirk 'ēn sar ēs 'ir 'i 'ei 'ēn sar ēn 'an̄sara ne vōwal sarē nē,#	dir	=k	'ēn	sarē	#	ZERO	=s	'ir	'i	#	'ei	#	ZERO	'ēn	sar	#	ēn	'an̄sara	ne	vōwal	sarē	nē,#	3PL	=TAM2	see	inland	#	ZERO	=SIM	stand	DEL	#	hey	#	ZERO	see	inland	#	ART	person	NUM.ART	NUM-one	in	DEM1?,"and they saw somebody standing there: 'Hey, look up there, someone is up there.",en,WORD_ALIGNED,,jjq_mp3 jjq_wav jjq_eaf jjq_xml jjq_tsv,,959559,963585,##	pro.h:a	=lv	v:pred	other	#rc:p	0.h:s	=lv	v:pred	other	##ds	other	##ds	0.2:s	vother:pred	rv	##ds	ln	np.h:s	rn	rn	other:pred	other,,jjq,∅	∅	∅	∅	∅	∅	∅	∅	∅	∅	∅	∅	∅	∅	∅	∅	∅	∅	∅	∅	∅	∅	∅,∅	8063	∅	∅	∅	8001	8001	∅	∅	∅	∅	∅	∅	8002	∅	∅	∅	∅	8001	∅	∅	∅	∅,∅	8063	∅	∅	∅	8001	8001	∅	∅	∅	∅	∅	∅	8002	∅	∅	∅	∅	8001	∅	∅	∅	∅
jjq_0247,mcveraa,s van kelkel 'i sar lēn nērē ōn ē,#	ZERO	=s	van	kēlkēl	'i	sar	lē	=n	nērē	ōn	ē,#	ZERO	=SIM	go	RED:back	DEL	in	LOC	=ART	shoreline	sand	DEM3,someone walking around on the beach,en,MORPHEME_ALIGNED,,jjq_mp3 jjq_wav jjq_eaf jjq_xml jjq_tsv,,963585,967507,##ds	0.h:s	=lv	v:pred	rv	rv	rv	adp	=ln	np:l	rn	rn,,jjq,∅	∅	∅	∅	∅	∅	∅	∅	∅	bridging	∅	∅,∅	8001	∅	∅	∅	∅	∅	∅	∅	8073	∅	∅,∅	8001	∅	∅	∅	∅	∅	∅	∅	8073	∅	∅
jjq_0248,mcveraa,lēn mē'ērsa nē,lē	=n	mē'ērsa	nē,LOC	=ART	harbour	DEM1,at the harbour.',en,MORPHEME_ALIGNED,,jjq_mp3 jjq_wav jjq_eaf jjq_xml jjq_tsv,,967507,969990,adp	=ln	np:dt_l	other,,jjq,∅	∅	∅	∅,∅	∅	8072	∅,∅	∅	8072	∅
jjq_0249,mcveraa,wona ..eh.. ēn gunu ne Qo' so,#	wona	eh	ēn	gunu-n	e	Qo'	so,#	and	HES	ART	spouse-CS	PERS.ART	Qo'	QUOT,And Qo's wife said:,en,MORPHEME_ALIGNED,,jjq_mp3 jjq_wav jjq_eaf jjq_xml jjq_tsv,,969990,972059,##	other	nc	ln	np.h:s	rn	rn_pn_np.h:poss	other:pred,,jjq,∅	∅	∅	∅	∅	∅	∅	∅,∅	∅	∅	∅	8038	∅	8001	∅,∅	∅	∅	∅	8038	∅	8001	∅
jjq_0250,mcveraa,e Qo' nē Qo' sas van kelkel 'i 'anē 'e raga 'anē so,#	ZERO	e	Qo'	nē	#	Qo'	sa	#	ZERO	=s	van	kēlkēl	'i	anē	#	e	raga	anē	so,#	ZERO	PERS.ART	Qo'	DEM1	#	Qo'	EMPH?	#	ZERO	=SIM	go	RED:back	DEL	DEM1.A	#	PERS.ART	people	DEM1.A	QUOT,'Qo'! It must be Qo' walking there.',en,MORPHEME_ALIGNED,,jjq_mp3 jjq_wav jjq_eaf jjq_xml jjq_tsv,,972059,975144,##ds	0.h:s	ln	pn_np.h:pred	other	##ds	pn_np.h:pred	rn	#ds_rc:s	0.h:s	=lv	v:pred	rv	other	other	##	ln	np.h:s	rn	other:pred,,jjq,∅	∅	∅	∅	∅	∅	∅	∅	∅	∅	∅	∅	∅	∅	∅	∅	∅	∅	∅	∅,∅	8001	∅	8001	∅	∅	8001	∅	8001	8001	∅	∅	∅	∅	∅	∅	∅	8002	∅	∅,∅	8001	∅	8001	∅	∅	8001	∅	8001	8001	∅	∅	∅	∅	∅	∅	∅	8002	∅	∅
jjq_0251,mcveraa,'e e Qo' e Qo' lu ma 'a viē,#	'e	e	Qo'	e	Qo'	lu	ma	a	viē,#	INTERJ	PERS.ART	Qo'	PERS.ART	Qo'	through	hither	LOC.SP	where,'Qo'? Where has Qo' shown up?,en,MORPHEME_ALIGNED,,jjq_mp3 jjq_wav jjq_eaf jjq_xml jjq_tsv,,975144,976970,##ds	other	ln	pn_np.h:dt_s	ln	pn_np.h:s	other:pred	rv	adp	other:obl,,jjq,∅	∅	∅	∅	∅	∅	∅	∅	∅	∅,∅	∅	∅	8001	∅	8001	∅	∅	∅	∅,∅	∅	∅	8001	∅	8001	∅	∅	∅	∅
jjq_0252,mcveraa,Qom sag ren̄ kēkē,#	Qo'	=m	sag	ren̄	kēkē,#	Qo'	=TAM1	sit	stuck	on.top,Qo' is stuck sitting up there.',en,MORPHEME_ALIGNED,,jjq_mp3 jjq_wav jjq_eaf jjq_xml jjq_tsv,,976970,979044,##ds	pn_np.h:s	=lv	v:pred	rv	rv,,jjq,∅	∅	∅	∅	∅	∅,∅	8001	∅	∅	∅	∅,∅	8001	∅	∅	∅	∅
jjq_0253,mcveraa,dirk susu sar ma sok 'ēn'ēn 'enteg sir so 'o n 'ir rōr,#	dir	=k	susu	sar	ma	#	so	ZERO	=k	'ēn'ēn	enteg	sir	ZERO	#	ZERO	so	#	'o	ZERO	n	'irōr,#	3PL	=TAM2	RED:paddle	inland	hither	#	NC	ZERO	=TAM2	RED:see	well	for	ZERO	#	ZERO	QUOT	#	INTERJ	ZERO	ART	true,"And as they were paddling up in order to have a good look at (him) (they) said: 'Oh, true,",en,MORPHEME_ALIGNED,,jjq_mp3 jjq_wav jjq_eaf jjq_xml jjq_tsv,,979044,983403,##	pro.h:s	=lv	v:pred	rv	rv	##	other	0.h:s	=lv	v:pred	rv	adp	0:obl	##	0.h:s	other:pred	##ds	other	0:s	ln	np:pred,,jjq,∅	∅	∅	∅	∅	∅	∅	∅	∅	∅	∅	∅	∅	∅	∅	∅	∅	∅	∅	∅	∅	∅,∅	8063	∅	∅	∅	∅	∅	∅	8063	∅	∅	∅	∅	8001	∅	8002	∅	∅	∅	∅	∅	∅,∅	8063	∅	∅	∅	∅	∅	∅	8063	∅	∅	∅	∅	8001	∅	8002	∅	∅	∅	∅	∅	∅
jjq_0254,mcveraa,e Qo',#	ZERO	e	Qo',#	ZERO	PERS.ART	Qo',Qo'.',en,MORPHEME_ALIGNED,,jjq_mp3 jjq_wav jjq_eaf jjq_xml jjq_tsv,,983403,985639,##ds	0.h:s	ln	pn_np.h:pred,,jjq,∅	∅	∅	∅,∅	8001	∅	8001,∅	8001	∅	8001
jjq_0255,mcveraa,so e dirk kal sar lēn ... dirk kal din̄ sar lēn n̄ērē ōn,#	so	e	dir	=k	kal	sar	lē=n	#	dir	=k	kal	din̄	sar	lē	=n	n̄ērē	ōn,#	CPL	DISC	3PL	=TAM2	upwards	in	LOC=ART	#	3PL	=TAM2	enter	reach	inland	LOC	=ART	shoreline	lie,Then they reached the beach,en,MORPHEME_ALIGNED,,jjq_mp3 jjq_wav jjq_eaf jjq_xml jjq_tsv,,985639,991540,#nc	nc	nc	nc	nc	nc	nc	nc	##	pro.h:s	=lv	v:pred	rv	rv	adp	=ln	np:g	rn,,jjq,∅	∅	∅	∅	∅	∅	∅	∅	∅	∅	∅	∅	∅	∅	∅	∅	∅	∅,∅	∅	∅	∅	∅	∅	∅	∅	∅	8063	∅	∅	∅	∅	∅	∅	8073	∅,∅	∅	∅	∅	∅	∅	∅	∅	∅	8063	∅	∅	∅	∅	∅	∅	8073	∅
jjq_0256,mcveraa,dirk 'ēn sar man sava Qos 'ir 'i,#	dir	=k	'ēn	sar	ma	=n	sava	#	Qo'	=s	'ir	'i,#	3PL	=TAM2	see	inland	hither	=ART	what	#	Qo'	=SIM	stand	DEL,"and saw something up there, Qo standing there.",en,MORPHEME_ALIGNED,,jjq_mp3 jjq_wav jjq_eaf jjq_xml jjq_tsv,,991540,994711,##	pro.h:a	=lv	v:pred	rv	rv	=ln	np:p	##	pn_np.h:s	=lv	v:pred	other,,jjq,∅	∅	∅	∅	∅	∅	∅	∅	∅	∅	∅	∅	∅,∅	8063	∅	∅	∅	∅	∅	∅	∅	8001	∅	∅	∅,∅	8063	∅	∅	∅	∅	∅	∅	∅	8001	∅	∅	∅
jjq_0257,mcveraa,dirm suō kal wal din̄ sar ma anē e Qo' ne lan̄ wal ... lan̄ wōr wal ēn nak ne sag 'avrōr wal dir kēnē,#	dir	=m	suō	kal	wal	din̄	sar	ma	anē	#	e	Qo'	ne	lan̄	wal	lan̄	wōr	wal	ēn	nak	#	ZERO	ne	sag	'avrōr	wal	dir	kēnē,#	3PL	=TAM1	paddle	upwards	once	reach	inland	hither	DEM1.A	#	PERS.ART	Qo'	TAM2:3SG	beat	once	beat	shatter	once	ART	canoe	#	ZERO	TAM2:3SG	sit	upside.down	once	3PL	LOC.DEM1,"As they came paddling really close, Qo' hit the canoe to pieces and put them out? right there.",en,MORPHEME_ALIGNED,,jjq_mp3 jjq_wav jjq_eaf jjq_xml jjq_tsv,,994711,1002870,##	pro.h:s	=lv	v:pred	rv	rv	rv	rv	rv	other	##	ln	pn_np.h:a	lv-pro_h_a	nc	nc	v:pred	rv	rv	ln	np:p	##	0.h:a	lv-pro_h_a	v:pred	rv	rv	pro.h:p	other:l,,jjq,∅	∅	∅	∅	∅	∅	∅	∅	∅	∅	∅	∅	∅	∅	∅	∅	∅	∅	∅	∅	∅	∅	∅	∅	∅	∅	∅	∅	∅,∅	8063	∅	∅	∅	∅	∅	∅	∅	∅	∅	∅	8001	∅	∅	∅	∅	∅	∅	∅	8018	∅	8001	∅	∅	∅	∅	8063	8045,∅	8063	∅	∅	∅	∅	∅	∅	∅	∅	∅	∅	8001	∅	∅	∅	∅	∅	∅	∅	8018	∅	8001	∅	∅	∅	∅	8063	8045
jjq_0258,mcveraa,wo dirk 'og wal 'i 'ekēnē,#	wo	dir	=k	'ōg	wal	'i	'ekēnē,#	and	3PL	=TAM2	stay	once	DEL	LOC.DEM1,So now they would stay there.,en,MORPHEME_ALIGNED,,jjq_mp3 jjq_wav jjq_eaf jjq_xml jjq_tsv,,1002870,1005804,##	other	pro.h:s	=lv	v:pred	rv	other	other:l,,jjq,∅	∅	bridging	∅	∅	∅	∅	∅,∅	∅	8074	∅	∅	∅	∅	8045,∅	∅	8074	∅	∅	∅	∅	8045
jjq_0259,mcveraa,dirm 'og 'ekēnē lēn lōlō vunu 'a Lokon 'anē,#	dir	=m	'ōg	'ekēnē	lē	=n	lōlō	vunu	'a	Lokon	anē,#	3PL	=TAM1	stay	LOC.DEM1	LOC	=ART	inside	village	ASS.SP	Lokon	DEM1.A,"While they were staying at this place, in the village of Lōkōno",en,MORPHEME_ALIGNED,,jjq_mp3 jjq_wav jjq_eaf jjq_xml jjq_tsv,,1005804,1011025,##	pro.h:s	=lv	v:pred	other:l	adp	=ln	ln	np:l	rn	rn_pn_np	rn,,jjq,∅	∅	∅	∅	∅	∅	∅	∅	∅	∅	∅	∅,∅	8074	∅	∅	8045	∅	∅	∅	8045	∅	8045	∅,∅	8074	∅	∅	8045	∅	∅	∅	8045	∅	8045	∅
jjq_0260,mcveraa,lēn mōnō 'ekē 'anē dir ga ul ... o qe'i ... n sok n qōn̄ ... n lōkm qōn̄ san so 'ekē 'anē,#	lē	=n	mōnō	'ekē	anē	dir	ga	ul	o	qe'i	n	sok	n	qōn̄	n	lō-k=m	qōn̄	sa=n	so	'ekē	anē,#	LOC	=ART	small	place	DEM1	3PL	STAT	drag	INTERJ	a.moment	ART	scan	ART	night	ART	inner-1sg=TAM1	night	EMPH?=ART	QUOT	place	DEM1,"at this small place that is called ... oh, wait .. my name ... I firgot the name of that place.",en,MORPHEME_ALIGNED,,jjq_mp3 jjq_wav jjq_eaf jjq_xml jjq_tsv,,1011025,1017130,#nc	nc	nc	nc	nc	nc	nc	nc	nc	nc	nc	nc	nc	nc	nc	nc	nc	nc	nc	nc	nc	nc,,jjq,∅	∅	∅	∅	∅	∅	∅	∅	∅	∅	∅	∅	∅	∅	∅	∅	∅	∅	∅	∅	∅	∅,∅	∅	∅	∅	∅	∅	∅	∅	∅	∅	∅	∅	∅	∅	∅	∅	∅	∅	∅	∅	∅	∅,∅	∅	∅	∅	∅	∅	∅	∅	∅	∅	∅	∅	∅	∅	∅	∅	∅	∅	∅	∅	∅	∅
jjq_0261,mcveraa,ban so 'ekē 'anē n so mō... n so vunuō Lebot,#	ba	=n	so	'ekē	anē	n	so	mō—	=n	so	vunuō	Lebot,#	but	=ART	name	place	DEM1.A	=ART	QUOT	fast	=ART	name	village	Lebot,"But the name of this place , the name of this village is Lebot.",en,WORD_ALIGNED,,jjq_mp3 jjq_wav jjq_eaf jjq_xml jjq_tsv,,1017130,1022259,##	other	=ln	np:dt_s	rn_np	rn	nc	nc	nc	=ln	np:s	rn	pn_np:pred,,jjq,∅	∅	∅	bridging	bridging	∅	∅	∅	∅	∅	∅	∅	∅,∅	∅	∅	8075	8076	∅	∅	∅	∅	∅	8075	∅	∅,∅	∅	∅	8075	8076	∅	∅	∅	∅	∅	8075	∅	∅
jjq_0262,mcveraa,a Lebot 'an? valgi kel ma sir gēdē kel ma sir ēn gala,#	a	Lebot	'an	valgi	kēl	ma	sir	gēdē	kēl	ma	sir	ēn	gala,#	LOC.SP	Lebot	LOC.SP=ART	valgi	back	hither	for	1PL.IN	back	hither	for	ART	pass,"at Lebot, on the other side closer to us here, further towards the [UNCLEAR] here",en,WORD_ALIGNED,,jjq_mp3 jjq_wav jjq_eaf jjq_xml jjq_tsv,,1022259,1027574,#nc	nc	nc_pn_np	nc	nc	nc	nc	nc	nc	nc	nc	nc	nc	nc,,jjq,∅	∅	∅	∅	∅	∅	∅	∅	∅	∅	∅	∅	∅	∅,∅	∅	8076	∅	∅	∅	∅	∅	∅	∅	∅	∅	∅	∅,∅	∅	8076	∅	∅	∅	∅	∅	∅	∅	∅	∅	∅	∅
jjq_0263,mcveraa,san vono ne Q... eh... Tumeren,#	ZERO	sa	=n	vono-n	e	Q—	eh	Tumeren,#	ZERO	EMPH	=ART	home-CS	PERS.ART	NC	HES	Tumeren,is that home of Tumeren,en,MORPHEME_ALIGNED,,jjq_mp3 jjq_wav jjq_eaf jjq_xml jjq_tsv,,1027574,1031135,##	0:s	other	=ln	np:pred	rn	nc	nc	rn_pn_np.d:poss,,jjq,∅	∅	∅	∅	∅	∅	∅	∅	new,∅	8076	∅	∅	∅	∅	∅	∅	8077,∅	8076	∅	∅	∅	∅	∅	∅	8077
jjq_0264,mcveraa,Tumeren ga 'og'og 'ekēnē,#	Tumeren	ga	'ōg'ōg	'ekēnē,#	Tumeren	STAT	RED:stay	LOC.DEM1,Tumeren lives there.,en,MORPHEME_ALIGNED,,jjq_mp3 jjq_wav jjq_eaf jjq_xml jjq_tsv,,1031135,1033242,##	pn_np.d:s	lv	v:pred	other:l,,jjq,∅	∅	∅	∅	∅,∅	8077	∅	∅	8076,∅	8077	∅	∅	8076
jjq_0265,mcveraa,'ama' 'an̄sar luwo nē ban so ... din 'ama',#	ZERO	'ama'	'an̄sar	luwo	nē	#	ba	=n	so	di	=n	'ama',#	ZERO	spirit	person	big	DEM1	#	but	=ART	CPL	reach	=ART	spirit,"a spirit, a big man though, but he is a spirit.",en,MORPHEME_ALIGNED,,jjq_mp3 jjq_wav jjq_eaf jjq_xml jjq_tsv,,1033242,1036356,##	0.d:s	nc	np.h:pred	rn	other	##	other	nc	other	pro.d:s	=ln	np.d:pred,,jjq,∅	∅	∅	∅	∅	∅	∅	∅	∅	∅	∅	∅	∅,∅	8077	∅	∅	∅	∅	∅	∅	∅	∅	8077	∅	∅,∅	8077	∅	∅	∅	∅	∅	∅	∅	∅	8077	∅	∅
jjq_0266,mcveraa,di 'an̄sar ga wē ros,#	di	'an̄sar	ga	wē	rōs,#	3SG	person	STAT	good	GEN.NEG1,He is not a good person.,en,MORPHEME_ALIGNED,,jjq_mp3 jjq_wav jjq_eaf jjq_xml jjq_tsv,,1036356,1038475,##neg	pro.d:s	np.h:pred	rn	rn	rn,,jjq,∅	∅	∅	∅	∅	∅,∅	8077	∅	∅	∅	∅,∅	8077	∅	∅	∅	∅
jjq_0267,mcveraa,di ga 'og'og kēnē birin̄ ēn gunugi,#	di	ga	'ōg'ōg	kēnē	birin̄	ēn	gunu	-gi,#	3SG	STAT	RED:stay	LOC.DEM1	with	ART	spouse	-3SG,He lives there with his wife.,en,MORPHEME_ALIGNED,,jjq_mp3 jjq_wav jjq_eaf jjq_xml jjq_tsv,,1038475,1041662,##	pro.d:s	lv	v:pred	other:l	adp	ln	np.d:obl	-rn_pro.d:poss,,jjq,∅	∅	∅	∅	∅	∅	∅	bridging	∅,∅	8077	∅	∅	8076	∅	∅	8078	8077,∅	8077	∅	∅	8076	∅	∅	8078	8077
jjq_0268,mcveraa,wo di ga van̄an ēn qō' Tumeren ē ga 'og sa kēnē,#	wo	di	ga	van̄an	ēn	qō	#	Tumeren	ē	ga	'ōg	sa	kēnē,#	and	3SG	STAT	feed	ART	pig	#	Tumeren	DEM3	STAT	stay	EMPH	LOC.DEM1,"and he feeds pigs, Tumeren lives right there.",en,MORPHEME_ALIGNED,,jjq_mp3 jjq_wav jjq_eaf jjq_xml jjq_tsv,,1041662,1045215,##	other	pro.d:a	lv	v:pred	ln	np:p	##	pn_np.d:s	rn	lv	v:pred	other	other:l,,jjq,∅	∅	∅	∅	∅	∅	new	∅	∅	∅	∅	∅	∅	∅,∅	∅	8077	∅	∅	∅	8079	∅	8077	∅	∅	∅	∅	8076,∅	∅	8077	∅	∅	∅	8079	∅	8077	∅	∅	∅	∅	8076
jjq_0269,mcveraa,Qiri 'anē dirm suō kal sar ... dirm van kal sar ma,#	qiri	anē	dir	=m	suō	kal	sar	#	dir	=m	van	kal	sar	ma,#	today	DEM1.A	3PL	=TAM1	paddle	upwards	inland	#	3PL	=TAM1	go	upwards	inland	hither,"That day when they paddled landwards, when they came up here",en,MORPHEME_ALIGNED,,jjq_mp3 jjq_wav jjq_eaf jjq_xml jjq_tsv,,1045215,1049695,##	other	rn	pro.h:s	=lv	v:pred	rv	rv	##	pro.h:s	=lv	v:pred	rv	rv	rv,,jjq,∅	∅	∅	∅	∅	∅	∅	∅	∅	∅	∅	∅	∅	∅	∅,∅	∅	∅	8063	∅	∅	∅	∅	∅	8074	∅	∅	∅	∅	∅,∅	∅	∅	8063	∅	∅	∅	∅	∅	8074	∅	∅	∅	∅	∅
jjq_0270,mcveraa,Tumeren ne 'ēn dirē,#	Tumeren	ne	'ēn	dirē,#	Tumeren	TAM2:3SG	see	3PL,Tumeren spotted them:,en,MORPHEME_ALIGNED,,jjq_mp3 jjq_wav jjq_eaf jjq_xml jjq_tsv,,1049695,1050688,##	pn_np.d:a	lv-pro_d_a	v:pred	pro.h:p,,jjq,∅	∅	∅	∅	∅,∅	8077	∅	∅	8074,∅	8077	∅	∅	8074
jjq_0271,mcveraa,'o,'o,hey,'Oh!',en,MORPHEME_ALIGNED,,jjq_mp3 jjq_wav jjq_eaf jjq_xml jjq_tsv,,1050688,1052403,nc,,jjq,∅,∅,∅
jjq_0272,mcveraa,dim malaklak wal sir dire 'o 'erē van ma 'erē van ma,#	di	=m	malaklak	wal	sir	dirē	#	'o	ZERO	'erē	van	ma	#	ZERO	'erē	van	ma,#	3SG	=TAM1	cheer	once	for	3PL	#	hey	ZERO	PL	go	hither	#	ZERO	PL	go	hither,"He was very happy about them: 'Oh, come here, come here!",en,MORPHEME_ALIGNED,,jjq_mp3 jjq_wav jjq_eaf jjq_xml jjq_tsv,,1052403,1055525,##	pro.d:s	=lv	v:pred	rv	adp	pro.h:obl	##ds	other	0.2:s	other	vother:pred	rv	##	0.2:s	other	vother:pred	rv,,jjq,∅	∅	∅	∅	∅	∅	∅	∅	∅	∅	∅	∅	∅	∅	∅	∅	∅	∅,∅	8077	∅	∅	∅	∅	8074	∅	∅	8074	∅	∅	∅	∅	8074	∅	∅	∅,∅	8077	∅	∅	∅	∅	8074	∅	∅	8074	∅	∅	∅	∅	8074	∅	∅	∅
jjq_0273,mcveraa,van ma gēdē me 'og kēgēn,#	ZERO	van	ma	#	gidē	me	'ōg	kēgēn,#	ZERO	go	hither	#	1PL.IN	FUT	stay	LOC.DEM2,"Come here, we will stay here.'",en,MORPHEME_ALIGNED,,jjq_mp3 jjq_wav jjq_eaf jjq_xml jjq_tsv,,1055525,1057454,##	0.2:s	vother:pred	rv	##ds	pro.1:s	lv	v:pred	other:l,,jjq,∅	∅	∅	∅	∅	bridging	∅	∅	∅,∅	8074	∅	∅	∅	8117	∅	∅	8076,∅	8074	∅	∅	∅	8117	∅	∅	8076
jjq_0274,mcveraa,van mom dir lēn gamal,#	ZERO	van	mom	dir	lē	=n	gamal,#	ZERO	go	put	3PL	LOC	=ART	men's.house,"Go, put them into the nakamal.",en,MORPHEME_ALIGNED,,jjq_mp3 jjq_wav jjq_eaf jjq_xml jjq_tsv,,1057454,1060842,##	0.d:a	v:pred	rv	pro.h:p	adp	=ln	np:g,,jjq,∅	∅	∅	∅	∅	∅	∅	new,∅	8077	∅	∅	8074	∅	∅	8080,∅	8077	∅	∅	8074	∅	∅	8080
jjq_0275,mcveraa,kimi me 'og sa kēnē 'o ga itok,#	kimi	me	'ōg	sa	kēnē	#	'o	ga	itok,#	2PL	FUT	stay	EMPH	LOC.DEM2	#	hey	STAT	good,'You will stay right here.' 'All right!',en,MORPHEME_ALIGNED,,jjq_mp3 jjq_wav jjq_eaf jjq_xml jjq_tsv,,1060842,1065777,##ds	pro.2:s	lv	v:pred	other	other:l	##ds	other	lv	v:pred,,jjq,∅	∅	∅	∅	∅	∅	∅	∅	∅	∅,∅	8074	∅	∅	∅	8080	∅	∅	∅	∅,∅	8074	∅	∅	∅	8080	∅	∅	∅	∅
jjq_0276,mcveraa,'o ga itok wal kimim van ma kimim van ma den 'a vēe 'o kamam van ma den 'a Vunu Lava,#	'o	ga	itok	wal	#	kimi	=m	van	ma	#	kimi	=m	van	ma	den	a	viē	#	'o	kamam	van	ma	den	a	Vunu	Lava,#	hey	STAT	good	once	#	2PL	=TAM1	go	hither	#	2PL	=TAM1	go	hither	ABL	LOC.SP	where	#	INTERJ	1PL.EX:TAM1	go	hither	ABL	LOC.SP	Vunu	Lava,"'Oh, it's so good that you came here. Where did you come from?' 'We came from Vanua Lava.'",en,MORPHEME_ALIGNED,,jjq_mp3 jjq_wav jjq_eaf jjq_xml jjq_tsv,,1065777,1072396,##ds	other	lv	v:pred	rv	#ds_cc:s	pro.2:s	=lv	v:pred	rv	##ds	pro.2:s	=lv	v:pred	rv	adp	adp	other:obl	##ds	other	pro.1:s	v:pred	rv	adp	adp	pn_np:obl	rn,,jjq,∅	∅	∅	∅	∅	∅	∅	∅	∅	∅	∅	∅	∅	∅	∅	∅	∅	∅	∅	∅	∅	∅	∅	∅	∅	new	∅,∅	∅	∅	∅	∅	∅	8074	∅	∅	∅	∅	8074	∅	∅	∅	∅	∅	∅	∅	∅	8074	∅	∅	∅	∅	8081	∅,∅	∅	∅	∅	∅	∅	8074	∅	∅	∅	∅	8074	∅	∅	∅	∅	∅	∅	∅	∅	8074	∅	∅	∅	∅	8081	∅
jjq_0277,mcveraa,nike 'e sē no no e Qo' 'enei? 'eraga 'i'isik gēn won gunuk gēn,#	nikē	e	sē	#	no	no	e	Qo'	#	enei	e	raga	'i-'isi	-k	gēn	#	wo	=n	gunu	-k	gēn,#	2SG	PERS.ART	who	#	1SG	1SG	PERS.ART	Qo'	#	now	PERS.ART	people	brother	-1SG	DEM	#	and	=ART	spouse	-1SG	DEM2,"'Who are you?' 'I, I am Qo', these are my brothers and this is my wife.'",en,WORD_ALIGNED,,jjq_mp3 jjq_wav jjq_eaf jjq_xml jjq_tsv,,1072396,1078836,##ds	pro.2:s	ln	np.h:pred	##ds	pro.1:dt_s	pro.1:s	ln	pn_np.h:pred	##ds	other	ln	ln	np.h:pred	-rn_pro.1:poss	other:s	##ds	other	=ln	np.h:pred	-rn_pro.1:poss	other:s,,jjq,∅	∅	∅	∅	∅	∅	∅	∅	∅	∅	∅	∅	∅	∅	∅	∅	∅	∅	∅	∅	∅	∅,∅	8001	∅	∅	∅	8001	8001	∅	∅	∅	∅	∅	∅	8002	8001	∅	∅	∅	∅	8038	8001	∅,∅	8001	∅	∅	∅	8001	8001	∅	∅	∅	∅	∅	∅	8002	8001	∅	∅	∅	∅	8038	8001	∅
jjq_0278,mcveraa,'o ga itok kimi me mi'ir sa kēnē,#	'o	ga	itok	#	kimi	me	mi'ir	sa	kēnē,#	INTERJ	STAT	good	#	2PL	FUT	sleep	EMPH	LOC.DEM1,"'All right, you will sleep right here.'",en,MORPHEME_ALIGNED,,jjq_mp3 jjq_wav jjq_eaf jjq_xml jjq_tsv,,1078836,1081332,##ds	other	lv	v:pred	##ds	pro.2:s	lv	v:pred	other	other:l,,jjq,∅	∅	∅	∅	∅	∅	∅	∅	∅	∅,∅	∅	∅	∅	∅	8074	∅	∅	∅	8080,∅	∅	∅	∅	∅	8074	∅	∅	∅	8080
jjq_0279,mcveraa,lēn lōlō ge 'anē nēnēn wōlil ne vōwal,#	lē	=n	lōlō	ge	anē	ēn	wōlil	ne	vōwal,#	LOC	=ART	inside	THING	DEM1.A	ART	albino?	NUM.ART	one,"Inside of that one, one albino",en,MORPHEME_ALIGNED,,jjq_mp3 jjq_wav jjq_eaf jjq_xml jjq_tsv,,1081332,1088034,##	adp	=ln	ln	np.h:other	rn	ln	np.h:pred	rn	rn,,jjq,∅	∅	∅	∅	∅	∅	∅	new	∅	∅,∅	∅	∅	∅	8002	∅	∅	8082	∅	∅,∅	∅	∅	∅	8002	∅	∅	8082	∅	∅
jjq_0280,mcveraa,sow ēn 'an̄sara ne vōwal ga ... lēn lōlōgi ga kōrkōr,#	sow	ēn	'an̄sara	ne	vōwal	ga	lē	=n	lōlō	-gi	ga	kōrkōr,#	DISC	ēn	person	NUM.ART	one	STAT	LOC	=ART	inside	-3SG	STAT	dark,"one person, it is dark in his inner,",en,MORPHEME_ALIGNED,,jjq_mp3 jjq_wav jjq_eaf jjq_xml jjq_tsv,,1088034,1092299,##	other	ln	np.h:s	rn	rn	nc	rn	=rn	rn	-rn_pro.h:poss	lv	v:pred,,jjq,∅	∅	∅	∅	∅	∅	∅	∅	∅	∅	∅	∅	∅,∅	∅	∅	8082	∅	∅	∅	∅	∅	∅	8002	∅	∅,∅	∅	∅	8082	∅	∅	∅	∅	∅	∅	8002	∅	∅
jjq_0281,mcveraa,sogi e Wōqōn̄qōn̄,#	so	-gi	e	Wōqōn̄qōn̄,#	name	-3SG	PERS.ART	Wōqōn̄qōn̄,His name is W.,en,MORPHEME_ALIGNED,,jjq_mp3 jjq_wav jjq_eaf jjq_xml jjq_tsv,,1092299,1094771,##	np:s	-rn_pro.h:poss	ln	pn_np.h:pred,,jjq,∅	bridging	∅	∅	∅,∅	8083	∅	∅	∅,∅	8083	∅	∅	∅
jjq_0282,mcveraa,Wōqōn̄qōn̄ din ... n 'agar se' n lōgi ga qōn̄qōn̄ di ga 'aram lu dire,#	Wōqōn̄qōn̄	di	=n	n	'agar	se'	#	n	lō	-gi	ga	qōn̄qōn̄	#	di	ga	'aram	lu	dirē,#	Wōqōn̄qōn̄	reach	=ART	ART	luck	bad	#	ART	inner	-3SG	STAT	RED:night	#	3SG	STAT	inform	through	3PL,"W., he is bad luck, his inner is dark, he used to give them away.",en,MORPHEME_ALIGNED,,jjq_mp3 jjq_wav jjq_eaf jjq_xml jjq_tsv,,1094771,1102653,##	pn_np.h:dt_s	pro.h:s	nc	ln	np:pred	rn	##	ln	np:s	-rn_pro.h:poss	lv	v:pred	##	pro.h:a	lv	v:pred	rv	pro.h:p,,jjq,∅	∅	∅	∅	∅	∅	∅	∅	∅	∅	∅	∅	∅	∅	∅	∅	∅	∅	∅,∅	8082	8082	∅	∅	∅	∅	∅	∅	∅	8082	∅	∅	∅	8082	∅	∅	∅	8074,∅	8082	8082	∅	∅	∅	∅	∅	∅	∅	8082	∅	∅	∅	8082	∅	∅	∅	8074
jjq_0283,mcveraa,so dirm 'og 'ekēnē 'og'og 'ekēnē vavan,#	so	dir	=m	'ōg	'ekēnē	#	ZERO	'ōg'ōg	'ekēnē	va-van,#	NC	3PL	=TAM1	stay	LOC.DEM1	#	ZERO	RED:stay	LOC.DEM1	RED-go,"They stayed there, stayed there, on and on",en,MORPHEME_ALIGNED,,jjq_mp3 jjq_wav jjq_eaf jjq_xml jjq_tsv,,1102653,1106344,##	other	pro.h:s	=lv	v:pred	other:l	##	0.h:s	v:pred	other:l	other,,jjq,∅	∅	∅	∅	∅	∅	∅	∅	∅	∅	∅,∅	∅	8074	∅	∅	8080	∅	8074	∅	8080	∅,∅	∅	8074	∅	∅	8080	∅	8074	∅	8080	∅
jjq_0284,mcveraa,'ekēm qōn̄ sin 'ekēm revrev,#	'ekē	=m	qōn̄	#	si	=n	'ekē	=m	revrev,#	place	=TAM1	night	#	or	=ART	place	=TAM1	evening,"it got night, or: it got afternoon.",en,MORPHEME_ALIGNED,,jjq_mp3 jjq_wav jjq_eaf jjq_xml jjq_tsv,,1106344,1109611,##	np:s	=lv	v:pred	##	other	=ln	np:s	=lv	v:pred,,jjq,∅	∅	∅	∅	∅	∅	∅	∅	∅	∅,∅	∅	∅	∅	∅	∅	∅	∅	∅	∅,∅	∅	∅	∅	∅	∅	∅	∅	∅	∅
jjq_0285,mcveraa,'ama' ē van ma dirk gengen qē',#	'ama'	ē	van	ma	#	dir	=k	gengen	qē',#	spirit	DEM3	go	hither	#	3PL	=TAM2	RED:eat	finish,The spirit came and they finished their meal.,en,MORPHEME_ALIGNED,,jjq_mp3 jjq_wav jjq_eaf jjq_xml jjq_tsv,,1109611,1112112,##	np.d:s	rn	v:pred	rv	##	pro.h:s	=lv	v:pred	rv,,jjq,∅	∅	∅	∅	∅	∅	∅	∅	∅	∅,∅	8077	∅	∅	∅	∅	8117	∅	∅	∅,∅	8077	∅	∅	∅	∅	8117	∅	∅	∅
jjq_0286,mcveraa,son bomi sa gēnē,#	ZERO	so	#	=n	bo	-mi	sa	gēnē,#	ZERO	QUOT	#	=ART	POSS.BED	-2PL	EMPH	DEM2?,"He said: 'Your ""sleeping thing"" is right here.",en,MORPHEME_ALIGNED,,jjq_mp3 jjq_wav jjq_eaf jjq_xml jjq_tsv,,1112112,1114234,##	0.d:s	other:pred	##ds	=ln	np:s	-rn_pro.2:poss	other	other:pred,,jjq,∅	∅	∅	∅	∅	bridging	∅	∅	∅,∅	8077	∅	∅	∅	8085	8074	∅	∅,∅	8077	∅	∅	∅	8085	8074	∅	∅
jjq_0287,mcveraa,kimi me mi'ir sa kēnē,#	kimi	me	mi'ir	sa	kēnē,#	2PL	FUT	sleep	EMPH	LOC.DEM2,You will sleep right here.',en,MORPHEME_ALIGNED,,jjq_mp3 jjq_wav jjq_eaf jjq_xml jjq_tsv,,1114234,1115930,##ds	pro.2:s	lv	v:pred	other	other:l,,jjq,∅	∅	∅	∅	∅	∅,∅	8074	∅	∅	∅	8080,∅	8074	∅	∅	∅	8080
jjq_0288,mcveraa,so 'o gitag ga itok,#	ZERO	so	#	'o	gitag	#	ga	itok,#	ZERO	QUOT	#	INTERJ	not.exist	#	STAT	good,"Said: 'Oh, nothing, all right.'",en,MORPHEME_ALIGNED,,jjq_mp3 jjq_wav jjq_eaf jjq_xml jjq_tsv,,1115930,1118403,##	0.h:s	other:pred	##ds	other	other:pred	##ds	lv	v:pred,,jjq,∅	∅	∅	∅	∅	∅	∅	∅	∅,∅	8074	∅	∅	∅	∅	∅	∅	∅,∅	8074	∅	∅	∅	∅	∅	∅	∅
jjq_0289,mcveraa,momom qē' suw ēn bore,#	ZERO	mo-mom	qē'	suw	ēn	bo	-re,#	ZERO	RED-put	finish	thither	ART	POSS.BED	-3PL,Having put their sleeping things,en,MORPHEME_ALIGNED,,jjq_mp3 jjq_wav jjq_eaf jjq_xml jjq_tsv,,1118403,1121964,##	0.d:a	v:pred	rv	rv	ln	np:p	-rn_pro.h:poss,,jjq,∅	∅	∅	∅	∅	∅	∅	∅,∅	8077	∅	∅	∅	∅	8085	8074,∅	8077	∅	∅	∅	∅	8085	8074
jjq_0290,mcveraa,'ekē di ... dim ... 'ekēm milin̄... wē son 'ekēm qōn̄ luluwo,#	'ekē	di	di=m	'ekē=m	milin̄—	wē	#	so	=n	'ekē	=m	qōn̄	lu-luwo,#	place	3SG	3SG=TAM1	place=TAM1	NC	NC	#	CPL	=ART	place	=TAM1	night	RED-big,"It got deep night,",en,MORPHEME_ALIGNED,,jjq_mp3 jjq_wav jjq_eaf jjq_xml jjq_tsv,,1121964,1128769,#nc	nc	nc	nc	nc	nc	nc	##	other	=ln	np:s	=lv	v:pred	rv,,jjq,∅	∅	∅	∅	∅	∅	∅	∅	∅	∅	∅	∅	∅	∅,∅	∅	∅	∅	∅	∅	∅	∅	∅	∅	∅	∅	∅	∅,∅	∅	∅	∅	∅	∅	∅	∅	∅	∅	∅	∅	∅	∅
jjq_0291,mcveraa,Qo' ne da dire dirk vanēk mi'ir lēn qan̄ris ne nos 'e raga 'i'isigi dir lēn qan̄ris,#	Qo'	ne	da	dirē	#	dir	=k	van	#	ē	ZERO	=k	mi'ir	lē	=n	qan̄ris	#	ZERO	ne	nos	e	raga	'i-'isi-gi	ZERO	#	dir	lē	=n	qan̄ris,#	Qo'	TAM2:3SG	do	3PL	#	3PL	=TAM2	go	#	CC	ZERO	=TAM2	sleep	LOC	=ART	oven	#	ZERO	TAM2:3SG	insert	PERS.ART	people	NSG-brother-3SG	ZERO	#	3PL	LOC	=ART	oven,"Qo' made them go and sleep in the stone oven, put his brothers and so into the stone oven.",en,MORPHEME_ALIGNED,,jjq_mp3 jjq_wav jjq_eaf jjq_xml jjq_tsv,,1128769,1135320,##	pn_np.h:a	lv-pro_h_a	v:pred	pro.h:p	##	pro.h:s	=lv	v:pred	##	other	0.h:s	=lv	v:pred	adp	=ln	np:l	##	0.h:a	lv-pro_h_a	v:pred	ln	ln	np.h:p	0:g	##	pro.h:s	adp	=ln	np:pred_l,,jjq,∅	∅	∅	∅	∅	∅	∅	∅	∅	∅	∅	∅	∅	∅	∅	∅	new	∅	∅	∅	∅	∅	∅	∅	∅	∅	∅	∅	∅	∅,∅	8001	∅	∅	8063	∅	8074	∅	∅	∅	∅	8074	∅	∅	∅	∅	8086	∅	8001	∅	∅	∅	∅	8002	8086	∅	8002	∅	∅	8086,∅	8001	∅	∅	8063	∅	8074	∅	∅	∅	∅	8074	∅	∅	∅	∅	8086	∅	8001	∅	∅	∅	∅	8002	8086	∅	8002	∅	∅	8086
jjq_0292,mcveraa,dir qē' wal birin̄ e Qo' dirk van lēn lōlō qan̄ris dirm mi'ir,#	dir	qē'	wal	birin̄	e	Qo'	dir	=k	van	lē	=n	lōlō	qan̄ris	#	dir	=m	mi'ir,#	3PL	finish	once	with	PERS.ART	Qo'	3PL	=TAM2	go	LOC	=ART	inside	oven	#	3PL	=TAM1	sleep,"All of them, together with Qo', they had gone inside the stone oven, they were sleeping.",en,MORPHEME_ALIGNED,,jjq_mp3 jjq_wav jjq_eaf jjq_xml jjq_tsv,,1135320,1140393,##	pro.h:dt_s	rn	rn	rn	rn	rn_pn_np.h	pro.h:s	=lv	v:pred	adp	=ln	ln	np:g	##	pro.h:s	=lv	v:pred,,jjq,∅	∅	∅	∅	∅	∅	∅	∅	∅	∅	∅	∅	∅	∅	∅	∅	∅	∅,∅	8074	∅	∅	∅	∅	8001	8074	∅	∅	∅	∅	∅	8086	∅	8074	∅	∅,∅	8074	∅	∅	∅	∅	8001	8074	∅	∅	∅	∅	∅	8086	∅	8074	∅	∅
jjq_0293,mcveraa,'ama' ēm 'o'ogo... eh... o nei 'e raga man mimi'ir qēlēn̄ qē' wal,#	'ama'	ē	=m	'ō-'ōgo	eh	#	o	nei	e	raga	man	mi-mi'ir	qēlēn̄	qē'	wal,#	spirit	DEM3	=TAM1	RED-stay	HES	#	INTERJ	now	PERS.ART	people	PFV	RED-sleep	get.lost	finish	once,"The spirit was staying there, 'Oh, now everybody is already sleeping deeply.",en,MORPHEME_ALIGNED,,jjq_mp3 jjq_wav jjq_eaf jjq_xml jjq_tsv,,1140393,1145187,##	np.d:s	rn	=lv	v:pred	nc	##ds	other	other	ln	np.h:s	lv	v:pred	rv	rv	rv,,jjq,∅	∅	∅	∅	∅	∅	∅	∅	∅	∅	∅	∅	∅	∅	∅	∅,∅	8077	∅	∅	∅	∅	∅	∅	∅	∅	8074	∅	∅	∅	∅	∅,∅	8077	∅	∅	∅	∅	∅	∅	∅	∅	8074	∅	∅	∅	∅	∅
jjq_0294,mcveraa,qe'i nok van nok 'eno 'ēn dirē,#	qe'i	#	no	=k	van	#	no	=k	'eno	'ēn	dirē,#	a.moment	#	1SG	=TAM2	go	#	1SG	=TAM2	try	see	3PL,"Wait, I'll go, I'll try to see them.'",en,MORPHEME_ALIGNED,,jjq_mp3 jjq_wav jjq_eaf jjq_xml jjq_tsv,,1145187,1147303,##ds	other:pred	##ds	pro.1:s	=lv	v:pred	##ds	pro.1:a	=lv	v:pred	rv	pro.h:p,,jjq,∅	∅	∅	∅	∅	∅	∅	∅	∅	∅	∅	∅,∅	∅	∅	8077	∅	∅	∅	8077	∅	∅	∅	8074,∅	∅	∅	8077	∅	∅	∅	8077	∅	∅	∅	8074
jjq_0295,mcveraa,dis van ma di van ros ma lēn dōdōmia ga wē,#	di	=s	van	ma	#	di	van	rōs	ma	lē	=n	dōdōmia	ga	wē,#	3SG	=SIM	go	hither	#	3SG	go	GEN.NEG2	hither	LOC	=ART	thought	STAT	good,"He, coming, he was not coming with good intentions.",en,MORPHEME_ALIGNED,,jjq_mp3 jjq_wav jjq_eaf jjq_xml jjq_tsv,,1147303,1150403,##	pro.d:s	=lv	v:pred	rv	##neg	pro.d:s	v:pred	rv	rv	adp	=ln	np:other	rn	rn,,jjq,∅	∅	∅	∅	∅	∅	∅	∅	∅	∅	∅	∅	∅	∅	∅,∅	8077	∅	∅	∅	∅	8077	∅	∅	∅	∅	∅	∅	∅	∅,∅	8077	∅	∅	∅	∅	8077	∅	∅	∅	∅	∅	∅	∅	∅
jjq_0296,mcveraa,dim van ma sir 'amēn dine kur sa 'e raga ē,#	di	=m	van	ma	sir	#	'amēn	di	ne	kur	sa	e	raga	ē,#	3SG	=TAM1	go	hither	for	#	ASS	3SG	TAM2:3SG	devour	EMPH	PERS.ART	people	DEM3,He was coming in order to eat these guys.,en,MORPHEME_ALIGNED,,jjq_mp3 jjq_wav jjq_eaf jjq_xml jjq_tsv,,1150403,1153289,##	pro.d:s	=lv	v:pred	rv	adp	#cc:obl	other	pro.d:a	lv-pro_d_a	v:pred	other	ln	np.h:p	rn,,jjq,∅	∅	∅	∅	∅	∅	∅	∅	∅	∅	∅	∅	∅	∅	∅,∅	8077	∅	∅	∅	∅	∅	∅	8077	∅	∅	∅	∅	8074	∅,∅	8077	∅	∅	∅	∅	∅	∅	8077	∅	∅	∅	∅	8074	∅
jjq_0297,mcveraa,ba dim van din̄ ma lēn lōlō im̄ē dine kal ba'a sar,#	ba	di	=m	van	din̄	ma	lē	=n	lōlō	im̄ē	#	di	ne	kal	ba'a	sar	ZERO,#	but	3SG	=TAM1	go	reach	hither	LOC	=ART	inside	house	#	3SG	TAM2:3SG	enter	into	in	ZERO,"But as he arrived inside the house, he went inside,",en,MORPHEME_ALIGNED,,jjq_mp3 jjq_wav jjq_eaf jjq_xml jjq_tsv,,1153289,1156571,##	other	pro.d:s	=lv	v:pred	rv	rv	adp	=ln	ln	np:g	##	pro.d:s	lv-pro_d_s	v:pred	rv	rv	0:g,,jjq,∅	∅	∅	∅	∅	∅	∅	∅	∅	∅	∅	∅	∅	∅	∅	∅	∅	∅,∅	∅	8077	∅	∅	∅	∅	∅	∅	∅	8080	∅	8077	∅	∅	∅	∅	8080,∅	∅	8077	∅	∅	∅	∅	∅	∅	∅	8080	∅	8077	∅	∅	∅	∅	8080
jjq_0298,mcveraa,dine sik dire 'ei ba 'e raga 'anē ne gitag sa kēnē dirm mi'ir kivie,#	di	ne	sik	dirē	#	'ei	ba	e	raga	anē	ne	gitag	sa	kēnē	#	dir	=m	mi'ir	kiviē,#	3SG	TAM2:3SG	search	3PL	#	hey	but	PERS.ART	people	DEM1.A	NC	not.exist	EMPH	LOC.DEM1	#	3PL	=TAM1	sleep	where,"he started to look for them: 'Hey, but they are not here, where are they sleeping?'",en,MORPHEME_ALIGNED,,jjq_mp3 jjq_wav jjq_eaf jjq_xml jjq_tsv,,1156571,1161861,##	pro.d:a	lv-pro_d_a	v:pred	pro.h:p	##ds	other	other	ln	np.h:s	rn	lv	other:pred	other	other:l	##ds	pro.h:s	=lv	v:pred	other:l,,jjq,∅	∅	∅	∅	∅	∅	∅	∅	∅	∅	∅	∅	∅	∅	∅	∅	∅	∅	∅	∅,∅	8077	∅	∅	8074	∅	∅	∅	∅	8074	∅	∅	∅	∅	8080	∅	8074	∅	∅	∅,∅	8077	∅	∅	8074	∅	∅	∅	∅	8074	∅	∅	∅	∅	8080	∅	8074	∅	∅	∅
jjq_0299,mcveraa,sisik dire ne ... siksik lēge ne kal lu kel,#	ZERO	si-sik	dirē	ne	#	ZERO	siksik	lēge	ZERO	#	ZERO	ne	kalu	kēl,#	ZERO	RED-search	3PL	TAM2:3SG	#	ZERO	RED:search	in.vain	ZERO	#	ZERO	TAM2:3SG	exit	back,"Looked and looked for them, searched without success and went out again.",en,MORPHEME_ALIGNED,,jjq_mp3 jjq_wav jjq_eaf jjq_xml jjq_tsv,,1161861,1166345,##	0.d:a	v:pred	pro.h:p	nc	##	0.d:a	v:pred	rv	0.h:p	##	0.d:s	lv-pro_d_s	v:pred	rv,,jjq,∅	∅	∅	∅	∅	∅	∅	∅	∅	∅	∅	∅	∅	∅	∅,∅	8077	∅	8074	∅	∅	8077	∅	∅	8074	∅	8077	∅	∅	∅,∅	8077	∅	8074	∅	∅	8077	∅	∅	8074	∅	8077	∅	∅	∅
jjq_0300,mcveraa,dim mulo mul kel lēn gamal ... lēn 'ew'i gamal mugi,#	di	=m	mulo	#	ZERO	mul	kēl	lē	=n	gamal	lē	=n	'ew'i	gamal	mu	-gi,#	3SG	=TAM1	go	#	ZERO	go	back	LOC	=ART	men's.house	LOC	=ART	other	men's.house	POSS.GEN	-3SG,"He went home, went back to his other nakamal",en,MORPHEME_ALIGNED,,jjq_mp3 jjq_wav jjq_eaf jjq_xml jjq_tsv,,1166345,1172951,##	pro.d:s	=lv	v:pred	##	0.d:s	v:pred	rv	adp	nc	nc	nc	=ln	ln	np:g	rn	-rn_pro.d:poss,,jjq,∅	∅	∅	∅	∅	∅	∅	∅	∅	∅	∅	∅	∅	∅	bridging	∅	∅,∅	8077	∅	∅	∅	8077	∅	∅	∅	∅	∅	∅	∅	∅	8087	∅	8077,∅	8077	∅	∅	∅	8077	∅	∅	∅	∅	∅	∅	∅	∅	8087	∅	8077
jjq_0301,mcveraa,ne mi'ir,#	ZERO	ne	mi'ir,#	ZERO	TAM2:3SG	sleep,and went to sleep.,en,MORPHEME_ALIGNED,,jjq_mp3 jjq_wav jjq_eaf jjq_xml jjq_tsv,,1172951,1174329,##	0.d:s	lv-pro_d_s	v:pred,,jjq,∅	∅	∅	∅,∅	8077	∅	∅,∅	8077	∅	∅
jjq_0302,mcveraa,'ekē ne ma'ava,#	'ekē	ne	ma'ava,#	place	TAM2:3SG	morning,Then it got daylight,en,MORPHEME_ALIGNED,,jjq_mp3 jjq_wav jjq_eaf jjq_xml jjq_tsv,,1174329,1176052,##	np:s	lv-pro_s	v:pred,,jjq,∅	∅	∅	∅,∅	∅	∅	∅,∅	∅	∅	∅
jjq_0303,mcveraa,dine kel ma,#	di	ne	kēl	ma,#	3SG	TAM2:3SG	back	hither,and he came back.,en,MORPHEME_ALIGNED,,jjq_mp3 jjq_wav jjq_eaf jjq_xml jjq_tsv,,1176052,1177901,##	pro.d:s	lv-pro_d_s	v:pred	rv,,jjq,∅	∅	∅	∅	∅,∅	8077	∅	∅	∅,∅	8077	∅	∅	∅
jjq_0304,mcveraa,dine kel ma,#	di	ne	kēl	ma,#	3SG	TAM2:3SG	back	hither,He came back,en,MORPHEME_ALIGNED,,jjq_mp3 jjq_wav jjq_eaf jjq_xml jjq_tsv,,1177901,1180265,##	pro.d:s	lv-pro_d_s	v:pred	rv,,jjq,∅	∅	∅	∅	∅,∅	8077	∅	∅	∅,∅	8077	∅	∅	∅
jjq_0305,mcveraa,'ei Qo',#	'ei	Qo',#	INTERJ	Qo',"'Hey, Qo',",en,MORPHEME_ALIGNED,,jjq_mp3 jjq_wav jjq_eaf jjq_xml jjq_tsv,,1180265,1182512,##ds	other	pn_np.h:voc,,jjq,∅	∅	∅,∅	∅	8001,∅	∅	8001
jjq_0306,mcveraa,nom van ma lēn revrev ba kimim ... nom van ma lēn revrev so gēdēk kakaka ba kimim 'og 'i 'a vie,no	=m	van	ma	lē	=n	revrev	#	ba	kimim	#	no	=m	van	ma	lē	=n	revrev	#	so	gidē	=k	ka-kaka	#	ba	kimi	=m	'ōg	'i	a	viē,1SG	=TAM1	go	hither	LOC	=ART	evening	#	but	2TL=TAM1	#	1SG	=TAM1	go	hither	LOC	=ART	evening	#	PROSP	1PL.IN	=TAM2	RED-converse	#	but	2PL	=TAM1	stay	DEL	LOC.SP	where,"I came here last night, I came here last night so that we could talk, but where were you guys?'",en,WORD_ALIGNED,,jjq_mp3 jjq_wav jjq_eaf jjq_xml jjq_tsv,,1182512,1188237,pro.1:s	=lv	v:pred	rv	adp	=ln	np:other	#nc	nc	nc	##ds	pro.1:s	=lv	v:pred	rv	adp	=ln	np:other	##ds	other	pro.1:s	=lv	v:pred	##ds	other	pro.2:s	=lv	v:pred	rv	adp	other:l,,jjq,∅	∅	∅	∅	∅	∅	∅	∅	∅	∅	∅	∅	∅	∅	∅	∅	∅	∅	∅	∅	∅	∅	∅	∅	∅	∅	∅	∅	∅	∅	∅,8077	∅	∅	∅	∅	∅	∅	∅	∅	∅	∅	8077	∅	∅	∅	∅	∅	∅	∅	∅	8117	∅	∅	∅	∅	8074	∅	∅	∅	∅	∅,8077	∅	∅	∅	∅	∅	∅	∅	∅	∅	∅	8077	∅	∅	∅	∅	∅	∅	∅	∅	8117	∅	∅	∅	∅	8074	∅	∅	∅	∅	∅
jjq_0307,mcveraa,so 'o kamam mi'ir wal 'i sa kēnei,#	ZERO	so	#	'o	kamam	mi'ir	wal	'i	sa	kēnei,#	ZERO	QUOT	#	INTERJ	1PL.EX:TAM1	sleep	once	DEL	EMPH	LOC.DEM4,"Said: 'Oh, but we were sleeping right here.'",en,MORPHEME_ALIGNED,,jjq_mp3 jjq_wav jjq_eaf jjq_xml jjq_tsv,,1188237,1190995,##	0.h:s	other	##ds	other	pro.1:s	v:pred	rv	rv	other	other:l,,jjq,∅	∅	∅	∅	∅	∅	∅	∅	∅	∅	∅,∅	8074	∅	∅	∅	8074	∅	∅	∅	∅	8080,∅	8074	∅	∅	∅	8074	∅	∅	∅	∅	8080
jjq_0308,mcveraa,nē e Qo' nēn tēktēk mun e Qo',#	nē	e	Qo'	#	nē	=n	tēktēk	mu-n	e	Qo',#	DEM1	PERS.ART	Qo'	#	DEM1	=ART	RED:speak	POSS.GEN-CS	PERS.ART	Qo',"That was Qo', Qo' was talking.",en,MORPHEME_ALIGNED,,jjq_mp3 jjq_wav jjq_eaf jjq_xml jjq_tsv,,1190995,1193950,#nc	nc	nc	nc_pn_np.h	##	dem_pro:s	=ln	np:pred	rn	rn	rn_pn_np.h:poss,,jjq,∅	∅	∅	∅	∅	∅	∅	bridging	∅	∅	∅,∅	∅	∅	8001	∅	∅	∅	8088	∅	∅	8001,∅	∅	∅	8001	∅	∅	∅	8088	∅	∅	8001
jjq_0309,mcveraa,ba taga... Tagar lōlqōn̄ ēs sag 'i,#	ba	taga—	Tagar	lōlqōn̄	ē	=s	sag	'i,#	but	NC	Tagar	dark.minded	DEM3	=SIM	sit	DEL,"But Tagar lōlqōn̄, sitting there,",en,MORPHEME_ALIGNED,,jjq_mp3 jjq_wav jjq_eaf jjq_xml jjq_tsv,,1193950,1197197,##	other	nc	pn_np.h:s	rn	rn	=lv	v:pred	other,,jjq,∅	∅	∅	∅	∅	∅	∅	∅	∅,∅	∅	∅	8082	∅	∅	∅	∅	∅,∅	∅	∅	8082	∅	∅	∅	∅	∅
jjq_0310,mcveraa,dine tēk so 'ooo kamam mi'ir lēn qan̄ris,#	di	ne	tēk	so	#	'ooo	kamam	mi'ir	lē	=n	qan̄ris,#	3SG	TAM2:3SG	speak	QUOT	#	no	1PL.EX:TAM1	sleep	LOC	=ART	oven,"he said: 'No, no, we were sleeping in the stone oven.'",en,MORPHEME_ALIGNED,,jjq_mp3 jjq_wav jjq_eaf jjq_xml jjq_tsv,,1197197,1202699,##	pro.h:s_ds	lv-pro_h_s_ds	v:pred	other	##ds	other	pro.1:s	v:pred	adp	=ln	np:l,,jjq,∅	∅	∅	∅	∅	∅	∅	∅	∅	∅	∅	∅,∅	8082	∅	∅	∅	∅	∅	8074	∅	∅	∅	8086,∅	8082	∅	∅	∅	∅	∅	8074	∅	∅	∅	8086
jjq_0311,mcveraa,dine 'aram lu dire 'ekē,#	di	ne	'aram	lu	dirē	#	'e kē,#	3SG	TAM2:3SG	inform	through	3PL	#	oh.dear,"He gave them away, 'Oh dear!'",en,MORPHEME_ALIGNED,,jjq_mp3 jjq_wav jjq_eaf jjq_xml jjq_tsv,,1202699,1206652,##	pro.h:a	lv-pro_h_a	v:pred	rv	pro.h:p	#nc	nc,,jjq,∅	∅	∅	∅	∅	∅	∅	∅,∅	8082	∅	∅	∅	8074	∅	∅,∅	8082	∅	∅	∅	8074	∅	∅
jjq_0312,mcveraa,ba nēn mar... 'ama' ē ne lama'i so o qiri dir me mi'ir lik lēn qan̄ris,#	ba	nēn	mar—	'ama'	ē	ne	lama'i	so	#	o	qiri	dir	me	mi'ir	lik	lē	=n	qan̄ris,#	but	ART	NC	spirit	DEM3	TAM2:3SG	know	QUOT	#	INTERJ	today	3PL	FUT	sleep	more	LOC	=ART	oven,"So then the spirit knew: 'Ah, tonight they will sleep in the stone oven again.'",en,MORPHEME_ALIGNED,,jjq_mp3 jjq_wav jjq_eaf jjq_xml jjq_tsv,,1206652,1211865,##	other	ln	nc	np.d:s_ds	rn	lv-pro_d_s_ds	v:pred	other	##ds	other	other	pro.h:s	lv	v:pred	rv	adp	=ln	np:l,,jjq,∅	∅	∅	∅	∅	∅	∅	∅	∅	∅	∅	∅	∅	∅	∅	∅	∅	∅	∅,∅	∅	∅	∅	8077	∅	∅	∅	∅	∅	∅	∅	8074	∅	∅	∅	∅	∅	8086,∅	∅	∅	∅	8077	∅	∅	∅	∅	∅	∅	∅	8074	∅	∅	∅	∅	∅	8086
jjq_0313,mcveraa,nom kel ma qiri,#	no	=m	kēl	ma	qiri,#	1SG	=TAM1	back	hither	today,'When I come back tonight,en,MORPHEME_ALIGNED,,jjq_mp3 jjq_wav jjq_eaf jjq_xml jjq_tsv,,1211865,1213385,##ds	pro.1:s	=lv	v:pred	rv	other,,jjq,∅	∅	∅	∅	∅	∅,∅	8077	∅	∅	∅	∅,∅	8077	∅	∅	∅	∅
jjq_0314,mcveraa,dir wo gitag lēn bore ē,#	dir	wo	gitag	lē	=n	bo-re	ē,#	3PL	and	not.exist	LOC	=ART	POSS.BED-3PL	DEM3,"and they are not in their beds,",en,MORPHEME_ALIGNED,,jjq_mp3 jjq_wav jjq_eaf jjq_xml jjq_tsv,,1213385,1215256,##ds	pro.h:s	other	other:pred	adp	=ln	np:l	rn,,jjq,∅	∅	∅	∅	∅	∅	∅	∅,∅	8074	∅	∅	∅	∅	8085	∅,∅	8074	∅	∅	∅	∅	8085	∅
jjq_0315,mcveraa,dir lēn qan̄ris no me vus dirē nē,#	dir	lē	=n	qan̄ris	#	no	me	vus	dirē	nē,#	3PL	LOC	=ART	oven	#	1SG	FUT	kill	3PL	DEM1,then they will be in the stone oven and I will kill them.',en,MORPHEME_ALIGNED,,jjq_mp3 jjq_wav jjq_eaf jjq_xml jjq_tsv,,1215256,1218542,##ds	pro.h:s	adp	=ln	np:pred_l	##ds	pro.1:a	lv	v:pred	pro.h:p	other,,jjq,∅	∅	∅	∅	∅	∅	∅	∅	∅	∅	∅,∅	8074	∅	∅	8086	∅	8077	∅	∅	8074	∅,∅	8074	∅	∅	8086	∅	8077	∅	∅	8074	∅
jjq_0316,mcveraa,dirm 'og 'asenē vavavavan ne revrev,#	dir	=m	'ōg	asenē	va-va-va-van	#	ne	revrev,#	3PL	=TAM1	stay	MAN.DEM1.A	RED-RED-RED-go	#	TAM2:3SG	evening,"They stayed there like this, it got afternoon,",en,MORPHEME_ALIGNED,,jjq_mp3 jjq_wav jjq_eaf jjq_xml jjq_tsv,,1218542,1222721,##	pro.h:s	=lv	v:pred	other	other	##	lv-pro_s	v:pred,,jjq,∅	∅	∅	∅	∅	∅	∅	∅	∅,∅	8117	∅	∅	∅	∅	∅	∅	∅,∅	8117	∅	∅	∅	∅	∅	∅	∅
jjq_0317,mcveraa,dirk gengen qē',#	dir	=k	gengen	qē',#	3PL	=TAM2	RED-eat	finish,"and when they had finished their meals,",en,WORD_ALIGNED,,jjq_mp3 jjq_wav jjq_eaf jjq_xml jjq_tsv,,1222721,1225272,##	pro.h:s	=lv	v:pred	rv,,jjq,∅	∅	∅	∅	∅,∅	8117	∅	∅	∅,∅	8117	∅	∅	∅
jjq_0318,mcveraa,Tumeren ne tēk mē dirē,#	Tumeren	ne	tēk	mē	dirē,#	Tumeren	TAM2:3SG	speak	DAT	3PL,Tumeren said to them:,en,MORPHEME_ALIGNED,,jjq_mp3 jjq_wav jjq_eaf jjq_xml jjq_tsv,,1225272,1226880,##	pn_np.d:s_ds	lv-pro_d_s_ds	v:pred	adp	pro.h:g,,jjq,∅	∅	∅	∅	∅	∅,∅	8077	∅	∅	∅	8074,∅	8077	∅	∅	∅	8074
jjq_0319,mcveraa,nok van kal kel,#	no	=k	van	kal	kēl,#	1SG	=TAM2	go	upwards	back,'I'll go up again.,en,MORPHEME_ALIGNED,,jjq_mp3 jjq_wav jjq_eaf jjq_xml jjq_tsv,,1226880,1228522,##ds	pro.1:s	=lv	v:pred	rv	rv,,jjq,∅	∅	∅	∅	∅	∅,∅	8077	∅	∅	∅	∅,∅	8077	∅	∅	∅	∅
jjq_0320,mcveraa,nok van sar nok 'og'og 'i nok kel ma,#	no	=k	van	sar	#	no	=k	'ōg'ōg	'i	#	no	=k	kēl	ma,#	1SG	=TAM2	go	inland	#	1SG	=TAM2	RED:stay	DEL	#	1SG	=TAM2	back	hither,"I'll go up, stay there for a while, and then I come back",en,MORPHEME_ALIGNED,,jjq_mp3 jjq_wav jjq_eaf jjq_xml jjq_tsv,,1228522,1230998,##ds	pro.1:s	=lv	v:pred	rv	##ds	pro.1:s	=lv	v:pred	rv	##ds	pro.1:s	=lv	v:pred	rv,,jjq,∅	∅	∅	∅	∅	∅	∅	∅	∅	∅	∅	∅	∅	∅	∅,∅	8077	∅	∅	∅	∅	8077	∅	∅	∅	∅	8077	∅	∅	∅,∅	8077	∅	∅	∅	∅	8077	∅	∅	∅	∅	8077	∅	∅	∅
jjq_0321,mcveraa,gēdēk kakaka lik,#	gidē	=k	ka-kaka	lik,#	1PL.IN	=TAM2	RED-story	more,and we talk again.',en,MORPHEME_ALIGNED,,jjq_mp3 jjq_wav jjq_eaf jjq_xml jjq_tsv,,1230998,1232301,##ds	pro.1:s	=lv	v:pred	other,,jjq,∅	∅	∅	∅	∅,∅	8117	∅	∅	∅,∅	8117	∅	∅	∅
jjq_0322,mcveraa,'o gitag ga itok,#	'o	gitag	#	ga	itok,#	INTERJ	not.exist	#	STAT	good,"'Yeah, that's great.'",en,MORPHEME_ALIGNED,,jjq_mp3 jjq_wav jjq_eaf jjq_xml jjq_tsv,,1232301,1233877,##ds	other	other:pred	##ds	lv	v:pred,,jjq,∅	∅	∅	∅	∅	∅,∅	∅	∅	∅	∅	∅,∅	∅	∅	∅	∅	∅
jjq_0323,mcveraa,nē tēktēk mun e Qo' nē,#	nē	tēktēk	mu-n	e	Qo'	nē,#	DEM1	RED:speak	POSS.GEN-CS	PERS.ART	Qo'	DEM1,That was Qo' saying that.,en,MORPHEME_ALIGNED,,jjq_mp3 jjq_wav jjq_eaf jjq_xml jjq_tsv,,1233877,1236902,##	dem_pro:s	np:pred	rn	rn	rn_pn_np.h:poss	other,,jjq,∅	∅	bridging	∅	∅	∅	∅,∅	∅	8089	∅	∅	8001	∅,∅	∅	8089	∅	∅	8001	∅
jjq_0324,mcveraa,dim van kel rōw van ne van 'anē ne ōn sur,#	di	=m	van	kēl	rōw	#	ZERO	van	ne	van	anē	#	ZERO	ne	ōn	sur,#	3SG	=TAM1	go	back	downhill	#	ZERO	go	TAM2:3SG	go	DEM1.A	#	ZERO	TAM2:3SG	lie	down,"He went down again, went and lay down.",en,MORPHEME_ALIGNED,,jjq_mp3 jjq_wav jjq_eaf jjq_xml jjq_tsv,,1236902,1240162,##	pro.d:s	=lv	v:pred	rv	rv	##	0.d:s	nc	lv-pro_d_s	v:pred	other	##	0.d:s	lv-pro_d_s	v:pred	rv,,jjq,∅	∅	∅	∅	∅	∅	∅	∅	∅	∅	∅	∅	∅	∅	∅	∅	∅,∅	8077	∅	∅	∅	∅	∅	8077	∅	∅	∅	∅	∅	8077	∅	∅	∅,∅	8077	∅	∅	∅	∅	∅	8077	∅	∅	∅	∅	∅	8077	∅	∅	∅
jjq_0325,mcveraa,ne mi'ir mi'ir gal sa 'e raga 'anē,#	ZERO	ne	mi'ir	#	ZERO	mi'ir	gal	sa	e	raga	anē,#	ZERO	TAM2:3SG	sleep	#	ZERO	sleep	lie	EMPH	PERS.ART	people	DEM1,"and slept, pretended to sleep, cheating those.",en,MORPHEME_ALIGNED,,jjq_mp3 jjq_wav jjq_eaf jjq_xml jjq_tsv,,1240162,1242824,##	0.d:s	lv-pro_d_s	v:pred	##	0.d:a	v:pred	rv	other	ln	np.h:p	rn,,jjq,∅	∅	∅	∅	∅	∅	∅	∅	∅	∅	∅	∅,∅	8077	∅	∅	∅	8077	∅	∅	∅	∅	8074	∅,∅	8077	∅	∅	∅	8077	∅	∅	∅	∅	8074	∅
jjq_0326,mcveraa,wo e Qo' ne tēk mē 'eraga nōgi,#	wo	e	Qo'	ne	tēk	mē	e	raga	nō	-gi,#	and	PERS.ART	Qo'	TAM2:3SG	speak	DAT	PERS.ART	people	POSS.DOM	-3SG,And Qo' said to his:,en,MORPHEME_ALIGNED,,jjq_mp3 jjq_wav jjq_eaf jjq_xml jjq_tsv,,1242824,1245333,##	other	ln	pn_np.h:s_ds	lv-pro_h_s_ds	v:pred	adp	ln	ln	np.h:g	-rn_pro.h:poss,,jjq,∅	∅	∅	∅	∅	∅	∅	∅	∅	∅	∅,∅	∅	∅	8001	∅	∅	∅	∅	∅	8063	8001,∅	∅	∅	8001	∅	∅	∅	∅	∅	8063	8001
jjq_0327,mcveraa,'ei gēdē mas mi'ir ros lēn qan̄ris,#	'ei	gidē	mas	mi'ir	rōs	lē	=n	qan̄ris,#	INTERJ	1PL.IN	PROH1	sleep	PROH2	LOC	=ART	oven,"'Hey, we can't sleep in the stone oven.",en,MORPHEME_ALIGNED,,jjq_mp3 jjq_wav jjq_eaf jjq_xml jjq_tsv,,1245333,1248380,##ds	other	pro.1:s	lv	v:pred	rv	adp	=ln	np:l,,jjq,∅	∅	∅	∅	∅	∅	∅	∅	∅,∅	∅	8074	∅	∅	∅	∅	∅	8086,∅	∅	8074	∅	∅	∅	∅	∅	8086
jjq_0328,mcveraa,'enei gēdē me mul kal sa?gēn,#	enei	gidē	me	mul	kal	sagēn,#	now	1PL.IN	FUT	go	upwards	up,Now we will go up there.',en,MORPHEME_ALIGNED,,jjq_mp3 jjq_wav jjq_eaf jjq_xml jjq_tsv,,1248380,1251553,##ds	other	pro.1:s	lv	v:pred	rv	other:g,,jjq,∅	∅	∅	∅	∅	∅	∅,∅	∅	8074	∅	∅	∅	∅,∅	∅	8074	∅	∅	∅	∅
jjq_0329,mcveraa,dirk mul kal sar ma 'an ēn ... n woruqruqō,#	dir	=k	mul	kal	sar	ma	a	=n	ēn	n	woruqruqō,#	3PL	=TAM2	go	upwards	in	hither	LOC.SP	=ART	ART	ART	struts,"Then they went up to the struts of the roofing,",en,MORPHEME_ALIGNED,,jjq_mp3 jjq_wav jjq_eaf jjq_xml jjq_tsv,,1251553,1258033,##	pro.h:s	=lv	v:pred	rv	rv	rv	adp	nc	nc	ln	np:g,,jjq,∅	∅	∅	∅	∅	∅	∅	∅	∅	∅	∅	new,∅	8074	∅	∅	∅	∅	∅	∅	∅	∅	∅	8090,∅	8074	∅	∅	∅	∅	∅	∅	∅	∅	∅	8090
jjq_0330,mcveraa,woruqruq 'alēn nim̄ē,woruqruq	'alē	=n	nim̄ē,struts	ASS	=ART	house,the struts of a house.,en,MORPHEME_ALIGNED,,jjq_mp3 jjq_wav jjq_eaf jjq_xml jjq_tsv,,1258033,1260153,np:dt_g	rn	rn	rn_np,,jjq,∅	∅	∅	∅,8090	∅	∅	8080,8090	∅	∅	8080
jjq_0331,mcveraa,Qo' ne din̄ wōr ēn wio dirk kal lēn lōlōgi,#	Qo'	ne	din̄	wōr	ēn	wio	#	dir	=k	kal	lē	=n	lōlō	-gi,#	Qo'	TAM2:3SG	flick	shatter	ART	bamboo	#	3PL	=TAM2	enter	LOC	=ART	inside	-3SG,Qo' flicked open the bamboos and they entered it.,en,MORPHEME_ALIGNED,,jjq_mp3 jjq_wav jjq_eaf jjq_xml jjq_tsv,,1260153,1264127,##	pn_np.h:a	lv-pro_h_a	v:pred	rv	ln	np:p	##	pro.h:s	=lv	v:pred	adp	=ln	np:g	-rn_pro:poss,,jjq,∅	∅	∅	∅	∅	∅	new	∅	∅	∅	∅	∅	∅	bridging	∅,∅	8001	∅	∅	∅	∅	8091	∅	8074	∅	∅	∅	∅	8092	8091,∅	8001	∅	∅	∅	∅	8091	∅	8074	∅	∅	∅	∅	8092	8091
jjq_0332,mcveraa,dirk kal lēn lōlōgi dirm mi'ir,#	dir	=k	kal	lē	=n	lōlō	-gi	#	dir	=m	mi'ir,#	3PL	=TAM2	enter	LOC	=ART	inside	-3SG	#	3PL	=TAM1	sleep,They went inside. They were sleeping.,en,MORPHEME_ALIGNED,,jjq_mp3 jjq_wav jjq_eaf jjq_xml jjq_tsv,,1264127,1267687,##	pro.h:s	=lv	v:pred	adp	=ln	np:g	-rn_pro:poss	##	pro.h:s	=lv	v:pred,,jjq,∅	∅	∅	∅	∅	∅	∅	∅	∅	∅	∅	∅,∅	8074	∅	∅	∅	∅	8092	8091	∅	8074	∅	∅,∅	8074	∅	∅	∅	∅	8092	8091	∅	8074	∅	∅
jjq_0333,mcveraa,'ama' ēm 'ō'ōgo so 'enei 'e raga man mimi'ir,#	'ama'	ē	=m	'ō-'ōgo	#	ZERO	so	#	enei	e	raga	man	mi-mi'ir,#	spirit	DEM3	=TAM1	RED-stay	#	ZERO	QUOT	#	now	PERS.ART	people	PFV	RED-sleep,"and the devil was staying there, then said: 'Now everybody will already be sleeping.'",en,MORPHEME_ALIGNED,,jjq_mp3 jjq_wav jjq_eaf jjq_xml jjq_tsv,,1267687,1271465,##	np.d:s	rn	=lv	v:pred	##	0.d:s	other:pred	##ds	other	ln	np.h:s	lv	v:pred,,jjq,∅	∅	∅	∅	∅	∅	∅	∅	∅	∅	∅	∅	∅	∅,∅	8077	∅	∅	∅	∅	8077	∅	∅	∅	∅	8074	∅	∅,∅	8077	∅	∅	∅	∅	8077	∅	∅	∅	∅	8074	∅	∅
jjq_0334,mcveraa,e dine kel ma Tumeren nē,#	e	di	ne	kēl	ma	Tumeren	nē,#	DISC	3SG	TAM2:3SG	back	hither	Tumeren	DEM1,"So he returned, that is Tumeren! (HE returned.)",en,MORPHEME_ALIGNED,,jjq_mp3 jjq_wav jjq_eaf jjq_xml jjq_tsv,,1271465,1273846,##	other	pro.d:s	lv-pro_d_s	v:pred	rv	pn_np.d:dt_s	other,,jjq,∅	∅	∅	∅	∅	∅	∅	∅,∅	∅	8077	∅	∅	∅	8077	∅,∅	∅	8077	∅	∅	∅	8077	∅
jjq_0335,mcveraa,kel ma van ma van ma van din̄ man lōlō im̄ē,#	ZERO	kēl	ma	#	ZERO	van	ma	#	ZERO	van	ma	#	ZERO	van	din̄	ma	=n	lōlō	im̄ē,#	ZERO	back	hither	#	ZERO	go	hither	#	ZERO	go	hither	#	ZERO	go	reach	hither	=ART	inside	house,"came back, came closer and closer, then went inside the house,",en,MORPHEME_ALIGNED,,jjq_mp3 jjq_wav jjq_eaf jjq_xml jjq_tsv,,1273846,1277416,##	0.d:s	v:pred	rv	##	0.d:s	v:pred	rv	##	0.d:s	v:pred	rv	##	0.d:a	v:pred	rv	rv	=ln	ln	np:p,,jjq,∅	∅	∅	∅	∅	∅	∅	∅	∅	∅	∅	∅	∅	∅	∅	∅	∅	∅	bridging	∅,∅	8077	∅	∅	∅	8077	∅	∅	∅	8077	∅	∅	∅	8077	∅	∅	∅	∅	8093	8080,∅	8077	∅	∅	∅	8077	∅	∅	∅	8077	∅	∅	∅	8077	∅	∅	∅	∅	8093	8080
jjq_0336,mcveraa,rōn̄ so 'e raga 'anē ga n̄ōn̄ōdo,#	ZERO	rōn̄	so	#	e	raga	anē	ga	n̄ō-n̄ōdo,#	ZERO	hear	QUOT	#	PERS.ART	people	DEM1.A	STAT	RED-snore,heard: 'Everybody is snoring.',en,MORPHEME_ALIGNED,,jjq_mp3 jjq_wav jjq_eaf jjq_xml jjq_tsv,,1277416,1280958,##	0.d:s	v:pred	other	##ds	ln	np.h:s	rn	lv	v:pred,,jjq,∅	∅	∅	∅	∅	∅	∅	∅	∅	∅,∅	8077	∅	∅	∅	∅	8074	∅	∅	∅,∅	8077	∅	∅	∅	∅	8074	∅	∅	∅
jjq_0337,mcveraa,o 'e raga 'anē gitag 'ekēgēn,#	o	e	raga	anē	gitag	'ekēgēn,#	INTERJ	PERS.ART	people	DEM1.A	not.exist	LOC.DEM2,"'Oh, these guys are not here.",en,MORPHEME_ALIGNED,,jjq_mp3 jjq_wav jjq_eaf jjq_xml jjq_tsv,,1280958,1283445,##ds.neg	other	ln	np.h:s	rn	other:pred	other:l,,jjq,∅	∅	∅	∅	∅	∅	∅,∅	∅	∅	8074	∅	∅	8093,∅	∅	∅	8074	∅	∅	8093
jjq_0338,mcveraa,dir ne gitag lēn bore,#	dir	ne	gitag	lē	=n	bo	-re,#	3PL	NC	not.exist	LOC	=ART	POSS.BED	-3PL,They are not in the beds.,en,MORPHEME_ALIGNED,,jjq_mp3 jjq_wav jjq_eaf jjq_xml jjq_tsv,,1283445,1285552,##ds	pro.h:s	other	other:pred	adp	=ln	np:l	-rn_pro.h:poss,,jjq,∅	∅	∅	∅	∅	∅	∅	∅,∅	8074	∅	∅	∅	∅	8085	8074,∅	8074	∅	∅	∅	∅	8085	8074
jjq_0339,mcveraa,dir lēn qan̄ris nē,#	dir	lē	=n	qan̄ris	nē,#	3PL	LOC	=ART	oven	DEM1,They are in the stone oven.',en,MORPHEME_ALIGNED,,jjq_mp3 jjq_wav jjq_eaf jjq_xml jjq_tsv,,1285552,1287776,##ds	pro.h:s	adp	=ln	np:l	other,,jjq,∅	∅	∅	∅	∅	∅,∅	8074	∅	∅	8086	∅,∅	8074	∅	∅	8086	∅
jjq_0340,mcveraa,row suwo 'an̄ siksik dir 'an̄ siksik dire,#	ZERO	rōw	suwo	#	ZERO	'an̄	siksik	dir	#	ZERO	'an̄	siksik	dirē,#	ZERO	skip	thither	#	ZERO	hand.move	RED:search	3PL	#	ZERO	hand.move	RED:search	3PL,"he felt for them (with his hands), felt for them (with his hands)",en,MORPHEME_ALIGNED,,jjq_mp3 jjq_wav jjq_eaf jjq_xml jjq_tsv,,1287776,1290930,##	0.d:s	v:pred	other:g	##	0.d:a	v:pred	rv	pro.h:p	##	0.d:a	v:pred	rv	pro.h:p,,jjq,∅	∅	∅	∅	∅	∅	∅	∅	∅	∅	∅	∅	∅	∅,∅	8077	∅	∅	∅	8077	∅	∅	8074	∅	8077	∅	∅	8074,∅	8077	∅	∅	∅	8077	∅	∅	8074	∅	8077	∅	∅	8074
jjq_0341,mcveraa,sēs 'a'ag vir? ēn qan̄ris 'anē sēs 'av'avrōn qan̄ris 'anē vavavavan,#	ZERO	sēs	'a-'ag	vir	ēn	qan̄ris	anē	#	ZERO	sēs	'av'avrō	=n	qan̄ris	anē	va-va-va-van,#	ZERO	root	RED-follow	NC	ART	oven	DEM1.A	#	ZERO	root	NC	=ART	oven	DEM1.A	RED-RED-RED-go,"rooted through the stone oven, rooted through the whole stone oven,",en,MORPHEME_ALIGNED,,jjq_mp3 jjq_wav jjq_eaf jjq_xml jjq_tsv,,1290930,1295359,##	0.d:a	v:pred	rv	nc	ln	np:p	rn	##	0.d:a	v:pred	rv	=ln	np:p	rn	other,,jjq,∅	∅	∅	∅	∅	∅	∅	∅	∅	∅	∅	∅	∅	∅	∅	∅,∅	8077	∅	∅	∅	∅	8086	∅	∅	8077	∅	∅	∅	8086	∅	∅,∅	8077	∅	∅	∅	∅	8086	∅	∅	8077	∅	∅	∅	8086	∅	∅
jjq_0342,mcveraa,sēs siksik dire vavan n... siksik lēge,#	ZERO	sēs	siksik	dirē	vavan	n—	#	ZERO	siksik	lēge	ZERO,#	ZERO	root	RED:search	3PL	RED-go	NC	#	ZERO	RED:search	in.vain	ZERO,"rooted through for them, and couldn't find (them),",en,WORD_ALIGNED,,jjq_mp3 jjq_wav jjq_eaf jjq_xml jjq_tsv,,1295359,1298982,##	0.d:a	v:pred	rv	pro.h:p	other	nc	##	0.d:a	v:pred	rv	0.h:p,,jjq,∅	∅	∅	∅	∅	∅	∅	∅	∅	∅	∅	∅,∅	8077	∅	∅	8074	∅	∅	∅	8077	∅	∅	8074,∅	8077	∅	∅	8074	∅	∅	∅	8077	∅	∅	8074
jjq_0343,mcveraa,wo ne mulō,#	wo	ZERO	ne	mulō,#	and	ZERO	TAM2:3SG	go,and went home.,en,MORPHEME_ALIGNED,,jjq_mp3 jjq_wav jjq_eaf jjq_xml jjq_tsv,,1298982,1300856,##	other	0.d:s	lv-pro_d_s	v:pred,,jjq,∅	∅	∅	∅	∅,∅	∅	8077	∅	∅,∅	∅	8077	∅	∅
jjq_0344,mcveraa,mul din̄ kel ēn gamal mugi ne mi'ir,#	ZERO	mul	din̄	kēl	ēn	gamal	mu	-gi	#	ZERO	ne	mi'ir,#	ZERO	go	reach	back	ART	men's.house	POSS.GEN	-3SG	#	ZERO	TAM2:3SG	sleep,Went back to his house and went to sleep.,en,MORPHEME_ALIGNED,,jjq_mp3 jjq_wav jjq_eaf jjq_xml jjq_tsv,,1300856,1303868,##	0.d:a	v:pred	rv	rv	ln	np:p	rn	-rn_pro.d:poss	##	0.d:s	lv-pro_d_s	v:pred,,jjq,∅	∅	∅	∅	∅	∅	∅	∅	∅	∅	∅	∅	∅,∅	8077	∅	∅	∅	∅	8087	∅	8077	∅	8077	∅	∅,∅	8077	∅	∅	∅	∅	8087	∅	8077	∅	8077	∅	∅
jjq_0345,mcveraa,lēn ma'av wal va'i nē e Qo' dire man 'ēqēl,#	lē	=n	ma'av	wal	va'i	nē	e	Qo'	dirē	man	'ēqēl,#	LOC	=ART	morning	once	still	DEM1	PERS.ART	Qo'	3PL	PFV	descend,When it was still early morning Qo' and the others had already come down.,en,MORPHEME_ALIGNED,,jjq_mp3 jjq_wav jjq_eaf jjq_xml jjq_tsv,,1303868,1307546,##	adp	=ln	np:dt	rn	rn	other	ln	pn_np.h:s	pro.h:appos	lv	v:pred,,jjq,∅	∅	∅	∅	∅	∅	∅	∅	∅	∅	∅	∅,∅	∅	∅	∅	∅	∅	∅	∅	8001	8074	∅	∅,∅	∅	∅	∅	∅	∅	∅	∅	8001	8074	∅	∅
jjq_0346,mcveraa,man kal lu den ēn wio dir man 'ēqēl m̄as ver 'ōg 'i lēn lō.. lōlō im̄ē,#	ZERO	man	kalu	den	ēn	wio	#	dir	man	'ēqēl	m̄as	#	ZERO	ver-'ōg	'i	lē	=n	lō—	lōlō	im̄ē,#	ZERO	PFV	exit	ABL	ART	bamboo	#	3PL	PFV	descend	INABIL2?	#	ZERO	RCP-stay	DEL	LOC	=ART	NC	inside	house,had already left the bamboos and gone down [UNCLEAR],en,MORPHEME_ALIGNED,,jjq_mp3 jjq_wav jjq_eaf jjq_xml jjq_tsv,,1307546,1312087,##	0.h:s	lv	v:pred	adp	ln	np:obl	##	pro.h:s	lv	v:pred	nc	##	0.h:s	v:pred	rv	adp	=ln	nc	ln	np:l,,jjq,∅	∅	∅	∅	∅	∅	∅	∅	∅	∅	∅	∅	∅	∅	∅	∅	∅	∅	∅	∅	∅,∅	8074	∅	∅	∅	∅	8091	∅	8074	∅	∅	∅	∅	8074	∅	∅	∅	∅	∅	8093	8080,∅	8074	∅	∅	∅	∅	8091	∅	8074	∅	∅	∅	∅	8074	∅	∅	∅	∅	∅	8093	8080
jjq_0347,mcveraa,misin ros e Tumeren ne kel ma,#	misin	rōs	#	e	Tumeren	ne	kēl	ma,#	long.time	GEN.NEG2	#	PERS.ART	Tumeren	TAM2:3SG	back	hither,Shortly after that Tumeren came back again.,en,MORPHEME_ALIGNED,,jjq_mp3 jjq_wav jjq_eaf jjq_xml jjq_tsv,,1312087,1314732,##	v:pred	rv	#cc	ln	pn_np.d:s	lv-pro_d_s	v:pred	rv,,jjq,∅	∅	∅	∅	∅	∅	∅	∅	∅,∅	∅	∅	∅	∅	8077	∅	∅	∅,∅	∅	∅	∅	∅	8077	∅	∅	∅
jjq_0348,mcveraa,kel ma lēn lōlō im̄ē,#	ZERO	kēl	ma	lē	=n	lōlō	im̄ē,#	ZERO	back	hither	LOC	=ART	inside	house,Came back into the house:,en,MORPHEME_ALIGNED,,jjq_mp3 jjq_wav jjq_eaf jjq_xml jjq_tsv,,1314732,1316682,##	0.d:s	v:pred	rv	adp	=ln	ln	np:g,,jjq,∅	∅	∅	∅	∅	∅	∅	∅,∅	8077	∅	∅	∅	∅	8093	8080,∅	8077	∅	∅	∅	∅	8093	8080
jjq_0349,mcveraa,ei ma'av ga wē kimi bulsal ma'av ga wēe,#	ei	ma'av	ga	wē	kimi	bulsal	#	ma'av	ga	wiē,#	INTERJ	morning	STAT	good	2TL	friend	#	morning	STAT	good,"'Hey, good morning, my friends.' 'Good morning.'",en,MORPHEME_ALIGNED,,jjq_mp3 jjq_wav jjq_eaf jjq_xml jjq_tsv,,1316682,1320113,##ds	other	np:pred	rn	rn	pro.2:voc	np.2:voc	##ds	np:pred	rn	rn,,jjq,∅	∅	∅	∅	∅	∅	∅	∅	∅	∅	∅,∅	∅	∅	∅	∅	8074	8074	∅	∅	∅	∅,∅	∅	∅	∅	∅	8074	8074	∅	∅	∅	∅
jjq_0350,mcveraa,'ei ba nom van ma nonoro lēn revrev kimim 'ōg 'i 'a vie,#	'ei	ba	no	=m	van	ma	nonoro	lē	=n	revrev	#	kimi	=m	'ōg	'i	a	viē,#	INTERJ	but	1SG	=TAM1	go	hither	yesterday	LOC	=ART	evening	#	2PL	=TAM1	stay	DEL	LOC.SP	where,"'Hey, I came here yesterday in the afternoon, but where were you guys?'",en,MORPHEME_ALIGNED,,jjq_mp3 jjq_wav jjq_eaf jjq_xml jjq_tsv,,1320113,1323231,##ds	other	other	pro.1:s	=lv	v:pred	rv	other	adp	=ln	np:other	##ds	pro.2:s	=lv	v:pred	rv	adp	other:l,,jjq,∅	∅	∅	∅	∅	∅	∅	∅	∅	∅	∅	∅	∅	∅	∅	∅	∅	∅,∅	∅	∅	8077	∅	∅	∅	∅	∅	∅	∅	∅	8074	∅	∅	∅	∅	∅,∅	∅	∅	8077	∅	∅	∅	∅	∅	∅	∅	∅	8074	∅	∅	∅	∅	∅
jjq_0351,mcveraa,so kamam mi'ir wal sa kēnei,#	ZERO	so	#	kamam	mi'ir	wal	sa	kēnei,#	ZERO	QUOT	#	1PL.EX:TAM1	sleep	once	EMPH	LOC.DEM4,'We slept right here!',en,MORPHEME_ALIGNED,,jjq_mp3 jjq_wav jjq_eaf jjq_xml jjq_tsv,,1323231,1326094,##	0.h:s	other:pred	##ds	pro.1:s	v:pred	other	other	other:l,,jjq,∅	∅	∅	∅	∅	∅	∅	∅	∅,∅	8074	∅	∅	8074	∅	∅	∅	8080,∅	8074	∅	∅	8074	∅	∅	∅	8080
jjq_0352,mcveraa,'ei ba nom van ma kimi ne gitag lēn bomi nom van lēn qan̄ris a kimim mi'ir bēne kimi gitag,#	'ei	ba	no	=m	van	ma	#	kimi	ne	gitag	lē	=n	bo	-mi	#	no	=m	van	lē	=n	qan̄ris	#	a	kimi	=m	mi'ir	bēne	#	kimi	gitag	ZERO,#	INTERJ	but	1SG	=TAM1	go	hither	#	2PL	NC	not.exist	LOC	=ART	POSS.BED	-2PL	#	1SG	=TAM1	go	LOC	=ART	oven	#	REL	2PL	=TAM1	sleep	PRO.OBL	#	2PL	not.exist	ZERO,"'Hey, but when I came here you guys were not in your beds. I went to the stone oven where you were sleeping, but you were not there.'",en,MORPHEME_ALIGNED,,jjq_mp3 jjq_wav jjq_eaf jjq_xml jjq_tsv,,1326094,1332442,##ds	other	other	pro.1:s	=lv	v:pred	rv	##	pro.2:s	other	other:pred	adp	=ln	np:l	-rn_pro.2:poss	##ds	pro.1:s	=lv	v:pred	adp	=ln	np:g	#ds_rc_rn	other	pro.2:s	=lv	v:pred	other:l	##ds.neg	pro.2:s	other:pred	0:l,,jjq,∅	∅	∅	∅	∅	∅	∅	∅	∅	∅	∅	∅	∅	∅	∅	∅	∅	∅	∅	∅	∅	∅	∅	∅	∅	∅	∅	∅	∅	∅	∅	∅,∅	∅	∅	8077	∅	∅	∅	∅	8074	∅	∅	∅	∅	8085	8074	∅	8077	∅	∅	∅	∅	8086	∅	∅	8074	∅	∅	8086	∅	8074	∅	8086,∅	∅	∅	8077	∅	∅	∅	∅	8074	∅	∅	∅	∅	8085	8074	∅	8077	∅	∅	∅	∅	8086	∅	∅	8074	∅	∅	8086	∅	8074	∅	8086
jjq_0353,mcveraa,Tagarlōlqōn̄ ne sag 'i so,#	Tagarlōlqōn̄	ne	sag	'i	#	ZERO	so,#	Tagarlōlqōn̄	TAM2:3SG	sit	DEL	#	ZERO	QUOT,"Tagarlōlqōn̄ was sitting there, saying:",en,MORPHEME_ALIGNED,,jjq_mp3 jjq_wav jjq_eaf jjq_xml jjq_tsv,,1332442,1334113,##	pn_np.h:s	lv-pro_d_s	v:pred	rv	##	0.h:s	other:pred,,jjq,∅	∅	∅	∅	∅	∅	∅	∅,∅	8082	∅	∅	∅	∅	8082	∅,∅	8082	∅	∅	∅	∅	8082	∅
jjq_0354,mcveraa,kamam mi'ir sa gēnē lēn wio,#	kamam	mi'ir	sa	gēnē	lē	=n	wio,#	1PL.EX:TAM1	sleep	EMPH	DEM2	LOC	=ART	bamboo,'We slept right here in the bamboos.,en,MORPHEME_ALIGNED,,jjq_mp3 jjq_wav jjq_eaf jjq_xml jjq_tsv,,1334113,1336406,##ds	pro.1:s	v:pred	other	other:l	adp	=ln	np:dt_l,,jjq,∅	∅	∅	∅	∅	∅	∅	∅,∅	8074	∅	∅	8091	∅	∅	8091,∅	8074	∅	∅	8091	∅	∅	8091
jjq_0355,mcveraa,kamam mi'ir 'an wōruqruqō,#	kamam	mi'ir	a	=n	wōruqruqō,#	1PL.EX:TAM1	sleep	LOC.SP	=ART	struts,We slept on the struts.',en,MORPHEME_ALIGNED,,jjq_mp3 jjq_wav jjq_eaf jjq_xml jjq_tsv,,1336406,1340403,##ds	pro.1:s	v:pred	adp	=ln	np:l,,jjq,∅	∅	∅	∅	∅	∅,∅	8074	∅	∅	∅	8090,∅	8074	∅	∅	∅	8090
jjq_0356,mcveraa,e Qo' so 'ekē,#	e	Qo'	so	#	'ekē,#	PERS.ART	Qo'	QUOT	#	oh.dear,"So Qo' said: 'Oh dear,",en,MORPHEME_ALIGNED,,jjq_mp3 jjq_wav jjq_eaf jjq_xml jjq_tsv,,1340403,1343622,##	ln	pn_np.h:s	other:pred	##ds	other:pred,,jjq,∅	∅	∅	∅	∅	∅,∅	∅	8001	∅	∅	∅,∅	∅	8001	∅	∅	∅
jjq_0357,mcveraa,kamam me mi'ir qiri kivi lik,#	kamam	me	mi'ir	qiri	kiviē	lik,#	1PL.EX	FUT	sleep	today	where	more,Where else would we be sleeping tonight then?',en,MORPHEME_ALIGNED,,jjq_mp3 jjq_wav jjq_eaf jjq_xml jjq_tsv,,1343622,1345548,##ds	pro.1:s	lv	v:pred	other	other:l	other,,jjq,∅	∅	∅	∅	∅	∅	∅,∅	8074	∅	∅	∅	∅	∅,∅	8074	∅	∅	∅	∅	∅
jjq_0358,mcveraa,ba e Qo' di ga lama'i 'a vie rekso dir me mi'ir ba 'e raga 'i'isigi so,#	ba	e	Qo'	di	ga	lama'i	#	a	vie	rekso	dir	me	mi'ir	#	ba	e	raga	'i-'isi	-gi	so,#	but	PERS.ART	Qo'	3SG	STAT	know	#	LOC.SP	where	like	3PL	FUT	sleep	#	but	PERS.ART	people	NSG-brother	-3SG	QUOT,"But Qo' knew where they will sleep, but his brothers said:",en,MORPHEME_ALIGNED,,jjq_mp3 jjq_wav jjq_eaf jjq_xml jjq_tsv,,1345548,1348667,##	other	ln	pn_np.h:dt_s	pro.h:s	lv	v:pred	#cc	adp	other:l	other	pro.h:s	lv	v:pred	##	other	ln	ln	np.h:s	-rn_pro.h:poss	other:pred,,jjq,∅	∅	∅	∅	∅	∅	∅	∅	∅	∅	∅	∅	∅	∅	∅	∅	∅	∅	∅	∅	∅,∅	∅	∅	8001	8001	∅	∅	∅	∅	∅	∅	8074	∅	∅	∅	∅	∅	∅	8002	8001	∅,∅	∅	∅	8001	8001	∅	∅	∅	∅	∅	∅	8074	∅	∅	∅	∅	∅	∅	8002	8001	∅
jjq_0359,mcveraa,e ge? 'anē ne 'aram gēdē ba mē? da bēn sivie nē,#	e	ge	anē	ne	'aram	gidē	#	ba	me	da	bēn	siviē	nē,#	PERS.ART	THING	DEM1.A	TAM2:3SG	tell	1PL.IN	#	but	FUT	do	PRO.OBL	how	DEM1,"'That guy gave us away, but what will we do about it?'",en,MORPHEME_ALIGNED,,jjq_mp3 jjq_wav jjq_eaf jjq_xml jjq_tsv,,1348667,1352520,##ds	ln	np.h:a	rn	lv-pro_h_a	v:pred	pro.1:p	##ds	other	lv	v:pred	other	other	other,,jjq,∅	∅	∅	∅	∅	∅	∅	∅	∅	∅	∅	∅	∅	∅,∅	∅	8082	∅	∅	∅	8074	∅	∅	∅	∅	∅	∅	∅,∅	∅	8082	∅	∅	∅	8074	∅	∅	∅	∅	∅	∅	∅
jjq_0360,mcveraa,'ekēm qō... dirm 'ōg 'asēnē vavavan revrev,#	'ekē=m	qō—	#	dir	=m	'ōg	asēnē	va-va-van	#	revrev,#	place=TAM1	NC	#	3PL	=TAM1	stay	MAN.DEM1.A	RED-RED-go	#	evening,They stayed there until afternoon,en,MORPHEME_ALIGNED,,jjq_mp3 jjq_wav jjq_eaf jjq_xml jjq_tsv,,1352520,1357221,#nc	nc	nc	##	pro.h:s	=lv	v:pred	other	other	##	other:pred,,jjq,∅	∅	∅	∅	∅	∅	∅	∅	∅	∅	∅,∅	∅	∅	∅	8074	∅	∅	∅	∅	∅	∅,∅	∅	∅	∅	8074	∅	∅	∅	∅	∅	∅
jjq_0361,mcveraa,Tumeren ne row lu kel ma mē dire dirk gengen,#	Tumeren	ne	rōw	lu	kēl	ma	mē	dirē	#	dir	=k	gengen,#	Tumeren	TAM2:3SG	skip	through	back	hither	DAT	3PL	#	3PL	=TAM2	RED-eat,"when Tumeren went to them again, and they ate.",en,WORD_ALIGNED,,jjq_mp3 jjq_wav jjq_eaf jjq_xml jjq_tsv,,1357221,1361285,##	pn_np.d:s	lv-pro_d_s	v:pred	rv	rv	rv	adp	pro.h:g	##	pro.h:s	=lv	v:pred,,jjq,∅	∅	∅	∅	∅	∅	∅	∅	∅	∅	∅	∅	∅,∅	8077	∅	∅	∅	∅	∅	∅	8074	∅	8117	∅	∅,∅	8077	∅	∅	∅	∅	∅	∅	8074	∅	8117	∅	∅
jjq_0362,mcveraa,dirm gengen qē',#	dir	=m	gengen	qē',#	3PL	=TAM1	RED:eat	finish,"When they had finished their meal,",en,MORPHEME_ALIGNED,,jjq_mp3 jjq_wav jjq_eaf jjq_xml jjq_tsv,,1361285,1363648,##	pro.h:s	=lv	v:pred	rv,,jjq,∅	∅	∅	∅	∅,∅	8117	∅	∅	∅,∅	8117	∅	∅	∅
jjq_0363,mcveraa,dine tēk kel mēn e Qo' so,#	di	ne	tēk	kēl	mē-n	e	Qo'	so,#	3SG	TAM2:3SG	speak	back	DAT-CS	PERS.ART	Qo'	QUOT,he again said to Qo':,en,MORPHEME_ALIGNED,,jjq_mp3 jjq_wav jjq_eaf jjq_xml jjq_tsv,,1363648,1365728,##	pro.d:s_ds	lv-pro_h_s_ds	v:pred	rv	adp	ln	pn_np.h:g	other,,jjq,∅	∅	∅	∅	∅	∅	∅	∅	∅,∅	8077	∅	∅	∅	∅	∅	8001	∅,∅	8077	∅	∅	∅	∅	∅	8001	∅
jjq_0364,mcveraa,o no me kel ma qiri,#	o	no	me	kēl	ma	qiri,#	INTERJ	1SG	FUT	back	hither	today,'I will come back tonight.,en,MORPHEME_ALIGNED,,jjq_mp3 jjq_wav jjq_eaf jjq_xml jjq_tsv,,1365728,1366916,##ds	other	pro.1:s	lv	v:pred	rv	other,,jjq,∅	∅	∅	∅	∅	∅	∅,∅	∅	8077	∅	∅	∅	∅,∅	∅	8077	∅	∅	∅	∅
jjq_0365,mcveraa,no me kel ma qiri wo duk kakaka,#	no	me	kēl	ma	qiri	#	wo	du	=k	ka-kaka,#	1SG	FUT	back	hither	today	#	and	1DL.IN	=TAM2	RED-talk,I will come back tonight and we two will chat.',en,MORPHEME_ALIGNED,,jjq_mp3 jjq_wav jjq_eaf jjq_xml jjq_tsv,,1366916,1370009,##ds	pro.1:s	lv	v:pred	rv	other	##ds	other	wpro.1:s	=lv	v:pred,,jjq,∅	∅	∅	∅	∅	∅	∅	∅	∅	∅	∅,∅	8077	∅	∅	∅	∅	∅	∅	8117	∅	∅,∅	8077	∅	∅	∅	∅	∅	∅	8117	∅	∅
jjq_0366,mcveraa,nein maran ... n qōn̄ vōruō man van den,#	nei	=n	maran	n	qōn̄	vō-ruō	man	van	den,#	now	=ART	daylight	ART	night	NUM-two	PFV	go	ABL,Now two days had already passed.,en,MORPHEME_ALIGNED,,jjq_mp3 jjq_wav jjq_eaf jjq_xml jjq_tsv,,1370009,1372848,##	other	nc	nc	ln	np:s	rn	lv	v:pred	rv,,jjq,∅	∅	∅	∅	∅	new	∅	∅	∅	∅,∅	∅	∅	∅	∅	8094	∅	∅	∅	∅,∅	∅	∅	∅	∅	8094	∅	∅	∅	∅
jjq_0367,mcveraa,lēn qōn̄ vō'ōl nagi va'anē,#	lē	=n	qōn̄	vō-'ōl	na-gi	va'anē,#	LOC=ART	NC	night	CARD-three	ORD-3SG	now,That was on the third day now.,en,WORD_ALIGNED,,jjq_mp3 jjq_wav jjq_eaf jjq_xml jjq_tsv,,1372848,1375581,#nc	nc	nc	nc	nc	nc	nc,,jjq,∅	∅	∅	∅	∅	∅	∅,∅	∅	∅	∅	∅	∅	∅,∅	∅	∅	∅	∅	∅	∅
jjq_0368,mcveraa,qōn̄ vō'ōl nagi 'anē rekson qēqē na qōn̄ 'amēn dirk 'ōg 'a Lōkōno,#	qōn̄	vō-'ōl	na-gi	anē	rekso	=n	qēqē	na	qōn̄	#	'amē	dir	=k	'ōg	a	Lōkōno,#	night	NUM-three	ORD-3SG	DEM1.A	like	=ART	last	ORD	night	#	ASS	3PL	=TAM2	stay	LOC.SP	Lōkōno,The third day was the last day that they would stay on Gaua.,en,MORPHEME_ALIGNED,,jjq_mp3 jjq_wav jjq_eaf jjq_xml jjq_tsv,,1375581,1380789,##	np:s	rn	rn	rn	other	=ln	np:pred	rn	rn	#cc:obl	other	pro.h:s	=lv	v:pred	adp	pn_np:l,,jjq,∅	new	∅	∅	∅	∅	∅	∅	∅	∅	∅	∅	∅	∅	∅	∅	∅,∅	8095	∅	∅	∅	∅	∅	8095	∅	∅	∅	∅	8074	∅	∅	∅	8045,∅	8095	∅	∅	∅	∅	∅	8095	∅	∅	∅	∅	8074	∅	∅	∅	8045
jjq_0369,mcveraa,dōdōmia mu ne Qo' di ga moros so dim ... dirm mulō,#	dōdōmia	mu-n	e	Qo'	#	di	ga	mōrōs	#	so	di=m	dir	=m	mulō,#	thought	POSS.GEN-CS	PERS.ART	Qo'	#	3SG	STAT	want	#	CPL	3SG=TAM1	3PL	=TAM1	go,Qo's plan was: he wanted that they went home.,en,MORPHEME_ALIGNED,,jjq_mp3 jjq_wav jjq_eaf jjq_xml jjq_tsv,,1380789,1385138,##	np:s	rn	rn	rn_pn_np.h:poss	#cc:pred	pro.h:s	lv	v:pred	#cc	other	nc	pro.h:s	=lv	v:pred,,jjq,∅	new	∅	∅	∅	∅	∅	∅	∅	∅	∅	∅	∅	∅	∅,∅	8096	∅	∅	8001	∅	8001	∅	∅	∅	∅	∅	8074	∅	∅,∅	8096	∅	∅	8001	∅	8001	∅	∅	∅	∅	∅	8074	∅	∅
jjq_0370,mcveraa,le 'asēnē van n masōgi 'ekēm revrev,#	le	asēnē	van	#	n	masō-gi	'ekē	=m	revrev,#	transfer?	like.this	go	#	ART	time	place	=TAM1	evening,[UNCLEAR] when it got afternoon,en,WORD_ALIGNED,,jjq_mp3 jjq_wav jjq_eaf jjq_xml jjq_tsv,,1385138,1390315,#nc	nc	nc	nc	##	ln	np:other	np:s	=lv	v:pred,,jjq,∅	∅	∅	∅	∅	∅	∅	∅	∅	∅,∅	∅	∅	∅	∅	∅	∅	∅	∅	∅,∅	∅	∅	∅	∅	∅	∅	∅	∅	∅
jjq_0371,mcveraa,dirm gengen qē',#	dir	=m	gengen	qē',#	3PL	=TAM1	RED:eat	finish,and they had finished their meal,en,MORPHEME_ALIGNED,,jjq_mp3 jjq_wav jjq_eaf jjq_xml jjq_tsv,,1390315,1392114,##	pro.h:s	=lv	v:pred	rv,,jjq,∅	∅	∅	∅	∅,∅	8117	∅	∅	∅,∅	8117	∅	∅	∅
jjq_0372,mcveraa,Tumeren so,#	Tumeren	so,#	Tumeren	QUOT,Tumeren said:,en,MORPHEME_ALIGNED,,jjq_mp3 jjq_wav jjq_eaf jjq_xml jjq_tsv,,1392114,1393359,##	pn_np.d:s	other:pred,,jjq,∅	∅	∅,∅	8077	∅,∅	8077	∅
jjq_0373,mcveraa,itok ba qōn̄ ga wē kimi so qōn̄ ga wēe,#	itok	#	ba	qōn̄	ga	wē	kimi	#	ZERO	so	#	qōn̄	ga	wiē,#	good	#	but	night	STAT	good	2PL	#	ZERO	QUOT	#	night	STAT	good,"'Alright, good night to you guys.' 'Good night.'",en,MORPHEME_ALIGNED,,jjq_mp3 jjq_wav jjq_eaf jjq_xml jjq_tsv,,1393359,1396041,##ds	v:pred	#nc	nc	nc	nc	nc	nc	##	0.d:s	other:pred	##ds	np:pred	rn	rn,,jjq,∅	∅	∅	∅	∅	∅	∅	∅	∅	∅	∅	∅	∅	∅	∅,∅	∅	∅	∅	∅	∅	∅	∅	∅	8074	∅	∅	∅	∅	∅,∅	∅	∅	∅	∅	∅	∅	∅	∅	8074	∅	∅	∅	∅	∅
jjq_0374,mcveraa,ba nok van ba no me kel ma no me kel ma gēdēk... eh... kakaka,#	ba	no	=k	van	#	ba	no	me	kēl	ma	#	no	me	kēl	ma	#	gidē	=k	eh	ka-kaka,#	but	1SG	=TAM2	go	#	but	1SG	FUT	back	hither	#	1SG	FUT	back	hither	#	1PL.IN	=TAM2	HES	RED-story,"'I'm going, but I'll come back. I'll come back and we talk.'",en,MORPHEME_ALIGNED,,jjq_mp3 jjq_wav jjq_eaf jjq_xml jjq_tsv,,1396041,1400830,##ds	other	pro.1:s	=lv	v:pred	##ds	other	pro.1:s	lv	v:pred	rv	##ds	pro.1:s	lv	v:pred	rv	##ds	pro.1:s	=lv	nc	v:pred,,jjq,∅	∅	∅	∅	∅	∅	∅	∅	∅	∅	∅	∅	∅	∅	∅	∅	∅	∅	∅	∅	∅,∅	∅	8077	∅	∅	∅	∅	8077	∅	∅	∅	∅	8077	∅	∅	∅	∅	8117	∅	∅	∅,∅	∅	8077	∅	∅	∅	∅	8077	∅	∅	∅	∅	8077	∅	∅	∅	∅	8117	∅	∅	∅
jjq_0375,mcveraa,so o gitag ga itok,#	ZERO	so	#	o	gitag	#	ga	itok,#	ZERO	QUOT	#	INTERJ	not.exist	#	STAT	good,"'Oh, alright.'",en,MORPHEME_ALIGNED,,jjq_mp3 jjq_wav jjq_eaf jjq_xml jjq_tsv,,1400830,1402832,##	0.h:s	other:pred	##ds	other	other:pred	##ds	lv	v:pred,,jjq,∅	∅	∅	∅	∅	∅	∅	∅	∅,∅	8074	∅	∅	∅	∅	∅	∅	∅,∅	8074	∅	∅	∅	∅	∅	∅	∅
jjq_0376,mcveraa,dirk ... Tumeren ne kal lu ne mulō,#	dir=k	Tumeren	ne	kalu	#	ZERO	ne	mulō,#	3PL=TAM1	Tumeren	TAM2:3SG	exit	#	ZERO	TAM2:3SG	go,"Tumeren went out and went home,",en,MORPHEME_ALIGNED,,jjq_mp3 jjq_wav jjq_eaf jjq_xml jjq_tsv,,1402832,1406792,##	nc	pn_np.d:s	lv-pro_d_s	v:pred	##	0.d:s	lv-pro_d_s	v:pred,,jjq,∅	∅	∅	∅	∅	∅	∅	∅	∅,∅	∅	8077	∅	∅	∅	8077	∅	∅,∅	∅	8077	∅	∅	∅	8077	∅	∅
jjq_0377,mcveraa,dir sagsag 'i 'anē,#	dir	sagsag	'i	anē,#	3PL	RED:sit	DEL	DEM1.A,they were sitting there,en,MORPHEME_ALIGNED,,jjq_mp3 jjq_wav jjq_eaf jjq_xml jjq_tsv,,1406792,1408696,##	pro.h:s	v:pred	other	other,,jjq,∅	∅	∅	∅	∅,∅	8074	∅	∅	∅,∅	8074	∅	∅	∅
jjq_0378,mcveraa,sōwē e Qo' so,#	sōwē	e	Qo'	so,#	DISC	PERS.ART	Qo'	QUOT,and then Qo' said:,en,MORPHEME_ALIGNED,,jjq_mp3 jjq_wav jjq_eaf jjq_xml jjq_tsv,,1408696,1410781,##	other	ln	pn_np.h:s	other:pred,,jjq,∅	∅	∅	∅	∅,∅	∅	∅	8001	∅,∅	∅	∅	8001	∅
jjq_0379,mcveraa,sava nom ... gēdē me ... no me da 'enei,#	sava	nom	gēdē	me	no	me	da	ZERO	enei,#	what	1SG=TAM1	1PL.IN	FUT	1SG	FUT	do	ZERO	now,'What I will do now...',en,WORD_ALIGNED,,jjq_mp3 jjq_wav jjq_eaf jjq_xml jjq_tsv,,1410781,1413531,##ds	np:dt_p	nc	nc	nc	pro.1:a	lv	v:pred	0:p	other,,jjq,∅	∅	∅	∅	∅	∅	∅	∅	∅	∅,∅	∅	∅	∅	∅	8001	∅	∅	∅	∅,∅	∅	∅	∅	∅	8001	∅	∅	∅	∅
jjq_0380,mcveraa,e dine van ma 'an wōqa'ag vōwal 'esēgēn,#	e	di	ne	van	ma	a	=n	wōqa'ag	vō-wal	esēgēn,#	CC	3SG	TAM2:3SG	go	hither	LOC.SP	=ART	post	NUM-one	MAN.DEM2.E,So he went to a post like this here,en,MORPHEME_ALIGNED,,jjq_mp3 jjq_wav jjq_eaf jjq_xml jjq_tsv,,1413531,1417473,##	other	pro.h:s	lv-pro_h_s	v:pred	rv	adp	=ln	np:g	rn	rn,,jjq,∅	∅	∅	∅	∅	∅	∅	∅	new	∅	∅,∅	∅	8001	∅	∅	∅	∅	∅	8097	∅	∅,∅	∅	8001	∅	∅	∅	∅	∅	8097	∅	∅
jjq_0381,mcveraa,ne din̄ wōro,#	ZERO	ne	din̄	wōro	ZERO,#	ZERO	TAM2:3SG	flick	shatter	ZERO,flicked it open,en,MORPHEME_ALIGNED,,jjq_mp3 jjq_wav jjq_eaf jjq_xml jjq_tsv,,1417473,1420601,##	0.h:a	lv-pro_h_a	v:pred	rv	0:p,,jjq,∅	∅	∅	∅	∅	∅,∅	8001	∅	∅	∅	8097,∅	8001	∅	∅	∅	8097
jjq_0382,mcveraa,ne din̄ wōr ēn wōqa'ag 'agēnē,#	ZERO	ne	din̄	wōr	ēn	wōqa'ag	agēnē,#	ZERO	TAM2:3SG	flick	shatter	ART	post	DEM2.A,"flicked open the post here,",en,MORPHEME_ALIGNED,,jjq_mp3 jjq_wav jjq_eaf jjq_xml jjq_tsv,,1420601,1422752,##	0.h:a	lv-pro_h_a	v:pred	rv	ln	np:p	rn,,jjq,∅	∅	∅	∅	∅	∅	∅	∅,∅	8001	∅	∅	∅	∅	8097	∅,∅	8001	∅	∅	∅	∅	8097	∅
jjq_0383,mcveraa,dine tēk mēn e raga nōgi so,#	di	ne	tēk	mē-n	e	raga	nō	-gi	so,#	3SG	TAM2:3SG	speak	DAT-CS	PERS.ART	people	POSS.DOM	-3SG	QUOT,and then he said to his (folks):,en,MORPHEME_ALIGNED,,jjq_mp3 jjq_wav jjq_eaf jjq_xml jjq_tsv,,1422752,1424122,##	pro.h:s_ds	lv-pro_h_s_ds	v:pred	adp	ln	ln	np.h:g	-rn_pro.h:poss	other,,jjq,∅	∅	∅	∅	∅	∅	∅	∅	∅	∅,∅	8001	∅	∅	∅	∅	∅	8063	8001	∅,∅	8001	∅	∅	∅	∅	∅	8063	8001	∅
jjq_0384,mcveraa,'erē ma? 'erē kal baba'a,#	ZERO	'erē	ma	#	ZERO	'erē	kal	ba-ba'a	ZERO,#	ZERO	PL	hither	#	ZERO	PL	enter	RED-into	ZERO,'Everybody over here. Everybody get in.',en,MORPHEME_ALIGNED,,jjq_mp3 jjq_wav jjq_eaf jjq_xml jjq_tsv,,1424122,1425974,#nc	nc	nc	nc	##ds	0.2:s	other	vother:pred	rv	0:g,,jjq,∅	∅	∅	∅	∅	∅	∅	∅	∅	∅,∅	∅	∅	∅	∅	8063	∅	∅	∅	8097,∅	∅	∅	∅	∅	8063	∅	∅	∅	8097
jjq_0385,mcveraa,dirm kal kal kal kal baba'a qē' sar,#	dir	=m	kal	kal	kal	#	ZERO	kal	ba-ba'a	qē'	sar	ZERO,#	3PL	=TAM1	enter	enter	enter	#	ZERO	enter	RED-into	finish	in	ZERO,"They got in, got in, everybody got in,",en,MORPHEME_ALIGNED,,jjq_mp3 jjq_wav jjq_eaf jjq_xml jjq_tsv,,1425974,1429054,##	pro.h:s	=lv	v:pred	rv	rv	##	0.h:s	v:pred	rv	rv	rv	0:g,,jjq,∅	∅	∅	∅	∅	∅	∅	∅	∅	∅	∅	∅	∅,∅	8063	∅	∅	∅	∅	∅	8063	∅	∅	∅	∅	8097,∅	8063	∅	∅	∅	∅	∅	8063	∅	∅	∅	∅	8097
jjq_0386,mcveraa,qē' dine din̄ dine kal ba'a wo dine din̄ ēn woqe'enge ne bur,#	qē'	di	ne	din̄	ZERO	#	di	ne	kal	ba'a	ZERO	#	wo	di	ne	din̄	ēn	woqe'enge	#	ZERO	ne	bur,#	finish	3SG	TAM2:3SG	flick	ZERO	#	3SG	TAM2:3SG	enter	into	ZERO	#	and	3SG	TAM2:3SG	flick	ART	wood	#	ZERO	TAM2:3SG	shut,"then he flicked, he got in and flicked the wood closed.",en,MORPHEME_ALIGNED,,jjq_mp3 jjq_wav jjq_eaf jjq_xml jjq_tsv,,1429054,1433988,##	other	pro.h:a	lv-pro_h_a	v:pred	0:p	##	pro.h:	lv-pro_h_s	v:pred	rv	0:g	##	other	pro.h:a	lv-pro_h_a	v:pred	ln	np:p	##	0:s	lv-pro_s	v:pred,,jjq,∅	∅	∅	∅	∅	∅	∅	∅	∅	∅	∅	∅	∅	∅	∅	∅	∅	∅	∅	∅	∅	∅	∅,∅	∅	8001	∅	∅	8097	∅	8001	∅	∅	∅	8097	∅	∅	8001	∅	∅	∅	8097	∅	8097	∅	∅,∅	∅	8001	∅	∅	8097	∅	8001	∅	∅	∅	8097	∅	∅	8001	∅	∅	∅	8097	∅	8097	∅	∅
jjq_0387,mcveraa,wo dirk mi'ir lēn ... n woqa'ag 'alēn ...ēnēn nim̄ē 'anē,#	wo	dir	=k	mi'ir	lē	=n	n	woqa'ag	'alē	=n	ēnēn	nim̄ē	anē,#	and	3PL	=TAM2	sleep	LOC	=ART	ART	post	ASS	=ART	ART	house	DEM1.A,And they were gonna sleep in the post of this house.,en,MORPHEME_ALIGNED,,jjq_mp3 jjq_wav jjq_eaf jjq_xml jjq_tsv,,1433988,1439052,##	other	pro.h:s	=lv	v:pred	adp	nc	ln	np:l	rn	rn	nc	rn	rn,,jjq,∅	∅	∅	∅	∅	∅	∅	∅	∅	∅	∅	∅	∅	∅,∅	∅	8074	∅	∅	∅	∅	∅	8097	∅	∅	∅	8080	∅,∅	∅	8074	∅	∅	∅	∅	∅	8097	∅	∅	∅	8080	∅
jjq_0388,mcveraa,dirm mi'ir mi'ir vavan n 'ekē ne maran,#	dir	=m	mi'ir	mi'ir	vavan	#	n	'ekē	ne	maran,#	3PL	=TAM1	sleep	sleep	RED-go	#	ART	place	TAM2:3SG	daylight,They slept and slept until it got daylight.,en,WORD_ALIGNED,,jjq_mp3 jjq_wav jjq_eaf jjq_xml jjq_tsv,,1439052,1441991,##	pro.h:s	=lv	v:pred	nc	other	##	ln	np:s	lv-pro_s	v:pred,,jjq,∅	∅	∅	∅	∅	∅	∅	∅	∅	∅	∅,∅	8074	∅	∅	∅	∅	∅	∅	∅	∅	∅,∅	8074	∅	∅	∅	∅	∅	∅	∅	∅	∅
jjq_0389,mcveraa,Tumeren ne kel ma,#	Tumeren	ne	kēl	ma,#	Tumeren	TAM2:3SG	back	hither,Tumeren came back.,en,MORPHEME_ALIGNED,,jjq_mp3 jjq_wav jjq_eaf jjq_xml jjq_tsv,,1441991,1443820,##	pn_np.d:s	lv-pro_d_s	v:pred	rv,,jjq,∅	∅	∅	∅	∅,∅	8077	∅	∅	∅,∅	8077	∅	∅	∅
jjq_0390,mcveraa,lēn ma'av wal va'i dine row lu ma,#	lē	=n	ma'av	wal	va'i	di	ne	rōw	lu	ma,#	LOC	=ART	morning	once	still	3SG	TAM2:3SG	skip	through	hither,Early in the morning he came:,en,MORPHEME_ALIGNED,,jjq_mp3 jjq_wav jjq_eaf jjq_xml jjq_tsv,,1443820,1446132,##	adp	=ln	np:other	rn	rn	pro.d:s	lv-pro_d_s	v:pred	rv	rv,,jjq,∅	∅	∅	∅	∅	∅	∅	∅	∅	∅	∅,∅	∅	∅	∅	∅	∅	8077	∅	∅	∅	∅,∅	∅	∅	∅	∅	∅	8077	∅	∅	∅	∅
jjq_0391,mcveraa,ma'av ga w... eh... bulsal,#	ma'av	ga	wi	eh	bulsal,#	morning	STAT	good	HES	friend,'Good morn... Friend!',en,MORPHEME_ALIGNED,,jjq_mp3 jjq_wav jjq_eaf jjq_xml jjq_tsv,,1446132,1448458,##ds	np:pred	rn	rn	nc	np.h:voc,,jjq,∅	∅	∅	∅	∅	∅,∅	∅	∅	∅	∅	8074,∅	∅	∅	∅	∅	8074
jjq_0392,mcveraa,oi,#	oi,#	INTERJ,'Yip!',en,MORPHEME_ALIGNED,,jjq_mp3 jjq_wav jjq_eaf jjq_xml jjq_tsv,,1448458,1449472,#nc	nc,,jjq,∅	∅,∅	∅,∅	∅
jjq_0393,mcveraa,'ei ba nom van ma lēn qōn̄ kimim 'ōg 'i kivie,#	'ei	ba	no	=m	van	ma	lē	=n	qōn̄	#	kimi	=m	'ōg	'i	kiviē,#	INTERJ	but	1SG	=TAM1	go	hither	LOC	=ART	night	#	2PL	=TAM1	stay	DEL	where,"'Hey, I came at night, but where were you guys?'",en,MORPHEME_ALIGNED,,jjq_mp3 jjq_wav jjq_eaf jjq_xml jjq_tsv,,1449472,1452052,##ds	other	other	pro.1:s	=lv	v:pred	rv	adp	=ln	np:other	##ds	pro.2:s	=lv	v:pred	rv	other:l,,jjq,∅	∅	∅	∅	∅	∅	∅	∅	∅	∅	∅	∅	∅	∅	∅	∅,∅	∅	∅	8077	∅	∅	∅	∅	∅	∅	∅	8074	∅	∅	∅	∅,∅	∅	∅	8077	∅	∅	∅	∅	∅	∅	∅	8074	∅	∅	∅	∅
jjq_0394,mcveraa,kamam mi'ir wal sa kēnei,#	kamam	mi'ir	wal	sa	kēnei,#	1PL.EX:TAM1	sleep	once	EMPH	LOC.DEM4,'We were sleeping right here!',en,MORPHEME_ALIGNED,,jjq_mp3 jjq_wav jjq_eaf jjq_xml jjq_tsv,,1452052,1454048,##ds	pro.1:s	v:pred	other	other	other:l,,jjq,∅	∅	∅	∅	∅	∅,∅	8074	∅	∅	∅	8080,∅	8074	∅	∅	∅	8080
jjq_0395,mcveraa,Qo' ne 'aram mē dire ... 'aram mē die so,#	Qo'	ne	'aram	mē	dirē	'aram	mē	diē	so,#	Qo'	TAM2:3SG	tell	DAT	3PL	tell	DAT	3SG	QUOT,Qo' told him:,en,MORPHEME_ALIGNED,,jjq_mp3 jjq_wav jjq_eaf jjq_xml jjq_tsv,,1454048,1457712,##	pn_np.h:s_ds	lv-pro_h_s_ds	nc	nc	nc	v:pred	adp	pro.d:g	other,,jjq,∅	∅	∅	∅	∅	∅	∅	∅	∅	∅,∅	8001	∅	∅	∅	∅	∅	∅	8077	∅,∅	8001	∅	∅	∅	∅	∅	∅	8077	∅
jjq_0396,mcveraa,kamam ē mimi'ir ros 'a vie kamam mi'ir wal sa kēnei,#	kamam	e	mi-mi'ir	rōs	a	viē	#	kamam	mi'ir	wal	sa	kēnei,#	1PL.EX	GEN.NEG1	RED-sleep	GEN.NEG2	LOC.SP	where	#	1PL.EX:TAM1	sleep	once	EMPH	LOC.DEM4,"'We didn't sleep anywhere, we slept right here.",en,MORPHEME_ALIGNED,,jjq_mp3 jjq_wav jjq_eaf jjq_xml jjq_tsv,,1457712,1460774,##ds.neg	pro.1:s	lv	v:pred	rv	adp	other:l	##ds	pro.1:s	v:pred	other	other	other:l,,jjq,∅	∅	∅	∅	∅	∅	∅	∅	∅	∅	∅	∅	∅,∅	8074	∅	∅	∅	∅	∅	∅	8074	∅	∅	∅	8080,∅	8074	∅	∅	∅	∅	∅	∅	8074	∅	∅	∅	8080
jjq_0397,mcveraa,kamam mi'ir sa lēn 'ōnō mimi'ir nōmam 'anē,#	kamam	mi'ir	sa	lē	=n	'ōnō	mi-mi'ir	nō	-mam	anē,#	1PL.EX:TAM1	sleep	EMPH	LOC	=ART	place	RED-sleep	POSS.DOM	-1PL.EX	DEM1.A,We slept right there in our places to sleep in.',en,MORPHEME_ALIGNED,,jjq_mp3 jjq_wav jjq_eaf jjq_xml jjq_tsv,,1460774,1463262,##ds	pro.1:s	v:pred	other	adp	=ln	np:l	rn	rn	-rn_pro.1:poss	rn,,jjq,∅	∅	∅	∅	∅	∅	∅	∅	∅	∅	∅,∅	8074	∅	∅	∅	∅	8085	∅	∅	8074	∅,∅	8074	∅	∅	∅	∅	8085	∅	∅	8074	∅
jjq_0398,mcveraa,eh... Tagarlōlqōn̄ ne sag 'i so,#	eh	Tagarlōlqōn̄	ne	sag	'i	#	ZERO	so,#	HES	Tagarlōlqōn̄	TAM2:3SG	sit	DEL	#	ZERO	QUOT,"Tagarlōlqōn̄ was sitting there, saying:",en,MORPHEME_ALIGNED,,jjq_mp3 jjq_wav jjq_eaf jjq_xml jjq_tsv,,1463262,1467805,##	nc	pn_np.h:s	lv-pro_h_s	v:pred	rv	##	0.h:s	other:pred,,jjq,∅	∅	∅	∅	∅	∅	∅	∅	∅,∅	∅	8082	∅	∅	∅	∅	8082	∅,∅	∅	8082	∅	∅	∅	∅	8082	∅
jjq_0399,mcveraa,'oōo kamam mimi'ir ros kēnē kamam mimi'ir sa lēn woqa'agas 'ir 'i 'anē,#	'oōo	kamam	mi-mi'ir	rōs	kēnē	#	kamam	mi-mi'ir	sa	lē	=n	woqa'aga	#	ZERO	=s	'ir	'i	anē,#	no	1PL.EX	RED-sleep	GEN.NEG2	LOC.DEM1	#	1PL.EX:TAM1	RED-sleep	EMPH	LOC	=ART	post	#	ZERO	=SIM	stand	DEL	DEM1.A,"'No, we didn't sleep there. We slept in the post standing there.",en,MORPHEME_ALIGNED,,jjq_mp3 jjq_wav jjq_eaf jjq_xml jjq_tsv,,1467805,1472355,##ds.neg	other	pro.1:s	v:pred	rv	other:l	##ds	pro.1:s	v:pred	other	adp	=ln	np:l	#ds_rc_rn	0:s	=lv	v:pred	rv	rn,,jjq,∅	∅	∅	∅	∅	∅	∅	∅	∅	∅	∅	∅	∅	∅	∅	∅	∅	∅	∅,∅	∅	8074	∅	∅	8080	∅	8074	∅	∅	∅	∅	8097	∅	8097	∅	∅	∅	∅,∅	∅	8074	∅	∅	8080	∅	8074	∅	∅	∅	∅	8097	∅	8097	∅	∅	∅	∅
jjq_0400,mcveraa,lēn wal wōr ēn nōqō im̄ē 'anē wōqa'ag qi'iē 'anē kamam mi'ir wal sa kēnē,#	lē	=n	wal	wōr	ēn	nōqō	im̄ē	anē	#	wōqa'ag	qi'iē	anē	kamam	mi'ir	wal	sa	kēnē,#	LOC=ART	NC	once	broken	ART	nōqō	NC	this	#	post	head	DEM1.A	1PL.EX:TAM1	sleep	once	EMPH	LOC.DEM1,"In the front of the house there, the head post, we slept right there.'",en,WORD_ALIGNED,,jjq_mp3 jjq_wav jjq_eaf jjq_xml jjq_tsv,,1472355,1477718,#nc	nc	nc	nc	nc	nc	nc	nc	nc	##ds	np:dt_l	rn	rn	pro.1:s	v:pred	other	other	other:l,,jjq,∅	∅	∅	∅	∅	∅	∅	∅	∅	∅	∅	∅	∅	∅	∅	∅	∅	∅,∅	∅	∅	∅	∅	∅	∅	∅	∅	∅	8097	∅	∅	8074	∅	∅	∅	8097,∅	∅	∅	∅	∅	∅	∅	∅	∅	∅	8097	∅	∅	8074	∅	∅	∅	8097
jjq_0401,mcveraa,'ekē 'e raga 'anē nome vus dir sivie,#	'ekē	e	raga	anē	no	me	vus	dir	siviē,#	oh.dear	PERS.ART	people	DEM1.A	1SG	FUT	kill	3PL	how,"'Oh dear, these guys, how could I kill them?",en,MORPHEME_ALIGNED,,jjq_mp3 jjq_wav jjq_eaf jjq_xml jjq_tsv,,1477718,1482713,##ds	other	ln	np.h:dt_p	rn	pro.1:a	lv	v:pred	pro.h:p	other,,jjq,∅	∅	∅	∅	∅	∅	∅	∅	∅	∅,∅	∅	∅	8074	∅	8077	∅	∅	8074	∅,∅	∅	∅	8074	∅	8077	∅	∅	8074	∅
jjq_0402,mcveraa,nok van 'ekē gēn nēn dōdōmia mu 'ama',#	no	=k	van	'ekēgēn	#	nēn	dōdōmia	mu	'ama',#	1SG	=TAM2	go	LOC.DEM2	#	nēn	thought	POSS.GEN	spirit,"I'd come here,' that's the devil's thoughts",en,MORPHEME_ALIGNED,,jjq_mp3 jjq_wav jjq_eaf jjq_xml jjq_tsv,,1482713,1485957,##ds	pro.1:s	=lv	v:pred	other:g	#nc	nc	nc	nc	nc,,jjq,∅	∅	∅	∅	∅	∅	∅	∅	∅	∅,∅	8077	∅	∅	∅	∅	∅	∅	∅	∅,∅	8077	∅	∅	∅	∅	∅	∅	∅	∅
jjq_0403,mcveraa,nok van kēgēn dir gitag nok van ma lēn qan̄ris gitag,#	no	=k	van	kēgēn	#	dir	gitag	ZERO	#	no	=k	van	ma	lē	=n	qan̄ris	#	ZERO	gitag	ZERO,#	1SG	=TAM2	go	LOC.DEM2	#	3PL	not.exist	ZERO	#	1SG	=TAM2	go	hither	LOC	=ART	oven	#	ZERO	not.exist	ZERO,"'I'd come here, they are not there. I'd come here to the stone oven, not there.",en,MORPHEME_ALIGNED,,jjq_mp3 jjq_wav jjq_eaf jjq_xml jjq_tsv,,1485957,1489967,##ds	pro.1:s	lv	v:pred	other:g	##ds.neg	pro.h:s	other:pred	0:l	##ds	pro.1:s	=lv	v:pred	rv	adp	=ln	np:g	##	0.h:s	other:pred	0:l,,jjq,∅	∅	∅	∅	∅	∅	∅	∅	∅	∅	∅	∅	∅	∅	∅	∅	∅	∅	∅	∅	∅,∅	8077	∅	∅	∅	∅	8074	∅	∅	∅	8077	∅	∅	∅	∅	∅	8086	∅	8074	∅	∅,∅	8077	∅	∅	∅	∅	8074	∅	∅	∅	8077	∅	∅	∅	∅	∅	8086	∅	8074	∅	∅
jjq_0404,mcveraa,nok gis 'an 'erē wio nok ses 'ev'ev'ē qēn nim̄ē ne gitag,#	no	=k	gis	a	=n	'erē	wio	#	no	=k	ses	'ev-'ev'ē	qē	=n	nim̄ē	#	ZERO	ne	gitag,#	1SG	=TAM2	hold	LOC.SP	=ART	PL	bamboo	#	1SG	=TAM2	root	RED-throw.out	finish	=ART	house	#	ZERO	NC	not.exist,"I'd put hand to the bamboos, I'd put apart the whole house, not there.",en,MORPHEME_ALIGNED,,jjq_mp3 jjq_wav jjq_eaf jjq_xml jjq_tsv,,1489967,1495376,##ds	pro.1:s	=lv	v:pred	adp	=ln	ln	np:obl	##ds	pro.1:a	=lv	v:pred	rv	rv	=ln	np:p	##	0.h:s	other	other:pred,,jjq,∅	∅	∅	∅	∅	∅	∅	∅	∅	∅	∅	∅	∅	∅	∅	∅	∅	∅	∅	∅,∅	8077	∅	∅	∅	∅	∅	8090	∅	8077	∅	∅	∅	∅	∅	8080	∅	8074	∅	∅,∅	8077	∅	∅	∅	∅	∅	8090	∅	8077	∅	∅	∅	∅	∅	8080	∅	8074	∅	∅
jjq_0405,mcveraa,nok van 'an wō... n...no ... no soksok sier ros dire,#	no	=k	van	'a	=n	wō—	n—	no	#	no	soksok	sier	rōs	dirē,#	1SG=TAM2	NC	go	LOC.SP=ART	NC	NC	NC	1SG	#	1SG	RED:scan	realise	GEN.NEG2	3PL,I wouldn't find them.',en,WORD_ALIGNED,,jjq_mp3 jjq_wav jjq_eaf jjq_xml jjq_tsv,,1495376,1499666,#nc	nc	nc	nc	nc	nc	nc	nc	nc	##ds.neg	pro.1:a	v:pred	rv	rv	pro.h:p,,jjq,∅	∅	∅	∅	∅	∅	∅	∅	∅	∅	∅	∅	∅	∅	∅,∅	∅	∅	∅	∅	∅	∅	∅	∅	∅	8077	∅	∅	∅	8074,∅	∅	∅	∅	∅	∅	∅	∅	∅	∅	8077	∅	∅	∅	8074
jjq_0406,mcveraa,o wo kimi wom mi'ir wal lēn woqa'ag qi'iē,#	o	wo	kimi	wo	=m	mi'ir	wal	lē	=n	woqa'ag	qi'iē,#	INTERJ	and	2PL	and	=TAM1	sleep	once	LOC	=ART	post	head,"'Oh, if you guys sleep in the head post,",en,MORPHEME_ALIGNED,,jjq_mp3 jjq_wav jjq_eaf jjq_xml jjq_tsv,,1499666,1503321,##ds	other	other	pro.2:s	other	=lv	v:pred	other	adp	=ln	np:l	rn,,jjq,∅	∅	∅	∅	∅	∅	∅	∅	∅	∅	∅	∅,∅	∅	∅	8074	∅	∅	∅	∅	∅	∅	8097	∅,∅	∅	∅	8074	∅	∅	∅	∅	∅	∅	8097	∅
jjq_0407,mcveraa,itok,#	itok,#	good,alright.',en,MORPHEME_ALIGNED,,jjq_mp3 jjq_wav jjq_eaf jjq_xml jjq_tsv,,1503321,1505139,##ds	v:pred,,jjq,∅	∅,∅	∅,∅	∅
jjq_0408,mcveraa,rekson dōdōmia mu 'ama' nē dine dōdōm rōrōn̄ wuva ba diē tēktēk ros mēn e ... 'aram ros ēn dōdōmia mugi mēn e raga ē di ga gis rōrōn̄ ba Qo' di ga galgal die,#	rekso	=n	dōdōmia	mu	'ama'	nē	#	di	ne	dō-dōm	rō-rōn̄	wuva	#	ba	di	e	tēktēk	rōs	mē-n	e	'aram	rōs	ēn	dōdōmia	mu	-gi	mē-n	e	raga	ē	#	di	ga	gis	rō-rōn̄	ZERO	#	ba	Qo'	di	ga	galgal	diē,#	like	=ART	thought	POSS.GEN	spirit	DEM1	#	3SG	TAM2:3SG	RED-thought	RED-feel	only	#	but	3SG	NEG.GEN1	RED:speak	GEN.NEG2	DAT-CS	PERS.ART	tell	GEN.NEG2	ART	thought	POSS.GEN	-3SG	DAT-CS	PERS.ART	people	DEM3	#	3SG	STAT	hold	RED-feel	ZERO	#	but	Qo'	3SG	STAT	RED:lie	3SG,"Like: that's the thoughts of the devil, he is thinking just quietly, doesn't tell his thoughts to these guys, he keeps (them) for himself. But Qo' is lying to him.",en,MORPHEME_ALIGNED,,jjq_mp3 jjq_wav jjq_eaf jjq_xml jjq_tsv,,1505139,1514149,#nc	other	=ln	np:pred	rn	rn_np.d:poss	dem_pro:s	##	pro.d:s	lv-pro_d_s	v:pred	rv	other	##	other	pro.d:a	lv	nc	nc	nc	nc	v:pred	rv	ln	np:p	rn	-rn_pro.d:poss	adp	ln	np.h:g	rn	##	pro.d:a	lv	v:pred	rv	0:p	##	other	pn_np.h:dt_a	pro.h:a	lv	v:pred	pro.d:p,,jjq,∅	∅	∅	bridging	∅	∅	∅	∅	∅	∅	∅	∅	∅	∅	∅	∅	∅	∅	∅	∅	∅	∅	∅	∅	∅	∅	∅	∅	∅	∅	∅	∅	∅	∅	∅	∅	∅	∅	∅	∅	∅	∅	∅	∅,∅	∅	∅	8098	∅	8077	∅	∅	8077	∅	∅	∅	∅	∅	∅	8077	∅	∅	∅	∅	∅	∅	∅	∅	8098	∅	8077	∅	∅	8074	∅	∅	8077	∅	∅	∅	8098	∅	∅	8001	8001	∅	∅	8077,∅	∅	∅	8098	∅	8077	∅	∅	8077	∅	∅	∅	∅	∅	∅	8077	∅	∅	∅	∅	∅	∅	∅	∅	8098	∅	8077	∅	∅	8074	∅	∅	8077	∅	∅	∅	8098	∅	∅	8001	8001	∅	∅	8077
jjq_0409,mcveraa,Qo' di ga galgal di so,#	Qo'	di	ga	galgal	di	so,#	Qo'	3SG	STAT	RED:lie	3SG	QUOT,Qo' was lying to him:,en,MORPHEME_ALIGNED,,jjq_mp3 jjq_wav jjq_eaf jjq_xml jjq_tsv,,1514149,1516258,##	pn_np.h:dt_a	pro.h:a	lv	v:pred	pro.d:p	other,,jjq,∅	∅	∅	∅	∅	∅	∅,∅	8001	8001	∅	∅	8077	∅,∅	8001	8001	∅	∅	8077	∅
jjq_0410,mcveraa,'e ge 'anēs dada mē kamam ē dine dudurug kamam di ga moros vus kamam,#	e	ge	anē	=s	dada	mē	kamam	#	ē	di	ne	du-durug	kamam	#	di	ga	mōrōs	vus	kamam,#	PERS.ART	THING	DEM1.A	=SIM	RED:do	DAT	1PL.EX	#	CC	3SG	TAM2:3SG	RED-betray	1PL.EX	#	3SG	STAT	want	kill	1PL.EX,"'That one there, doing this to us, he betrays us, he wants to kill us.",en,MORPHEME_ALIGNED,,jjq_mp3 jjq_wav jjq_eaf jjq_xml jjq_tsv,,1516258,1520289,##ds	ln	np.d:s	rn	=lv	v:pred	adp	pro.1:obl	##ds	other	pro.d:a	lv-pro_d_a	v:pred	pro.1:p	##ds	pro.d:a	lv	v:pred	rv	pro.1:p,,jjq,∅	∅	∅	∅	∅	∅	∅	∅	∅	∅	∅	∅	∅	∅	∅	∅	∅	∅	∅	∅,∅	∅	8077	∅	∅	∅	∅	8074	∅	∅	8077	∅	∅	8074	∅	8077	∅	∅	∅	8074,∅	∅	8077	∅	∅	∅	∅	8074	∅	∅	8077	∅	∅	8074	∅	8077	∅	∅	∅	8074
jjq_0411,mcveraa,ba ga itok,#	ba	ga	itok,#	but	STAT	good,That's alright!,en,MORPHEME_ALIGNED,,jjq_mp3 jjq_wav jjq_eaf jjq_xml jjq_tsv,,1520289,1522001,##ds	other	lv	v:pred,,jjq,∅	∅	∅	∅,∅	∅	∅	∅,∅	∅	∅	∅
jjq_0412,mcveraa,si wo nike wo niks vus kamam ba si e no nik mas vus m̄as kamam,#	si	wo	nikē	wo	nik	=s	vus	kamam	#	ba	si	e	no	nik	mas	vus	m̄as	kamam,#	or	and	2SG	and	2SG	=SIM	kill	1PL.EX	#	but	or	PERS.ART	1SG	2SG	INABIL1	kill	INABIL2	1PL.EX,"If one is to ask you, you're the one killing us, but if you ask me, you are not able to kill us.'",en,MORPHEME_ALIGNED,,jjq_mp3 jjq_wav jjq_eaf jjq_xml jjq_tsv,,1522001,1526829,#nc	other	other	pro.2:dt	other	pro.2:a	=lv	v:pred	pro.1:p	##ds.neg	other	other	ln	pro.1:dt	pro.2:a	lv	v:pred	rv	pro.1:p,,jjq,∅	∅	∅	∅	∅	∅	∅	∅	∅	∅	∅	∅	∅	∅	∅	∅	∅	∅	∅,∅	∅	∅	8077	∅	8077	∅	∅	8074	∅	∅	∅	∅	8001	8077	∅	∅	∅	8074,∅	∅	∅	8077	∅	8077	∅	∅	8074	∅	∅	∅	∅	8001	8077	∅	∅	∅	8074
jjq_0413,mcveraa,nēn qōn̄ ne vō'ōl va'agēn,#	nē	=n	qōn̄	ne	vō-'ōl	va'agēn,#	DEM	=ART	night	NUM.ART	NUM-three	TEMP.DEM2,That's the third day now.,en,MORPHEME_ALIGNED,,jjq_mp3 jjq_wav jjq_eaf jjq_xml jjq_tsv,,1526829,1529941,##	dem_pro:s	=ln	np:pred	rn	rn	other,,jjq,∅	∅	∅	∅	∅	∅	∅,∅	8095	∅	8095	∅	∅	∅,∅	8095	∅	8095	∅	∅	∅
jjq_0414,mcveraa,qēqē na qōn̄,#	ZERO	qēqē	na	qōn̄,#	ZERO	last	ORD	night,The last day.,en,MORPHEME_ALIGNED,,jjq_mp3 jjq_wav jjq_eaf jjq_xml jjq_tsv,,1529941,1532123,##	0:s	np:pred	rn	rn,,jjq,∅	∅	∅	∅	∅,∅	8095	∅	∅	∅,∅	8095	∅	∅	∅
jjq_0415,mcveraa,qēqē na qōn̄ dirm mi'ir bēne,#	ZERO	qēqē	na	qōn̄	#	dir	=m	mi'ir	bēne,#	ZERO	RED-finish	ORD	night	#	3PL	=TAM1	sleep	PRO.OBL,The last night that they had slept there.,en,WORD_ALIGNED,,jjq_mp3 jjq_wav jjq_eaf jjq_xml jjq_tsv,,1532123,1535477,##	0:s	np:pred	rn	rn	#rc_rn	pro.h:s	=lv	v:pred	other:obl,,jjq,∅	∅	∅	∅	∅	∅	∅	∅	∅	∅,∅	8095	∅	∅	∅	∅	8074	∅	∅	8095,∅	8095	∅	∅	∅	∅	8074	∅	∅	8095
jjq_0416,mcveraa,'ekēm ma'ava,#	'ekē	=m	ma'ava,#	place	=TAM1	morning,"It had got daylight,",en,MORPHEME_ALIGNED,,jjq_mp3 jjq_wav jjq_eaf jjq_xml jjq_tsv,,1535477,1538027,##	np:s	=lv	v:pred,,jjq,∅	∅	∅	∅,∅	∅	∅	∅,∅	∅	∅	∅
jjq_0417,mcveraa,masōgi Tumeren dim row kel lik ma mē dire,#	masō-gi	Tumeren	di	=m	rōw	kēl	lik	ma	mē	dirē,#	time-3SG	Tumeren	3SG	=TAM1	skip	back	more	hither	DAT	3PL,and when Tumeren came back for them,en,MORPHEME_ALIGNED,,jjq_mp3 jjq_wav jjq_eaf jjq_xml jjq_tsv,,1538027,1541753,##	np:other	pn_np.d:dt_s	pro.d:s	=lv	v:pred	rv	rv	rv	adp	pro.h:g,,jjq,∅	∅	∅	∅	∅	∅	∅	∅	∅	∅	∅,∅	∅	8077	8077	∅	∅	∅	∅	∅	∅	8074,∅	∅	8077	8077	∅	∅	∅	∅	∅	∅	8074
jjq_0418,mcveraa,nei dirm kal lu den ēn wō'il wō'il varvar 'an qe im̄ē,#	nei	dir	=m	kalu	den	ēn	wō'il	wō'il	varvar	'a	=n	qē	im̄ē,#	now	3PL	=TAM1	exit	ABL	ART	tree.sp	tree.sp	RED:tread	ASS.SP	=ART	end	house,Now they got out of the beam on the head of the house.,en,MORPHEME_ALIGNED,,jjq_mp3 jjq_wav jjq_eaf jjq_xml jjq_tsv,,1541753,1546560,##	other	pro.h:s	=lv	v:pred	adp	ln	np:obl	np:dt_obl	rn	rn	rn	rn	rn,,jjq,∅	∅	∅	∅	∅	∅	∅	new	∅	∅	∅	∅	bridging	∅,∅	∅	8074	∅	∅	∅	∅	8099	8099	∅	∅	∅	8100	8080,∅	∅	8074	∅	∅	∅	∅	8099	8099	∅	∅	∅	8100	8080
jjq_0419,mcveraa,dirm 'isiw ma dirk sag 'i,#	dir	=m	'isiw	ma	#	dir	=k	sag	'i,#	3PL	=TAM1	dismount	hither	#	3PL	=TAM2	sit	DEL,"When they had climbed down, they were sitting there.",en,MORPHEME_ALIGNED,,jjq_mp3 jjq_wav jjq_eaf jjq_xml jjq_tsv,,1546560,1549012,##	pro.h:s	=lv	v:pred	rv	##	pro.h:s	=lv	v:pred	rv,,jjq,∅	∅	∅	∅	∅	∅	∅	∅	∅	∅,∅	8074	∅	∅	∅	∅	8074	∅	∅	∅,∅	8074	∅	∅	∅	∅	8074	∅	∅	∅
jjq_0420,mcveraa,masōgi e Tumeren dim kel ma dim 'ēn kel dire,#	masō-gi	e	Tumeren	di	=m	kēl	ma	#	di	=m	'ēn	kēl	dirē,#	time-3SG	PERS.ART	Tumeren	3SG	=TAM1	back	hither	#	3SG	=TAM1	see	back	3PL,When Tumeren came back and saw them again:,en,MORPHEME_ALIGNED,,jjq_mp3 jjq_wav jjq_eaf jjq_xml jjq_tsv,,1549012,1552300,##	np:other	ln	pn_np.d:dt_s	pro.d:s	=lv	v:pred	rv	##	pro.d:a	=lv	v:pred	rv	pro.h:p,,jjq,∅	∅	∅	∅	∅	∅	∅	∅	∅	∅	∅	∅	∅	∅,∅	∅	∅	8077	8077	∅	∅	∅	∅	8077	∅	∅	∅	8074,∅	∅	∅	8077	8077	∅	∅	∅	∅	8077	∅	∅	∅	8074
jjq_0421,mcveraa,'ei kimim mi'ir kivie lēn qōn̄,#	'ei	kimi	=m	mi'ir	kiviē	lē	=n	qōn̄,#	INTERJ	2PL	=TAM1	sleep	where	LOC	=ART	night,"'Hey, where did you guys sleep at night?'",en,MORPHEME_ALIGNED,,jjq_mp3 jjq_wav jjq_eaf jjq_xml jjq_tsv,,1552300,1554221,##ds	other	pro.2:s	=lv	v:pred	other:l	adp	=ln	np:other,,jjq,∅	∅	∅	∅	∅	∅	∅	∅	∅,∅	∅	8074	∅	∅	∅	∅	∅	∅,∅	∅	8074	∅	∅	∅	∅	∅	∅
jjq_0422,mcveraa,kamam mi'ir wal sa kēnei,#	kamam	mi'ir	wal	sa	kēnei,#	1PL.EX:TAM1	sleep	once	EMPH	LOC.DEM4,'We slept right here!,en,MORPHEME_ALIGNED,,jjq_mp3 jjq_wav jjq_eaf jjq_xml jjq_tsv,,1554221,1556022,##ds	pro.1:s	v:pred	other	other	other:l,,jjq,∅	∅	∅	∅	∅	∅,∅	8074	∅	∅	∅	8080,∅	8074	∅	∅	∅	8080
jjq_0423,mcveraa,kamam mul lik 'i 'a vie,#	kamam	mul	lik	'i	a	viē,#	1PL.EX:TAM1	go	more	DEL	LOC.SP	where,Where else should we go?,en,MORPHEME_ALIGNED,,jjq_mp3 jjq_wav jjq_eaf jjq_xml jjq_tsv,,1556022,1557683,##ds	pro.1:s	v:pred	rv	rv	adp	other:g,,jjq,∅	∅	∅	∅	∅	∅	∅,∅	8074	∅	∅	∅	∅	∅,∅	8074	∅	∅	∅	∅	∅
jjq_0424,mcveraa,kamam ne gitag ēn m̄omam so kamam mul kēkē sēsēe,#	kamam	ne	gitag	ēn	m̄o	-mam	#	so	kamam	mul	kēkē	sisiē,#	1PL.EX	NC	not.exist	ART	POSS.HOUSE	-1PL.EX	#	CPL	1PL.EX:TAM1	go	on.top	different,"We, we don't have a house (here), so where else should we go?",en,MORPHEME_ALIGNED,,jjq_mp3 jjq_wav jjq_eaf jjq_xml jjq_tsv,,1557683,1560613,##ds	pro.1:dt_poss	other	other:pred	ln	np:s	-rn_pro.1:poss	#ds_cc	other	pro.1:s	v:pred	rv	rv,,jjq,∅	∅	∅	∅	∅	∅	∅	∅	∅	∅	∅	∅	∅,∅	8074	∅	∅	∅	∅	8074	∅	∅	8074	∅	∅	∅,∅	8074	∅	∅	∅	∅	8074	∅	∅	8074	∅	∅	∅
jjq_0425,mcveraa,kamam ga mi'ir wal sa lēn nim̄ē 'anē,#	kamam	ga	mi'ir	wal	sa	lē	=n	nim̄ē	anē,#	1PL.EX	STAT	sleep	once	EMPH	LOC	=ART	house	DEM1.A,We sleep right here in this house.',en,MORPHEME_ALIGNED,,jjq_mp3 jjq_wav jjq_eaf jjq_xml jjq_tsv,,1560613,1563451,##ds	pro.1:s	lv	v:pred	other	other	adp	=ln	np:l	rn,,jjq,∅	∅	∅	∅	∅	∅	∅	∅	∅	∅,∅	8074	∅	∅	∅	∅	∅	∅	8080	∅,∅	8074	∅	∅	∅	∅	∅	∅	8080	∅
jjq_0426,mcveraa,ba nom van ma lēn qōn̄ no sok sier ros kimi nom van,#	ba	no	=m	van	ma	lē	=n	qōn̄	#	no	sok	sier	rōs	kimi	#	no	=m	van,#	but	1SG	=TAM1	go	hither	LOC	=ART	night	#	1SG	scan	realise	GEN.NEG2	2PL	#	1SG	=TAM1	go,"'But when I came here at night, I didn't find you. I went...",en,MORPHEME_ALIGNED,,jjq_mp3 jjq_wav jjq_eaf jjq_xml jjq_tsv,,1563451,1566778,##ds	other	pro.1:s	=lv	v:pred	rv	adp	=ln	np:other	##ds.neg	pro.1:a	v:pred	rv	rv	pro.2:p	##ds	pro.1:s	=lv	v:pred,,jjq,∅	∅	∅	∅	∅	∅	∅	∅	∅	∅	∅	∅	∅	∅	∅	∅	∅	∅	∅,∅	∅	8077	∅	∅	∅	∅	∅	∅	∅	8077	∅	∅	∅	8074	∅	8077	∅	∅,∅	∅	8077	∅	∅	∅	∅	∅	∅	∅	8077	∅	∅	∅	8074	∅	8077	∅	∅
jjq_0427,mcveraa,nom ses ēn qan̄ris nom van lēn wōruqruqō nom van 'an wōqa'ag qi'iē no 'ēn qē' ros kimi,#	no	=m	ses	ēn	qan̄ris	#	no	=m	van	lē	=n	wōruqruqō	#	no	=m	van	a	=n	wōqa'ag	qi'iē	#	no	'ēn	qē'	rōs	kimi,#	1SG	=TAM1	root	ART	oven	#	1SG	=TAM1	go	LOC	=ART	struts	#	1SG	=TAM1	go	LOC.SP	=ART	post	head	#	1SG	see	finish	GEN.NEG3	2PL,"I ploughed through the stone oven, I went over to the struts (of the roof), I went over to the head post, but didn't see you at all.",en,MORPHEME_ALIGNED,,jjq_mp3 jjq_wav jjq_eaf jjq_xml jjq_tsv,,1566778,1573101,##ds	pro.1:a	=lv	v:pred	ln	np:p	##ds	pro.1:s	=lv	v:pred	adp	=ln	np:g	##ds	pro.1:s	=lv	v:pred	adp	=ln	np:g	rn	##ds.neg	pro.1:a	v:pred	rv	rv	pro.2:p,,jjq,∅	∅	∅	∅	∅	∅	∅	∅	∅	∅	∅	∅	∅	∅	∅	∅	∅	∅	∅	∅	∅	∅	∅	∅	∅	∅	∅,∅	8077	∅	∅	∅	8086	∅	8077	∅	∅	∅	∅	8090	∅	8077	∅	∅	∅	∅	8097	∅	∅	8077	∅	∅	∅	8074,∅	8077	∅	∅	∅	8086	∅	8077	∅	∅	∅	∅	8090	∅	8077	∅	∅	∅	∅	8097	∅	∅	8077	∅	∅	∅	8074
jjq_0428,mcveraa,wo e Tagarlōlqōn̄ m sag 'i so 'o kamam mi'ir sag 'an qe im̄ē 'an wō'il varvar 'a sagēnē,#	wo	e	Tagarlōlqōn̄	m	sag	'i	#	ZERO	so	#	'o	kamam	mi'ir	sag	a	=n	qē	im̄ē	a	=n	wō'il	varvar	a	sagēnē,#	and	PERS.ART	Tagarlōlqōn̄	TAM1	sit	DEL	#	ZERO	QUOT	#	INTERJ	1PL.EX:TAM1	sleep	up	LOC.SP	=ART	end	house	LOC.SP	=ART	k.o.tree	RED:tread	LOC.SP	up.here,"And Tagarlōlqōn̄ was sitting there saying: 'No, we slept up in the top of the house, on the top beam up there.'",en,MORPHEME_ALIGNED,,jjq_mp3 jjq_wav jjq_eaf jjq_xml jjq_tsv,,1573101,1580432,##	other	ln	pn_np.h:s	lv	v:pred	rv	##	0.h:s	other:pred	##ds	other	pro.1:s	v:pred	rv	adp	=ln	np:l	rn	adp	=ln	np:l	rn	adp	other:l,,jjq,∅	∅	∅	∅	∅	∅	∅	∅	∅	∅	∅	∅	∅	∅	∅	∅	∅	∅	∅	∅	∅	∅	∅	∅	∅,∅	∅	∅	8082	∅	∅	∅	∅	8082	∅	∅	∅	8074	∅	∅	∅	∅	8100	8080	∅	∅	8099	∅	∅	∅,∅	∅	∅	8082	∅	∅	∅	∅	8082	∅	∅	∅	8074	∅	∅	∅	∅	8100	8080	∅	∅	8099	∅	∅	∅
jjq_0429,mcveraa,sow va'anē ... qē' duruk qē'ēg verisē va'anē,#	sōw	va'anē	qē'	duru	=k	qē'ēg	ver-isē	va'anē,#	DISC	now	finish	3DL	=TAM2	begin	RCP-fight	TEMP.DEM1,Then the two started to quarrel.,en,MORPHEME_ALIGNED,,jjq_mp3 jjq_wav jjq_eaf jjq_xml jjq_tsv,,1580432,1586517,##	other	other	other	pro.h:s	=lv	v:pred	rv	other,,jjq,∅	∅	∅	∅	bridging	∅	∅	∅	∅,∅	∅	∅	∅	8118	∅	∅	∅	∅,∅	∅	∅	∅	8118	∅	∅	∅	∅
jjq_0430,mcveraa,durum qē'ēg verisē so itok,#	duru	=m	qē'ēg	ver-isē	#	ZERO	so	#	itok,#	3DL	=TAM1	begin	RCP-fight	#	ZERO	QUOT	#	good,"The two started to quarrel, saying: 'Alright,",en,MORPHEME_ALIGNED,,jjq_mp3 jjq_wav jjq_eaf jjq_xml jjq_tsv,,1586517,1590897,##	pro.h:s	=lv	v:pred	rv	##	0.d:s	other:pred	##ds	v:pred,,jjq,∅	∅	∅	∅	∅	∅	∅	∅	∅	∅,∅	8118	∅	∅	∅	∅	8077	∅	∅	∅,∅	8118	∅	∅	∅	∅	8077	∅	∅	∅
jjq_0431,mcveraa,wom dada lēg qē' sir kimi,#	ZERO	wo	=m	dada	lēg	qē'	sir	kimi,#	ZERO	and	=TAM1	RED:do	in.vain	finish	for	2PL,if I am not successful with you guys...',en,MORPHEME_ALIGNED,,jjq_mp3 jjq_wav jjq_eaf jjq_xml jjq_tsv,,1590897,1593922,##ds	0.1:s	other	=lv	v:pred	rv	rv	adp	pro.2:obl,,jjq,∅	∅	∅	∅	∅	∅	∅	∅	∅,∅	8077	∅	∅	∅	∅	∅	∅	8074,∅	8077	∅	∅	∅	∅	∅	∅	8074
jjq_0432,mcveraa,ba rōw lēn mē'ērsa a dirm rō...m van kal ma bēne,#	ba	rōw	lē	=n	mē'ērsa	#	a	dir	=m	rō—	m—	van	kal	ma	bēne	%,#	but	seawards	LOC	=ART	harbour	#	REL	3PL	=TAM1	NC	NC	go	upwards	hither	PRO.OBL	%,"But down at the harbour where they had gone ashore,",en,MORPHEME_ALIGNED,,jjq_mp3 jjq_wav jjq_eaf jjq_xml jjq_tsv,,1593922,1597642,##	other	other	adp	=ln	np:other	#rc_rn	other	pro.h:s	=lv	nc	nc	v:pred	rv	rv	other:l	%,,jjq,∅	∅	∅	∅	∅	∅	∅	∅	∅	∅	∅	∅	∅	∅	∅	∅	∅,∅	∅	∅	∅	∅	8072	∅	∅	8074	∅	∅	∅	∅	∅	∅	8072	∅,∅	∅	∅	∅	∅	8072	∅	∅	8074	∅	∅	∅	∅	∅	∅	8072	∅
jjq_0433,mcveraa,Qom riv ēn woqe'enge ne vōruō varvara won ner,Qo'	=m	riv	ēn	woqe'enge	ne	vō-ruō	varvara	wo	=n	ner,Qo'	=TAM1	plant	ART	tree	NUM.ART	NUM-two	tree.sp	and	=ART	seaoak,"Qo planted two trees, a varvara and an ironwood",en,MORPHEME_ALIGNED,,jjq_mp3 jjq_wav jjq_eaf jjq_xml jjq_tsv,,1597642,1605067,pn_np.h:a	=lv	v:pred	ln	np:p	rn	rn	np:dt_p	rn	=rn	rn_np,,jjq,∅	∅	∅	∅	new	∅	∅	bridging	∅	∅	bridging,8001	∅	∅	∅	8101	∅	∅	8102	∅	∅	8103,8001	∅	∅	∅	8101	∅	∅	8102	∅	∅	8103
jjq_0434,mcveraa,ga 'ir lēn mē'ēsa'ala... mē'ērsa,#	ZERO	ga	'ir	lē	=n	mē'ēsa'ala—	mē'ērsa,#	ZERO	STAT	stand	LOC	=ART	road	harbour,standing at the bay,en,MORPHEME_ALIGNED,,jjq_mp3 jjq_wav jjq_eaf jjq_xml jjq_tsv,,1605067,1607994,##	0:s	lv	v:pred	adp	=ln	nc	np:l,,jjq,∅	∅	∅	∅	∅	∅	∅	∅,∅	8101	∅	∅	∅	∅	∅	8072,∅	8101	∅	∅	∅	∅	∅	8072
jjq_0435,mcveraa,'a vien nak a dirm su kal wal bēne lēn mē'ērsa 'anē,#	a	viē	=n	nak	#	a	dir	=m	su	kal	wal	bēne	lē	=n	mē'ērsa	anē,#	LOC.SP	where	=ART	canoe	#	REL	3PL	=TAM1	paddle	upwards	once	PRO.OBL	LOC	=ART	harbour	DEM1.A,where the canoe was that they had paddled into the bay on.,en,MORPHEME_ALIGNED,,jjq_mp3 jjq_wav jjq_eaf jjq_xml jjq_tsv,,1607994,1613120,#rc_rn	adp	other:pred_l	=ln	np:s	#rc_rn	other	pro.h:s	=lv	v:pred	rv	rv	other:obl	adp	=ln	np:g	rn,,jjq,∅	∅	∅	∅	∅	∅	∅	∅	∅	∅	∅	∅	∅	∅	∅	∅	∅,∅	∅	8072	∅	8018	∅	∅	8063	∅	∅	∅	∅	8018	∅	∅	8072	∅,∅	∅	8072	∅	8018	∅	∅	8063	∅	∅	∅	∅	8018	∅	∅	8072	∅
jjq_0436,mcveraa,Qo' ne tēk mēn e raga nōgi,#	Qo'	ne	tēk	mē-n	e	raga	nō	-gi,#	Qo'	TAM2:3SG	speak	DAT-CS	PERS.ART	people	POSS.DOM	-3SG,Qo' said to his (people):,en,MORPHEME_ALIGNED,,jjq_mp3 jjq_wav jjq_eaf jjq_xml jjq_tsv,,1613120,1617165,##	pn_np.h:s_ds	lv-pro_h_s_ds	v:pred	adp	ln	ln	np.h:g	-rn_pro.h:poss,,jjq,∅	∅	∅	∅	∅	∅	∅	∅	∅,∅	8001	∅	∅	∅	∅	∅	8063	8001,∅	8001	∅	∅	∅	∅	∅	8063	8001
jjq_0437,mcveraa,kimim kakal raka lēn ... kamadu me veris sa? 'enei,#	kimi	=m	ka-kalraka	lē=n	#	kamadu	me	ver-is	sa	enei,#	2PL	=TAM1	get.up	LOC=ART	#	1DL.EX	FUT	RCP-fight	EMPH	now,'You got up ... We two will fight right now.,en,WORD_ALIGNED,,jjq_mp3 jjq_wav jjq_eaf jjq_xml jjq_tsv,,1617165,1621248,##ds	pro.2:s	=lv	v:pred	nc	##ds	pro.1:s	lv	v:pred	other	other,,jjq,∅	∅	∅	∅	∅	∅	∅	∅	∅	∅	∅,∅	8063	∅	∅	∅	∅	8118	∅	∅	∅	∅,∅	8063	∅	∅	∅	∅	8118	∅	∅	∅	∅
jjq_0438,mcveraa,ban masōgi kamadum qē'ēg verisē,#	ba	=n	masō-gi	kamadu	=m	qē'ēg	ver-isē,#	but	=ART	time-3SG	1DL.EX	=TAM1	begin	RCP-fight,At the time that we start to fight,en,MORPHEME_ALIGNED,,jjq_mp3 jjq_wav jjq_eaf jjq_xml jjq_tsv,,1621248,1623799,##ds	other	=ln	np:other	pro.1:s	=lv	v:pred	rv,,jjq,∅	∅	∅	∅	∅	∅	∅	∅,∅	∅	∅	∅	8118	∅	∅	∅,∅	∅	∅	∅	8118	∅	∅	∅
jjq_0439,mcveraa,kimi birin̄ ēn gunuk kimi 'erē vrig qēl wal row 'alo kimi 'erē 'ēn ēn woqe'enge ne vōru as 'ir 'i 'anē,#	kimi	birin̄	ēn	gunu	-k	kimi	'erē	vrig	qēl	wal	rōw	a	lo	#	kimi	'erē	'ēn	ēn	woqe'enge	ne	vō-ru	#	a	ZERO	=s	'ir	'i	%	anē,#	2PL	with	ART	spouse	-1SG	2PL	PL	rush	down	once	seawards	LOC.SP	sea	#	2PL	PL	see	ART	tree	NUM.ART	NUM-two	#	REL	ZERO	=SIM	stand	DEL	%	DEM1.A,"you guys together with my wife, run down to the sea, look for two trees standing there.",en,MORPHEME_ALIGNED,,jjq_mp3 jjq_wav jjq_eaf jjq_xml jjq_tsv,,1623799,1629900,##ds	pro.2:dt_s	rn	rn	rn_np.h	-rn_pro.1:poss	pro.2:s	other:voc	vother:pred	rv	rv	rv	adp	other:g	##ds	pro.2:a	other:voc	vother:pred	ln	np:p	rn	rn	#rc	other	0:s	=lv	v:pred	rv	%	rn,,jjq,∅	∅	∅	∅	∅	∅	∅	∅	∅	∅	∅	∅	∅	∅	∅	∅	∅	∅	∅	∅	∅	∅	∅	∅	∅	∅	∅	∅	∅	∅,∅	8002	∅	∅	8038	8001	8063	∅	∅	∅	∅	∅	∅	∅	∅	8063	∅	∅	∅	8101	∅	∅	∅	∅	8101	∅	∅	∅	∅	∅,∅	8002	∅	∅	8038	8001	8063	∅	∅	∅	∅	∅	∅	∅	∅	8063	∅	∅	∅	8101	∅	∅	∅	∅	8101	∅	∅	∅	∅	∅
jjq_0440,mcveraa,'arē vidir 'an ner 'arē rem,#	ZERO	'erē	vidir	a	=n	ner	#	ZERO	'erē	rem	ZERO,#	ZERO	PL	jump.up	LOC.SP	=ART	seaoak	#	ZERO	PL	climb	ZERO,"jump onto the seaoak, climb.'",en,MORPHEME_ALIGNED,,jjq_mp3 jjq_wav jjq_eaf jjq_xml jjq_tsv,,1629900,1632953,##	0.2:s	other	vother:pred	adp	=ln	np:g	##ds	0.2:a	other	vother:pred	0:p,,jjq,∅	∅	∅	∅	∅	∅	∅	∅	∅	∅	∅	∅,∅	8063	∅	∅	∅	∅	8103	∅	8063	∅	∅	8103,∅	8063	∅	∅	∅	∅	8103	∅	8063	∅	∅	8103
jjq_0441,mcveraa,duruk verisē verisē verisē,#	duru	=k	ver-isē	ver-isē	ver-isē,#	3DL	=TAM2	RCP-fight	RCP-fight	RCP-fight,"Then the two (started to) fight, fought and fought,",en,MORPHEME_ALIGNED,,jjq_mp3 jjq_wav jjq_eaf jjq_xml jjq_tsv,,1632953,1638486,##	pro.h:s	=lv	v:pred	nc	nc,,jjq,∅	∅	∅	∅	∅	∅,∅	8118	∅	∅	∅	∅,∅	8118	∅	∅	∅	∅
jjq_0442,mcveraa,'erē m̄ōm̄ōgle mu ne Tōmeren,#	'erē	m̄ōm̄ōglēge	mu-n	e	Tumeren,#	PL	thing	POSS.GEN-CS	PERS.ART	Tumeren,"To2meren's things,",en,MORPHEME_ALIGNED,,jjq_mp3 jjq_wav jjq_eaf jjq_xml jjq_tsv,,1638486,1643046,##	ln	np:dt	rn	rn	rn_pn_np.d:poss,,jjq,∅	∅	new	∅	∅	∅,∅	∅	8104	∅	∅	8077,∅	∅	8104	∅	∅	8077
jjq_0443,mcveraa,Tumeren ne vus sese' qēn 'ibiē,Tumeren	ne	vus	se-se'	qē	=n	'ibiē,Tumeren	TAM2:3SG	hit	RED-bad	finish	=ART	platter,"To2meren smashed (them) all, a platter.",en,MORPHEME_ALIGNED,,jjq_mp3 jjq_wav jjq_eaf jjq_xml jjq_tsv,,1643046,1646537,pn_np.d:a	lv-pro_d_a	v:pred	rv	rv	=ln	np:p,,jjq,∅	∅	∅	∅	∅	∅	new,8077	∅	∅	∅	∅	∅	8105,8077	∅	∅	∅	∅	∅	8105
jjq_0444,mcveraa,dine kal lēn lōlō qō e,#	di	ne	kal	lē	=n	lōlō	qō	#	e,#	3SG	TAM2:3SG	enter	LOC	=ART	inside	pig	#	PERS.ART,"He rushed into a pig,",en,MORPHEME_ALIGNED,,jjq_mp3 jjq_wav jjq_eaf jjq_xml jjq_tsv,,1646537,1648835,##	pro.h:s	lv-pro_h_s	v:pred	adp	=ln	ln	np:g	##	ln,,jjq,∅	∅	∅	∅	∅	∅	∅	new	∅	∅,∅	8001	∅	∅	∅	∅	∅	8106	∅	∅,∅	8001	∅	∅	∅	∅	∅	8106	∅	∅
jjq_0445,mcveraa,Tumeren ne vus ne van 'an sav nēn 'ibiē luwo senē,Tumeren	ne	vus	ZERO	#	ZERO	ne	van	a	=n	sav	nē	=n	'ibiē	luwo	senē,Tumeren	TAM2:3SG	kill	ZERO	#	ZERO	TAM2:3SG	go	LOC.SP	=ART	what	DEM1	=ART	platter	big	MAN.DEM1,"and To2meren smashed (it). (He) went to something else, a platter big like this,",en,MORPHEME_ALIGNED,,jjq_mp3 jjq_wav jjq_eaf jjq_xml jjq_tsv,,1648835,1652915,pn_np.d:a	lv-pro_d_a	v:pred	0:p	##	0.h:s	lv-pro_h_s	v:pred	adp	=ln	np:g	nc	=ln	np:dt_g	rn	rn,,jjq,∅	∅	∅	∅	∅	∅	∅	∅	∅	∅	∅	∅	∅	new	∅	∅,8077	∅	∅	8106	∅	8001	∅	∅	∅	∅	∅	∅	∅	8107	∅	∅,8077	∅	∅	8106	∅	8001	∅	∅	∅	∅	∅	∅	∅	8107	∅	∅
jjq_0446,mcveraa,Tumeren ne w... ne lan̄ wōrwōr ēn 'ibiē,#	Tumeren	ne	w—	ne	lan̄	wōrwōr	ēn	'ibiē,#	Tumeren	TAM2:3SG	NC	TAM2:3SG	beat	RED-shatter	ART	platter,and To2meren smashed the platter to pieces.,en,WORD_ALIGNED,,jjq_mp3 jjq_wav jjq_eaf jjq_xml jjq_tsv,,1652915,1655756,##	pn_np.d:a	nc	nc	lv-pro_d_a	v:pred	rv	ln	np:p,,jjq,∅	∅	∅	∅	∅	∅	∅	∅	∅,∅	8077	∅	∅	∅	∅	∅	∅	8107,∅	8077	∅	∅	∅	∅	∅	∅	8107
jjq_0447,mcveraa,dim durug kelkel e Tumeren van 'asenē vanvan wo 'e raga nōgik remrem,#	di	=m	durug	kēlkēl	e	Tumeren	#	van	asenē	vanvan	#	wo	e	raga	nō	-gi	=k	remrem,#	3SG	=TAM1	betray	RED:back	PERS.ART	Tumeren	#	go	MAN.DEM1.A	RED:go	#	and	PERS.ART	people	POSS.DOM	-3SG	=TAM2	RED:climb,"He played tricks with To2meren like this, on and on, and his (folks) climbed and climbed.",en,MORPHEME_ALIGNED,,jjq_mp3 jjq_wav jjq_eaf jjq_xml jjq_tsv,,1655756,1660224,##	pro.h:a	=lv	v:pred	rv	ln	pn_np.d:p	##	v:pred	other	other	##	other	ln	ln	np.h:s	-rn_pro.h:poss	=lv	v:pred,,jjq,∅	∅	∅	∅	∅	∅	∅	∅	∅	∅	∅	∅	∅	∅	∅	∅	∅	∅	∅,∅	8001	∅	∅	∅	∅	8077	∅	∅	∅	∅	∅	∅	∅	∅	8063	8001	∅	∅,∅	8001	∅	∅	∅	∅	8077	∅	∅	∅	∅	∅	∅	∅	∅	8063	8001	∅	∅
jjq_0448,mcveraa,k remrem sa 'an ner ē,#	ZERO	=k	remrem	sa	a	=n	ner	ē,#	ZERO	=TAM2	RED:climb	EMPH	LOC.SP	=ART	seaoak	DEM3,Climbed up that seaoak.,en,MORPHEME_ALIGNED,,jjq_mp3 jjq_wav jjq_eaf jjq_xml jjq_tsv,,1660224,1662097,##	0.h:s	=lv	v:pred	other	adp	=ln	np:g	rn,,jjq,∅	∅	∅	∅	∅	∅	∅	∅	∅,∅	8063	∅	∅	∅	∅	∅	8103	∅,∅	8063	∅	∅	∅	∅	∅	8103	∅
jjq_0449,mcveraa,dirm rem 'asenē vavan gaidin̄ qēqē na veris nōruō 'amēn e Qo' nē ne row lu den e Tumeren,#	dir	=m	rem	asenē	vavan	gaidin̄	qēqē	na	ver-is	nō-ruō	#	'amēn	e	Qo'	nē	ne	rōw	lu	den	e	Tumeren,#	3PL	=TAM1	climb	MAN.DEM1.A	RED-go	until	last	ORD	RCP-fight	POSS.DOM-3DL	#	ASS	PERS.ART	Qo'	DEM1	TAM2:3SG	skip	through	ABL	PERS.ART	Tumeren,"They climbed and climbed like this until the last fight of the two of them when Qo' would run away from To2meren,",en,WORD_ALIGNED,,jjq_mp3 jjq_wav jjq_eaf jjq_xml jjq_tsv,,1662097,1670084,##	pro.h:s	=lv	v:pred	other	other	adp	np:other	rn	rn	rn	#cc	other	ln	pn_np.h:s	rn	lv-pro_h_s	v:pred	rv	adp	ln	pn_np.d:obl,,jjq,∅	∅	∅	∅	∅	∅	∅	new	∅	∅	∅	∅	∅	∅	∅	∅	∅	∅	∅	∅	∅	∅,∅	8063	∅	∅	∅	∅	∅	8108	∅	∅	8118	∅	∅	∅	8001	∅	∅	∅	∅	∅	∅	8077,∅	8063	∅	∅	∅	∅	∅	8108	∅	∅	8118	∅	∅	∅	8001	∅	∅	∅	∅	∅	∅	8077
jjq_0450,mcveraa,Tumeren so suqo',#	Tumeren	so	#	suqo',#	Tumeren	QUOT	#	<spell>,To2meren said: 'Suqo'!,en,MORPHEME_ALIGNED,,jjq_mp3 jjq_wav jjq_eaf jjq_xml jjq_tsv,,1670084,1673742,##	pn_np.d:s	other:pred	##ds	other:pred,,jjq,∅	∅	∅	∅	∅,∅	8077	∅	∅	∅,∅	8077	∅	∅	∅
jjq_0451,mcveraa,no 'an ner,#	no	a	=n	ner,#	1SG	LOC.SP	=ART	seaoak,I (am) on the seaoak.',en,MORPHEME_ALIGNED,,jjq_mp3 jjq_wav jjq_eaf jjq_xml jjq_tsv,,1673742,1676003,##ds	pro.1:s	adp	=ln	np:pred,,jjq,∅	∅	∅	∅	∅,∅	8077	∅	∅	8103,∅	8077	∅	∅	8103
jjq_0452,mcveraa,masōgi dim tēk ēn tēktēk 'anē vagwal wal,#	masō-gi	di	=m	tēk	ēn	tēktēk	anē	vag-wal	wal,#	time-3SG	3SG	=TAM1	speak	ART	RED:speak	DEM1.A	MULT-one	once,"When he said this just once,",en,MORPHEME_ALIGNED,,jjq_mp3 jjq_wav jjq_eaf jjq_xml jjq_tsv,,1676003,1678993,##	np:other	pro.d:a	=lv	v:pred	ln	np:p	rn	other	other,,jjq,∅	∅	∅	∅	∅	∅	bridging	∅	∅	∅,∅	∅	8077	∅	∅	∅	8109	∅	∅	∅,∅	∅	8077	∅	∅	∅	8109	∅	∅	∅
jjq_0453,mcveraa,dirm vrig din̄ man qan̄ ner 'asegēnē,#	dir	=m	vrig	din̄	ma	=n	qan̄	ner	asegēnē,#	3PL	=TAM1	rush	reach	hither	=ART	side	seaoak	MAN.DEM2.A,"they ran to the side of the seaoak like this (?),",en,MORPHEME_ALIGNED,,jjq_mp3 jjq_wav jjq_eaf jjq_xml jjq_tsv,,1678993,1681684,##	pro.h:a	=lv	v:pred	rv	rv	=ln	np:p	rn	other,,jjq,∅	∅	∅	∅	∅	∅	∅	bridging	∅	∅,∅	8063	∅	∅	∅	∅	∅	8110	8103	∅,∅	8063	∅	∅	∅	∅	∅	8110	8103	∅
jjq_0454,mcveraa,n 'ama' so ne da so ne lan̄ m̄as di ba e Qo' nēs va'a sagē,#	n	'ama'	so	ne	da	#	so	ZERO	ne	lan̄	m̄as	di	#	ba	e	Qo'	nēs	va'a	sagē,#	ART	spirit	PROSP	TAM2:3SG	do	#	CPL	ZERO	TAM2:3SG	beat	ABIL2	3SG	#	but	PERS.ART	Qo'	NC	already	upwind,"Then the devil was about to enable himself to punch him, but Qo' was already ontop.",en,MORPHEME_ALIGNED,,jjq_mp3 jjq_wav jjq_eaf jjq_xml jjq_tsv,,1681684,1685589,##	ln	np.d:s	other	lv-pro_d_s	v:pred	#cc	other	0.d:a	lv-pro_d_a	v:pred	rv	pro.h:p	#nc	nc	nc	nc_pn_np.h	nc	nc	nc,,jjq,∅	∅	∅	∅	∅	∅	∅	∅	∅	∅	∅	∅	∅	∅	∅	∅	∅	∅	∅	∅,∅	∅	8077	∅	∅	∅	∅	∅	8077	∅	∅	∅	8001	∅	∅	∅	8001	∅	∅	∅,∅	∅	8077	∅	∅	∅	∅	∅	8077	∅	∅	∅	8001	∅	∅	∅	8001	∅	∅	∅
jjq_0455,mcveraa,so 'o ba itok no me rem lisir kimi,#	ZERO	so	#	'o	ba	itok	#	no	me	rem	lisir	kimi,#	ZERO	QUOT	#	INTERJ	but	good	#	1SG	FUT	climb	along	2PL,"'Alright, I'll climb following you.'",en,MORPHEME_ALIGNED,,jjq_mp3 jjq_wav jjq_eaf jjq_xml jjq_tsv,,1685589,1689101,##	0.d:s	other:pred	##ds	other	other	v:pred	##ds	pro.1:a	lv	v:pred	rv	pro.2:p,,jjq,∅	∅	∅	∅	∅	∅	∅	∅	∅	∅	∅	∅	∅,∅	8077	∅	∅	∅	∅	∅	∅	8077	∅	∅	∅	8074,∅	8077	∅	∅	∅	∅	∅	∅	8077	∅	∅	∅	8074
jjq_0456,mcveraa,dirm rem rem rem rem rem,#	dir	=m	rem	#	rem	rem	rem	rem,#	3PL	=TAM1	climb	#	climb	climb	climb	climb,"They climbed and climbed,",en,MORPHEME_ALIGNED,,jjq_mp3 jjq_wav jjq_eaf jjq_xml jjq_tsv,,1689101,1693039,##	pro.h:s	=lv	v:pred	#nc	nc	nc	nc	nc,,jjq,∅	∅	∅	∅	∅	∅	∅	∅	∅,∅	8074	∅	∅	∅	∅	∅	∅	∅,∅	8074	∅	∅	∅	∅	∅	∅	∅
jjq_0457,mcveraa,e wo Qo' ne vetren̄ so,#	e	wo	Qo'	ne	vetren̄	so,#	CC	and	Qo'	TAM2	send	CPL,then Qo' sent ...,en,MORPHEME_ALIGNED,,jjq_mp3 jjq_wav jjq_eaf jjq_xml jjq_tsv,,1693039,1695003,#nc	nc	nc	nc_pn_np.h	nc	nc	nc,,jjq,∅	∅	∅	∅	∅	∅	∅,∅	∅	∅	8001	∅	∅	∅,∅	∅	∅	8001	∅	∅	∅
jjq_0458,mcveraa,eh... e Qo' ē ne rōn̄ so mas misin (m̄as) 'ama' ne din̄ dirē,#	eh	e	Qo'	ē	ne	rōn̄	#	so	mas	misin	#	'ama'	ne	din̄	dirē,#	HES	PERS.ART	Qo'	DEM3	TAM2:3SG	feel	#	CPL	INABIL1	long.time	#	spirit	TAM2:3SG	reach	3PL,Qo' felt that it was soon that the devil would reach them.,en,MORPHEME_ALIGNED,,jjq_mp3 jjq_wav jjq_eaf jjq_xml jjq_tsv,,1695003,1699196,##	nc	ln	pn_np.h:s	rn	lv-pro_h_s	v:pred	#cc	other	lv	v:pred	#cc	np.d:a	lv-pro_d_a	v:pred	pro.h:p,,jjq,∅	∅	∅	∅	∅	∅	∅	∅	∅	∅	∅	∅	∅	∅	∅	∅,∅	∅	∅	8001	∅	∅	∅	∅	∅	∅	∅	∅	8077	∅	∅	8074,∅	∅	∅	8001	∅	∅	∅	∅	∅	∅	∅	∅	8077	∅	∅	8074
jjq_0459,mcveraa,so dine sor vē'ēn magala,#	so	di	ne	sor	vē'ē	=n	magala,#	QUOT	3SG	TAM2:3SG	empty	out	=ART	ants,And then he emptied out ants.,en,MORPHEME_ALIGNED,,jjq_mp3 jjq_wav jjq_eaf jjq_xml jjq_tsv,,1699196,1701843,##	other	pro.h:a	lv-pro_h_a	v:pred	rv	=ln	np:p,,jjq,∅	∅	∅	∅	∅	∅	∅	new,∅	∅	8001	∅	∅	∅	∅	8111,∅	∅	8001	∅	∅	∅	∅	8111
jjq_0460,mcveraa,magal ne da di wo dine sisraw ne din̄ kel wal suw ēn qe'an,#	magal	ne	da	di	#	wo	di	ne	sisraw	#	ZERO	ne	din̄	kēl	wal	suw	ēn	qe'an,#	ants	TAM2:3SG	do	3SG	#	and	3SG	TAM2:3SG	slide.down	#	ZERO	TAM2:3SG	reach	back	once	down	ART	ground,The ants tortured him and he slipped off and reached the ground again.,en,MORPHEME_ALIGNED,,jjq_mp3 jjq_wav jjq_eaf jjq_xml jjq_tsv,,1701843,1706917,##	np:a	lv-pro_a	v:pred	pro.d:p	##	other	pro.d:s	lv-pro_d_s	v:pred	##	0.d:a	lv-pro_d_a	v:pred	rv	rv	rv	ln	np:p,,jjq,∅	∅	∅	∅	∅	∅	∅	∅	∅	∅	∅	∅	∅	∅	∅	∅	∅	∅	bridging,∅	8111	∅	∅	8077	∅	∅	8077	∅	∅	∅	8077	∅	∅	∅	∅	∅	∅	8112,∅	8111	∅	∅	8077	∅	∅	8077	∅	∅	∅	8077	∅	∅	∅	∅	∅	∅	8112
jjq_0461,mcveraa,wo e Qo' direk remrem won naw ... n ner ē dine ... Qo' ne tēktēk mē di so nōk ēn ner nike malaw ē malaw,#	wo	e	Qo'	dirē	=k	remrem	#	wo	=n	naw	n	ner	ē	di=ne	Qo'	ne	tēktēk	mē	di	so	#	nō-k	ēn	ner	nik	ē	malaw	#	ZERO	ē	malaw,#	and	PERS.ART	Qo'	3PL	=TAM2	RED:climb	#	and	=ART	saltwater	ART	seaoak	DEM3	3SG=TAM2	Qo'	TAM2:3SG	RED:speak	DAT	3SG	QUOT	#	POSS.DOM-1SG	ART	seaoak	2SG	TAM2:2SG	large	#	ZERO	TAM2:2SG	large,"And Qo' and they were climbing, and the seaoak, Qo' said to it: 'My seaoak, get big, get big.",en,MORPHEME_ALIGNED,,jjq_mp3 jjq_wav jjq_eaf jjq_xml jjq_tsv,,1706917,1713506,##	other	ln	pn_np.h:s	pro.h:appos	lv	v:pred	##	other	=ln	nc	nc	np:dt_g	rn	nc	pn_np.h:s	lv-pro_h_s	v:pred	adp	pro:g	other	##ds	ln	ln	np:voc	pro.2:s	lv-pro_2_s	v:pred	##ds	0.2:s	lv-pro_2_s	v:pred,,jjq,∅	∅	∅	∅	∅	∅	∅	∅	∅	∅	∅	∅	∅	∅	∅	∅	∅	∅	∅	∅	∅	∅	∅	∅	∅	∅	∅	∅	∅	∅	∅	∅,∅	∅	∅	8074	∅	∅	∅	∅	∅	∅	∅	∅	8103	∅	∅	8001	∅	∅	∅	8103	∅	∅	8001	∅	8103	8103	∅	∅	∅	8103	∅	∅,∅	∅	∅	8074	∅	∅	∅	∅	∅	∅	∅	∅	8103	∅	∅	8001	∅	∅	∅	8103	∅	∅	8001	∅	8103	8103	∅	∅	∅	8103	∅	∅
jjq_0462,mcveraa,nōk ēn ner nike malaw ē nike malaw,#	nō-k	ēn	ner	nike	malaw	ē	nike	malaw,#	1SG-1SG	ART	seaoak	2SG=TAM2	grow	CC	2SG=TAM2	grow,"My seaoak, get big, get big.'",en,WORD_ALIGNED,,jjq_mp3 jjq_wav jjq_eaf jjq_xml jjq_tsv,,1713506,1716424,#nc	nc	nc	nc	nc	nc	nc	nc	nc,,jjq,∅	∅	∅	∅	∅	∅	∅	∅	∅,∅	∅	∅	∅	∅	∅	∅	∅	∅,∅	∅	∅	∅	∅	∅	∅	∅	∅
jjq_0463,mcveraa,n ner ne babarava,#	n	ner	ne	ba-barava,#	ART	seaoak	TAM2:3SG	RED-long,Then the seaoak got longer and longer.,en,MORPHEME_ALIGNED,,jjq_mp3 jjq_wav jjq_eaf jjq_xml jjq_tsv,,1716424,1718567,##	ln	np:s	lv-pro_s	v:pred,,jjq,∅	∅	∅	∅	∅,∅	∅	8103	∅	∅,∅	∅	8103	∅	∅
jjq_0464,mcveraa,n ner ne barav so e raga nōgik remrem 'a'aga birin̄ wal e Qo' qēqē na 'an̄sar nōre,#	n	ner	ne	barav	#	so	e	raga	nō	-gi	=k	remrem	'a-'aga	ZERO	birin̄	wal	e	Qo'	qēqē	na	'an̄sar	nō	-re,#	ART	seaoak	TAM2:3SG	long	#	CPL	PERS.ART	people	POSS.DOM	-3SG	=TAM2	RED:climb	RED-follow	ZERO	with	once	PERS.ART	Qo'	last	ORD	person	POSS.DOM	-3PL,"The seaoak got longer and then his folks climbed following together with Qo', the last [person] of them.",en,MORPHEME_ALIGNED,,jjq_mp3 jjq_wav jjq_eaf jjq_xml jjq_tsv,,1718567,1724082,##	ln	np:s	lv-pro_s	v:pred	##	other	ln	ln	np.h:a	-rn_pro.h:poss	=lv	v:pred	rv	0:p	adp	other	ln	pn_np.h:obl	np:dt_obl	rn	rn	rn	-rn_pro.h:poss,,jjq,∅	∅	∅	∅	∅	∅	∅	∅	∅	∅	∅	∅	∅	∅	∅	∅	∅	∅	∅	∅	∅	∅	∅	∅,∅	∅	8103	∅	∅	∅	∅	∅	∅	8063	8001	∅	∅	∅	8103	∅	∅	∅	8001	∅	∅	∅	∅	8074,∅	∅	8103	∅	∅	∅	∅	∅	∅	8063	8001	∅	∅	∅	8103	∅	∅	∅	8001	∅	∅	∅	∅	8074
jjq_0465,mcveraa,'ama' ē ne vrig lik ... ne rem 'a'ag dire ne remrem din̄ ma so ne din̄ dire wo di... Qo' ne vetren̄ ēn magal 'i'in,#	'ama'	ē	ne	vrig	lik	#	ZERO	ne	rem	'a'-ag	dirē	#	ZERO	ne	remrem	din̄	ma	#	ZERO	so	ne	din̄	dirē	#	wo	di—	Qo'	ne	vetren̄	ēn	magal	'i'in,#	spirit	DEM3	TAM2:3SG	rush	more	#	ZERO	TAM2:3SG	climb	RED-follow	3PL	#	ZERO	TAM2:3SG	RED:climb	reach	hither	#	ZERO	PROSP	TAM2:3SG	reach	3PL	#	and	3SG	Qo'	TAM2:3SG	send	ART	ant	hot,"The devil climbed following them, was climbing coming close, was about to reach them, then Qo' sent fire ants.",en,MORPHEME_ALIGNED,,jjq_mp3 jjq_wav jjq_eaf jjq_xml jjq_tsv,,1724082,1730988,##	np.d:s	rn	lv-pro_d_s	v:pred	other	##	0.d:a	lv-pro_d_a	v:pred	rv	pro.h:p	##	0.d:s	lv-pro_d_s	v:pred	rv	rv	##	0.d:a	other	lv-pro_d_a	v:pred	pro.h:p	##	other	nc	pn_np.h:a	lv-pro_h_a	v:pred	ln	np:p	rn,,jjq,∅	∅	∅	∅	∅	∅	∅	∅	∅	∅	∅	∅	∅	∅	∅	∅	∅	∅	∅	∅	∅	∅	∅	∅	∅	∅	∅	∅	∅	∅	∅	new	∅,∅	8077	∅	∅	∅	∅	∅	8077	∅	∅	∅	8074	∅	8077	∅	∅	∅	∅	∅	8077	∅	∅	∅	8074	∅	∅	∅	8001	∅	∅	∅	8113	∅,∅	8077	∅	∅	∅	∅	∅	8077	∅	∅	∅	8074	∅	8077	∅	∅	∅	∅	∅	8077	∅	∅	∅	8074	∅	∅	∅	8001	∅	∅	∅	8113	∅
jjq_0466,mcveraa,magal 'i'in ne sak di wo dine sisraw 'anē vavan ne din̄ kel wal ēn qe'an,#	magal	'i'in	ne	sak	di	#	wo	di	ne	sisraw	anē	vavan	#	ZERO	ne	din̄	kēl	wal	ēn	qe'an,#	ant	hot	TAM2:3SG	grab	3SG	#	and	3SG	TAM2:3SG	slide.down	DEM1.A	RED-go	#	ZERO	TAM2:3SG	reach	back	once	ART	ground,"The fire ants covered him up, and he slipped and slipped, reaching the ground again.",en,WORD_ALIGNED,,jjq_mp3 jjq_wav jjq_eaf jjq_xml jjq_tsv,,1730988,1736352,##	np:a	rn	lv-pro_a	v:pred	pro.d:p	##	other	pro.d:s	lv-pro_d_s	v:pred	other	other	##	0.d:a	lv-pro_d_a	v:pred	rv	rv	ln	np:p,,jjq,∅	∅	∅	∅	∅	∅	∅	∅	∅	∅	∅	∅	∅	∅	∅	∅	∅	∅	∅	∅	∅,∅	8113	∅	∅	∅	8077	∅	∅	8077	∅	∅	∅	∅	∅	8077	∅	∅	∅	∅	∅	8112,∅	8113	∅	∅	∅	8077	∅	∅	8077	∅	∅	∅	∅	∅	8077	∅	∅	∅	∅	∅	8112
jjq_0467,mcveraa,sow e Tume... Tumeren wo nik wom dada no me kur sor kimi qiri e raga ga sag 'an woqe'enge 'anē,#	sow	e	Tume—	Tumeren	wo	#	nik	wo	=m	dada	#	no	me	kur	sor	kimi	qiri	#	e	raga	ga	sag	a	=n	woqe'enge	anē,#	DISC	PERS.ART	NC	Tumeren	QUOT	#	2SG	and	=TAM1	RED:do	#	1SG	FUT	devour	empty	2PL	today	#	PERS.ART	people	STAT	sit	LOC.SP	=ART	tree	DEM1.A,"To2meren said: 'Keep doing (this) and I will devour all of you, the ones sitting on that tree.'",en,MORPHEME_ALIGNED,,jjq_mp3 jjq_wav jjq_eaf jjq_xml jjq_tsv,,1736352,1744343,##	other	ln	nc	pn_np.d:s	other:pred	##ds	pro.2:s	other	=lv	v:pred	##ds	pro.1:a	lv	v:pred	rv	pro.2:p	other	##	ln	np.h:s	lv	v:pred	adp	=ln	np:l	rn,,jjq,∅	∅	∅	∅	∅	∅	∅	∅	∅	∅	∅	∅	∅	∅	∅	∅	∅	∅	∅	∅	∅	∅	∅	∅	∅	∅	∅,∅	∅	∅	∅	8077	∅	∅	8001	∅	∅	∅	∅	8077	∅	∅	∅	8074	∅	∅	∅	8063	∅	∅	∅	∅	8103	∅,∅	∅	∅	∅	8077	∅	∅	8001	∅	∅	∅	∅	8077	∅	∅	∅	8074	∅	∅	∅	8063	∅	∅	∅	∅	8103	∅
jjq_0468,mcveraa,dim le dir 'asenē dirm van vavavavan,#	di	=m	le	dir	asenē	#	dir	=m	van	va-va-va-van,#	3SG	=TAM1	transfer	3PL	MAN.DEM1.A	#	3PL	=TAM1	go	RED-RED-RED-go,"He took (?) them like this, they went, on and on,",en,MORPHEME_ALIGNED,,jjq_mp3 jjq_wav jjq_eaf jjq_xml jjq_tsv,,1744343,1749181,##	pro.h:a	=lv	v:pred	pro.h:p	other	##	pro.h:s	=lv	v:pred	other,,jjq,∅	∅	∅	∅	∅	∅	∅	∅	∅	∅	∅,∅	8001	∅	∅	8063	∅	∅	8074	∅	∅	∅,∅	8001	∅	∅	8063	∅	∅	8074	∅	∅	∅
jjq_0469,mcveraa,dine te... e Qo' ne tēk mē di so n nōk ēn ner nike ōn barbara,#	di	ne	te—	e	Qo'	ne	tēk	mē	di	so	#	n	nō	-k	ēn	ner	nik	ē	ōn	bar-bara,#	3SG=TAM1	NC	NC	PERS.ART	Qo'	TAM2:3SG	speak	DAT	3SG	QUOT	#	ART	POSS.DOM	-1SG	ART	seaoak	2SG	TAM2:2SG	lie	RED-long,"then Qo' said to him (?): 'My seaoak, lay askew.'",en,WORD_ALIGNED,,jjq_mp3 jjq_wav jjq_eaf jjq_xml jjq_tsv,,1749181,1753874,##	nc	nc	nc	ln	pn_np.h:s_ds	lv-pro_h_s_ds	v:pred	adp	pro.h:g	other	##ds	ln	ln	-ln_pro.1:poss	ln	np:voc	pro.2:s	lv-pro_2_s	v:pred	rv,,jjq,∅	∅	∅	∅	∅	∅	∅	∅	∅	∅	∅	∅	∅	∅	∅	∅	∅	∅	∅	∅	∅,∅	∅	∅	∅	∅	8001	∅	∅	∅	8103	∅	∅	∅	∅	8001	∅	8103	∅	∅	∅	∅,∅	∅	∅	∅	∅	8001	∅	∅	∅	8103	∅	∅	∅	∅	8001	∅	8103	∅	∅	∅	∅
jjq_0470,mcveraa,e nōgin ner ne ōn barbara,#	e	nō	-gi	=n	ner	ne	ōn	bar-bara,#	DISC	POSS.DOM	-3SG	=ART	seaoak	TAM2:3SG	lie	RED-long,And so his seaoak laid askew.,en,MORPHEME_ALIGNED,,jjq_mp3 jjq_wav jjq_eaf jjq_xml jjq_tsv,,1753874,1757463,##	other	ln	-ln_pro.h:poss	=ln	np:s	lv-pro_s	v:pred	rv,,jjq,∅	∅	∅	∅	∅	∅	∅	∅	∅,∅	∅	∅	8001	∅	8103	∅	∅	∅,∅	∅	∅	8001	∅	8103	∅	∅	∅
jjq_0471,mcveraa,dim ōn barbarav 'asenē ōn barbar kel wal ma 'a vunu Lava,#	di	=m	ōn	bar-barav	asenē	#	ZERO	ōn	bar-bar	kēl	wal	ma	a	Vunu Lava,#	3SG	=TAM1	lie	RED-long	MAN.DEM1.A	#	ZERO	lie	RED-long	back	once	hither	LOC.SP	Vanua.Lava,It lay askew like lay askew back towards Vanua Lava.,en,MORPHEME_ALIGNED,,jjq_mp3 jjq_wav jjq_eaf jjq_xml jjq_tsv,,1757463,1762091,##	pro.h:s	=lv	v:pred	rv	other	##	0:s	v:pred	rv	rv	rv	rv	adp	pn_np:g,,jjq,∅	∅	∅	∅	∅	∅	∅	∅	∅	∅	∅	∅	∅	∅	∅,∅	8103	∅	∅	∅	∅	∅	8103	∅	∅	∅	∅	∅	∅	8081,∅	8103	∅	∅	∅	∅	∅	8103	∅	∅	∅	∅	∅	∅	8081
jjq_0472,mcveraa,e raga nōgik 'isiwē,#	e	raga	nō	-gi	=k	'isiwē,#	PERS.ART	people	POSS.DOM	-3SG	=TAM2	dismount,His folks climbed down.,en,MORPHEME_ALIGNED,,jjq_mp3 jjq_wav jjq_eaf jjq_xml jjq_tsv,,1762091,1764888,##	ln	ln	np.h:s	-rn_pro.h:poss	lv	v:pred,,jjq,∅	∅	∅	∅	∅	∅	∅,∅	∅	∅	8063	8001	∅	∅,∅	∅	∅	8063	8001	∅	∅
jjq_0473,mcveraa,n m̄ōa 'isigi m row qēl qē' 'ew'i qē' e ge 'ew'i,#	n	m̄ōa	'isi	-gi	=m	rōw	qēl	qē'	#	'ew'i	qē'	e	ge	'ew'i,#	ART	first	younger.same.sex.sibling	-3SG	=TAM1	skip	down	finish	#	other	then	PERS.ART	NC	other,"The first of his brothers jumped down, then the next, then the next.",en,MORPHEME_ALIGNED,,jjq_mp3 jjq_wav jjq_eaf jjq_xml jjq_tsv,,1764888,1769922,##	ln	ln	np.h:s	nc_pro.h	=lv	v:pred	rv	rv	#nc	nc	nc	nc	nc	nc,,jjq,∅	∅	∅	bridging	∅	∅	∅	∅	∅	∅	∅	∅	∅	∅	∅,∅	∅	∅	8114	8001	∅	∅	∅	∅	∅	∅	∅	∅	∅	∅,∅	∅	∅	8114	8001	∅	∅	∅	∅	∅	∅	∅	∅	∅	∅
jjq_0474,mcveraa,dirm 'ēqēl 'ēqēl 'ēqēl 'ēqēl,#	dir	=m	'ēqēl	#	'ēqēl	'ēqēl	'ēqēl,#	3PL	=TAM1	descend	#	descend	descend	descend,"They went down, went down.",en,MORPHEME_ALIGNED,,jjq_mp3 jjq_wav jjq_eaf jjq_xml jjq_tsv,,1769922,1772408,##	pro.h:s	=lv	v:pred	#nc	nc	nc	nc,,jjq,∅	∅	∅	∅	∅	∅	∅	∅,∅	8063	∅	∅	∅	∅	∅	∅,∅	8063	∅	∅	∅	∅	∅	∅
jjq_0475,mcveraa,Qon qēqē nagi,#	Qo'	=n	qēqē	na	-gi,#	Qo'	=ART	last	ORD	-3SG,Qo' was the last (one).,en,MORPHEME_ALIGNED,,jjq_mp3 jjq_wav jjq_eaf jjq_xml jjq_tsv,,1772408,1773710,##	pn_np.h:s	=ln	np:pred	rn	-rn_pro.h:poss,,jjq,∅	∅	∅	∅	∅	∅,∅	8001	∅	∅	∅	8074,∅	8001	∅	∅	∅	8074
jjq_0476,mcveraa,sōw 'ama' ēnē ne lisir m̄og 'i dir ma,#	sōw	'ama'	ēnē	ne	lisir	m̄og	'i	dir	ma,#	DISC	spirit	DEM3-DEM1?	TAM2:3SG	along	constantly	DEL	3PL	hither,"And the devil, he kept following them,",en,WORD_ALIGNED,,jjq_mp3 jjq_wav jjq_eaf jjq_xml jjq_tsv,,1773710,1776332,##	other	np.d:a	nc	lv-pro_d_a	v:pred	rv	rv	pro.h:p	rv,,jjq,∅	∅	∅	∅	∅	∅	∅	∅	∅	∅,∅	∅	8077	∅	∅	∅	∅	∅	8074	∅,∅	∅	8077	∅	∅	∅	∅	∅	8074	∅
jjq_0477,mcveraa,vavan ma wo Qo' dim row 'ēqēl suw lēn qe'an 'esenei,#	ZERO	vavan	ma	#	wo	Qo'	di	=m	rōw	'ēqēl	suw	lē	=n	qe'an	esenei,#	ZERO	RED-go	hither	#	and	Qo'	3SG	=TAM1	skip	descend	thither	LOC	=ART	ground	MAN.DEM4.E,"came closer, and Qo', he jumped down to the ground like this",en,WORD_ALIGNED,,jjq_mp3 jjq_wav jjq_eaf jjq_xml jjq_tsv,,1776332,1781737,##	0.d:s	v:pred	rv	##	other	pn_np.h:dt_s	pro.h:s	=lv	v:pred	rv	rv	adp	=ln	np:g	nc,,jjq,∅	∅	∅	∅	∅	∅	∅	∅	∅	∅	∅	∅	∅	∅	bridging	∅,∅	8077	∅	∅	∅	∅	8001	8001	∅	∅	∅	∅	∅	∅	8115	∅,∅	8077	∅	∅	∅	∅	8001	8001	∅	∅	∅	∅	∅	∅	8115	∅
jjq_0478,mcveraa,wo ne gis ren̄ ēn n̄ōl ner segēn,#	wo	ZERO	ne	gis	ren̄	ēn	n̄ōl	ner	segēn,#	and	ZERO	TAM2:3SG	hold	stuck	ART	top	seaoak	MAN.DEM2,held tight the top of the seaoak right here.,en,MORPHEME_ALIGNED,,jjq_mp3 jjq_wav jjq_eaf jjq_xml jjq_tsv,,1781737,1785148,##	other	0.h:a	lv-pro_h_a	v:pred	rv	ln	np:p	rn	other,,jjq,∅	∅	∅	∅	∅	∅	∅	bridging	∅	∅,∅	∅	8001	∅	∅	∅	∅	8116	8103	∅,∅	∅	8001	∅	∅	∅	∅	8116	8103	∅
jjq_0479,mcveraa,nei ne vanvan ma lēn lam̄si kakaka va'anē,#	nei	ne	vanvan	ma	lē	=n	lam̄si	ka-kaka	va'anē,#	now	TAM2:3SG	RED:go	hither	LOC	=ART	end	RED-story	TEMP.DEM1,(It) is going towards the end of the story now.,en,MORPHEME_ALIGNED,,jjq_mp3 jjq_wav jjq_eaf jjq_xml jjq_tsv,,1785148,1789042,##	other	lv-pro_s	v:pred	rv	adp	=ln	np:g	rn	other,,jjq,∅	∅	∅	∅	∅	∅	∅	∅	∅	∅,∅	∅	∅	∅	∅	∅	∅	∅	∅	∅,∅	∅	∅	∅	∅	∅	∅	∅	∅	∅
jjq_0480,mcveraa,masōgi dim gis vagran n̄ōl ner 'esegēn,#	masō-gi	di	=m	gis	vagra	=n	n̄ōl	ner	esegēn,#	time-3SG	3SG	=TAM1	hold	tight	=ART	top	seaoak	MAN.DEM2.E,"When he held tight the top of the seaoak like this,",en,MORPHEME_ALIGNED,,jjq_mp3 jjq_wav jjq_eaf jjq_xml jjq_tsv,,1789042,1792961,##	np:other	pro.h:a	=lv	v:pred	rv	=ln	np:p	rn	other,,jjq,∅	∅	∅	∅	∅	∅	∅	∅	∅	∅,∅	∅	8001	∅	∅	∅	∅	8116	8103	∅,∅	∅	8001	∅	∅	∅	∅	8116	8103	∅
jjq_0481,mcveraa,'ama' ēm rem mam rem mam 'isiw... van 'a'ag ma van ma vavavan ma wo [UNCLEAR] ne da so ne vidir suw wo Qo' ne 'an̄ vē'ēn n̄ōl ner,#	'ama'	ē	=m	rem	ma	#	ZERO	=m	rem	ma	#	ZERO	=m	'isiw—	van	'a-'ag	ma	ZERO	#	ZERO	van	ma	#	va-va-van	ma	#	wo	NC	ne	da	#	so	ZERO	ne	vidir	suw	#	wo	Qo'	ne	'an̄	vē'ē	=n	n̄ōl	ner,#	spirit	DEM3	=TAM1	climb	hither	#	ZERO	=TAM1	climb	hither	#	ZERO	=TAM1	climb.down	go	RED-follow	hither	ZERO	#	ZERO	go	hither	#	RED-RED-go	hither	#	and	NC	TAM2:3SG	do	#	CPL	ZERO	TAM2:3SG	jump.up	thither	#	and	Qo'	TAM2:3SG	hand.move	off	=ART	top	seaoak,"the devil came climbing, came climbing, came following, came, closer and closer. When (he) was about to jump down, then Qo' let go the top of the seaoak.",en,MORPHEME_ALIGNED,,jjq_mp3 jjq_wav jjq_eaf jjq_xml jjq_tsv,,1792961,1800676,##	np.d:s	rn	=lv	v:pred	rv	##	0.d:s	=lv	v:pred	rv	##	0.d:a	=lv	nc	v:pred	rv	rv	0:p	##	0.d:s	v:pred	rv	#nc	nc	nc	##	other	nc	lv-pro_s	v:pred	##	other	0.d:s	lv-pro_d_s	v:pred	rv	##	other	pn_np.h:a	lv-pro_h_a	v:pred	rv	=ln	np:p	rn_np:poss,,jjq,∅	∅	∅	∅	∅	∅	∅	∅	∅	∅	∅	∅	∅	∅	∅	∅	∅	∅	∅	∅	∅	∅	∅	∅	∅	∅	∅	∅	∅	∅	∅	∅	∅	∅	∅	∅	∅	∅	∅	∅	∅	∅	∅	∅	∅	∅,∅	8077	∅	∅	∅	∅	∅	8077	∅	∅	∅	∅	8077	∅	∅	∅	∅	∅	8103	∅	8077	∅	∅	∅	∅	∅	∅	∅	∅	∅	∅	∅	∅	8077	∅	∅	∅	∅	∅	8001	∅	∅	∅	∅	8116	8103,∅	8077	∅	∅	∅	∅	∅	8077	∅	∅	∅	∅	8077	∅	∅	∅	∅	∅	8103	∅	8077	∅	∅	∅	∅	∅	∅	∅	∅	∅	∅	∅	∅	8077	∅	∅	∅	∅	∅	8001	∅	∅	∅	∅	8116	8103
jjq_0482,mcveraa,lēn masōgin n̄ōl ner dim van kal kel 'asegēnē,#	lē	=n	masō-gi	=n	n̄ōl	ner	di	=m	van	kal	kēl	asegēnē,#	LOC	=ART	time-3SG	=ART	top	seaoak	3SG	=TAM1	go	upwards	back	MAN.DEM2.A,"And when the top of the seaoak, it straightened up again like this,",en,MORPHEME_ALIGNED,,jjq_mp3 jjq_wav jjq_eaf jjq_xml jjq_tsv,,1800676,1803940,##	adp	=ln	np:other	=ln	np:dt_s	rn_np:poss	pro.h:s	=lv	v:pred	rv	rv	other,,jjq,∅	∅	∅	∅	∅	∅	∅	∅	∅	∅	∅	∅	∅,∅	∅	∅	∅	∅	8116	8103	8116	∅	∅	∅	∅	∅,∅	∅	∅	∅	∅	8116	8103	8116	∅	∅	∅	∅	∅
jjq_0483,mcveraa,lan̄m wōr ēn 'ama' ē,#	ZERO	lan̄m	wōr	ēn	'ama'	ē,#	ZERO	slap	shatter	ART	spirit	DEM3,(it) smashed the devil.,en,MORPHEME_ALIGNED,,jjq_mp3 jjq_wav jjq_eaf jjq_xml jjq_tsv,,1803940,1807678,##	0:a	v:pred	rv	ln	np.d:p	rn,,jjq,∅	∅	∅	∅	∅	∅	∅,∅	8116	∅	∅	∅	8077	∅,∅	8116	∅	∅	∅	8077	∅
jjq_0484,mcveraa,'avalgim ... ba ... ē lama'i ros son 'amam m̄es kel kivie,#	'avalgi=m	ba	ē	lama'i	rōs	so=n	'ama=m	m̄es	kēl	kivie,#	flipside=TAM1	but	NC	know	GEN.NEG1	CPL=ART	spirit=TAM1	NC	back	where,"I don't know the devil, he fell down again where.",en,MORPHEME_ALIGNED,,jjq_mp3 jjq_wav jjq_eaf jjq_xml jjq_tsv,,1807678,1812438,#nc	nc	nc	nc	nc	nc	nc	nc	nc	nc	nc,,jjq,∅	∅	∅	∅	∅	∅	∅	∅	∅	∅	∅,∅	∅	∅	∅	∅	∅	∅	∅	∅	∅	∅,∅	∅	∅	∅	∅	∅	∅	∅	∅	∅	∅
jjq_0485,mcveraa,kakaka mun e Qo' dim din̄ 'ekēnē,ka-kaka	mu-n	e	Qo'	di=m	din̄	'ekēnē,RED-story	POSS.GEN-CS	PERS.ART	Qo'	3SG=TAM1	reach	LOC.DEM1,"The story of Qo', it is over here.",en,MORPHEME_ALIGNED,,jjq_mp3 jjq_wav jjq_eaf jjq_xml jjq_tsv,,1812438,1818992,nc	nc	nc	nc	nc	nc	nc,,jjq,∅	∅	∅	∅	∅	∅	∅,∅	∅	∅	∅	∅	∅	∅,∅	∅	∅	∅	∅	∅	∅
mvbw_0001,mcveraa,varian Stefan nome kakan kaka ne vōwal,#	varian	Stefan	#	no	me	kaka	=n	kaka	ne	vō-wal,#	thanks	Stefan	#	1SG	FUT	narrate	=ART	story	NUM.ART	NUM-one,Thanks Stefan. I will tell a story.,en,MORPHEME_ALIGNED,,mvbw_mp3 mvbw_wav mvbw_eaf mvbw_xml mvbw_tsv,,0,3612,#nc	nc	nc	##	pro.1:a	lv	v:pred	=ln	np:p	rn	rn,,mvbw,∅	∅	∅	∅	∅	∅	∅	∅	∅	∅	∅,∅	∅	∅	∅	∅	∅	∅	∅	∅	∅	∅,∅	∅	∅	∅	∅	∅	∅	∅	∅	∅	∅
mvbw_0002,mcveraa,rekso wunva vaga no ga rēv,#	rekso	wunva	vaga	no	ga	rēv,#	like	probably	always	1SG	STAT	write,"Like, usually I am the writer,",en,MORPHEME_ALIGNED,,mvbw_mp3 mvbw_wav mvbw_eaf mvbw_xml mvbw_tsv,,3612,5761,##	other	other	other	pro.1:s	lv	v:pred,,mvbw,∅	∅	∅	∅	∅	∅	∅,∅	∅	∅	∅	∅	∅	∅,∅	∅	∅	∅	∅	∅	∅
mvbw_0003,mcveraa,ba 'enei nome da 'eno nok kakan kaka ne vōwal,#	ba	enei	no	me	da	'eno	#	no	=k	kaka	=n	kaka	ne	vō-wal,#	but	now	1SG	FUT	do	try	#	1SG	=TAM2	narrate	=ART	story	NUM.ART	NUM-one,but now I am going to tell a story.,en,MORPHEME_ALIGNED,,mvbw_mp3 mvbw_wav mvbw_eaf mvbw_xml mvbw_tsv,,5761,9653,##	other	other	pro.1:s	lv	v:pred	rv	#cc	pro.1:a	=lv	v:pred	=ln	np:p	rn	rn,,mvbw,∅	∅	∅	∅	∅	∅	∅	∅	∅	∅	∅	∅	∅	∅	∅,∅	∅	∅	∅	∅	∅	∅	∅	∅	∅	∅	∅	∅	∅	∅,∅	∅	∅	∅	∅	∅	∅	∅	∅	∅	∅	∅	∅	∅	∅
mvbw_0004,mcveraa,no ga moros nok dedicatem ēn kaka 'agēnē mēn 'eraga m̄ērm̄ēre rekso dir me rōn̄ ēn kaka 'anē si dir me vasōgō man̄asa no lama'i ros,#	no	ga	mōrōs	#	no	=k	dedicatem	ēn	kaka	agēnē	mē-n	e	raga	m̄ērm̄ēre	#	rekso	dir	me	rōn̄	ēn	kaka	anē	#	si	dir	me	vasōgō	ZERO	man̄asa	#	no	lama'i	rōs,#	1SG	STAT	like	#	1SG	=TAM2	dedicate	ART	story	DEM2.A	DAT-CS	PERS.ART	people	kid	#	like	3PL	FUT	hear	ART	story	DEM1.A	#	or	3PL	FUT	read	ZERO	when	#	1SG	know	GEN.NEG2,"I want to dedicate the following story to all the children, they shall hear the story, or they will learn it sometime, I don't know.",en,MORPHEME_ALIGNED,,mvbw_mp3 mvbw_wav mvbw_eaf mvbw_xml mvbw_tsv,,9653,19195,##	pro.1:s	lv	v:pred	#cc	pro.1:a	=lv	v:pred	ln	np:p	rn_dem2	adp	ln	ln	np.h:g	#ac	other	pro.h:a	lv	v:pred	ln	np:p	rn_dem1	#ac	other	pro.h:a	lv	v:pred	0:p	other	##	pro.1:s	v:pred	rv,,mvbw,∅	∅	∅	∅	∅	∅	∅	∅	∅	∅	∅	∅	∅	∅	∅	∅	∅	∅	∅	∅	∅	∅	∅	∅	∅	∅	∅	∅	∅	∅	∅	∅	∅	∅,∅	∅	∅	∅	∅	∅	∅	∅	∅	∅	∅	∅	∅	∅	∅	∅	∅	∅	∅	∅	∅	∅	∅	∅	∅	∅	∅	∅	∅	∅	∅	∅	∅	∅,∅	∅	∅	∅	∅	∅	∅	∅	∅	∅	∅	∅	∅	∅	∅	∅	∅	∅	∅	∅	∅	∅	∅	∅	∅	∅	∅	∅	∅	∅	∅	∅	∅	∅
mvbw_0005,mcveraa,rekso nom rēv wo nom kaka,#	rekso	no	=m	rēv	#	wo	no	=m	kaka,#	like	1SG	=TAM1	write	#	and	1SG	=TAM1	narrate,"Like, I write and I (also) tell a story.",en,MORPHEME_ALIGNED,,mvbw_mp3 mvbw_wav mvbw_eaf mvbw_xml mvbw_tsv,,19195,23156,##	other	pro.1:s	=lv	v:pred	##	other	pro.1:s	=lv	v:pred,,mvbw,∅	∅	∅	∅	∅	∅	∅	∅	∅	∅,∅	∅	∅	∅	∅	∅	∅	∅	∅	∅,∅	∅	∅	∅	∅	∅	∅	∅	∅	∅
mvbw_0006,mcveraa,kaka dim van segēn,#	kaka	di	=m	van	segēn,#	story	3SG	=TAM1	go	MAN.DEM2,"The story, it goes like this:",en,MORPHEME_ALIGNED,,mvbw_mp3 mvbw_wav mvbw_eaf mvbw_xml mvbw_tsv,,23156,25518,##	np:dt_s	pro.h:s	=lv	v:pred	other,,mvbw,∅	∅	∅	∅	∅	∅,∅	∅	∅	∅	∅	∅,∅	∅	∅	∅	∅	∅
mvbw_0007,mcveraa,qōn̄ ne vōwal e ruwa mēn gunuruō,#	qōn̄	ne	vō-wal	e	ruwa	mē	=n	gunu-ruō,#	night	NUM.ART	NUM-one	PERS.ART	two.people	DAT	=ART	spouse-3DL,One day there was a couple.,en,MORPHEME_ALIGNED,,mvbw_mp3 mvbw_wav mvbw_eaf mvbw_xml mvbw_tsv,,25518,29245,##	np:other	rn	rn	ln	np.h:pred	rn	=rn	rn,,mvbw,∅	∅	∅	∅	∅	new	∅	∅	∅,∅	∅	∅	∅	∅	9001	∅	∅	∅,∅	∅	∅	∅	∅	9001	∅	∅	∅
mvbw_0008,mcveraa,duru mak leg wal 'i ē rekso durum magraqa durum leg ... legleg magraqa,#	duru	mak	leg	wal	'i	ē	#	rekso	duru	=m	magraqa	#	duru	=m	leg—	legleg	magraqa,#	3DL	IMM	marry	once	DEL	DEM3	#	like	3DL	=TAM1	recently.married	#	3DL	=TAM1	marry	RED:marry	recently.married,"They had only just gotten married, like they were a young, newly married couple.",en,MORPHEME_ALIGNED,,mvbw_mp3 mvbw_wav mvbw_eaf mvbw_xml mvbw_tsv,,29245,34123,##	pro.h:s	lv	v:pred	rv	rv	other	##	other	pro.h:s	=lv	v:pred	##	pro.h:s	=lv	nc	v:pred	rv,,mvbw,∅	∅	∅	∅	∅	∅	∅	∅	∅	∅	∅	∅	∅	∅	∅	∅	∅	∅,∅	9001	∅	∅	∅	∅	∅	∅	∅	9001	∅	∅	∅	9001	∅	∅	∅	∅,∅	9001	∅	∅	∅	∅	∅	∅	∅	9001	∅	∅	∅	9001	∅	∅	∅	∅
mvbw_0009,mcveraa,durum 'ōgo vavavan n ren̄e ne tek mēn 'am̄an so ege no 'ōn 'aqak,#	duru	=m	'ōgo	vavavan	#	n	ren̄e	ne	tēk	mē	=n	'am̄an	so	#	ege	no	'ō'	=n	'aqa	-k,#	3DL	=TAM1	stay	RED-go	#	ART	woman	TAM2:3SG	speak	DAT	=ART	man	QUOT	#	VOC.m	1SG	with	=ART	belly	-1SG,"They lived, on and on. Then the woman said to the man: ""Man, I am pregnant.""",en,WORD_ALIGNED,,mvbw_mp3 mvbw_wav mvbw_eaf mvbw_xml mvbw_tsv,,34123,40087,##	pro.h:s	=lv	v:pred	other	##	ln	np.h:s_ds	lv-pro_h_s_ds	v:pred	adp	=ln	np.h:g	other	#ds	other:voc	pro.1:s	adp	=ln	np:pred	-rn_pro.1:poss,,mvbw,∅	∅	∅	∅	∅	∅	∅	bridging	∅	∅	∅	∅	bridging	∅	∅	∅	∅	∅	∅	∅	∅,∅	9001	∅	∅	∅	∅	∅	9002	∅	∅	∅	∅	9003	∅	∅	∅	9002	∅	∅	∅	9002,∅	9001	∅	∅	∅	∅	∅	9002	∅	∅	∅	∅	9003	∅	∅	∅	9002	∅	∅	∅	9002
mvbw_0010,mcveraa,'ōg sier durum 'ōgo 'ōgo van din̄ ēn vul ne livi'ie 'amēn ... vul ne liviva 'amēn dine len tētē,#	ZERO	'ōg	sier	#	duru	=m	'ōgo	#	ZERO	'ōgo	van	din̄	ēn	vul	ne	livi'iē	'amēn	vul	ne	liviva	#	'amēn	di	ne	le	=n	tētē,#	ZERO	stay	realise	#	3DL	=TAM1	stay	#	ZERO	stay	go	reach	ART	moon	NUM.ART	six	ASS	moon	NUM.ART	nine	#	ASS	3SG	TAM2:3SG	transfer	=ART	infant,"Expecting. They lived like this, until the ninth month, so that she would give birth.",en,MORPHEME_ALIGNED,,mvbw_mp3 mvbw_wav mvbw_eaf mvbw_xml mvbw_tsv,,40087,48006,##	0.h:s	v:pred	rv	##	pro.h:s	=lv	v:pred	##	0.h:s	v:pred	other	adp	ln	nc	nc	nc	nc	np:other	rn	rn	#cc	other	pro.h:a	lv-pro_h_a	v:pred	=ln	np.h:p,,mvbw,∅	∅	∅	∅	∅	∅	∅	∅	∅	∅	∅	∅	∅	∅	∅	∅	∅	∅	bridging	∅	∅	∅	∅	∅	∅	∅	∅	bridging,∅	9002	∅	∅	∅	9001	∅	∅	∅	9001	∅	∅	∅	∅	∅	∅	∅	∅	9004	∅	∅	∅	∅	9002	∅	∅	∅	9005,∅	9002	∅	∅	∅	9001	∅	∅	∅	9001	∅	∅	∅	∅	∅	∅	∅	∅	9004	∅	∅	∅	∅	9002	∅	∅	∅	9005
mvbw_0011,mcveraa,dine len ni'igi,#	di	ne	le	=n	ni'i	-gi,#	3SG	TAM2:3SG	transfer	=ART	small	-3SG,And she delivered her child.,en,MORPHEME_ALIGNED,,mvbw_mp3 mvbw_wav mvbw_eaf mvbw_xml mvbw_tsv,,48006,50163,##	pro.h:a	lv-pro_h_a	v:pred	=ln	np.h:p	-rn_pro.h:poss,,mvbw,∅	∅	∅	∅	∅	∅	∅,∅	9002	∅	∅	∅	9005	9002,∅	9002	∅	∅	∅	9005	9002
mvbw_0012,mcveraa,len ni'igin ni'i 'am̄an,#	ZERO	le	=n	ni'i	-gi	=n	ni'i	'am̄an,#	ZERO	transfer	=ART	small	-3SG	=ART	small	man,"Delivered her child, a small boy.",en,MORPHEME_ALIGNED,,mvbw_mp3 mvbw_wav mvbw_eaf mvbw_xml mvbw_tsv,,50163,52333,##	0.h:a	v:pred	=ln	np.h:p	-rn_pro.h:poss	=ln	np:dt_p	rn,,mvbw,∅	∅	∅	∅	∅	∅	∅	∅	∅,∅	9002	∅	∅	9005	9002	∅	9005	∅,∅	9002	∅	∅	9005	9002	∅	9005	∅
mvbw_0013,mcveraa,duruk 'ēn gōr 'ēn gōr 'ēn gōr 'ēn gōgōr vavan,#	duru	=k	'ēn	gōr	ZERO	#	ZERO	'ēn	gōr	ZERO	#	ZERO	'ēn	gōr	ZERO	#	ZERO	'ēn	gō-gōr	ZERO	va-van,#	3DL	=TAM2	see	secure	ZERO	#	ZERO	see	secure	ZERO	#	ZERO	see	secure	ZERO	#	ZERO	see	RED-secure	ZERO	RED-go,"They looked after him, looked after him, on and on.",en,MORPHEME_ALIGNED,,mvbw_mp3 mvbw_wav mvbw_eaf mvbw_xml mvbw_tsv,,52333,56361,##	pro.h:a	=lv	v:pred	rv	0.h:p	#nc	nc_0.h	nc	nc	nc_0.h	##	nc_0.h	nc	nc	nc_0.h	##	0.h:a	v:pred	rv	0.h:p	other,,mvbw,∅	∅	∅	∅	∅	∅	∅	∅	∅	∅	∅	∅	∅	∅	∅	∅	∅	∅	∅	∅	∅	∅,∅	9001	∅	∅	∅	9005	∅	9001	∅	∅	9005	∅	9001	∅	∅	9005	∅	9001	∅	∅	9005	∅,∅	9001	∅	∅	∅	9005	∅	9001	∅	∅	9005	∅	9001	∅	∅	9005	∅	9001	∅	∅	9005	∅
mvbw_0014,mcveraa,n ni'igi tētē 'anēm luwo vanvan rekso dim mōnō luwo wal 'e vōruō senē,#	n	ni'i	-gi	tētē	anē	=m	luwo	vanvan	#	rekso	di	=m	mōnō	luwo	wal	'e	vō-ruō	senē,#	ART	small	-3SG	infant	DEM1.A	=TAM1	big	RED:go	#	like	3SG	=TAM1	little	big	wal	year	NUM-two	MAN.DEM1,"And her child, the baby grew and grew, and when it had grown up a little, it was like two,",en,MORPHEME_ALIGNED,,mvbw_mp3 mvbw_wav mvbw_eaf mvbw_xml mvbw_tsv,,56361,63604,##	ln	np.h:s	-rn_pro.h:poss	np.h:appos	rn_dem1	=lv	v:pred	other	##	other	pro.h:s	=lv	lv	v:pred	rv	np:dt	rn	other,,mvbw,∅	∅	∅	∅	∅	∅	∅	∅	∅	∅	∅	∅	∅	∅	∅	∅	new	∅	∅,∅	∅	9005	9002	9005	∅	∅	∅	∅	∅	∅	9005	∅	∅	∅	∅	9006	∅	∅,∅	∅	9005	9002	9005	∅	∅	∅	∅	∅	∅	9005	∅	∅	∅	∅	9006	∅	∅
mvbw_0015,mcveraa,n ren̄e ne tek so 'o no 'ō lik ēn 'aqak e dine 'aram mēn gunugi,#	n	ren̄e	ne	tēk	so	#	'o	no	'ō'	lik	ēn	'aqa	-k	#	e	di	ne	'aram	ZERO	mē	=n	gunu	-gi,#	ART	woman	TAM2:3SG	speak	QUOT	#	oh	1SG	with	more	ART	belly	-1SG	#	CC	3SG	TAM2:3SG	inform	ZERO	DAT	=ART	spouse	-3SG,"the woman said: ""I am pregnant again."", so she told her husband.",en,MORPHEME_ALIGNED,,mvbw_mp3 mvbw_wav mvbw_eaf mvbw_xml mvbw_tsv,,63604,69477,##	ln	np.h:s_ds	lv-pro_h_s_ds	v:pred	other	#ds	other	pro.1:s	adp	other	ln	np:pred	-rn_pro.1:poss	##	other	pro.h:a	lv-pro_h_a	v:pred	0:p	adp	=ln	np.h:g	-rn_pro.h:poss,,mvbw,∅	∅	∅	∅	∅	∅	∅	∅	∅	∅	∅	∅	∅	∅	∅	∅	∅	∅	∅	∅	∅	∅	∅	∅,∅	∅	9002	∅	∅	∅	∅	∅	9002	∅	∅	∅	∅	9002	∅	∅	9002	∅	∅	∅	∅	∅	9003	9002,∅	∅	9002	∅	∅	∅	∅	∅	9002	∅	∅	∅	∅	9002	∅	∅	9002	∅	∅	∅	∅	∅	9003	9002
mvbw_0016,mcveraa,m 'ōgo vavan din̄ ēn masōgi 'amēn dine len ni'igi,#	ZERO	m	'ōgo	va-van	din̄	ēn	masōgi	#	'amēn	di	ne	le	=n	ni'i	-gi,#	ZERO	TAM1	stay	RED-go	reach	ART	time	#	ASS	3SG	TAM2:3SG	transfer	=ART	small	-3SG,"After a while, when it was time for her to give birth,",en,MORPHEME_ALIGNED,,mvbw_mp3 mvbw_wav mvbw_eaf mvbw_xml mvbw_tsv,,69477,72600,##	0.h:s	lv	v:pred	other	adp	ln	np:other	#cc	other	pro.h:a	lv-pro_h_a	v:pred	=ln	np.h:p	-rn_pro.h:poss,,mvbw,∅	∅	∅	∅	∅	∅	∅	∅	∅	∅	∅	∅	∅	∅	bridging	∅,∅	9002	∅	∅	∅	∅	∅	∅	∅	∅	9002	∅	∅	∅	9007	9002,∅	9002	∅	∅	∅	∅	∅	∅	∅	∅	9002	∅	∅	∅	9007	9002
mvbw_0017,mcveraa,le lik ēn... n tētē n ni'i 'am̄an lik,#	ZERO	le	lik	ēn—	n	tētē	n	ni'i	'am̄an	lik,#	ZERO	transfer	more	ART	ART	infant	ART	small	man	more,"(she) delivered another baby, another boy.",en,MORPHEME_ALIGNED,,mvbw_mp3 mvbw_wav mvbw_eaf mvbw_xml mvbw_tsv,,72600,75587,##	0.h:a	v:pred	other	nc	ln	np.h:p	ln	np.h:dt_p	rn	rn,,mvbw,∅	∅	∅	∅	∅	∅	∅	∅	∅	∅	∅,∅	9002	∅	∅	∅	∅	9007	∅	9007	∅	∅,∅	9002	∅	∅	∅	∅	9007	∅	9007	∅	∅
mvbw_0018,mcveraa,da duruō vōruō va'anē,#	da	duruō	vō-ruō	va'anē,#	do	3DL	NUM-two	TEMP.DEM1,So they were two now.,en,MORPHEME_ALIGNED,,mvbw_mp3 mvbw_wav mvbw_eaf mvbw_xml mvbw_tsv,,75587,77441,##	other	pro.h:s	other:pred	other,,mvbw,∅	∅	bridging	∅	∅,∅	∅	9008	∅	∅,∅	∅	9008	∅	∅
mvbw_0019,mcveraa,lēn masōgi dim len ni'i 'am̄an 'a 'ow'ow 'anē di mal luwo ge wal 'uwam̄ēre duruk ul ēn sogi e Wedin̄gōr,#	#	lē	=n	masōgi	di	=m	le	=n	ni'i	'am̄an	'a	'ōw'ōw	anē	#	di	mal	luwo	ge	wal	%	'uwam̄ēre	duru	=k	ul	ēn	so	-gi	e	Wedin̄gōr,#	#	LOC	=ART	time	3SG	=TAM1	transfer	=ART	small	man	ASS.SP	before	DEM1.A	#	3SG	REM.PST	big	THING	INTENS	%	first.born	3DL	=TAM2	call	ART	name	-3SG	PERS.ART	Wedin̄gōr,"When she had given birth to that previous boy who had already grown up, the first born, they gave him the name W.",en,MORPHEME_ALIGNED,,mvbw_mp3 mvbw_wav mvbw_eaf mvbw_xml mvbw_tsv,,77441,88459,##	#ac	adp	=ln	np:other	pro.h:a	=lv	v:pred	=ln	np.h:p	rn	rn	rn	rn_dem1	#ac	pro.h:s	lv	v:pred	rv	rv	%	np.h:dt_poss	pro.h:a	=lv	v:pred	ln	np:p	-rn_pro.h:poss	ln	pn_np:other,,mvbw,∅	∅	∅	∅	∅	∅	∅	∅	∅	∅	∅	∅	∅	∅	∅	∅	∅	∅	∅	∅	∅	∅	∅	∅	∅	∅	bridging	∅	∅	∅,∅	∅	∅	∅	∅	9002	∅	∅	∅	9005	∅	∅	∅	∅	∅	9005	∅	∅	∅	∅	∅	9005	9001	∅	∅	∅	9009	9005	∅	∅,∅	∅	∅	∅	∅	9002	∅	∅	∅	9005	∅	∅	∅	∅	∅	9005	∅	∅	∅	∅	∅	9005	9001	∅	∅	∅	9009	9005	∅	∅
mvbw_0020,mcveraa,'alē lēn masōgi dim len ni'i 'am̄an 'a... 'isim̄ēre 'anē duruk ul ēn sogi e Bōar,#	#	alē	lē	=n	masōgi	di	=m	le	=n	ni'i	'am̄an	'a—	'isim̄ēre	anē	%	duru	=k	ul	ēn	so	-gi	e	Bōar,#	#	alright	LOC	=ART	time	3SG	=TAM1	transfer	=ART	small	man	NC	second.born	DEM1.A	%	3DL	=TAM2	call	ART	name	-3SG	PERS.ART	Bōar,"Alright, when she delivered the second born, they gave him the name B.",en,MORPHEME_ALIGNED,,mvbw_mp3 mvbw_wav mvbw_eaf mvbw_xml mvbw_tsv,,88459,105323,##	#ac	other	adp	=ln	np:other	pro.h:a	=lv	v:pred	=ln	np.h:p	rn	nc	np.h:appos	rn_dem1	%	pro.h:a	=lv	v:pred	ln	np:p	-rn_pro.h:poss	ln	pn_np:other,,mvbw,∅	∅	∅	∅	∅	∅	∅	∅	∅	∅	∅	∅	∅	∅	∅	∅	∅	∅	∅	∅	bridging	∅	∅	∅,∅	∅	∅	∅	∅	∅	9002	∅	∅	∅	9007	∅	∅	9007	∅	∅	9001	∅	∅	∅	9010	9007	∅	∅,∅	∅	∅	∅	∅	∅	9002	∅	∅	∅	9007	∅	∅	9007	∅	∅	9001	∅	∅	∅	9010	9007	∅	∅
mvbw_0021,mcveraa,durum 'ēn gōr duruō vavavan,#	duru	=m	'ēn	gōr	duruō	va-va-van,#	3DL	=TAM1	see	secure	3DL	RED-go,"They looked after them, on and on.",en,WORD_ALIGNED,,mvbw_mp3 mvbw_wav mvbw_eaf mvbw_xml mvbw_tsv,,105323,108044,##	pro.h:a	=lv	v:pred	rv	pro.h:p	other,,mvbw,∅	∅	∅	∅	∅	∅	∅,∅	9001	∅	∅	∅	9008	∅,∅	9001	∅	∅	∅	9008	∅
mvbw_0022,mcveraa,n 'uwam̄ēre wunva dim luwo rekso 'e nōgi wunva liviruō,#	n	'uwam̄ēre	wunva	di	=m	luwo	#	rekso	'e	nō	-gi	wunva	liviruō,#	ART	first.born	probably	3SG	=TAM1	big	#	like	year	POSS.DOM	-3SG	probably	seven,"When the first born was maybe like seven years old,",en,MORPHEME_ALIGNED,,mvbw_mp3 mvbw_wav mvbw_eaf mvbw_xml mvbw_tsv,,108044,113905,##	ln	np.h:dt_s	other	pro.h:s	=lv	v:pred	#ac	other	np:s	rn	-rn_pro.h:poss	other	other:pred,,mvbw,∅	∅	∅	∅	∅	∅	∅	∅	∅	∅	∅	∅	∅	∅,∅	∅	9005	∅	9005	∅	∅	∅	∅	∅	∅	9005	∅	∅,∅	∅	9005	∅	9005	∅	∅	∅	∅	∅	∅	9005	∅	∅
mvbw_0023,mcveraa,'isim̄ēre wunva n 'e nōgi rekso vove si vēlime senē vēvēru ne ma',#	'isim̄ēre	wunva	n	'e	nō	-gi	rekso	vo-ve'	si	vē-lime	senē	#	vēvē	-ru	ne	ma',#	second.born	probably	ART	year	POSS.DOM	-3SG	like	NUM-four	or	NUM-five	MAN.DEM1	#	mother	-3DL	TAM2:3SG	dead,"and the second born was like four or five, their mother died.",en,MORPHEME_ALIGNED,,mvbw_mp3 mvbw_wav mvbw_eaf mvbw_xml mvbw_tsv,,113905,121282,##	np.h:dt_poss	other	ln	np:s	rn	-rn_pro.h:poss	other	other:pred	nc	nc	other	##	np.h:s	-rn_pro.h:poss	lv-pro_h_s	v:pred,,mvbw,∅	∅	∅	∅	∅	∅	∅	∅	∅	∅	∅	∅	∅	∅	∅	∅	∅,∅	9007	∅	∅	∅	∅	9007	∅	∅	∅	∅	∅	∅	9002	9008	∅	∅,∅	9007	∅	∅	∅	∅	9007	∅	∅	∅	∅	∅	∅	9002	9008	∅	∅
mvbw_0024,mcveraa,'ow'ow den ēn vēvēru ne ma' dim rusō dine tek mēn duruō so,#	#	'ōw'ōw	den	ēn	vēvē	-ru	ne	ma'	%	di	=m	rusō	#	di	ne	tēk	mē	duruō	so,#	#	before	ABL	ART	mother	-3DL	TAM2:3SG	dead	%	3SG	=TAM1	sick	#	3SG	TAM2:3SG	speak	DAT	3DL	QUOT,"But before their mother died, when she was sick, she spoke to them:",en,MORPHEME_ALIGNED,,mvbw_mp3 mvbw_wav mvbw_eaf mvbw_xml mvbw_tsv,,121282,125364,##	#ac	other	other	ln	np.h:s	-rn_pro.h:poss	lv-pro_h_s	v:pred	%	pro.h:s	=lv	v:pred	##	pro.h:s_ds	lv-pro_h_s_ds	v:pred	adp	pro.h:g	other,,mvbw,∅	∅	∅	∅	∅	∅	∅	∅	∅	∅	∅	∅	∅	∅	∅	∅	∅	∅	∅	∅,∅	∅	∅	∅	∅	9002	9008	∅	∅	∅	9002	∅	∅	∅	9002	∅	∅	∅	9008	∅,∅	∅	∅	∅	∅	9002	9008	∅	∅	∅	9002	∅	∅	∅	9002	∅	∅	∅	9008	∅
mvbw_0025,mcveraa,kumruō wom 'ōg 'i Wēdin̄gōr nik ga luwo nik me 'ēn gōr 'enteg sa e Bōar,#	kumruō	wo	=m	'ōg	'i	#	Wēdin̄gōr	nik	ga	luwo	#	nik	me	'ēn	gōr	'enteg	sa	e	Bōar,#	2DL	and	=TAM1	stay	DEL	#	Wēdin̄gōr	2SG	STAT	big	#	2SG	FUT	see	secure	well	EMPH	PERS.ART	Bōar,"When you two live, W. you are older, you have a good look after B.",en,MORPHEME_ALIGNED,,mvbw_mp3 mvbw_wav mvbw_eaf mvbw_xml mvbw_tsv,,125364,132286,#ds	pro.2:s	other	=lv	v:pred	rv	#ds	pn_np.h:voc	pro.2:s	lv	v:pred	#ds	pro.2:a	lv	v:pred	rv	rv	other	ln	pn_np.h:p,,mvbw,∅	∅	∅	∅	∅	∅	∅	∅	∅	∅	∅	∅	∅	∅	∅	∅	∅	∅	∅	∅,∅	9008	∅	∅	∅	∅	∅	9005	9005	∅	∅	∅	9005	∅	∅	∅	∅	∅	∅	9007,∅	9008	∅	∅	∅	∅	∅	9005	9005	∅	∅	∅	9005	∅	∅	∅	∅	∅	∅	9007
mvbw_0026,mcveraa,sirē no me ma' ba si nom ma' 'amamruō dim leg kel ēn ren̄e ga itok rekso e no,#	sirē	no	me	ma'	#	#	ba	si	no	=m	ma'	%	'amam	-ruō	di	=m	leg	kēl	ēn	ren̄e	ga	itok	rekso	e	no,#	because	1SG	FUT	dead	#	#	but	or	1SG	=TAM1	dead	%	father	-2DL	3SG	=TAM1	marry	back	ART	woman	STAT	good	like	PERS.ART	1SG,"For I will die soon. But when I am dead and your father will take another woman that is good like myself, ok.",en,MORPHEME_ALIGNED,,mvbw_mp3 mvbw_wav mvbw_eaf mvbw_xml mvbw_tsv,,132286,138477,#ds_ac	other	pro.1:s	lv	v:pred	##ds	#ds_ac	other	other	pro.1:s	=lv	v:pred	%	np.h:dt_a	-rn_pro.2:poss	pro.h:a	=lv	v:pred	rv	ln	np.h:p	rn	rn	adp	ln	pro.1:other,,mvbw,∅	∅	∅	∅	∅	∅	∅	∅	∅	∅	∅	∅	∅	∅	∅	∅	∅	∅	∅	∅	new	∅	∅	∅	∅	∅,∅	∅	9002	∅	∅	∅	∅	∅	∅	9002	∅	∅	∅	9003	9008	9003	∅	∅	∅	∅	9011	∅	∅	∅	∅	9002,∅	∅	9002	∅	∅	∅	∅	∅	∅	9002	∅	∅	∅	9003	9008	9003	∅	∅	∅	∅	9011	∅	∅	∅	∅	9002
mvbw_0027,mcveraa,ba si gitag nik me mas 'ēn gōr 'enteg ēn ni'i 'isim,#	#	ba	si	gitag	%	nik	me	mas	'ēn	gōr	'enteg	ēn	ni'i	'isi	-m,#	#	but	or	not.exist	%	2SG	FUT	must	see	secure	well	ART	small	younger.same.sex.sibling	-2SG,"But if not [i.e. if she isn't good], you will have to look after your little brother.""",en,MORPHEME_ALIGNED,,mvbw_mp3 mvbw_wav mvbw_eaf mvbw_xml mvbw_tsv,,138477,143323,##ds	#ds_ac	other	other	other:pred	%	pro.2:a	lv	lv	v:pred	rv	rv	ln	ln	np.h:p	-rn_pro.2:poss,,mvbw,∅	∅	∅	∅	∅	∅	∅	∅	∅	∅	∅	∅	∅	∅	∅	∅,∅	∅	∅	∅	∅	∅	9005	∅	∅	∅	∅	∅	∅	∅	9007	9005,∅	∅	∅	∅	∅	∅	9005	∅	∅	∅	∅	∅	∅	∅	9007	9005
mvbw_0028,mcveraa,dim tektek vovona duruō van ne ma',#	di	=m	tēktēk	vo-vona	duruō	van	#	ZERO	ne	ma',#	3SG	=TAM1	RED:speak	RED-teach	3DL	go	#	ZERO	TAM2:3SG	dead,"She advised them thus, and then she died.",en,MORPHEME_ALIGNED,,mvbw_mp3 mvbw_wav mvbw_eaf mvbw_xml mvbw_tsv,,143323,146089,##	pro.h:a	=lv	v:pred	rv	pro.h:p	other	##	0.h:s	lv-pro_h_s	v:pred,,mvbw,∅	∅	∅	∅	∅	∅	∅	∅	∅	∅	∅,∅	9002	∅	∅	∅	9008	∅	∅	9002	∅	∅,∅	9002	∅	∅	∅	9008	∅	∅	9002	∅	∅
mvbw_0029,mcveraa,lēn masōgi dim ma' da 'a'ag rekson tektek mugi 'amagi ne l... 'amaru ne leg kel le man ren̄e,#	#	lē	=n	masōgi	di	=m	ma'	%	da	'a-'ag	rekso	=n	tēktēk	mu-gi	#	'amagi	ne	l—	#	'ama	-ru	ne	leg	kēl	#	ZERO	le	ma	=n	ren̄e,#	#	LOC	=ART	time	3SG	=TAM1	dead	%	do	RED-follow	like	=ART	RED:speak	POSS.GEN-3SG	#	father-3SG	TAM2:3SG	NC	#	father	-3DL	TAM2:3SG	marry	back	#	ZERO	transfer	hither	=ART	woman,"When she had died, it happened as she had said, like their father took a new wife.",en,WORD_ALIGNED,,mvbw_mp3 mvbw_wav mvbw_eaf mvbw_xml mvbw_tsv,,146089,152606,##	#ac	adp	=ln	np:other	pro.h:s	=lv	v:pred	%	vother:pred	rv	other	=ln	np:p	rn_pro.h:poss	#nc	nc_np.h	nc	nc	##	np.h:s	-rn_pro.h:poss	lv-pro_h_s	v:pred	rv	##	0.h:a	v:pred	rv	=ln	np.h:p,,mvbw,∅	∅	∅	∅	∅	∅	∅	∅	∅	∅	∅	∅	∅	bridging	∅	∅	∅	∅	∅	∅	∅	∅	∅	∅	∅	∅	∅	∅	∅	∅	bridging,∅	∅	∅	∅	∅	9002	∅	∅	∅	∅	∅	∅	∅	9012	9002	∅	9003	∅	∅	∅	9003	9008	∅	∅	∅	∅	9003	∅	∅	∅	9013,∅	∅	∅	∅	∅	9002	∅	∅	∅	∅	∅	∅	∅	9012	9002	∅	9003	∅	∅	∅	9003	9008	∅	∅	∅	∅	9003	∅	∅	∅	9013
mvbw_0030,mcveraa,ba n ren̄e n movugi ros rekson vēvēruō 'a 'ow'ow ē,#	ba	n	ren̄e	n	movu	-gi	rōs	rekso	=n	vēvē	-ruō	'a	'ōw'ōw	ē,#	but	ART	woman	ART	fashion	-3SG	GEN.NEG2	like	=ART	mother	-3DL	ASS.SP	before	DEM3,But the woman didn't have the fashion of their mother from before.,en,MORPHEME_ALIGNED,,mvbw_mp3 mvbw_wav mvbw_eaf mvbw_xml mvbw_tsv,,152606,159032,##neg	other	ln	np.h:dt_poss	ln	np:s	-rn_pro.h:poss	other	adp	=ln	np.h:pred	-rn_pro.h:poss	rn	rn	rn,,mvbw,∅	∅	∅	∅	∅	∅	∅	∅	∅	∅	∅	∅	∅	∅	∅,∅	∅	∅	9013	∅	∅	9013	∅	∅	∅	9002	9008	∅	∅	∅,∅	∅	∅	9013	∅	∅	9013	∅	∅	∅	9002	9008	∅	∅	∅
mvbw_0031,mcveraa,n vēvēruō ga garaqa 'anē n movugi ga ... ga mōnō valakra,#	n	vēvē	-ruō	ga	garaqa	anē	n	movu	-gi	ga—	ga	mōnō	valakra,#	ART	mother	-3DL	STAT	new	DEM1.A	ART	fashion	-3SG	STAT	STAT	little	not.right,This new mother of theirs had a fairly bad fashion.,en,MORPHEME_ALIGNED,,mvbw_mp3 mvbw_wav mvbw_eaf mvbw_xml mvbw_tsv,,159032,163779,##	ln	np.h:dt_poss	-rn_pro.h:poss	rn	rn	rn_dem1	ln	np:s	-rn_pro.h:poss	nc	lv	lv	v:pred,,mvbw,∅	∅	∅	∅	∅	∅	∅	∅	∅	∅	∅	∅	∅	∅,∅	∅	9013	9008	∅	∅	∅	∅	∅	9013	∅	∅	∅	∅,∅	∅	9013	9008	∅	∅	∅	∅	∅	9013	∅	∅	∅	∅
mvbw_0032,mcveraa,lēn masōgi dire vek 'ō'ōgo,#	#	lē	=n	masōgi	dirē	ve'	=k	'ō-'ōgo,#	#	LOC	=ART	time	3PL	four	=TAM2	RED-stay,"So as the four of them lived along,",en,MORPHEME_ALIGNED,,mvbw_mp3 mvbw_wav mvbw_eaf mvbw_xml mvbw_tsv,,163779,166604,##	#ac	adp	=ln	np:other	pro.h:s	rn	=lv	v:pred,,mvbw,∅	∅	∅	∅	∅	bridging	∅	∅	∅,∅	∅	∅	∅	∅	9014	∅	∅	∅,∅	∅	∅	∅	∅	9014	∅	∅	∅
mvbw_0033,mcveraa,'amar'ōl ne van den dir'ōl lēn gamal si lēn 'ēqē si ne vanvan kelkel senē,%	'ama	-r'ōl	ne	van	den	dir'ōl	lē	=n	gamal	si	lē	=n	'ēqē'	#	si	ZERO	ne	vanvan	kēlkēl	senē,%	father	-3TL	TAM2:3SG	go	ABL	3TL	LOC	=ART	nakamal	or	LOC	=ART	taro.garden	#	or	ZERO	TAM2:3SG	RED:go	RED:back	MAN.DEM1,"When their father went away from them to the nakamal, or the garden, or went somewhere like this,",en,MORPHEME_ALIGNED,,mvbw_mp3 mvbw_wav mvbw_eaf mvbw_xml mvbw_tsv,,166604,171976,%	np.h:s	-rn_pro.h:poss	lv-pro_h_s	v:pred	adp	pro.h:obl	adp	=ln	np:g	other	adp	=ln	np:g	##	other	0.h:s	lv-pro_h_s	v:pred	rv	other,,mvbw,∅	∅	∅	∅	∅	∅	bridging	∅	∅	new	∅	∅	∅	new	∅	∅	∅	∅	∅	∅	∅,∅	9003	9008	∅	∅	∅	9015	∅	∅	9016	∅	∅	∅	9017	∅	∅	9003	∅	∅	∅	∅,∅	9003	9008	∅	∅	∅	9015	∅	∅	9016	∅	∅	∅	9017	∅	∅	9003	∅	∅	∅	∅
mvbw_0034,mcveraa,dir'ōl wom 'ōg 'i vēvēruō ga garaqa ne dan gorun gengen sin gor'ōl ēn gengen sin gorēve,#	#	dir'ōl	wo	=m	'ōg	'i	%	vēvē	-ruō	ga	garaqa	ne	da	=n	go	-ru	=n	gengen	#	si	=n	go-r'ōl	ēn	gengen	si	=n	go-rē	ve,#	#	3TL	and	=TAM1	stay	DEL	%	mother	-3DL	STAT	new	TAM2:3SG	do	=ART	POSS.EAT	-3DL	=ART	RED:eat	#	or	=ART	POSS.EAT-3TL	ART	RED:eat	or	=ART	POSS.EAT-3PL	four,"when they stayed behind, their new mother would make food for them.",en,MORPHEME_ALIGNED,,mvbw_mp3 mvbw_wav mvbw_eaf mvbw_xml mvbw_tsv,,171976,177446,##	#ac	pro.h:s	other	=lv	v:pred	rv	%	np.h:a	-rn_pro.h:poss	rn	rn	lv-pro_h_a	v:pred	=ln	ln	-ln_pro.h:poss	=ln	np:p	#nc	nc	nc	nc	nc	nc_np	nc	nc	nc	nc,,mvbw,∅	∅	∅	∅	∅	∅	∅	∅	∅	∅	∅	∅	∅	∅	∅	∅	∅	∅	new	∅	∅	∅	∅	∅	∅	∅	∅	∅	∅,∅	∅	9015	∅	∅	∅	∅	∅	9013	9008	∅	∅	∅	∅	∅	∅	9008	∅	9018	∅	∅	∅	∅	∅	9018	∅	∅	∅	∅,∅	∅	9015	∅	∅	∅	∅	∅	9013	9008	∅	∅	∅	∅	∅	∅	9008	∅	9018	∅	∅	∅	∅	∅	9018	∅	∅	∅	∅
mvbw_0035,mcveraa,dan gorēn gengen dine gen gen gen ēn gengen vavan,#	ZERO	da	=n	go	-rē	=n	gengen	#	di	ne	gen	gen	#	ZERO	gen	ēn	gengen	va-van,#	ZERO	do	=ART	POSS.EAT	-rē	=ART	RED:eat	#	3SG	TAM2:3SG	eat	eat	#	ZERO	eat	ART	RED:eat	RED-go,"Having made their food, she would eat. Eat and eat the food, and then",en,MORPHEME_ALIGNED,,mvbw_mp3 mvbw_wav mvbw_eaf mvbw_xml mvbw_tsv,,177446,182162,##	0.h:a	v:pred	=ln	ln	-ln_pro.h:poss	=ln	np:p	##	pro.h:s	lv-pro_h_s	v:pred	nc	##	0.h:a	v:pred	ln	np:p	other,,mvbw,∅	∅	∅	∅	∅	∅	∅	∅	∅	∅	∅	∅	∅	∅	∅	∅	∅	∅	∅,∅	9013	∅	∅	∅	9015	∅	9018	∅	9013	∅	∅	∅	∅	9013	∅	∅	∅	∅,∅	9013	∅	∅	∅	9015	∅	9018	∅	9013	∅	∅	∅	∅	9013	∅	∅	∅	∅
mvbw_0036,mcveraa,dine le san 'erē 'i'in̄i gengen ē visiw duru bēne,#	di	ne	le	sa	=n	'erē	'i-'in̄i	gengen	ē	#	ZERO	visiw	duru	bēne,#	3SG	TAM2:3SG	transfer	EMPH	=ART	PL	RED-juice	RED:eat	DEM3	#	ZERO	wash	3DL	PRO.OBL,she would take just some of the juices and smear it on the two of them.,en,MORPHEME_ALIGNED,,mvbw_mp3 mvbw_wav mvbw_eaf mvbw_xml mvbw_tsv,,182162,187038,##	pro.h:a	lv-pro_h_a	v:pred	other	=ln	ln	np:p	rn	rn	##	0.h:a	v:pred	pro.h:p	other:obl,,mvbw,∅	∅	∅	∅	∅	∅	∅	new	∅	∅	∅	∅	∅	∅	∅,∅	9013	∅	∅	∅	∅	∅	9019	∅	∅	∅	9013	∅	9008	∅,∅	9013	∅	∅	∅	∅	∅	9019	∅	∅	∅	9013	∅	9008	∅
mvbw_0037,mcveraa,da 'i son 'amaruō ne kel ma ne 'ēn so 'o 'a ruwa ni'ik 'anēm gengen,#	da	'i	#	so	#	=n	'ama	-ruō	ne	kēl	ma	%	ZERO	ne	'ēn	so	#	'o	'a	ruwa	ni'i	-k	anē	=m	gengen,#	do	DEL	#	CPL	#	=ART	father	-3DL	TAM2:3SG	back	hither	%	ZERO	TAM2:3SG	see	QUOT	#	oh	NC	two.people	small	-1SG	DEM1.A	=TAM1	RED:eat,"So that when their father came back, he would see: ""Oh, my two children have eaten.""",en,MORPHEME_ALIGNED,,mvbw_mp3 mvbw_wav mvbw_eaf mvbw_xml mvbw_tsv,,187038,191190,##	v:pred	rv	#cc	other	#ac	=ln	np.h:s	-rn_pro.h:poss	lv-pro_h_s	v:pred	rv	%	0.h:s	lv-pro_h_s	v:pred	other	#ds	nc	nc	ln	np.h:s	-rn_pro.1:poss	rn_dem1	=lv	v:pred,,mvbw,∅	∅	∅	∅	∅	∅	∅	∅	∅	∅	∅	∅	∅	∅	∅	∅	∅	∅	∅	∅	∅	∅	∅	∅	∅	∅,∅	∅	∅	∅	∅	∅	∅	9003	9008	∅	∅	∅	∅	9003	∅	∅	∅	∅	∅	∅	∅	9008	9003	∅	∅	∅,∅	∅	∅	∅	∅	∅	∅	9003	9008	∅	∅	∅	∅	9003	∅	∅	∅	∅	∅	∅	∅	9008	9003	∅	∅	∅
mvbw_0038,mcveraa,ba sire ne gitag,#	ba	sirē	ne	gitag,#	but	because	NC	not.exist,But in fact they didn't.,en,MORPHEME_ALIGNED,,mvbw_mp3 mvbw_wav mvbw_eaf mvbw_xml mvbw_tsv,,191190,192723,##	other	other	other	other:pred,,mvbw,∅	∅	∅	∅	∅,∅	∅	∅	∅	∅,∅	∅	∅	∅	∅
mvbw_0039,mcveraa,dim da mē duruō 'a sēnē da mēduruō 'a sēnē vavavan,#	di	=m	da	mē	duruō	asenē	#	ZERO	da	mē	duruō	asenē	va-va-van,#	3SG	=TAM1	do	DAT	3DL	MAN.DEM1	#	ZERO	do	DAT	3DL	MAN.DEM1	RED-go,"She did this to them, did this to them, on and on,",en,WORD_ALIGNED,,mvbw_mp3 mvbw_wav mvbw_eaf mvbw_xml mvbw_tsv,,192723,196246,##	pro.h:s	=lv	v:pred	adp	pro.h:g	other	##	0.h:s	v:pred	adp	pro.h:g	other	other,,mvbw,∅	∅	∅	∅	∅	∅	∅	∅	∅	∅	∅	∅	∅	∅,∅	9013	∅	∅	∅	9008	∅	∅	9013	∅	∅	9008	∅	∅,∅	9013	∅	∅	∅	9008	∅	∅	9013	∅	∅	9008	∅	∅
mvbw_0040,mcveraa,duruk rōn̄ wal so duruō as es lik m̄as birin̄ san vēvēruō ga garaqa nē,#	duru	=k	rōn̄	wal	#	so	duruō	as	es	lik	m̄as	birin̄	sa	=n	vēvē	-ruō	ga	garaqa	nē,#	3DL	=TAM2	feel	INTENS	#	CPL	3DL	INABIL1	alive	more	INABIL2	with	EMPH	=ART	mother	-3DL	STAT	new	DEM1,until the two really felt like they couldn't live with this new of theirs any more.,en,MORPHEME_ALIGNED,,mvbw_mp3 mvbw_wav mvbw_eaf mvbw_xml mvbw_tsv,,196246,201208,##	pro.h:s	=lv	v:pred	rv	#cc.neg	other	pro.h:s	lv	v:pred	rv	rv	adp	other	=ln	np.h:obl	-rn_pro.h:poss	rn	rn	other,,mvbw,∅	∅	∅	∅	∅	∅	∅	∅	∅	∅	∅	∅	∅	∅	∅	∅	∅	∅	∅	∅,∅	9008	∅	∅	∅	∅	∅	9008	∅	∅	∅	∅	∅	∅	∅	9013	9008	∅	∅	∅,∅	9008	∅	∅	∅	∅	∅	9008	∅	∅	∅	∅	∅	∅	∅	9013	9008	∅	∅	∅
mvbw_0041,mcveraa,van lēn ma'ava ne vōwal 'uwam̄ēre ne tek mēn 'isim̄ēre so,#	van	lē	=n	ma'ava	ne	vō-wal	'uwam̄ēre	ne	tēk	mē	=n	'isim̄ēre	so,#	go	LOC	=ART	morning	NUM.ART	NUM-one	first.born	TAM2:3SG	speak	DAT	=ART	second.born	QUOT,Coming to one morning when the first born said to the younger one:,en,MORPHEME_ALIGNED,,mvbw_mp3 mvbw_wav mvbw_eaf mvbw_xml mvbw_tsv,,201208,205756,##	other	adp	=ln	np:other	rn	rn	np.h:s_ds	lv-pro_h_s_ds	v:pred	adp	=ln	np.h:g	other,,mvbw,∅	∅	∅	∅	∅	∅	∅	∅	∅	∅	∅	∅	∅	∅,∅	∅	∅	∅	∅	∅	∅	9005	∅	∅	∅	∅	9007	∅,∅	∅	∅	∅	∅	∅	∅	9005	∅	∅	∅	∅	9007	∅
mvbw_0042,mcveraa,'ege e Bōar nik ga rōn̄ sivie,#	'ege	e	Bōar	nik	ga	rōn̄	siviē,#	VOC.m	PERS.ART	Bōar	2SG	STAT	feel	how,"""Man, B.! How do you feel?""",en,MORPHEME_ALIGNED,,mvbw_mp3 mvbw_wav mvbw_eaf mvbw_xml mvbw_tsv,,205756,209817,#ds	other:voc	ln	pn_np.h:voc	pro.2:s	lv	v:pred	other,,mvbw,∅	∅	∅	∅	∅	∅	∅	∅,∅	9007	∅	9007	9007	∅	∅	∅,∅	9007	∅	9007	9007	∅	∅	∅
mvbw_0043,mcveraa,so 'ege nok rōn̄ n milin̄salm da se' wal no,#	ZERO	so	#	'ege	no	=k	rōn̄	#	n	milin̄sal	=m	da	se'	wal	no,#	ZERO	QUOT	#	VOC.m	1SG	=TAM2	feel	#	ART	hungry	=TAM1	do	bad	INTENS	1SG,"Said: ""Man, I'm feeling like hunger is really doing me no good.""",en,MORPHEME_ALIGNED,,mvbw_mp3 mvbw_wav mvbw_eaf mvbw_xml mvbw_tsv,,209817,214078,##	0.h:s	other:pred	#ds	other:voc	pro.1:s	=lv	v:pred	#ds_cc	ln	np:a	=lv	v:pred	rv	rv	pro.1:p,,mvbw,∅	∅	∅	∅	∅	∅	∅	∅	∅	∅	bridging	∅	∅	∅	∅	∅,∅	9007	∅	∅	9005	9007	∅	∅	∅	∅	9020	∅	∅	∅	∅	9007,∅	9007	∅	∅	9005	9007	∅	∅	∅	∅	9020	∅	∅	∅	∅	9007
mvbw_0044,mcveraa,'uwam̄ēre ... 'isim̄ēre ne tek mēn 'uwam̄ēre so duk ... duk row siksik ēn vēvēduō 'a 'ow'ow ē,#	'uwam̄ēre	'isim̄ēre	ne	tēk	mē	=n	'uwam̄ēre	so	#	du=k	du	=k	rōw	siksik	ēn	vēvē	-duō	'a	'ōw'ōw	ē,#	first.born	second.born	TAM2:3SG	speak	DAT	=ART	first.born	QUOT	#	1DL.IN=TAM2	1DL.IN	=TAM2	skip	RED:search	ART	mother	-1DL.IN	ASS.SP	before	DEM3,"Then the younger one said to the older one: ""Let's go look for our mother from before.""",en,MORPHEME_ALIGNED,,mvbw_mp3 mvbw_wav mvbw_eaf mvbw_xml mvbw_tsv,,214078,220090,##	nc_np.h	np.h:s_ds	lv-pro_h_s_ds	v:pred	adp	=ln	np.h:g	other	#ds	nc_pro.1	wpro.1:a	=lv	v:pred	rv	ln	np.h:p	-rn_pro.1:poss	rn	rn	rn,,mvbw,∅	∅	∅	∅	∅	∅	∅	∅	∅	∅	∅	∅	∅	∅	∅	∅	∅	∅	∅	∅	∅,∅	9005	9007	∅	∅	∅	∅	9005	∅	∅	9008	9008	∅	∅	∅	∅	9002	9008	∅	∅	∅,∅	9005	9007	∅	∅	∅	∅	9005	∅	∅	9008	9008	∅	∅	∅	∅	9002	9008	∅	∅	∅
mvbw_0045,mcveraa,'uwam̄ēre so 'alē duk van,#	'uwam̄ēre	so	#	alē	du	=k	van,#	first.born	QUOT	#	alright	1DL.IN	=TAM2	go,"And the older one said: ""Alright, let's go.""",en,MORPHEME_ALIGNED,,mvbw_mp3 mvbw_wav mvbw_eaf mvbw_xml mvbw_tsv,,220090,223147,##	np.h:s	other:pred	#ds	other	wpro.1:s	=lv	v:pred,,mvbw,∅	∅	∅	∅	∅	∅	∅	∅,∅	9005	∅	∅	∅	9008	∅	∅,∅	9005	∅	∅	∅	9008	∅	∅
mvbw_0046,mcveraa,duruk vanvan ban 'isim̄ēre di ga rōn̄ so dim milin̄sal di ne rara sir gogi,#	duru	=k	vanvan	#	ba	=n	'isim̄ēre	di	ga	rōn̄	#	so	di	=m	milin̄sal	#	di	ne	rara	sir	go	-gi,#	3DL	=TAM2	RED:go	#	but	=ART	second.born	3SG	STAT	feel	#	CPL	3SG	=TAM1	hungry	#	3SG	TAM2:3SG	cry	for	POSS.EAT	-3SG,"And as they were walking, the younger one felt that he was just too hungry and he cried for something to eat.",en,MORPHEME_ALIGNED,,mvbw_mp3 mvbw_wav mvbw_eaf mvbw_xml mvbw_tsv,,223147,227978,##	pro.h:s	=lv	v:pred	##	other	=ln	np.h:dt_s	pro.h:s	lv	v:pred	#cc	other	pro.h:s	=lv	v:pred	##	pro.h:s	lv-pro_h_s	v:pred	adp	np:obl	-rn_pro.h:poss,,mvbw,∅	∅	∅	∅	∅	∅	∅	∅	∅	∅	∅	∅	∅	∅	∅	∅	∅	∅	∅	∅	∅	∅	∅,∅	9008	∅	∅	∅	∅	∅	9007	9007	∅	∅	∅	∅	9007	∅	∅	∅	9007	∅	∅	∅	∅	9007,∅	9008	∅	∅	∅	∅	∅	9007	9007	∅	∅	∅	∅	9007	∅	∅	∅	9007	∅	∅	∅	∅	9007
mvbw_0047,mcveraa,di ga moros so di mas gengen,#	di	ga	mōrōs	#	so	di	mas	gengen,#	3SG	STAT	like	#	CPL	3SG	must	RED:eat,He really would needed to eat.,en,MORPHEME_ALIGNED,,mvbw_mp3 mvbw_wav mvbw_eaf mvbw_xml mvbw_tsv,,227978,230169,##	pro.h:s	lv	v:pred	#cc	other	pro.h:s	lv	v:pred,,mvbw,∅	∅	∅	∅	∅	∅	∅	∅	∅,∅	9007	∅	∅	∅	∅	9007	∅	∅,∅	9007	∅	∅	∅	∅	9007	∅	∅
mvbw_0048,mcveraa,duruk van van van vavavan,#	duru	=k	van	van	van	vavavan,#	3DL	=TAM2	go	go	go	RED-go,"They walked and walked,",en,WORD_ALIGNED,,mvbw_mp3 mvbw_wav mvbw_eaf mvbw_xml mvbw_tsv,,230169,232961,##	pro.h:s	=lv	v:pred	nc	nc	other,,mvbw,∅	∅	∅	∅	∅	∅	∅,∅	9008	∅	∅	∅	∅	∅,∅	9008	∅	∅	∅	∅	∅
mvbw_0049,mcveraa,duruk van din̄ man 'uvu wōqe 'enge ne vōwal lēn wōm̄ōm̄ō' dir ga ul son ... 'uvu wōqe 'enge 'anē n wēwē 'a bēne ga marmar nē,#	duru	=k	van	din̄	ma	=n	'uvu	wōqe'enge	ne	vō-wal	lē	=n	wōm̄ōm̄ō'	#	dir	ga	ul	so	=n	#	'uvu	wōqe'enge	anē	n	wēwē	'a	bēne	ga	marmar	nē,#	3DL	=TAM2	go	reach	hither	=ART	base	tree	NUM.ART	NUM-one	LOC	=ART	bush	#	3PL	STAT	call	QUOT	=ART	#	base	tree	DEM1.A	ART	fruit	ASS.SP	PRO.OBL	STAT	strong	DEM1,and then they came to a tree in the bush. This tree has very solid fruits.,en,MORPHEME_ALIGNED,,mvbw_mp3 mvbw_wav mvbw_eaf mvbw_xml mvbw_tsv,,232961,244276,##	pro.h:a	=lv	v:pred	rv	rv	=ln	np:p	rn	rn	rn	rn	=rn	rn	#nc	nc_pro.h	nc	nc	nc	nc	##	np:dt	rn	rn_dem1	ln	np:s	rn	rn	lv	v:pred	other,,mvbw,∅	∅	∅	∅	∅	∅	∅	new	∅	∅	∅	∅	∅	∅	∅	∅	∅	∅	∅	∅	∅	∅	∅	∅	∅	bridging	∅	∅	∅	∅	∅,∅	9008	∅	∅	∅	∅	∅	9021	∅	∅	∅	∅	∅	∅	∅	9008	∅	∅	∅	∅	∅	9021	∅	∅	∅	9022	∅	∅	∅	∅	∅,∅	9008	∅	∅	∅	∅	∅	9021	∅	∅	∅	∅	∅	∅	∅	9008	∅	∅	∅	∅	∅	9021	∅	∅	∅	9022	∅	∅	∅	∅	∅
mvbw_0050,mcveraa,ba 'uvu wōqe 'enge ne vōwal lēn wōm̄ōm̄ō' dir ga ul son wōn̄arn̄ar n wēwē ga marmar,#	ba	'uvu	wōqe'enge	ne	vō-wal	lē	=n	wōm̄ōm̄ō'	dir	ga	ul	ZERO	so	=n	wōn̄arn̄ar	#	n	wēwē	ga	marmar,#	but	base	tree	NUM.ART	NUM-one	LOC	=ART	bush	3PL	STAT	call	ZERO	QUOT	=ART	wōn̄arn̄ar	#	ART	fruit	STAT	strong,"But this one tree in the bush, they call it 'wōn̄arn̄ar' tree. Its fruits are very solid.",en,MORPHEME_ALIGNED,,mvbw_mp3 mvbw_wav mvbw_eaf mvbw_xml mvbw_tsv,,244276,254659,##	other	np:dt_p	rn	rn	rn	rn	=rn	rn	pro.h:a	lv	v:pred	0:p	other	=ln	np:other	##	ln	np:s	lv	v:pred,,mvbw,∅	∅	∅	∅	∅	∅	∅	∅	∅	∅	∅	∅	∅	∅	∅	∅	∅	∅	∅	∅	∅,∅	∅	∅	∅	∅	∅	∅	∅	∅	∅	∅	∅	∅	∅	∅	∅	∅	∅	∅	∅	∅,∅	∅	∅	∅	∅	∅	∅	∅	∅	∅	∅	∅	∅	∅	∅	∅	∅	∅	∅	∅	∅
mvbw_0051,mcveraa,'isim̄ēre ne 'ir lēn qe'an 'uwam̄ēre ne mōnō rem kal sag ma ne bis,#	'isim̄ēre	ne	'ir	lē	=n	qe'an	#	'uwam̄ēre	ne	mōnō	rem	kal	sag	ma	#	ZERO	ne	bis	ZERO,#	second.born	TAM2:3SG	stand	LOC	=ART	ground	#	first.born	TAM2:3SG	little	climb	upwards	up	hither	#	ZERO	TAM2:3SG	pinch.off	ZERO,"And while the younger one was standing on the ground, the older one was climbing upwards and pinched (some) off.",en,MORPHEME_ALIGNED,,mvbw_mp3 mvbw_wav mvbw_eaf mvbw_xml mvbw_tsv,,254659,259410,##	np.h:s	lv-pro_h_s	v:pred	adp	=ln	np:l	##	np.h:s	lv-pro_h_s	lv	v:pred	rv	rv	rv	##	0.h:a	lv-pro_h_a	v:pred	0:p,,mvbw,∅	∅	∅	∅	∅	∅	bridging	∅	∅	∅	∅	∅	∅	∅	∅	∅	∅	∅	∅	∅,∅	9007	∅	∅	∅	∅	9023	∅	9005	∅	∅	∅	∅	∅	∅	∅	9005	∅	∅	9022,∅	9007	∅	∅	∅	∅	9023	∅	9005	∅	∅	∅	∅	∅	∅	∅	9005	∅	∅	9022
mvbw_0052,mcveraa,'ēqel suw ma bul munmunō le mē di dine kurkur ne tek mē di so nike 'ir'ir kēgēn Bōar nok rem lēn ...nēnēn 'uvu woqe 'enge 'a gēnē nok sur ēn nes sin vēvēduō 'a vēe dine rōn̄ e dine van ma sir gēduō,#	ZERO	'ēqēl	suw	ma	#	ZERO	bul	munmunō	ZERO	#	ZERO	le	mē	di	ZERO	#	di	ne	kurkur	ZERO	#	ZERO	ne	tēk	mē	di	so	#	nik	ē	'ir'ir	kēgēn	Bōar	#	no	=k	rem	lē	=n	nēnēn	'uvu	woqe'enge	agēnē	#	no	=k	sur	ēn	nes	#	#	si	=n	vēvē	-duō	a	viē	%	di	ne	rōn̄	ZERO	#	e	di	ne	van	ma	sir	giduō,#	ZERO	descend	down	hither	#	ZERO	stone	to.pieces	ZERO	#	ZERO	transfer	DAT	3SG	ZERO	#	3SG	TAM2:3SG	RED:devour	ZERO	#	ZERO	TAM2:3SG	speak	DAT	3SG	QUOT	#	2SG	TAM2:2SG	RED:stand	LOC.DEM2	Bōar	#	1SG	=TAM2	climb	LOC	=ART	RED:ART	base	tree	DEM2.A	#	1SG	=TAM2	sing	ART	song	#	#	or	=ART	mother	-1DL.IN	LOC.SP	where	%	3SG	TAM2:3SG	hear	ZERO	#	CC	3SG	TAM2:3SG	go	hither	for	1DL.IN,"Came down, smashed some open with a stone, and gave him to eat. Then (he) said: ""You stay here, Bōar, I am going to climb on this tree here and sing a song. Wherever our mother is, she will hear it, and she will come for us.""",en,MORPHEME_ALIGNED,,mvbw_mp3 mvbw_wav mvbw_eaf mvbw_xml mvbw_tsv,,259410,272708,##	0.h:s	v:pred	rv	rv	##	0.h:a	v:pred	rv	0:p	##	0.h:a	v:pred	adp	pro.h:g	0:p	#cc	pro.h:a	lv-pro_h_a	v:pred	0:p	##	0.h:s_ds	lv-pro_h_s_ds	v:pred	adp	pro.h:g	other:pred	#ds	pro.2:s	lv-pro_2_s	v:pred	other:l	pn_np.h:voc	#ds	pro.1:s	=lv	v:pred	adp	=ln	nc	np:g	rn	rn	#ds	pro.1:a	=lv	v:pred	ln	np:p	##ds	#ds_ac	other	=ln	np.h:s	-rn_pro.1:poss	adp	other:pred	%	pro.h:a	lv-pro_h_a	v:pred	0:p	#ds	other	pro.h:s	lv-pro_h_s	v:pred	rv	adp	pro.1:g,,mvbw,∅	∅	∅	∅	∅	∅	∅	∅	∅	∅	∅	∅	∅	∅	∅	∅	∅	∅	∅	∅	∅	∅	∅	∅	∅	∅	∅	∅	∅	∅	∅	∅	∅	∅	∅	∅	∅	∅	∅	∅	∅	∅	∅	∅	∅	∅	∅	∅	∅	new	∅	∅	∅	∅	∅	∅	∅	∅	∅	∅	∅	∅	∅	∅	∅	∅	∅	∅	∅	∅	∅,∅	9005	∅	∅	∅	∅	9005	∅	∅	9022	∅	9005	∅	∅	9007	9022	∅	9007	∅	∅	9022	∅	9005	∅	∅	∅	9007	∅	∅	9007	∅	∅	9023	9007	∅	9005	∅	∅	∅	∅	∅	9021	∅	∅	∅	9005	∅	∅	∅	9024	∅	∅	∅	∅	9002	9008	∅	∅	∅	9002	∅	∅	9024	∅	∅	9002	∅	∅	∅	∅	9008,∅	9005	∅	∅	∅	∅	9005	∅	∅	9022	∅	9005	∅	∅	9007	9022	∅	9007	∅	∅	9022	∅	9005	∅	∅	∅	9007	∅	∅	9007	∅	∅	9023	9007	∅	9005	∅	∅	∅	∅	∅	9021	∅	∅	∅	9005	∅	∅	∅	9024	∅	∅	∅	∅	9002	9008	∅	∅	∅	9002	∅	∅	9024	∅	∅	9002	∅	∅	∅	∅	9008
mvbw_0053,mcveraa,'isim̄ēre so ga itok,#	'isim̄ēre	so	#	ga	itok,#	second.born	QUOT	#	STAT	good,"And the younger one said: Alright.""",en,MORPHEME_ALIGNED,,mvbw_mp3 mvbw_wav mvbw_eaf mvbw_xml mvbw_tsv,,272708,274775,##	np.h:s	other:pred	#ds	lv	v:pred,,mvbw,∅	∅	∅	∅	∅	∅,∅	9007	∅	∅	∅	∅,∅	9007	∅	∅	∅	∅
mvbw_0054,mcveraa,'uwam̄ēre ne rem kal lēn woqe 'enge rem kal din̄ sagē ne qē'ēg ēn nes,#	'uwam̄ēre	ne	rem	kal	lē	=n	woqe'enge	#	ZERO	rem	kal	din̄	sagē	#	ZERO	ne	qē'ēg	ēn	nes,#	first.born	TAM2:3SG	climb	upwards	LOC	=ART	tree	#	ZERO	climb	upwards	reach	up	#	ZERO	TAM2:3SG	begin	ART	song,"Then the first born climbed up the tree, climbed upwards until he reached the top and started the song,",en,MORPHEME_ALIGNED,,mvbw_mp3 mvbw_wav mvbw_eaf mvbw_xml mvbw_tsv,,274775,279408,##	np.h:s	lv-pro_h_s	v:pred	rv	adp	=ln	np:g	##	0.h:s	v:pred	rv	rv	other:g	##	0.h:a	lv-pro_h_a	v:pred	ln	np:p,,mvbw,∅	∅	∅	∅	∅	∅	∅	∅	∅	∅	∅	∅	∅	∅	∅	∅	∅	∅	∅	∅,∅	9005	∅	∅	∅	∅	∅	9021	∅	9005	∅	∅	∅	∅	∅	9005	∅	∅	∅	9024,∅	9005	∅	∅	∅	∅	∅	9021	∅	9005	∅	∅	∅	∅	∅	9005	∅	∅	∅	9024
mvbw_0055,mcveraa,qē'ēg ēn nes so,#	ZERO	qē'ēg	ēn	nes	so,#	ZERO	begin	ART	song	QUOT,started singing:,en,MORPHEME_ALIGNED,,mvbw_mp3 mvbw_wav mvbw_eaf mvbw_xml mvbw_tsv,,279408,280310,##	0.h:a	v:pred	ln	np:p	other:pred,,mvbw,∅	∅	∅	∅	∅	∅,∅	9005	∅	∅	9024	∅,∅	9005	∅	∅	9024	∅
mvbw_0056,mcveraa,[SONG],[SONG],NC,[SONG],en,MORPHEME_ALIGNED,,mvbw_mp3 mvbw_wav mvbw_eaf mvbw_xml mvbw_tsv,,280310,291861,nc,,mvbw,∅,∅,∅
mvbw_0057,mcveraa,dim sur qe' senē dine 'ēqēl kel,#	di	=m	sur	qē'	ZERO	senē	#	di	ne	'ēqēl	kēl,#	3SG	=TAM1	sing	finish	ZERO	MAN.DEM1	#	3SG	TAM2:3SG	descend	back,"He finished singing this, and then he came back down.",en,MORPHEME_ALIGNED,,mvbw_mp3 mvbw_wav mvbw_eaf mvbw_xml mvbw_tsv,,291861,294828,##	pro.h:a	=lv	v:pred	rv	0:p	other	##	pro.h:s	lv-pro_h_s	v:pred	rv,,mvbw,∅	∅	∅	∅	∅	∅	∅	∅	∅	∅	∅	∅,∅	9005	∅	∅	∅	9024	∅	∅	9005	∅	∅	∅,∅	9005	∅	∅	∅	9024	∅	∅	9005	∅	∅	∅
mvbw_0058,mcveraa,ba lēn masōgi dis sursur anēn vēvēru ne rōn̄ n lan̄ ne 'ō' ma n vēvēru wal lēn wērēsurō e birin̄ ēn 'erē 'aklē vuvulugin 'erē 'ama',#	ba	#	lē	=n	masōgi	di	=s	sursur	anē	%	=n	vēvē	-ru	ne	rōn̄	#	n	lan̄	ne	'ō'	ma	ZERO	#	n	vēvē	-ru	wal	lē	=n	Wērēsurō	e	birin̄	ēn	'erē	'aklē	vuvulu	-gi	=n	'erē	'ama',#	but	#	LOC	=ART	time	3SG	=SIM	RED:sing	DEM1.A	%	=ART	mother	-3DL	TAM2:3SG	hear	#	ART	wind	TAM2:3SG	carry	hither	ZERO	#	ART	mother	-3DL	once	LOC	=ART	Wērēsurō	NC	with	ART	PL	some	friend	-3SG	=ART	PL	spirit,"But when he was singing, their mother heard (it), the wind was carrying (it) over to their mother at the Wērēsurō, where she stayed with those like her, the dead.",en,MORPHEME_ALIGNED,,mvbw_mp3 mvbw_wav mvbw_eaf mvbw_xml mvbw_tsv,,294828,301455,##	other	#ac	adp	=ln	np:other	pro.h:a	=lv	v:pred	other	%	=ln	np.h:s	-rn_pro.h:poss	lv-pro_h_s	v:pred	#cc	ln	np:a	lv-pro_a	v:pred	rv	0:p	##	ln	np.h:s	-rn_pro.h:poss	other	adp	=ln	pn_np:pred	nc	adp	ln	ln	ln	np.d:obl	-rn_pro.h:poss	=ln	ln	np.d:appos,,mvbw,∅	∅	∅	∅	∅	∅	∅	∅	∅	∅	∅	∅	∅	∅	∅	∅	∅	∅	new	∅	∅	∅	∅	∅	∅	∅	∅	∅	∅	∅	new	∅	∅	∅	∅	∅	new	∅	∅	∅	∅,∅	∅	∅	∅	∅	∅	9005	∅	∅	∅	∅	∅	9002	9008	∅	∅	∅	∅	9025	∅	∅	∅	9024	∅	∅	9002	9008	∅	∅	∅	9026	∅	∅	∅	∅	∅	9027	9002	∅	∅	9027,∅	∅	∅	∅	∅	∅	9005	∅	∅	∅	∅	∅	9002	9008	∅	∅	∅	∅	9025	∅	∅	∅	9024	∅	∅	9002	9008	∅	∅	∅	9026	∅	∅	∅	∅	∅	9027	9002	∅	∅	9027
mvbw_0059,mcveraa,rōn̄ ēn lan̄ ne 'ō ma,#	ZERO	rōn̄	#	ēn	lan̄	ne	'ō'	ma	ZERO,#	ZERO	hear	#	ART	wind	TAM2:3SG	carry	hither	ZERO,"Hearing how the wind carried (it) over,",en,MORPHEME_ALIGNED,,mvbw_mp3 mvbw_wav mvbw_eaf mvbw_xml mvbw_tsv,,301455,303596,##	0.h:s	v:pred	#cc	ln	np:a	lv-pro_a	v:pred	rv	0:p,,mvbw,∅	∅	∅	∅	∅	∅	∅	∅	∅	∅,∅	9002	∅	∅	∅	9025	∅	∅	∅	9024,∅	9002	∅	∅	∅	9025	∅	∅	∅	9024
mvbw_0060,mcveraa,'eig ne tek mēn 'erē vuvulusi so 'erē 'aqōrōn̄ 'eno nok rōn̄ 'i son neln̄on e sē,#	'eig	ZERO	ne	tēk	mē	=n	'erē	vuvulu	-gi	so	#	'erē	'aqōrōn̄	'eno	#	no	=k	rōn̄	'i	#	so	=n	neln̄o-n	e	sē,#	INTERJ	ZERO	TAM2:3SG	speak	DAT	=ART	PL	friend	-3SG	QUOT	#	PL	silent	try	#	1SG	=TAM2	hear	DEL	#	CPL	=ART	voice-CS	PERS.ART	who,"she said to her friends: ""Hey, quiet everyone! I'm trying to figure out whose voice this is.""",en,MORPHEME_ALIGNED,,mvbw_mp3 mvbw_wav mvbw_eaf mvbw_xml mvbw_tsv,,303596,309971,#	nc	0.h:s_ds	lv-pro_h_s	v:pred	adp	=ln	ln	np.d:g	-rn_pro.h:poss	other	#ds	other:voc	other:pred	rv	#ds	pro.1:s	=lv	v:pred	rv	#cc	other	=ln	np:pred	rn	rn_np.h:poss,,mvbw,∅	∅	∅	∅	∅	∅	∅	∅	∅	∅	∅	∅	∅	∅	∅	∅	∅	∅	∅	∅	∅	∅	∅	∅	∅	∅,∅	∅	9002	∅	∅	∅	∅	∅	9027	9002	∅	∅	9027	∅	∅	∅	9002	∅	∅	∅	∅	∅	∅	∅	∅	∅,∅	∅	9002	∅	∅	∅	∅	∅	9027	9002	∅	∅	9027	∅	∅	∅	9002	∅	∅	∅	∅	∅	∅	∅	∅	∅
mvbw_0061,mcveraa,'erē vuvulugi so oo nike qaqa nē nēn ēn men nē n men ne awaw 'a vēe n lan̄ ne 'ō man neln̄ogi,#	'erē	vuvulu	-gi	so	#	oo	nik	ē	qaqa	nē	#	nē	=n	ēn	men	nē	#	n	men	ne	awaw	a	viē	#	n	lan̄	ne	'ō'	ma	=n	neln̄o	-gi,#	PL	friend	-3SG	QUOT	#	INTERJ	2SG	TAM2:2SG	crazy	DEM1	#	DEM1	=ART	ART	bird	DEM1	#	ART	bird	TAM2:3SG	squeel	LOC.SP	where	#	ART	wind	TAM2:3SG	carry	hither	=ART	voice	-3SG,"And her friends said: ""No no, you're just being crazy. These are just birds! Birds singing somewhere, and the wind is carrying their voices over here.""",en,MORPHEME_ALIGNED,,mvbw_mp3 mvbw_wav mvbw_eaf mvbw_xml mvbw_tsv,,309971,318680,##	ln	np.d:s	-rn_pro.h:poss	other:pred	#ds	other	pro.2:s	lv-pro_2_s	v:pred	other	#ds	dem_pro:s	=ln	nc	np:pred	other	#ds	ln	np:s	lv-pro_s	v:pred	adp	other:l	#ds	ln	np:a	lv-pro_a	v:pred	rv	=ln	np:p	-rn_pro:poss,,mvbw,∅	∅	∅	∅	∅	∅	∅	∅	∅	∅	∅	∅	∅	∅	∅	new	∅	∅	∅	∅	∅	∅	∅	∅	∅	∅	∅	∅	∅	∅	∅	bridging	∅,∅	∅	9027	9002	∅	∅	∅	9002	∅	∅	∅	∅	∅	∅	∅	9028	∅	∅	∅	9028	∅	∅	∅	∅	∅	∅	9025	∅	∅	∅	∅	9029	9028,∅	∅	9027	9002	∅	∅	∅	9002	∅	∅	∅	∅	∅	∅	∅	9028	∅	∅	∅	9028	∅	∅	∅	∅	∅	∅	9025	∅	∅	∅	∅	9029	9028
mvbw_0062,mcveraa,dine 'ukeg vē'ē duruk ... duruk van,#	di	ne	'ukeg	vē'ē	#	duru=k	duru	=k	van,#	3SG	TAM2:3SG	leave	out	#	3DL=TAM2	3DL	=TAM2	go,"So she gave up, and the two kept going.",en,MORPHEME_ALIGNED,,mvbw_mp3 mvbw_wav mvbw_eaf mvbw_xml mvbw_tsv,,318680,322869,##	pro.h:s	lv-pro_h_s	v:pred	rv	##	nc_pro.h	pro.h:s	=lv	v:pred,,mvbw,∅	∅	∅	∅	∅	∅	∅	∅	∅	∅,∅	9002	∅	∅	∅	∅	9008	9008	∅	∅,∅	9002	∅	∅	∅	∅	9008	9008	∅	∅
mvbw_0063,mcveraa,duruk van van ban ni'i m̄ērm̄ēre ne rōn̄ so o milin̄sal wal va'i,#	duru	=k	van	van	#	ba	=n	ni'i	m̄ērm̄ēre	ne	rōn̄	#	so	o	milin̄sal	wal	va'i,#	3DL	=TAM2	go	go	#	but	=ART	small	kid	TAM2:3SG	feel	#	QUOT	INTERJ	hunger	once	still.exist,"They went on, but the small kid began to feel that it was still quite hungry.",en,MORPHEME_ALIGNED,,mvbw_mp3 mvbw_wav mvbw_eaf mvbw_xml mvbw_tsv,,322869,327854,##	pro.h:s	=lv	v:pred	rv	##	other	=ln	ln	np.h:s	lv-pro_h_s	v:pred	#cc	other	other	np:s	other	other:pred,,mvbw,∅	∅	∅	∅	∅	∅	∅	∅	∅	∅	∅	∅	∅	∅	∅	∅	∅	∅,∅	9008	∅	∅	∅	∅	∅	∅	∅	9007	∅	∅	∅	∅	∅	9020	∅	∅,∅	9008	∅	∅	∅	∅	∅	∅	∅	9007	∅	∅	∅	∅	∅	9020	∅	∅
mvbw_0064,mcveraa,duruk vanvan 'i dine tek so,#	duru	=k	vanvan	'i	#	di	ne	tēk	so,#	3DL	=TAM2	RED:go	DEL	#	3SG	TAM2:3SG	speak	QUOT,"They were going for a little while, and then he said:",en,MORPHEME_ALIGNED,,mvbw_mp3 mvbw_wav mvbw_eaf mvbw_xml mvbw_tsv,,327854,330838,##	pro.h:s	=lv	v:pred	rv	##	pro.h:s_ds	lv-pro_h_s	v:pred	other,,mvbw,∅	∅	∅	∅	∅	∅	∅	∅	∅	∅,∅	9008	∅	∅	∅	∅	9007	∅	∅	∅,∅	9008	∅	∅	∅	∅	9007	∅	∅	∅
mvbw_0065,mcveraa,'e ... nike 'ir lē(?) qe'i gēn 'isim̄ēre ne tek mē di so ... 'uwam̄ēre ne tek mē di so nike 'ir qe'i nok rem lik,#	'e	nik	ē	'ir	lē?	qe'i	gēn	'isim̄ēre	ne	tēk	mē	di	so	#	'uwam̄ēre	ne	tēk	mē	di	so	#	nik	ē	'ir	qe'i	#	no	=k	rem	lik,#	HES	2SG	TAM2	stand	LOC?	for.moment	DEM2	second.born	TAM2:3SG	speak	DAT	3SG	QUOT	#	first.born	TAM2:3SG	speak	DAT	3SG	QUOT	#	2SG	TAM2:2SG	stand	for.moment	#	1SG	=TAM2	climb	more,"The older one said to the younger one: ""You stand here for the moment, I am going to climb (up) again.",en,MORPHEME_ALIGNED,,mvbw_mp3 mvbw_wav mvbw_eaf mvbw_xml mvbw_tsv,,330838,336314,#nc	nc	nc_pro.2	nc	nc	nc	nc	nc	nc	nc	nc	nc	nc_pro.h	nc	##	np.h:s_ds	lv-pro_h_s_ds	v:pred	adp	pro.h:g	other	#ds	pro.2:s	lv-pro_2_s	v:pred	other	#ds	pro.1:s	=lv	v:pred	rv,,mvbw,∅	∅	∅	∅	∅	∅	∅	∅	∅	∅	∅	∅	∅	∅	∅	∅	∅	∅	∅	∅	∅	∅	∅	∅	∅	∅	∅	∅	∅	∅	∅,∅	∅	9007	∅	∅	∅	∅	∅	∅	∅	∅	∅	9005	∅	∅	9005	∅	∅	∅	9007	∅	∅	9007	∅	∅	∅	∅	9005	∅	∅	∅,∅	∅	9007	∅	∅	∅	∅	∅	∅	∅	∅	∅	9005	∅	∅	9005	∅	∅	∅	9007	∅	∅	9007	∅	∅	∅	∅	9005	∅	∅	∅
mvbw_0066,mcveraa,'isim̄ēre ne 'ir lēn qe'an dine rem lik ne sur,#	'isim̄ēre	ne	'ir	lē	=n	qe'an	#	di	ne	rem	lik	#	ZERO	ne	sur,#	second.born	TAM2:3SG	stand	LOC	=ART	ground	#	3SG	TAM2:3SG	climb	more	#	ZERO	TAM2:3SG	sing,"So the younger one stood on the ground, and he older one climbed up another (tree) and sang:",en,MORPHEME_ALIGNED,,mvbw_mp3 mvbw_wav mvbw_eaf mvbw_xml mvbw_tsv,,336314,338635,##	np.h:s	lv-pro_h_s	v:pred	adp	=ln	np:l	##	pro.h:s	lv-pro_h_s	v:pred	rv	##	0.h:s	lv-pro_h_s	v:pred,,mvbw,∅	∅	∅	∅	∅	∅	∅	∅	∅	∅	∅	∅	∅	∅	∅	∅,∅	9007	∅	∅	∅	∅	9023	∅	9005	∅	∅	∅	∅	9005	∅	∅,∅	9007	∅	∅	∅	∅	9023	∅	9005	∅	∅	∅	∅	9005	∅	∅
mvbw_0067,mcveraa,'enei duruk vanvan rōv'e man wērēsurō va'anē,#	enei	duru	=k	vanvan	rōv'e	ma	=n	Wērēsurō	va'anē,#	now	3DL	=TAM2	RED:go	close.to	hither	=ART	Wērēsurō	TEMP.DEM1,Now they were coming close to the Wērēsurō (where the spirits of the dead dwell):,en,MORPHEME_ALIGNED,,mvbw_mp3 mvbw_wav mvbw_eaf mvbw_xml mvbw_tsv,,338635,341382,##	other	pro.h:a	=lv	v:pred	rv	rv	=ln	pn_np:p	other,,mvbw,∅	∅	∅	∅	∅	∅	∅	∅	∅	∅,∅	∅	9008	∅	∅	∅	∅	∅	9026	∅,∅	∅	9008	∅	∅	∅	∅	∅	9026	∅
mvbw_0068,mcveraa,dine rem lik dine sur lik ēn nes,#	di	ne	rem	lik	#	di	ne	sur	lik	ēn	nes,#	3SG	TAM2:3SG	climb	more	#	3SG	TAM2:3SG	sing	more	ART	song,So he climbed again and sang the song again:,en,MORPHEME_ALIGNED,,mvbw_mp3 mvbw_wav mvbw_eaf mvbw_xml mvbw_tsv,,341382,343680,##	pro.h:s	lv-pro_h_s	v:pred	rv	##	pro.h:a	lv-pro_h_a	v:pred	rv	ln	np:p,,mvbw,∅	∅	∅	∅	∅	∅	∅	∅	∅	∅	∅	∅,∅	9005	∅	∅	∅	∅	9005	∅	∅	∅	∅	9024,∅	9005	∅	∅	∅	∅	9005	∅	∅	∅	∅	9024
mvbw_0069,mcveraa,[SONG],[SONG],NC,[SONG],en,MORPHEME_ALIGNED,,mvbw_mp3 mvbw_wav mvbw_eaf mvbw_xml mvbw_tsv,,343680,355263,nc,,mvbw,∅,∅,∅
mvbw_0070,mcveraa,vēvēruō so lēn wērēsurō ne sag 'i ne rōn̄ ēn lan̄ ne 'ō man neln̄on e 'isim̄ēre an ni'i... 'uwam̄ēre an ni'igi 'anē di so,#	vēvē	-ruō	so	lē	=n	Wērēsurō	ne	sag	'i	#	ZERO	ne	rōn̄	#	ēn	lan̄	ne	'ō'	ma	=n	neln̄o-n	e	'isim̄ēre	an	ni'i—	'uwam̄ēre	#	a	ZERO	=n	ni'i	-gi	anē	#	di	so,#	mother	-3DL	QUOT	LOC	=ART	Wērēsurō	TAM2:3SG	sit	DEL	#	ZERO	TAM2:3SG	hear	#	ART	wind	TAM2:3SG	carry	hither	=ART	voice-CS	PERS.ART	second.born	an	small	first.born	#	REL	ZERO	=ART	small	-3SG	DEM1.A	#	3SG	QUOT,"Their mother at the Wērēsurō was sitting there and heard how the wind was carrying over the voice of her older son, and she said:",en,MORPHEME_ALIGNED,,mvbw_mp3 mvbw_wav mvbw_eaf mvbw_xml mvbw_tsv,,355263,363421,##	np.h:s	-rn_pro.h:poss	nc	rn	=rn	rn_pn_np	lv-pro_h_s	v:pred	rv	##	0.h:s	lv-pro_h_s	v:pred	#cc	ln	np:a	lv-pro_a	v:pred	rv	=ln	np:p	rn	nc_np.h	nc	nc	rn_np.h:poss	#rc_rn	other	0.h:s	=ln	np.h:pred	-rn_pro.h:poss	rn_dem1	##	pro.h:s	other:pred,,mvbw,∅	∅	∅	∅	∅	∅	∅	∅	∅	∅	∅	∅	∅	∅	∅	∅	∅	∅	∅	∅	∅	bridging	∅	∅	∅	∅	∅	∅	∅	∅	∅	∅	∅	∅	∅	∅	∅,∅	9002	9008	∅	∅	∅	9026	∅	∅	∅	∅	9002	∅	∅	∅	∅	9025	∅	∅	∅	∅	9030	∅	9007	∅	∅	9005	∅	∅	9005	∅	9005	9002	∅	∅	9002	∅,∅	9002	9008	∅	∅	∅	9026	∅	∅	∅	∅	9002	∅	∅	∅	∅	9025	∅	∅	∅	∅	9030	∅	9007	∅	∅	9005	∅	∅	9005	∅	9005	9002	∅	∅	9002	∅
mvbw_0071,mcveraa,ragav'ōl nok rōn̄ ēn neln̄o 'an̄sara,#	ragav'ōl	no	=k	rōn̄	ēn	neln̄o	'an̄sara,#	VOC.pl	1SG	=TAM2	hear	ART	voice	person,"""Come one people, I am hearing a human voice here!""",en,MORPHEME_ALIGNED,,mvbw_mp3 mvbw_wav mvbw_eaf mvbw_xml mvbw_tsv,,363421,366474,#ds	np:voc	pro.1:a	=lv	v:pred	ln	np:p	rn,,mvbw,∅	∅	∅	∅	∅	∅	∅	∅,∅	9027	9002	∅	∅	∅	9030	∅,∅	9027	9002	∅	∅	∅	9030	∅
mvbw_0072,mcveraa,'erē 'ama' an vulugi ne tek so o nike rōn̄rōn̄ 'enteg ēnēn men nē n lan̄ ne 'ō man neln̄ogi,#	'erē	'ama'	#	a	ZERO	=n	vulu	-gi	%	ne	tēk	so	#	o	nik	ē	rōn̄rōn̄	'enteg	#	nē	=n	men	nē	#	n	lan̄	ne	'ō'	ma	=n	neln̄o	-gi,#	PL	spirit	#	REL	ZERO	=ART	friend	-3SG	%	TAM2:3SG	speak	QUOT	#	INTERJ	2SG	TAM2:2SG	RED:hear	well	#	DEM1	=ART	bird	DEM1	#	ART	wind	TAM2:3SG	carry	hither	=ART	voice	-3SG,"But all the devils, her friends, said: ""No, listen up good: it's a bird. The wind is carrying over its voice.""",en,MORPHEME_ALIGNED,,mvbw_mp3 mvbw_wav mvbw_eaf mvbw_xml mvbw_tsv,,366474,372285,##	ln	np.d:s_ds	#rc_rn	other	0.d:s	=ln	np.h:pred	-rn_pro.h:poss	%	lv-pro_d_s_ds	v:pred	other	#ds	other	pro.2:s	lv-pro_2_s	v:pred	rv	#ds	dem_pro:s	=ln	np:pred	other	#ds	ln	np:a	lv-pro_a	v:pred	rv	=ln	np:p	-rn_pro.h:poss,,mvbw,∅	∅	∅	∅	∅	∅	∅	∅	∅	∅	∅	∅	∅	∅	∅	∅	∅	∅	∅	∅	∅	∅	∅	∅	∅	∅	∅	∅	∅	∅	∅	∅	∅,∅	∅	9027	∅	∅	9027	∅	∅	9002	∅	∅	∅	∅	∅	∅	9002	∅	∅	∅	∅	9024	∅	9028	∅	∅	∅	9025	∅	∅	∅	∅	9029	9028,∅	∅	9027	∅	∅	9027	∅	∅	9002	∅	∅	∅	∅	∅	∅	9002	∅	∅	∅	∅	9024	∅	9028	∅	∅	∅	9025	∅	∅	∅	∅	9029	9028
mvbw_0073,mcveraa,duruk van 'e ruwa an ni'igi anē duruk van,#	duru	=k	van	#	e	ruwa	#	a	=n	ni'i	-gi	%	anē	duru	=k	van,#	3DL	=TAM2	go	#	PERS.ART	two.people	#	REL	=ART	small	-3SG	%	DEM1.A	3DL	=TAM2	go,So her two children kept going.,en,MORPHEME_ALIGNED,,mvbw_mp3 mvbw_wav mvbw_eaf mvbw_xml mvbw_tsv,,372285,375352,##	pro.h:s	=lv	v:pred	##	ln	np.h:dt_s	#rc_rn	other	=ln	np.h:pred	-rn_pro.h:poss	%	rn_dem1	pro.h:s	=lv	v:pred,,mvbw,∅	∅	∅	∅	∅	∅	∅	∅	∅	∅	∅	∅	∅	∅	∅	∅	∅,∅	9008	∅	∅	∅	∅	9008	∅	∅	∅	∅	9002	∅	∅	9008	∅	∅,∅	9008	∅	∅	∅	∅	9008	∅	∅	∅	∅	9002	∅	∅	9008	∅	∅
mvbw_0074,mcveraa,durum vavavan duruk van rōvrōv'e wal man .. n wērēsurō 'a vēen vēvērus 'ōg 'i,#	duru	=m	vavavan	#	duru	=k	van	rōv-rōv'e	wal	ma	=n	n	Wērēsurō	#	a	viē	=n	vēvē	-ru	=s	'ōg	'i,#	3DL	=TAM1	RED-go	#	3DL	=TAM2	go	RED-close.to	INTENS	hither	=ART	ART	Wērēsurō	#	LOC.SP	where	=ART	mother	-3DL	=SIM	stay	DEL,"They went on and on until they came very close to the Wērēsurō, where their mother was.",en,WORD_ALIGNED,,mvbw_mp3 mvbw_wav mvbw_eaf mvbw_xml mvbw_tsv,,375352,381381,##	pro.h:s	=lv	v:pred	##	pro.h:a	=lv	v:pred	other	rv	rv	=ln	nc	pn_np:p	#rc_rn	adp	other:l	=ln	np.h:s	-rn_pro.h:poss	=lv	v:pred	rv,,mvbw,∅	∅	∅	∅	∅	∅	∅	∅	∅	∅	∅	∅	∅	∅	∅	∅	∅	∅	∅	∅	∅	∅	∅,∅	9008	∅	∅	∅	9008	∅	∅	∅	∅	∅	∅	∅	9026	∅	∅	∅	∅	9002	9008	∅	∅	∅,∅	9008	∅	∅	∅	9008	∅	∅	∅	∅	∅	∅	∅	9026	∅	∅	∅	∅	9002	9008	∅	∅	∅
mvbw_0075,mcveraa,'uwam̄ēre ne rem lik Wēdin̄gōr ne rem lik,#	'uwam̄ēre	ne	rem	lik	#	Wēdin̄gōr	ne	rem	lik,#	first.born	TAM2:3SG	climb	more	#	Wēdin̄gōr	TAM2:3SG	climb	more,"Then the first born, Wēdin̄gōr, climbed again.",en,MORPHEME_ALIGNED,,mvbw_mp3 mvbw_wav mvbw_eaf mvbw_xml mvbw_tsv,,381381,385338,##	np.h:s	lv-pro_h_s	v:pred	rv	##	pn_np.h:s	lv-pro_h_s	v:pred	rv,,mvbw,∅	∅	∅	∅	∅	∅	∅	∅	∅	∅,∅	9005	∅	∅	∅	∅	9005	∅	∅	∅,∅	9005	∅	∅	∅	∅	9005	∅	∅	∅
mvbw_0076,mcveraa,rem lik rem sag ne sur lik ēn nes,#	ZERO	rem	lik	#	ZERO	rem	sag	#	ZERO	ne	sur	lik	ēn	nes,#	ZERO	climb	more	#	ZERO	climb	up	#	ZERO	TAM2:3SG	sing	more	ART	song,Climbed and climbed up to the top and sang the song again:,en,MORPHEME_ALIGNED,,mvbw_mp3 mvbw_wav mvbw_eaf mvbw_xml mvbw_tsv,,385338,387428,##	0.h:s	v:pred	rv	##	0.h:s	v:pred	rv	##	0.h:a	lv-pro_h_a	v:pred	rv	ln	np:p,,mvbw,∅	∅	∅	∅	∅	∅	∅	∅	∅	∅	∅	∅	∅	∅	∅,∅	9005	∅	∅	∅	9005	∅	∅	∅	9005	∅	∅	∅	∅	9024,∅	9005	∅	∅	∅	9005	∅	∅	∅	9005	∅	∅	∅	∅	9024
mvbw_0077,mcveraa,[SONG],[SONG],NC,[SONG],en,MORPHEME_ALIGNED,,mvbw_mp3 mvbw_wav mvbw_eaf mvbw_xml mvbw_tsv,,387428,399330,nc,,mvbw,∅,∅,∅
mvbw_0078,mcveraa,vēvēru ne sag 'i lēn wērēsurō ne rōn̄ san neln̄on e ge ne rōn̄ ēn soru so,#	vēvē	-ru	ne	sag	'i	lē	=n	Wērēsurō	#	ZERO	ne	rōn̄	sa	=n	neln̄o-n	e	ge	#	ZERO	ne	rōn̄	ēn	so	-ru	so,#	mother	-3DL	TAM2:3SG	sit	DEL	LOC	=ART	Wērēsurō	#	ZERO	TAM2:3SG	hear	EMPH	=ART	voice-CS	PERS.ART	THING	#	ZERO	TAM2:3SG	hear	ART	name	-3DL	QUOT,"Their mother was sitting at the Wērēsurō and heard the voice of that one, heard their names:",en,MORPHEME_ALIGNED,,mvbw_mp3 mvbw_wav mvbw_eaf mvbw_xml mvbw_tsv,,399330,403425,##	np.h:s	-rn_pro.h:poss	lv-pro_h_s	v:pred	rv	adp	=ln	pn_np:l	##	0.h:a	lv-pro_h_a	v:pred	other	=ln	np:p	rn	rn_np.h:poss	##	0.h:a	lv-pro_h_a	v:pred	ln	np:p	-rn_pro.h:poss	other,,mvbw,∅	∅	∅	∅	∅	∅	∅	∅	∅	∅	∅	∅	∅	∅	∅	∅	∅	∅	∅	∅	∅	∅	∅	bridging	∅	∅,∅	9002	9008	∅	∅	∅	∅	∅	9026	∅	9002	∅	∅	∅	∅	9030	∅	9005	∅	9002	∅	∅	∅	9031	9008	∅,∅	9002	9008	∅	∅	∅	∅	∅	9026	∅	9002	∅	∅	∅	∅	9030	∅	9005	∅	9002	∅	∅	∅	9031	9008	∅
mvbw_0079,mcveraa,'e'e ragav'ōl nēn 'erē nini'ik wal,#	'e'e	ragav'ōl	nē	=n	'erē	ni-ni'i	-k	wal,#	yes	VOC.pl	DEM1	=ART	PL	NSG-small	-1SG	once,"""Oh yes, people, that's my kids, no doubt!""",en,MORPHEME_ALIGNED,,mvbw_mp3 mvbw_wav mvbw_eaf mvbw_xml mvbw_tsv,,403425,406505,#ds	other	other:voc	dem_pro:s	=ln	ln	np.h:pred	-rn_pro.1:poss	other,,mvbw,∅	∅	∅	∅	∅	∅	∅	∅	∅,∅	∅	9027	9030	∅	∅	∅	9002	∅,∅	∅	9027	9030	∅	∅	∅	9002	∅
mvbw_0080,mcveraa,vrig sur vrigē vrigē vrigē vavavan vrig siksik duruō van vrig din̄ ma duruō,#	ZERO	vrig	sur	#	ZERO	vrigē	vrigē	vrigē	vavavan	#	ZERO	vrig	siksik	duruō	van	#	ZERO	vrig	din̄	ma	duruō,#	ZERO	rush	down	#	ZERO	rush	rush	rush	RED-go	#	ZERO	rush	RED:search	3DL	go	#	ZERO	rush	reach	hither	3DL,"Ran down, ran and ran, ran searching for the two, until (she) found them.",en,WORD_ALIGNED,,mvbw_mp3 mvbw_wav mvbw_eaf mvbw_xml mvbw_tsv,,406505,412649,##	0.h:s	v:pred	rv	##	0.h:s	v:pred	nc	nc	other	##	0.h:a	v:pred	rv	pro.h:p	other	##	0.h:a	v:pred	rv	rv	pro.h:p,,mvbw,∅	∅	∅	∅	∅	∅	∅	∅	∅	∅	∅	∅	∅	∅	∅	∅	∅	∅	∅	∅	∅	∅,∅	9002	∅	∅	∅	9002	∅	∅	∅	∅	∅	9002	∅	∅	9008	∅	∅	9002	∅	∅	∅	9008,∅	9002	∅	∅	∅	9002	∅	∅	∅	∅	∅	9002	∅	∅	9008	∅	∅	9002	∅	∅	∅	9008
mvbw_0081,mcveraa,'ēn durus 'ir 'ir ver 'i'ir rara malaga 'i so,#	ZERO	'ēn	#	duru	=s	'ir	#	'ir	ver	'i'ir	#	ZERO	rara	malaga	'i	#	ZERO	so,#	ZERO	see	#	3DL	=SIM	stand	#	stand	RCP	RED-stand	#	ZERO	cry	sorry	DEL	#	ZERO	QUOT,"Saw them standing there and crying, (she) said:",en,WORD_ALIGNED,,mvbw_mp3 mvbw_wav mvbw_eaf mvbw_xml mvbw_tsv,,412649,415589,##	0.h:s	v:pred	#cc	pro.h:s	=lv	v:pred	#nc	nc	nc	nc	##	0.h:s	v:pred	rv	rv	##	0.h:s	other:pred,,mvbw,∅	∅	∅	∅	∅	∅	∅	∅	∅	∅	∅	∅	∅	∅	∅	∅	∅	∅	∅,∅	9002	∅	∅	9008	∅	∅	∅	∅	∅	∅	∅	9008	∅	∅	∅	∅	9002	∅,∅	9002	∅	∅	9008	∅	∅	∅	∅	∅	∅	∅	9008	∅	∅	∅	∅	9002	∅
mvbw_0082,mcveraa,ru... ruwam da sivie,#	ru—	ruwa	=m	da	siviē,#	NC	two.people	=TAM1	do	how,"""Hey, you two, what's wrong?""",en,MORPHEME_ALIGNED,,mvbw_mp3 mvbw_wav mvbw_eaf mvbw_xml mvbw_tsv,,415589,416691,#ds	nc	np.h:voc	=lv	v:pred	other,,mvbw,∅	∅	∅	∅	∅	∅,∅	∅	9008	∅	∅	∅,∅	∅	9008	∅	∅	∅
mvbw_0083,mcveraa,so 'o ote nike ma' den kamaduō kamadum 'ōg 'i n 'amadum ... 'amamadum leg kel,#	ZERO	so	#	'o	ote	nik	ē	ma'	den	kamaduō	#	kamadu	=m	'ōg	'i	#	n	'ama-dum	'ama	-madu	=m	leg	kēl,#	ZERO	QUOT	#	INTERJ	mum	2SG	TAM2:2SG	dead	ABL	1DL.EX	#	1DL.EX	=TAM1	stay	DEL	#	ART	father-1DL.IN	father	-1DL.EX	=TAM1	marry	back,"(they) Said: ""Oh, mum, when you left us, we stayed behind, and our father married again.",en,MORPHEME_ALIGNED,,mvbw_mp3 mvbw_wav mvbw_eaf mvbw_xml mvbw_tsv,,416691,423064,##	0.h:s	other:pred	#ds	other	np.h:voc	pro.2:s	lv-pro_2_s	v:pred	adp	pro.1:obl	#ds	pro.1:s	=lv	v:pred	rv	#ds	ln	nc_np.h	np.h:s	-rn_pro.1:poss	=lv	v:pred	rv,,mvbw,∅	∅	∅	∅	∅	∅	∅	∅	∅	∅	∅	∅	∅	∅	∅	∅	∅	∅	∅	∅	∅	∅	∅	∅,∅	9008	∅	∅	∅	9002	9002	∅	∅	∅	9008	∅	9008	∅	∅	∅	∅	∅	9003	9003	9008	∅	∅	∅,∅	9008	∅	∅	∅	9002	9002	∅	∅	∅	9008	∅	9008	∅	∅	∅	∅	∅	9003	9003	9008	∅	∅	∅
mvbw_0084,mcveraa,ba dim leg kel ēn ren̄e a rekso nikem 'aram 'i mē kamaduō son ren̄e ga se',#	ba	di	=m	leg	kēl	ēn	ren̄e	#	a	rekso	nik	=ēm	'aram	'i	ZERO	mē	kamaduō	%	so	=n	ren̄e	ga	se',#	but	3SG	=TAM1	marry	back	ART	woman	#	REL	like	2SG	=TAM1	inform	DEL	ZERO	DAT	1DL.EX	%	QUOT	=ART	woman	STAT	bad,"But he took a wife as you had told us, a bad woman.",en,MORPHEME_ALIGNED,,mvbw_mp3 mvbw_wav mvbw_eaf mvbw_xml mvbw_tsv,,423064,427214,#ds	other	pro.h:a	=lv	v:pred	rv	ln	np.h:p	#rc_rn	other	other	pro.2:a	=lv	v:pred	rv	0.h:p	adp	pro.1:g	%	other	=ln	np.h:dt_p	rn	rn,,mvbw,∅	∅	∅	∅	∅	∅	∅	∅	∅	∅	∅	∅	∅	∅	∅	∅	∅	∅	∅	∅	∅	∅	∅	∅,∅	∅	9003	∅	∅	∅	∅	9013	∅	∅	∅	9002	∅	∅	∅	∅	∅	9008	∅	∅	∅	9013	∅	∅,∅	∅	9003	∅	∅	∅	∅	9013	∅	∅	∅	9002	∅	∅	∅	∅	∅	9008	∅	∅	∅	9013	∅	∅
mvbw_0085,mcveraa,dim leg kel ēn ren̄e ga se',#	di	=m	leg	kēl	ēn	ren̄e	ga	se',#	3SG	=TAM1	marry	back	ART	woman	STAT	bad,"He took a new wife, a woman who was bad",en,MORPHEME_ALIGNED,,mvbw_mp3 mvbw_wav mvbw_eaf mvbw_xml mvbw_tsv,,427214,428646,#ds	pro.h:a	=lv	v:pred	rv	ln	np.h:p	rn	rn,,mvbw,∅	∅	∅	∅	∅	∅	∅	∅	∅,∅	9003	∅	∅	∅	∅	9013	∅	∅,∅	9003	∅	∅	∅	∅	9013	∅	∅
mvbw_0086,mcveraa,so di 'ēn'ēn 'enteg ros sir kamaduō kamaduō gengen 'enteg ros,#	so	di	'ēn'ēn	enteg	rōs	sir	kamaduō	#	kamaduō	gengen	enteg	rōs,#	QUOT	3SG	RED:see	well	GEN.NEG2	for	1DL.EX	#	1DL.EX	RED:eat	well	GEN.NEG2,"in that she didn't look after us properly. We didn't get enough to eat,",en,MORPHEME_ALIGNED,,mvbw_mp3 mvbw_wav mvbw_eaf mvbw_xml mvbw_tsv,,428646,432389,#ds.neg	other	pro.h:s	v:pred	rv	rv	adp	pro.1:obl	#ds.neg	pro.1:s	v:pred	rv	rv,,mvbw,∅	∅	∅	∅	∅	∅	∅	∅	∅	∅	∅	∅	∅,∅	∅	9013	∅	∅	∅	∅	9008	∅	9008	∅	∅	∅,∅	∅	9013	∅	∅	∅	∅	9008	∅	9008	∅	∅	∅
mvbw_0087,mcveraa,da kamadum van siksik nik ma nē,#	da	kamadu	=m	van	siksik	nik	ma	nē,#	do	1DL.EX	=TAM1	go	RED:search	2SG	hither	DEM1,"so we walked around looking for you.""",en,MORPHEME_ALIGNED,,mvbw_mp3 mvbw_wav mvbw_eaf mvbw_xml mvbw_tsv,,432389,435154,#ds	other	pro.1:a	=lv	v:pred	rv	pro.2:p	rv	other,,mvbw,∅	∅	∅	∅	∅	∅	∅	∅	∅,∅	∅	9008	∅	∅	∅	9002	∅	∅,∅	∅	9008	∅	∅	∅	9002	∅	∅
mvbw_0088,mcveraa,so ga itok van ma gēdēk van,#	ZERO	so	#	ga	itok	#	ZERO	van	ma	#	gidē	=k	van,#	ZERO	QUOT	#	STAT	good	#	ZERO	go	hither	#	1PL.IN	=TAM2	go,"(she) Said: ""Alright, come here. We will go (together).""",en,MORPHEME_ALIGNED,,mvbw_mp3 mvbw_wav mvbw_eaf mvbw_xml mvbw_tsv,,435154,437251,##	0.h:s	other:pred	#ds	lv	v:pred	#ds	0.2:s	vother:pred	rv	#ds	pro.1:s	=lv	v:pred,,mvbw,∅	∅	∅	∅	∅	∅	∅	∅	∅	∅	∅	bridging	∅	∅,∅	9002	∅	∅	∅	∅	∅	9002	∅	∅	∅	9032	∅	∅,∅	9002	∅	∅	∅	∅	∅	9002	∅	∅	∅	9032	∅	∅
mvbw_0089,mcveraa,'ō duru lēn wērēsurō,#	ZERO	'ō	duru	lē	=n	Wērēsurō,#	ZERO	carry	3DL	LOC	=ART	Wērēsurō,"(she) Took the two to the Wērēsurō,",en,MORPHEME_ALIGNED,,mvbw_mp3 mvbw_wav mvbw_eaf mvbw_xml mvbw_tsv,,437251,438981,##	0.h:a	v:pred	pro.h:p	adp	=ln	pn_np:g,,mvbw,∅	∅	∅	∅	∅	∅	∅,∅	9002	∅	9008	∅	∅	9026,∅	9002	∅	9008	∅	∅	9026
mvbw_0090,mcveraa,le mē durun gengen,#	ZERO	le	mē	duru	=n	gengen,#	ZERO	transfer	DAT	3DL	=ART	RED:eat,"gave them something to eat,",en,MORPHEME_ALIGNED,,mvbw_mp3 mvbw_wav mvbw_eaf mvbw_xml mvbw_tsv,,438981,440854,##	0.h:a	v:pred	adp	pro.h:g	=ln	np:p,,mvbw,∅	∅	∅	∅	∅	∅	new,∅	9002	∅	∅	9008	∅	9033,∅	9002	∅	∅	9008	∅	9033
mvbw_0091,mcveraa,le mē durun bē,#	ZERO	le	mē	duru	=n	bē,#	ZERO	transfer	DAT	3DL	=ART	water,"gave them water,",en,MORPHEME_ALIGNED,,mvbw_mp3 mvbw_wav mvbw_eaf mvbw_xml mvbw_tsv,,440854,442271,##	0.h:a	v:pred	adp	pro.h:g	=ln	np:p,,mvbw,∅	∅	∅	∅	∅	∅	new,∅	9002	∅	∅	9008	∅	9034,∅	9002	∅	∅	9008	∅	9034
mvbw_0092,mcveraa,da durum 'ōg vavavan,#	da	duru	=m	'ōg	vavavan,#	do	3DL	=TAM1	stay	RED-go,and so the two stayed there until,en,WORD_ALIGNED,,mvbw_mp3 mvbw_wav mvbw_eaf mvbw_xml mvbw_tsv,,442271,443688,##	other	pro.h:s	=lv	v:pred	other,,mvbw,∅	∅	∅	∅	∅	∅,∅	∅	9008	∅	∅	∅,∅	∅	9008	∅	∅	∅
mvbw_0093,mcveraa,rōvrōv'e ne revrev dada gorun gengen duruk ... direk 'ōg vavavan dada gorun gengen rōv'en revrev,#	rōv-rōv'e	ne	revrev	#	ZERO	dada	go	-ru	=n	gengen	#	duru=k	dir	=ēk	'ōg	vavavan	#	ZERO	dada	go	-ru	=n	gengen	rōv'e	=n	revrev,#	RED-close.to	TAM2:3SG	evening	#	ZERO	RED:do	POSS.EAT	-3DL	=ART	RED:eat	#	3DL=TAM2	3PL	=TAM2	stay	RED-go	#	ZERO	RED:do	POSS.EAT	-3DL	=ART	RED:eat	close.to	=ART	evening,it came close to the evening. (she) Made them something to eat just before nightfall.,en,WORD_ALIGNED,,mvbw_mp3 mvbw_wav mvbw_eaf mvbw_xml mvbw_tsv,,443688,448165,##	other	lv-pro_s	v:pred	##	0.h:a	v:pred	ln	-ln_pro.h:poss	=ln	np:p	##	nc_pro.h	pro.h:s	=lv	v:pred	other	##	0.h:a	v:pred	ln	-ln_pro.h:poss	=ln	np:p	adp	=ln	np:other,,mvbw,∅	∅	∅	∅	∅	∅	∅	∅	∅	∅	∅	∅	∅	∅	∅	∅	∅	∅	∅	∅	∅	∅	∅	∅	∅	∅	∅,∅	∅	∅	∅	∅	9002	∅	∅	9008	∅	9033	∅	9008	9008	∅	∅	∅	∅	9002	∅	∅	9008	∅	9033	∅	∅	∅,∅	∅	∅	∅	∅	9002	∅	∅	9008	∅	9033	∅	9008	9008	∅	∅	∅	∅	9002	∅	∅	9008	∅	9033	∅	∅	∅
mvbw_0094,mcveraa,dine tek mē duru so,#	di	ne	tēk	mē	duru	so,#	3SG	TAM2:3SG	speak	DAT	3DL	QUOT,The she spoke to them:,en,MORPHEME_ALIGNED,,mvbw_mp3 mvbw_wav mvbw_eaf mvbw_xml mvbw_tsv,,448165,449359,##	pro.h:s_ds	lv-pro_h_s_ds	v:pred	adp	pro.h:g	other,,mvbw,∅	∅	∅	∅	∅	∅	∅,∅	9002	∅	∅	∅	9008	∅,∅	9002	∅	∅	∅	9008	∅
mvbw_0095,mcveraa,kamak 'ō kel kumruō,#	kamak	'ō'	kēl	kumruō,#	1PL:EX	carry	back	2DL,"""We will take you back.",en,MORPHEME_ALIGNED,,mvbw_mp3 mvbw_wav mvbw_eaf mvbw_xml mvbw_tsv,,449359,450909,#ds	pro.1:s	v:pred	rv	pro.2:p,,mvbw,∅	bridging	∅	∅	∅,∅	9035	∅	∅	9008,∅	9035	∅	∅	9008
mvbw_0096,mcveraa,'ō kel kumruō mom 'i kumruō birin̄ ēn gomrun gengen,#	ZERO	'ō'	kēl	kumruō	#	ZERO	mom	'i	kumruō	birin̄	ēn	go	-mru	=n	gengen,#	ZERO	carry	back	2DL	#	ZERO	put	DEL	2DL	with	ART	POSS.EAT	-2DL	=ART	RED:eat,"take you two back, settle you two in together with your food.",en,MORPHEME_ALIGNED,,mvbw_mp3 mvbw_wav mvbw_eaf mvbw_xml mvbw_tsv,,450909,454480,#ds	0.h:a	v:pred	rv	pro.2:p	#ds	0.h:a	v:pred	rv	pro.2:p	adp	ln	ln	-ln_pro.2:poss	=ln	np:obl,,mvbw,∅	∅	∅	∅	∅	∅	∅	∅	∅	∅	∅	∅	∅	∅	∅	∅,∅	9035	∅	∅	9008	∅	9035	∅	∅	9008	∅	∅	∅	9008	∅	9033,∅	9035	∅	∅	9008	∅	9035	∅	∅	9008	∅	∅	∅	9008	∅	9033
mvbw_0097,mcveraa,kumru wom 'ēn ēn 'ekēm qōn̄ 'erē gengen,#	kumru	wo	=m	'ēn	#	ēn	'ekē	=m	qōn̄	#	'erē	ZERO	gengen,#	2DL	and	=TAM1	see	#	ART	place	=TAM1	night	#	PL	ZERO	RED:eat,"When you guys notice that it's getting dark, then (you) eat.",en,MORPHEME_ALIGNED,,mvbw_mp3 mvbw_wav mvbw_eaf mvbw_xml mvbw_tsv,,454480,457312,#ds	pro.2:s	other	=lv	v:pred	#ds_cc	ln	np:s	=lv	v:pred	#ds	other:voc	0.h:s	vother:pred,,mvbw,∅	∅	∅	∅	∅	∅	∅	∅	∅	∅	∅	∅	∅	∅,∅	9008	∅	∅	∅	∅	∅	∅	∅	∅	∅	9008	9008	∅,∅	9008	∅	∅	∅	∅	∅	∅	∅	∅	∅	9008	9008	∅
mvbw_0098,mcveraa,'erē gen san gengen a kama me 'ō kumruō va'anē,#	'erē	ZERO	gen	sa	=n	gengen	#	a	kamam	me	'ō'	kumruō	va'anē,#	PL	ZERO	eat	EMPH	=ART	RED:eat	#	REL	1PL.EX	FUT	carry	2DL	TEMP.DEM1,Eat that food that we will take for you.,en,MORPHEME_ALIGNED,,mvbw_mp3 mvbw_wav mvbw_eaf mvbw_xml mvbw_tsv,,457312,460498,#ds	other:voc	0.h:a	vother:pred	other	=ln	np:p	#rc_rn	other	pro.1:a	lv	v:pred	pro.2:p	other,,mvbw,∅	∅	∅	∅	∅	∅	∅	∅	∅	∅	∅	∅	∅	∅,∅	9008	9008	∅	∅	∅	9033	∅	∅	9035	∅	∅	9008	∅,∅	9008	9008	∅	∅	∅	9033	∅	∅	9035	∅	∅	9008	∅
mvbw_0099,mcveraa,wo 'erē gen qē',#	wo	'erē	ZERO	gen	qē'	ZERO,#	and	PL	ZERO	eat	finish	ZERO,"and when (you) have finished eating,",en,MORPHEME_ALIGNED,,mvbw_mp3 mvbw_wav mvbw_eaf mvbw_xml mvbw_tsv,,460498,462256,#ds	other	other:voc	0.h:a	vother:pred	rv	0:p,,mvbw,∅	∅	∅	∅	∅	∅	∅,∅	∅	9008	9008	∅	∅	9035,∅	∅	9008	9008	∅	∅	9035
mvbw_0100,mcveraa,'erē kal ba'a lēn mōnō din mumruō an 'amami vem da son mumruō,#	'erē	ZERO	kal	ba'a	lē	=n	mōnō	din	mu	-mruō	#	a	=n	'ama	-mi	ve'	=m	da	ZERO	so	=n	mu	-mruō,#	PL	ZERO	enter	into	LOC	=ART	little	room	POSS.GEN	-2DL	#	REL	=ART	father	-2PL	four	=TAM1	do	ZERO	QUOT	=ART	POSS.GEN	-2DL,"go into your room, the one your father has made for you.",en,MORPHEME_ALIGNED,,mvbw_mp3 mvbw_wav mvbw_eaf mvbw_xml mvbw_tsv,,462256,466511,#ds	other:voc	0.h:s	vother:pred	rv	adp	=ln	ln	np:g	rn	-rn_pro.2:poss	#rc_rn	other	=ln	np.h:s	-rn_pro.2:poss	rn	=lv	v:pred	0:p	other	=ln	np:other	-rn_pro.2:poss,,mvbw,∅	∅	∅	∅	∅	∅	∅	∅	new	∅	∅	∅	∅	∅	∅	∅	∅	∅	∅	∅	∅	∅	∅	∅,∅	9008	9008	∅	∅	∅	∅	∅	9036	∅	9008	∅	∅	∅	9003	9008	∅	∅	∅	9036	∅	∅	∅	9008,∅	9008	9008	∅	∅	∅	∅	∅	9036	∅	9008	∅	∅	∅	9003	9008	∅	∅	∅	9036	∅	∅	∅	9008
mvbw_0101,mcveraa,'erē mi'ir,#	'erē	ZERO	mi'ir,#	PL	ZERO	sleep,And go to sleep.,en,MORPHEME_ALIGNED,,mvbw_mp3 mvbw_wav mvbw_eaf mvbw_xml mvbw_tsv,,466511,467709,#ds	other:voc	0.h:s	v:pred,,mvbw,∅	∅	∅	∅,∅	9008	9008	∅,∅	9008	9008	∅
mvbw_0102,mcveraa,si kumru wo mi'ir ros kumrum rōn̄ ēn savam ... m ... vanvan lēn qōn̄,#	#	si	kumru	wo	mi'ir	rōs	#	kumru	=m	rōn̄	#	ēn	sava	=m	m	vanvan	lē	=n	qōn̄,#	#	or	2DL	and	sleep	GEN.NEG2	#	2DL	=TAM1	hear	#	ART	what	=TAM1	TAM1	RED:go	LOC	=ART	night,"If you shouldn't be asleep and you hear something happening at night,",en,MORPHEME_ALIGNED,,mvbw_mp3 mvbw_wav mvbw_eaf mvbw_xml mvbw_tsv,,467709,472339,##ds	#ds_ac.neg	other	pro.2:s	other	v:pred	rv	#ds_ac	pro.2:s	=lv	v:pred	#cc	ln	np:s	=lv	nc	v:pred	adp	=ln	np:other,,mvbw,∅	∅	∅	∅	∅	∅	∅	∅	∅	∅	∅	∅	∅	new	∅	∅	∅	∅	∅	∅,∅	∅	∅	9008	∅	∅	∅	∅	9008	∅	∅	∅	∅	9037	∅	∅	∅	∅	∅	∅,∅	∅	∅	9008	∅	∅	∅	∅	9008	∅	∅	∅	∅	9037	∅	∅	∅	∅	∅	∅
mvbw_0103,mcveraa,kumru 'ovi'i ga lan̄ma'a kumru ovi'i tektek 'ō 'erē ōn rōrōn wuva,%	kumru	'ovi'i	ga	lan̄ma'a	#	kumru	ovi'i	tēktēk	'ō'	ZERO	#	'erē	ZERO	ōn	rōrōn	wuva,%	2DL	PROH	STAT	wake.up	#	2DL	PROH	RED:speak	carry	ZERO	#	PL	ZERO	lie	RED-quiet	only,"don't wake up, don't talk about it. Just keep lying there quietly.""",en,WORD_ALIGNED,,mvbw_mp3 mvbw_wav mvbw_eaf mvbw_xml mvbw_tsv,,472339,475461,%	pro.2:s	lv	lv	v:pred	#ds	pro.2:a	lv	v:pred	rv	0:p	#ds	other:voc	0.h:s	vother:pred	rv	other,,mvbw,∅	∅	∅	∅	∅	∅	∅	∅	∅	∅	∅	∅	∅	∅	∅	∅	∅,∅	9008	∅	∅	∅	∅	9008	∅	∅	∅	9037	∅	9008	9008	∅	∅	∅,∅	9008	∅	∅	∅	∅	9008	∅	∅	∅	9037	∅	9008	9008	∅	∅	∅
mvbw_0104,mcveraa,so ga itok,#	ZERO	so	#	ga	itok,#	ZERO	QUOT	#	STAT	good,"(they) Said: ""Alright.""",en,MORPHEME_ALIGNED,,mvbw_mp3 mvbw_wav mvbw_eaf mvbw_xml mvbw_tsv,,475461,476766,##	0.h:s	other:pred	#ds	lv	v:pred,,mvbw,∅	∅	∅	∅	∅	∅,∅	9008	∅	∅	∅	∅,∅	9008	∅	∅	∅	∅
mvbw_0105,mcveraa,lēn masōgin 'ekēm qōn̄ durum gengen qē' duruk kal ba'a lēn mōnō din muruō 'anē,#	#	lē	=n	masōgi	=n	'ekē	=m	qōn̄	%	duru	=m	gengen	qē'	#	duru	=k	kal	ba'a	lē	=n	mōnō	din	mu	-ruō	anē,#	#	LOC	=ART	time	=ART	place	=TAM1	night	%	3DL	=TAM1	RED:eat	finish	#	3DL	=TAM2	enter	into	LOC	=ART	little	room	POSS.GEN	-3DL	DEM1.A,"When it was dark and the two had eaten, they went into their room.",en,MORPHEME_ALIGNED,,mvbw_mp3 mvbw_wav mvbw_eaf mvbw_xml mvbw_tsv,,476766,481728,##	#ac	adp	=ln	np:other	=ln	np:s	=lv	v:pred	%	pro.h:s	=lv	v:pred	rv	##	pro.h:s	=lv	v:pred	rv	adp	=ln	ln	np:g	rn	-rn_pro.h:poss	rn_dem1,,mvbw,∅	∅	∅	∅	∅	∅	∅	∅	∅	∅	∅	∅	∅	∅	∅	∅	∅	∅	∅	∅	∅	∅	∅	∅	∅	∅,∅	∅	∅	∅	∅	∅	∅	∅	∅	∅	9008	∅	∅	∅	∅	9008	∅	∅	∅	∅	∅	∅	9036	∅	9008	∅,∅	∅	∅	∅	∅	∅	∅	∅	∅	∅	9008	∅	∅	∅	∅	9008	∅	∅	∅	∅	∅	∅	9036	∅	9008	∅
mvbw_0106,mcveraa,won vēvēruō ga garaqa ne van lēn din mugi 'ōgin 'amaruō,#	wo	=n	vēvē	-ruō	ga	garaqa	ne	van	lē	=n	din	mu	-gi	'ō-gi	=n	'ama	-ruō,#	and	=ART	mother	-3DL	STAT	new	TAM2:3SG	go	LOC	=ART	room	POSS.GEN	-3SG	with-3SG	=ART	father	-3DL,And their new mother went into her room together with their father.,en,MORPHEME_ALIGNED,,mvbw_mp3 mvbw_wav mvbw_eaf mvbw_xml mvbw_tsv,,481728,485945,##	other	=ln	np.h:s	-rn_pro.h:poss	rn	rn	lv-pro_h_s	v:pred	adp	=ln	np:g	rn	-rn_pro.h:poss	adp	=ln	np.h:obl	-rn_pro.h:poss,,mvbw,∅	∅	∅	∅	∅	∅	∅	∅	∅	∅	∅	new	∅	∅	∅	∅	∅	∅,∅	∅	∅	9013	9008	∅	∅	∅	∅	∅	∅	9038	∅	9013	∅	∅	9003	9008,∅	∅	∅	9013	9008	∅	∅	∅	∅	∅	∅	9038	∅	9013	∅	∅	9003	9008
mvbw_0107,mcveraa,'amaruō ne kalraka ne van lēn gamal,#	'ama	-ruō	ne	kalraka	#	ZERO	ne	van	lē	=n	gamal,#	father	-3DL	TAM2:3SG	get.up	#	ZERO	TAM2:3SG	go	LOC	=ART	nakamal,Then their father got up and went to the nakamal.,en,MORPHEME_ALIGNED,,mvbw_mp3 mvbw_wav mvbw_eaf mvbw_xml mvbw_tsv,,485945,487814,##	np.h:s	-rn_pro.h:poss	lv-pro_h_s	v:pred	##	0.h:s	lv-pro_h_s	v:pred	adp	=ln	np:g,,mvbw,∅	∅	∅	∅	∅	∅	∅	∅	∅	∅	∅	∅,∅	9003	9008	∅	∅	∅	9003	∅	∅	∅	∅	9016,∅	9003	9008	∅	∅	∅	9003	∅	∅	∅	∅	9016
mvbw_0108,mcveraa,wana 'amaru ne van,#	wana	'ama	-ru	ne	van,#	and.then	father	-3DL	TAM2:3SG	go,So their father went off.,en,MORPHEME_ALIGNED,,mvbw_mp3 mvbw_wav mvbw_eaf mvbw_xml mvbw_tsv,,487814,490924,##	other	np.h:s	-rn_pro.h:poss	lv-pro_h_s	v:pred,,mvbw,∅	∅	∅	∅	∅	∅,∅	∅	9003	9008	∅	∅,∅	∅	9003	9008	∅	∅
mvbw_0109,mcveraa,duruk'ōl dir'ōlk ōnōn 'i 'anē,#	duruk'ōl	dir'ōl	=k	ōnōn	'i	anē,#	NC	3TL	=TAM2	RED:lie	DEL	DEM1.A,"And while the three of them were lying there,",en,MORPHEME_ALIGNED,,mvbw_mp3 mvbw_wav mvbw_eaf mvbw_xml mvbw_tsv,,490924,493034,##	nc	pro.h:s	=lv	v:pred	rv	other,,mvbw,∅	∅	∅	∅	∅	∅	∅,∅	∅	9015	∅	∅	∅	∅,∅	∅	9015	∅	∅	∅	∅
mvbw_0110,mcveraa,misin wal ros dir'ōlk rōn̄ n 'erē 'amak qē'ēg van ma,#	misin	wal	rōs	#	dir'ōl	=k	rōn̄	#	n	'erē	'ama'	=k	qē'ēg	van	ma,#	long.time	INTENS	GEN.NEG2	#	3TL	=TAM2	hear	#	ART	PL	spirit	=TAM2	begin	go	hither,not long after they heard the spirits of the dead arriving.,en,MORPHEME_ALIGNED,,mvbw_mp3 mvbw_wav mvbw_eaf mvbw_xml mvbw_tsv,,493034,495934,##	v:pred	rv	rv	#cc	pro.h:s	=lv	v:pred	#cc	ln	ln	np.d:s	=lv	v:pred	rv	rv,,mvbw,∅	∅	∅	∅	∅	∅	∅	∅	∅	∅	∅	∅	∅	∅	∅	∅,∅	∅	∅	∅	∅	9015	∅	∅	∅	∅	∅	9035	∅	∅	∅	∅,∅	∅	∅	∅	∅	9015	∅	∅	∅	∅	∅	9035	∅	∅	∅	∅
mvbw_0111,mcveraa,ne vōwal ne van ma ne row 'aq ... ne van ma ne row 'aq,#	ne	vō-wal	ne	van	ma	#	ZERO	ne	rōw	'aq	#	ZERO	ne	van	ma	#	ZERO	ne	rōw	'aq,#	NUM.ART	NUM-one	TAM2:3SG	go	hither	#	ZERO	TAM2:3SG	skip	duck	#	ZERO	TAM2:3SG	go	hither	#	ZERO	TAM2:3SG	skip	duck,One after another they came and slipped inside.,en,MORPHEME_ALIGNED,,mvbw_mp3 mvbw_wav mvbw_eaf mvbw_xml mvbw_tsv,,495934,499101,##	ln	np.d:s	lv-pro_d_s	v:pred	rv	##	0.d:s	lv-pro_d_s	v:pred	rv	##	0.d:s	lv-pro_d_s	v:pred	rv	##	0.d:s	lv-pro_d_s	v:pred	rv,,mvbw,∅	∅	bridging	∅	∅	∅	∅	∅	∅	∅	∅	∅	∅	∅	∅	∅	∅	∅	∅	∅	∅,∅	∅	9039	∅	∅	∅	∅	9039	∅	∅	∅	∅	9039	∅	∅	∅	∅	9039	∅	∅	∅,∅	∅	9039	∅	∅	∅	∅	9039	∅	∅	∅	∅	9039	∅	∅	∅	∅	9039	∅	∅	∅
mvbw_0112,mcveraa,durum row 'aq asēnē vavavan direm mēw,#	duru	=m	rōw	'aq	asēnē	vavavan	#	dir	=ēm	mēw,#	3DL	=TAM1	skip	duck	MAN.DEM1.A	RED-go	#	3PL	=TAM1	many,"They slipped in like this, until there were many of them.",en,WORD_ALIGNED,,mvbw_mp3 mvbw_wav mvbw_eaf mvbw_xml mvbw_tsv,,499101,502955,##	pro.d:s	=lv	v:pred	rv	other	other	##	pro.d:s	=lv	v:pred,,mvbw,∅	∅	∅	∅	∅	∅	∅	∅	∅	∅	∅,∅	9035	∅	∅	∅	∅	∅	∅	9035	∅	∅,∅	9035	∅	∅	∅	∅	∅	∅	9035	∅	∅
mvbw_0113,mcveraa,vēvēruō ne wak rakan m̄ē'ēm̄ē ne kal ba'a ma,#	vēvē	-ruō	ne	wak	raka	=n	mē'ēm̄ē	#	ZERO	ne	kal	ba'a	ma,#	mother	-3DL	TAM2:3SG	open	out	=ART	door	#	ZERO	TAM2:3SG	enter	into	hither,"Their mother opened the door, came inside",en,MORPHEME_ALIGNED,,mvbw_mp3 mvbw_wav mvbw_eaf mvbw_xml mvbw_tsv,,502955,505951,##	np.h:a	-rn_pro.h:poss	lv-pro_h_a	v:pred	rv	=ln	np:p	##	0.h:s	lv-pro_h_s	v:pred	rv	rv,,mvbw,∅	∅	∅	∅	∅	∅	∅	bridging	∅	∅	∅	∅	∅	∅,∅	9002	9008	∅	∅	∅	∅	9040	∅	9002	∅	∅	∅	∅,∅	9002	9008	∅	∅	∅	∅	9040	∅	9002	∅	∅	∅	∅
mvbw_0114,mcveraa,van lēn din mun e vēvēruō ga garaqa ē vus die,#	ZERO	van	lē	=n	din	mu-n	e	vēvē	-ruō	ga	garaqa	ē	#	ZERO	vus	diē,#	ZERO	go	LOC	=ART	room	POSS.GEN-CS	PERS.ART	mother	-3DL	STAT	new	DEM3	#	ZERO	kill	3SG,"and went to the room of their new mother, killed her.",en,MORPHEME_ALIGNED,,mvbw_mp3 mvbw_wav mvbw_eaf mvbw_xml mvbw_tsv,,505951,511883,##	0.h:s	v:pred	adp	=ln	np:g	rn	rn	rn_np.h:poss	-rn_pro.h:poss	rn	rn	rn	##	0.h:a	v:pred	pro.h:p,,mvbw,∅	∅	∅	∅	∅	∅	∅	∅	∅	∅	∅	∅	∅	∅	∅	∅	∅,∅	9002	∅	∅	∅	9038	∅	∅	9013	9008	∅	∅	∅	∅	9002	∅	9013,∅	9002	∅	∅	∅	9038	∅	∅	9013	9008	∅	∅	∅	∅	9002	∅	9013
mvbw_0115,mcveraa,sēr tiktik die asēg ēn 'irbēgi dan daragi ne vrig valakra lēn lōlō nim̄ anē vavavan vrig din̄ wal man m̄ē'ēm̄ē,#	ZERO	sēr	tiktik	diē	#	ZERO	asēg	ēn	'irbē	-gi	#	da	=n	dara	-gi	ne	vrig	valakra	lē	=n	lōlō	nim̄	anē	vavavan	#	ZERO	vrig	din̄	wal	ma	=n	mē'ēm̄ē,#	ZERO	tear	RED:little	3SG	#	ZERO	share	ART	body	-3SG	#	do	=ART	blood	-3SG	TAM2:3SG	rush	not.right	LOC	=ART	inside	house	DEM1.A	RED-go	#	ZERO	rush	reach	once	hither	=ART	door,"(she) Tore her apart into small pieces, distributed her body, so that the blood was flowing all about inside this house, reaching even the door.",en,WORD_ALIGNED,,mvbw_mp3 mvbw_wav mvbw_eaf mvbw_xml mvbw_tsv,,511883,518639,##	0.h:a	v:pred	rv	pro.h:p	##	0.h:a	v:pred	ln	np:p	-rn_pro.h:poss	##	other	=ln	np:s	-rn_pro.h:poss	lv-pro_s	v:pred	rv	adp	=ln	ln	np:l	rn_dem1	other	##	0:a	v:pred	rv	rv	rv	=ln	np:p,,mvbw,∅	∅	∅	∅	∅	∅	∅	∅	∅	bridging	∅	∅	∅	∅	bridging	∅	∅	∅	∅	∅	∅	∅	bridging	∅	∅	∅	∅	∅	∅	∅	∅	∅	bridging,∅	9002	∅	∅	9013	∅	9002	∅	∅	9041	9013	∅	∅	∅	9042	9013	∅	∅	∅	∅	∅	∅	9043	∅	∅	∅	9042	∅	∅	∅	∅	∅	9044,∅	9002	∅	∅	9013	∅	9002	∅	∅	9041	9013	∅	∅	∅	9042	9013	∅	∅	∅	∅	∅	∅	9043	∅	∅	∅	9042	∅	∅	∅	∅	∅	9044
mvbw_0116,mcveraa,asēg ēn 'erē 'irbēgi van lēn 'erē 'ama' volvol van van vavavan,#	ZERO	asēg	ēn	'erē	'irbē	-gi	#	ZERO	van	lē	=n	'erē	'ama'	volvol	van	van	vavavan,#	ZERO	share	ART	PL	body	-3SG	#	ZERO	go	LOC	=ART	PL	spirit	volvol	go	go	RED-go,"(she) Distributed all parts of her body, and every devil went off, one by one.",en,WORD_ALIGNED,,mvbw_mp3 mvbw_wav mvbw_eaf mvbw_xml mvbw_tsv,,518639,522575,##	0.h:a	v:pred	ln	ln	np:p	-rn_pro.h:poss	#nc	nc_0.d	nc	nc	nc	nc	nc	nc	nc	nc	nc,,mvbw,∅	∅	∅	∅	∅	∅	∅	∅	∅	∅	∅	∅	∅	∅	∅	∅	∅	∅,∅	9002	∅	∅	∅	9041	9013	∅	9039	∅	∅	∅	∅	∅	∅	∅	∅	∅,∅	9002	∅	∅	∅	9041	9013	∅	9039	∅	∅	∅	∅	∅	∅	∅	∅	∅
mvbw_0117,mcveraa,qi'igi wuva dir e kur rōs qi'igi dirēm mom 'i lē venē nim̄ē segēn ne 'ōg 'i sa kēnē,#	qi'i	-gi	wuva	dir	e	kur	rōs	ZERO	#	qi'i	-gi	dir	=ēm	mom	'i	lē	venē	nim̄ē	segēn	#	ZERO	ne	'ōg	'i	sa	kēnē,#	head	-3SG	only	3PL	GEN.NEG1	nibble	GEN.NEG2	ZERO	#	head	-3SG	3PL	=TAM1	put	DEL	LOC	middle	house	MAN.DEM2	#	ZERO	TAM2:3SG	stay	DEL	EMPH	LOC.DEM1,"Only her head, they didn't eat. Her head they put down in the middle of the house like this [hand gesture], so that it was sitting there.",en,MORPHEME_ALIGNED,,mvbw_mp3 mvbw_wav mvbw_eaf mvbw_xml mvbw_tsv,,522575,527321,##neg	np:dt_p	-rn_pro.h:poss	other	pro.d:a	lv	v:pred	rv	0:p	##	np:dt_p	-rn_pro.h:poss	pro.d:a	=lv	v:pred	rv	adp	ln	np:g	other	##	0:s	lv-pro_s	v:pred	rv	other	other:l,,mvbw,∅	bridging	∅	∅	∅	∅	∅	∅	∅	∅	∅	∅	∅	∅	∅	∅	∅	∅	∅	∅	∅	∅	∅	∅	∅	∅	∅,∅	9045	9013	∅	9027	∅	∅	∅	9045	∅	9045	9013	9027	∅	∅	∅	∅	∅	9043	∅	∅	9045	∅	∅	∅	∅	9043,∅	9045	9013	∅	9027	∅	∅	∅	9045	∅	9045	9013	9027	∅	∅	∅	∅	∅	9043	∅	∅	9045	∅	∅	∅	∅	9043
mvbw_0118,mcveraa,durus ōn 'i duru ga rōn̄ 'i san 'erē m̄ōm̄ōlēge a dires dada 'anē,#	duru	=s	ōn	'i	#	duru	ga	rōn̄	'i	sa	=n	'erē	m̄ōm̄ōlēge	#	a	dir	=ēs	dada	ZERO	%	anē,#	3DL	=SIM	lie	DEL	#	3DL	STAT	feel	DEL	EMPH	=ART	PL	things	#	REL	3PL	=SIM	RED:do	ZERO	%	DEM1.A,The two (kids) were lying down and could hear all these things happening.,en,MORPHEME_ALIGNED,,mvbw_mp3 mvbw_wav mvbw_eaf mvbw_xml mvbw_tsv,,527321,531035,##	pro.h:s	=lv	v:pred	rv	##	pro.h:a	lv	v:pred	rv	other	=ln	ln	np:p	#rc_rn	other	pro.h:	=lv	v:pred	0:p	%	rn_dem1,,mvbw,∅	∅	∅	∅	∅	∅	∅	∅	∅	∅	∅	∅	∅	bridging	∅	∅	∅	∅	∅	∅	∅	∅,∅	9008	∅	∅	∅	∅	9008	∅	∅	∅	∅	∅	∅	9046	∅	∅	9035	∅	∅	9046	∅	∅,∅	9008	∅	∅	∅	∅	9008	∅	∅	∅	∅	∅	∅	9046	∅	∅	9035	∅	∅	9046	∅	∅
mvbw_0119,mcveraa,'amarum vanēm wanam wanam 'ōg lēn gamal van vavan m mul kel ma,#	'ama	-ru	=m	van	#	ZERO	=ēm	wana	=m	wana	#	ZERO	=m	'ōg	lē	=n	gamal	van	va-van	#	ZERO	m	mul	kēl	ma,#	father	-3DL	=TAM1	go	#	ZERO	=TAM1	NC	=TAM1	NC	#	ZERO	=TAM1	stay	LOC	=ART	nakamal	go	RED-go	#	ZERO	TAM1	go	back	hither,Their father was still away in the nakamal. Then he came back home.,en,MORPHEME_ALIGNED,,mvbw_mp3 mvbw_wav mvbw_eaf mvbw_xml mvbw_tsv,,531035,535660,##	np.h:s	-rn_pro.h:poss	=lv	v:pred	#nc	nc_0.h	nc	nc	nc	nc	##	0.h:s	=lv	v:pred	adp	=ln	np:l	other	other	##	0.h:s	lv	v:pred	rv	rv,,mvbw,∅	∅	∅	∅	∅	∅	∅	∅	∅	∅	∅	∅	∅	∅	∅	∅	∅	∅	∅	∅	∅	∅	∅	∅	∅	∅,∅	9003	9008	∅	∅	∅	9003	∅	∅	∅	∅	∅	9003	∅	∅	∅	∅	9016	∅	∅	∅	9016	∅	∅	∅	∅,∅	9003	9008	∅	∅	∅	9003	∅	∅	∅	∅	∅	9003	∅	∅	∅	∅	9016	∅	∅	∅	9016	∅	∅	∅	∅
mvbw_0120,mcveraa,masōgi dim mul ma dim sēs rakan m̄ē'ēm̄ē so ne kal ba'a sar ma,#	#	masōgi	di	=m	mul	ma	%	di	=m	sēs	raka	=n	mē'ēm̄ē	#	so	ZERO	ne	kal	ba'a	sar	ma,#	#	time	3SG	=TAM1	go	hither	%	3SG	=TAM1	root.through	out	=ART	door	#	QUOT	ZERO	TAM2:3SG	enter	into	in	hither,"When he came back, he opened the door (by taking apart the pile of woods blocking the doorway) in order to get in,",en,MORPHEME_ALIGNED,,mvbw_mp3 mvbw_wav mvbw_eaf mvbw_xml mvbw_tsv,,535660,541244,##	#ac	np:other	pro.h:s	=lv	v:pred	rv	%	pro.h:a	=lv	v:pred	rv	=ln	np:p	#cc	other:pred	0.h:s	lv-pro_h_s	v:pred	rv	rv	rv,,mvbw,∅	∅	∅	∅	∅	∅	∅	∅	∅	∅	∅	∅	∅	∅	∅	∅	∅	∅	∅	∅	∅	∅,∅	∅	∅	9003	∅	∅	∅	∅	9003	∅	∅	∅	∅	9044	∅	∅	9003	∅	∅	∅	∅	∅,∅	∅	∅	9003	∅	∅	∅	∅	9003	∅	∅	∅	∅	9044	∅	∅	9003	∅	∅	∅	∅	∅
mvbw_0121,mcveraa,var tislan̄ sa lēn daran e gunugi ē,#	ZERO	var	tislan̄	sa	lē	=n	dara-n	e	gunu	-gi	ē,#	ZERO	tread	slippery	EMPH	LOC	=ART	blood-CS	PERS.ART	spouse	-3SG	DEM3,slipped with his foot in all that blood of his wife.,en,MORPHEME_ALIGNED,,mvbw_mp3 mvbw_wav mvbw_eaf mvbw_xml mvbw_tsv,,541244,544419,##	0.h:s	v:pred	rv	other	adp	=ln	np:g	rn	rn_np.h:poss	-rn_pro.h:poss	rn,,mvbw,∅	∅	∅	∅	∅	∅	∅	∅	∅	∅	∅	∅,∅	9003	∅	∅	∅	∅	∅	9042	∅	9013	9003	∅,∅	9003	∅	∅	∅	∅	∅	9042	∅	9013	9003	∅
mvbw_0122,mcveraa,masōgi dim var tislan̄ dim m̄es 'anē dim vrig din̄ wal ma sa lēn vene nim̄ēn qi'in e gunugi 'anē,#	#	masōgi	di	=m	var	tislan̄	%	di	=m	m̄es	anē	#	di	=m	vrig	din̄	wal	ma	sa	lē	=n	venē	nim̄ē	=n	qi'i-n	e	gunu	-gi	anē,#	#	time	3SG	=TAM1	tread	slippery	%	3SG	=TAM1	fall	DEM1.A	#	3SG	=TAM1	rush	reach	once	hither	EMPH	LOC	=ART	middle	house	=ART	head-CS	PERS.ART	spouse	-3SG	DEM1.A,"When he slipped and fell down, he came down right to the middle of the house where his wife was.",en,MORPHEME_ALIGNED,,mvbw_mp3 mvbw_wav mvbw_eaf mvbw_xml mvbw_tsv,,544419,549992,##	#ac	np:other	pro.h:s	=lv	v:pred	rv	%	pro.h:s	=lv	v:pred	dem1_other	##	pro.h:s	=lv	v:pred	rv	rv	rv	other	adp	=ln	ln	np:g	=ln	np:dt	rn	rn_np:poss	-rn_pro.h:poss	rn_dem1,,mvbw,∅	∅	∅	∅	∅	∅	∅	∅	∅	∅	∅	∅	∅	∅	∅	∅	∅	∅	∅	∅	∅	∅	∅	∅	∅	∅	∅	∅	∅	∅,∅	∅	∅	9003	∅	∅	∅	∅	9003	∅	∅	∅	∅	9003	∅	∅	∅	∅	∅	∅	∅	∅	∅	9043	∅	9045	∅	9013	9003	∅,∅	∅	∅	9003	∅	∅	∅	∅	9003	∅	∅	∅	∅	9003	∅	∅	∅	∅	∅	∅	∅	∅	∅	9043	∅	9045	∅	9013	9003	∅
mvbw_0123,mcveraa,'an̄ suwō o ne rōn̄ ēn vili gen qi'igen ma'... wē son vin'ige,#	ZERO	'an̄	suwō	#	o	ZERO	ne	rōn̄	ēn	vili-ge	=n	qi'i-ge	ma'—	wē	so	=n	vin'i-ge,#	ZERO	move.hand	down	#	INTERJ	ZERO	TAM2:3SG	feel	ART	hair-DIS	=ART	head-DIS	dead	good	QUOT	=ART	skin-DIS,"(he) Reached down with his hand and felt hair and a head, and skin.",en,MORPHEME_ALIGNED,,mvbw_mp3 mvbw_wav mvbw_eaf mvbw_xml mvbw_tsv,,549992,555940,##	0.h:s	v:pred	rv	##	other	0.h:a	lv-pro_h_a	v:pred	ln	np:p	=rn	rn_np	nc	nc	other	=ln	np:dt_p,,mvbw,∅	∅	∅	∅	∅	∅	∅	∅	∅	∅	bridging	∅	∅	∅	∅	∅	∅	bridging,∅	9003	∅	∅	∅	∅	9003	∅	∅	∅	9047	∅	9045	∅	∅	∅	∅	9048,∅	9003	∅	∅	∅	∅	9003	∅	∅	∅	9047	∅	9045	∅	∅	∅	∅	9048
mvbw_0124,mcveraa,dine 'ēn suwōn gunugi,#	di	ne	'ēn	suwō	=n	gunu	-gi,#	3SG	TAM2:3SG	see	down	=ART	spouse	-3SG,He looked down and saw his wife.,en,MORPHEME_ALIGNED,,mvbw_mp3 mvbw_wav mvbw_eaf mvbw_xml mvbw_tsv,,555940,557922,##	pro.h:a	lv-pro_h_a	v:pred	rv	=ln	np.h:p	-rn_pro.h:poss,,mvbw,∅	∅	∅	∅	∅	∅	∅	∅,∅	9003	∅	∅	∅	∅	9013	9003,∅	9003	∅	∅	∅	∅	9013	9003
mvbw_0125,mcveraa,'ei ulul ēn 'erē nini'igi an(?) so bam da sivie segēnē,#	'ei	ZERO	ulul	ēn	'erē	ni-ni'i	-gi	an?	so	#	ba	=m	da	siviē	segēnē,#	INTERJ	ZERO	RED:call	ART	PL	NSG-small	-3SG	NC	QUOT	#	but	=TAM1	do	how	MAN.DEM2,"""Hey!"" he cried out for his children, ""but what is all this here about?""",en,MORPHEME_ALIGNED,,mvbw_mp3 mvbw_wav mvbw_eaf mvbw_xml mvbw_tsv,,557922,562099,##	other	0.h:a	v:pred	ln	ln	np.h:p	-rn_pro.h:poss	nc	other	#ds	other	=lv	v:pred	other	other,,mvbw,∅	∅	∅	∅	∅	∅	∅	∅	∅	∅	∅	∅	∅	∅	∅	∅,∅	∅	9003	∅	∅	∅	9008	9003	∅	∅	∅	∅	∅	∅	∅	∅,∅	∅	9003	∅	∅	∅	9008	9003	∅	∅	∅	∅	∅	∅	∅	∅
mvbw_0126,mcveraa,so o ... mamam nik ga lama'i,#	ZERO	so	#	o	mamam	nik	ga	lama'i,#	ZERO	QUOT	#	INTERJ	dad	2SG	STAT	know,"""Oh, dad, you know what:",en,MORPHEME_ALIGNED,,mvbw_mp3 mvbw_wav mvbw_eaf mvbw_xml mvbw_tsv,,562099,566353,##	0.h:s	other:pred	#ds	other	np:voc	pro.2:s	lv	v:pred,,mvbw,∅	∅	∅	∅	∅	∅	∅	∅	∅,∅	9008	∅	∅	∅	9003	9003	∅	∅,∅	9008	∅	∅	∅	9003	9003	∅	∅
mvbw_0127,mcveraa,kamadum ... kamam 'ōg'ōgo kamabō'ōl birin̄ ēn vēvēmaduō 'ōg'ōgo masōgi nik vanvan lēn gamal kamabō'ōl kamaduō gengen 'enteg ros,#	kamadu=m	kamam	'ōg'ōgo	#	kamam'ōl	birin̄	ēn	vēvē	-maduō	'ōg'ōgo	#	#	masōgi	nik	vanvan	lē	=n	gamal	%	kamam'ōl	kamaduō	gengen	'enteg	rōs,#	1DL.EX=TAM1	1PL.EX:TAM1	RED-stay	#	1TL.EX	with	ART	mother	-1DL.EX	RED-stay	#	#	time	2SG	RED:go	LOC	=ART	nakamal	%	1TL.EX	1DL.EX	RED:eat	well	GEN.NEG2,"when the three of us, with our mother, were staying at home, when you were away in the nakamal, we didn't get enough to eat.",en,WORD_ALIGNED,,mvbw_mp3 mvbw_wav mvbw_eaf mvbw_xml mvbw_tsv,,566353,575429,#ds	nc_pro.1	pro.1:s	v:pred	##	pro.1:s	rn	rn	rn_np.h	-rn_pro.1:poss	v:pred	##ds.neg	#ds_ac	np:other	pro.2:s	v:pred	adp	=ln	np:g	%	nc_pro.1	pro.1:s	v:pred	rv	rv,,mvbw,∅	∅	∅	∅	∅	∅	∅	∅	∅	∅	∅	∅	∅	∅	∅	∅	∅	∅	∅	∅	∅	∅	∅	∅	∅,∅	9008	9008	∅	∅	9015	∅	∅	9013	9008	∅	∅	∅	∅	9003	∅	∅	∅	9016	∅	9015	9008	∅	∅	∅,∅	9008	9008	∅	∅	9015	∅	∅	9013	9008	∅	∅	∅	∅	9003	∅	∅	∅	9016	∅	9015	9008	∅	∅	∅
mvbw_0128,mcveraa,e kadum sik kel san vēvēmaduō 'a 'ow'ow a mä' den kamaduō,#	e	kamadu	=m	sik	kēl	sa	=n	vēvē	-maduō	'a	'ōw'ōw	#	a	ZERO	=m	mä'	den	kamaduō,#	CC	1DL.EX	=TAM1	search	back	EMPH	=ART	mother	-1DL.EX	ASS.SP	before	#	REL	ZERO	=TAM1	dead	ABL	1DL.EX,"So we searched for our mother from before, who is dead, to get her back.",en,MORPHEME_ALIGNED,,mvbw_mp3 mvbw_wav mvbw_eaf mvbw_xml mvbw_tsv,,575429,579214,#ds	other	pro.1:a	=lv	v:pred	rv	other	=ln	np.h:p	-rn_pro.1:poss	rn	rn	#ds_rc_rn	other	0.h:s	=lv	v:pred	adp	pro.1:obl,,mvbw,∅	∅	∅	∅	∅	∅	∅	∅	∅	∅	∅	∅	∅	∅	∅	∅	∅	∅	∅,∅	∅	9008	∅	∅	∅	∅	∅	9002	9008	∅	∅	∅	∅	9002	∅	∅	∅	9008,∅	∅	9008	∅	∅	∅	∅	∅	9002	9008	∅	∅	∅	∅	9002	∅	∅	∅	9008
mvbw_0129,mcveraa,kadum van din̄ lēn wērēsurō,#	kamadu	=m	van	din̄	lē	=n	Wērēsurō,#	1DL.EX	=TAM1	go	reach	LOC	=ART	Wērēsurō,We went all the way to Wērēsurō.,en,MORPHEME_ALIGNED,,mvbw_mp3 mvbw_wav mvbw_eaf mvbw_xml mvbw_tsv,,579214,581797,#ds	pro.1:s	=lv	v:pred	rv	adp	=ln	pn_np:g,,mvbw,∅	∅	∅	∅	∅	∅	∅	∅,∅	9008	∅	∅	∅	∅	∅	9026,∅	9008	∅	∅	∅	∅	∅	9026
mvbw_0130,mcveraa,dim van̄an kamaduō 'ō kel kamaduō ma,#	di	=m	van̄an	kamaduō	#	ZERO	'ō'	kēl	kamaduō	ma,#	3SG	=TAM1	feed	1DL.EX	#	ZERO	carry	back	1DL.EX	hither,She gave us to eat and took us back here.,en,MORPHEME_ALIGNED,,mvbw_mp3 mvbw_wav mvbw_eaf mvbw_xml mvbw_tsv,,581797,584254,#ds	pro.h:a	=lv	v:pred	pro.1:p	#ds	0.h:a	v:pred	rv	pro.1:p	rv,,mvbw,∅	∅	∅	∅	∅	∅	∅	∅	∅	∅	∅,∅	9002	∅	∅	9008	∅	9002	∅	∅	9008	∅,∅	9002	∅	∅	9008	∅	9002	∅	∅	9008	∅
mvbw_0131,mcveraa,'alē dine kur san vēvēmaduō ga garaqa 'anē,#	alē	di	ne	kur	sa	=n	vēvē	-maduō	ga	garaqa	anē,#	alright	3SG	TAM2:3SG	nibble	EMPH	=ART	mother	-1DL.EX	STAT	new	DEM1.A,"Alright, she then ate our new mother.",en,MORPHEME_ALIGNED,,mvbw_mp3 mvbw_wav mvbw_eaf mvbw_xml mvbw_tsv,,584254,587664,#ds	other	pro.h:a	lv-pro_h_a	v:pred	other	=ln	np.h:p	-rn_pro.1:poss	rn	rn	rn_dem1,,mvbw,∅	∅	∅	∅	∅	∅	∅	∅	∅	∅	∅	∅,∅	∅	9002	∅	∅	∅	∅	9013	9008	∅	∅	∅,∅	∅	9002	∅	∅	∅	∅	9013	9008	∅	∅	∅
mvbw_0132,mcveraa,ba dim tek so,#	ba	di	=m	tēk	so,#	but	3SG	=TAM1	speak	QUOT,But she said that,en,MORPHEME_ALIGNED,,mvbw_mp3 mvbw_wav mvbw_eaf mvbw_xml mvbw_tsv,,587664,589903,#ds	other	pro.h:s_ds	=lv	v:pred	other,,mvbw,∅	∅	∅	∅	∅	∅,∅	∅	9002	∅	∅	∅,∅	∅	9002	∅	∅	∅
mvbw_0133,mcveraa,nik mas leg kel ros,#	nik	mas	leg	kēl	rōs,#	2SG	PROH1	marry	back	PROH2,you mustn't take a wife again.,en,MORPHEME_ALIGNED,,mvbw_mp3 mvbw_wav mvbw_eaf mvbw_xml mvbw_tsv,,589903,591678,#ds	pro.2:s	lv	v:pred	rv	rv,,mvbw,∅	∅	∅	∅	∅	∅,∅	9003	∅	∅	∅	∅,∅	9003	∅	∅	∅	∅
mvbw_0134,mcveraa,si nikem leg kel wo di me kur nike birin̄ ēn ... n gunum ga garaqa lik 'anē,#	#	si	nik	=ēm	leg	kēl	%	wo	di	me	kur	nikē	birin̄	ēn	n	gunu	-m	ga	garaqa	lik	anē,#	#	or	2SG	=TAM1	marry	back	%	and	3SG	FUT	nibble	2SG	with	ART	ART	spouse	-2SG	STAT	new	more	DEM1.A,"If you marry again, she will eat you together with your new wife again.""",en,MORPHEME_ALIGNED,,mvbw_mp3 mvbw_wav mvbw_eaf mvbw_xml mvbw_tsv,,591678,596315,##ds	#ds_ac	other	pro.2:s	=lv	v:pred	rv	%	other	pro.h:a	lv	v:pred	pro.2:p	adp	ln	nc	np.h:obl	-rn_pro.2:poss	rn	rn	rn	rn_dem1,,mvbw,∅	∅	∅	∅	∅	∅	∅	∅	∅	∅	∅	∅	∅	∅	∅	∅	bridging	∅	∅	∅	∅	∅,∅	∅	∅	9003	∅	∅	∅	∅	∅	9002	∅	∅	9003	∅	∅	∅	9049	9003	∅	∅	∅	∅,∅	∅	∅	9003	∅	∅	∅	∅	∅	9002	∅	∅	9003	∅	∅	∅	9049	9003	∅	∅	∅	∅
mvbw_0135,mcveraa,da son 'amarum ma'ag die leg kel ros,#	da	so	=n	'ama	-ru	=m	ma'ag	diē	#	ZERO	leg	kēl	rōs,#	do	CPL	=ART	father	-3DL	=TAM1	afraid	3SG	#	ZERO	marry	back	GEN.NEG2,That gave their father a big fright and he never got married again.,en,MORPHEME_ALIGNED,,mvbw_mp3 mvbw_wav mvbw_eaf mvbw_xml mvbw_tsv,,596315,599081,##	other	other	=ln	np.h:a	-rn_pro.h:poss	=lv	v:pred	pro.h:p	##neg	0.h:s	v:pred	rv	rv,,mvbw,∅	∅	∅	∅	∅	∅	∅	∅	∅	∅	∅	∅	∅	∅,∅	∅	∅	∅	9003	9008	∅	∅	9002	∅	9003	∅	∅	∅,∅	∅	∅	∅	9003	9008	∅	∅	9002	∅	9003	∅	∅	∅
mvbw_0136,mcveraa,dine 'ēn gōr wuva 'i duruō van gaidin̄ duruk lumlumgav,#	di	ne	'ēn	gōr	wuva	'i	duruō	van	#	gaidin̄	duru	=k	lum-lumgav,#	3SG	TAM2:3SG	see	secure	only	DEL	3DL	go	#	reaching	3DL	=TAM2	RED-young.man,He just kept looking after the two until they became young men.,en,MORPHEME_ALIGNED,,mvbw_mp3 mvbw_wav mvbw_eaf mvbw_xml mvbw_tsv,,599081,601941,##	pro.h:a	lv-pro_h_a	v:pred	rv	rv	rv	pro.h:p	other	#ac	other	pro.h:s	=lv	v:pred,,mvbw,∅	∅	∅	∅	∅	∅	∅	∅	∅	∅	∅	∅	∅	∅,∅	9003	∅	∅	∅	∅	∅	9008	∅	∅	∅	9008	∅	∅,∅	9003	∅	∅	∅	∅	∅	9008	∅	∅	∅	9008	∅	∅
mvbw_0137,mcveraa,durum lōlōwo kal no lama'i ros so durum dan sava ban kakam qē' sa kēnē,#	duru	=m	lu-luwo	kal	#	no	lama'i	rōs	#	so	duru	=m	da	=n	sava	#	ba	=n	kaka	=m	qē'	sa	kēnē,#	3DL	=TAM1	RED-big	upwards	#	1SG	know	GEN.NEG2	#	CPL	3DL	=TAM1	do	=ART	what	#	but	=ART	story	=TAM1	finish	EMPH	LOC.DEM1,"And when the two were big, I don't know what they did then. So the story is over here.",en,MORPHEME_ALIGNED,,mvbw_mp3 mvbw_wav mvbw_eaf mvbw_xml mvbw_tsv,,601941,607439,##	pro.h:s	=lv	v:pred	rv	##neg	pro.1:s	v:pred	rv	#cc	other	pro.h:a	=lv	v:pred	=ln	np:p	##	other	=ln	np:s	=lv	v:pred	other	other:l,,mvbw,∅	∅	∅	∅	∅	∅	∅	∅	∅	∅	∅	∅	∅	∅	∅	∅	∅	∅	∅	∅	∅	∅	∅	∅,∅	9008	∅	∅	∅	∅	∅	∅	∅	∅	∅	9008	∅	∅	∅	∅	∅	∅	∅	∅	∅	∅	∅	∅,∅	9008	∅	∅	∅	∅	∅	∅	∅	∅	∅	9008	∅	∅	∅	∅	∅	∅	∅	∅	∅	∅	∅	∅
pala_0098,mcveraa,dērōlēm s dērōlēm susuō rekso dērōl man suō galan ēn n n̄ērsigi vōwal,#	dir'ōl	=ēm	s	#	dir'ōl	=ēm	su-suō	#	rekso	dir'ōl	man	suō	gala	=n	ēn	n	n̄ērsi-gi	vo-̄wal,#	3TL	=TAM1	NC	#	3TL	=TAM1	RED-paddle	#	like	3TL	PFV	paddle	pass	=ART	ART	ART	point-3SG	NUM-one,"The three kept paddling, they had already paddled past a point.",en,MORPHEME_ALIGNED,,pala_b_mp3 pala_b_wav pala_b_eaf pala_b_xml pala_b_tsv,,0,9081,#nc	nc_pro.h	nc	nc	##	pro.h:s	=lv	v:pred	##	other	pro.h:a	lv	v:pred	rv	=ln	nc	nc	np:p	rn,,pala,∅	∅	∅	∅	∅	∅	∅	∅	∅	∅	∅	∅	∅	∅	∅	∅	∅	∅	∅,∅	10022	∅	∅	∅	10022	∅	∅	∅	∅	10022	∅	∅	∅	∅	∅	∅	10028	∅,∅	10022	∅	∅	∅	10022	∅	∅	∅	∅	10022	∅	∅	∅	∅	∅	∅	10028	∅
pala_0099,mcveraa,'enei dērōlk suō 'i lik sir ēn n̄ērsigi vōwal,#	enei	dir'ōl	=k	suō	'i	lik	sir	ēn	n̄ērsi-gi	vō-wal,#	now	3TL	=TAM2	paddle	DEL	more	towards	ART	point-3SG	NUM-one,And now they paddled towards another point.,en,MORPHEME_ALIGNED,,pala_b_mp3 pala_b_wav pala_b_eaf pala_b_xml pala_b_tsv,,9081,11467,##	other	pro.h:s	=lv	v:pred	rv	rv	adp	ln	np:g	rn,,pala,∅	∅	∅	∅	∅	∅	∅	∅	∅	new	∅,∅	∅	10022	∅	∅	∅	∅	∅	∅	10029	∅,∅	∅	10022	∅	∅	∅	∅	∅	∅	10029	∅
pala_0100,mcveraa,dērōlēm suō 'asēnēm suusuō,#	dir'ōl	=ēm	suō	asenē	#	ZERO	=m	su-suō,#	3TL	=TAM1	paddle	MAN.DEM1.A	#	ZERO	=TAM1	RED-paddle,"The three kept paddling like this, paddled and paddled.",en,MORPHEME_ALIGNED,,pala_b_mp3 pala_b_wav pala_b_eaf pala_b_xml pala_b_tsv,,11467,14557,##	pro.h:s	=lv	v:pred	other	##	0.h:s	=lv	v:pred,,pala,∅	∅	∅	∅	∅	∅	∅	∅	∅,∅	10022	∅	∅	∅	∅	10022	∅	∅,∅	10022	∅	∅	∅	∅	10022	∅	∅
pala_0101,mcveraa,dērōlēm suō gala ēn n̄ērsigi san̄wul nē,#	dir'ōl	=ēm	suō	gala	ēn	n̄ērsi-gi	san̄wul	nē,#	3TL	=TAM1	paddle	pass	ART	point-3SG	NUM-ten	DEM1,The three paddled past ten points.,en,WORD_ALIGNED,,pala_b_mp3 pala_b_wav pala_b_eaf pala_b_xml pala_b_tsv,,14557,17394,##	pro.h:a	=lv	v:pred	rv	ln	np:p	rn	other,,pala,∅	∅	∅	∅	∅	∅	bridging	∅	∅,∅	10022	∅	∅	∅	∅	10030	∅	∅,∅	10022	∅	∅	∅	∅	10030	∅	∅
pala_0102,mcveraa,'alē dērōlk rēv kal ēn nak susuō va'anē,#	alē	dir'ōl	=k	rēv	kal	ēn	nak	su-suō	va'anē,#	INTERJ	3TL	=TAM2	drag	upward	ART	canoe	RED-paddle	TEMP.DEM1,"All right, then the three dragged the canoe up the shore.",en,MORPHEME_ALIGNED,,pala_b_mp3 pala_b_wav pala_b_eaf pala_b_xml pala_b_tsv,,17394,19818,##	other	pro.h:a	=lv	v:pred	rv	ln	np:p	rn	other,,pala,∅	∅	∅	∅	∅	∅	∅	∅	∅	∅,∅	∅	10022	∅	∅	∅	∅	10025	∅	∅,∅	∅	10022	∅	∅	∅	∅	10025	∅	∅
pala_0103,mcveraa,dir'ōl m rēv kal sar ēn nak susuō 'anē'ē,#	dir'ōl	=m	rēv	kal	sar	ēn	nak	su-suō	anē'ē,#	3TL	=TAM1	drag	upward	inland	ART	canoe	RED-paddle	DEM1.A,"The three dragged the canoe up the shore,",en,MORPHEME_ALIGNED,,pala_b_mp3 pala_b_wav pala_b_eaf pala_b_xml pala_b_tsv,,19818,22601,##	pro.h:a	=lv	v:pred	rv	rv	ln	np:p	rn	other,,pala,∅	∅	∅	∅	∅	∅	∅	∅	∅	∅,∅	10022	∅	∅	∅	∅	∅	10025	∅	∅,∅	10022	∅	∅	∅	∅	∅	10025	∅	∅
pala_0104,mcveraa,'enein 'ama ne 'ir 'ōw'ōw,#	enei	=n	'ama'	ne	'ir	'ōw'ōw,#	now	=ART	spirit	TAM2:3SG	stand	RED:first.one,and now the devil is in the front position.,en,MORPHEME_ALIGNED,,pala_b_mp3 pala_b_wav pala_b_eaf pala_b_xml pala_b_tsv,,22601,25198,##	other	ln	np.d:s	lv-pro_d_s	v:pred	rv,,pala,∅	∅	∅	∅	∅	∅	∅,∅	∅	∅	10016	∅	∅	∅,∅	∅	∅	10016	∅	∅	∅
pala_0105,mcveraa,'ama ne 'ir 'ōw'ōw ne tēk mē duruō va'anē so,#	'ama'	ne	'ir	'ōw'ōw	#	ZERO	ne	tēk	mē	duruō	va'anē	so,#	spirit	TAM2:3SG	stand	RED:first.one	#	ZERO	TAM2:3SG	speak	DAT	3DL	TEMP.DEM1	QUOT,The devil was first and said to the two:,en,MORPHEME_ALIGNED,,pala_b_mp3 pala_b_wav pala_b_eaf pala_b_xml pala_b_tsv,,25198,27644,##	np.d:s	lv-pro_d_s	v:pred	rv	##	0.d:a	lv-pro_d_s	v:pred	adp	pro.h:g	other	other,,pala,∅	∅	∅	∅	∅	∅	∅	∅	∅	∅	∅	∅	∅,∅	10016	∅	∅	∅	∅	10016	∅	∅	∅	10005	∅	∅,∅	10016	∅	∅	∅	∅	10016	∅	∅	∅	10005	∅	∅
pala_0106,mcveraa,'alē erē 'a'ag no,#	alē	ZERO	'erē	'a-'ag	no,#	INTERJ	ZERO	PL	RED-follow	1SG,"'All right, follow me!'",en,MORPHEME_ALIGNED,,pala_b_mp3 pala_b_wav pala_b_eaf pala_b_xml pala_b_tsv,,27644,29045,##ds	other	0.h:a	other	vother:pred	pro.1:p,,pala,∅	∅	∅	∅	∅	∅,∅	∅	10005	∅	∅	10016,∅	∅	10005	∅	∅	10016
pala_0107,mcveraa,suwēn 'uwam̄ēre so,#	suwē	=n	'uwam̄ēre	so,#	downwind	=ART	first.born.sibling	QUOT,down (?) the older sister said:,en,MORPHEME_ALIGNED,,pala_b_mp3 pala_b_wav pala_b_eaf pala_b_xml pala_b_tsv,,29045,30141,##	other	=ln	np.h:s	other:pred,,pala,∅	∅	∅	∅	∅,∅	∅	∅	10003	∅,∅	∅	∅	10003	∅
pala_0108,mcveraa,'alē van sar,#	alē	ZERO	van	sar,#	INTERJ	ZERO	go	inland,'Go upwards!',en,MORPHEME_ALIGNED,,pala_b_mp3 pala_b_wav pala_b_eaf pala_b_xml pala_b_tsv,,30141,30967,##ds	other	0.h:s	v:pred	rv,,pala,∅	∅	∅	∅	∅,∅	∅	10004	∅	∅,∅	∅	10004	∅	∅
pala_0109,mcveraa,ēn 'isim̄ēre so,#	ē	=n	'isim̄ēre	so,#	CC	=ART	second.born.sibling	QUOT,The younger sister:,en,MORPHEME_ALIGNED,,pala_b_mp3 pala_b_wav pala_b_eaf pala_b_xml pala_b_tsv,,30967,31786,##	other	=ln	np.h:s	other:pred,,pala,∅	∅	∅	∅	∅,∅	∅	∅	10004	∅,∅	∅	∅	10004	∅
pala_0110,mcveraa,'oōo',#	'oōo',#	no,'No.,en,MORPHEME_ALIGNED,,pala_b_mp3 pala_b_wav pala_b_eaf pala_b_xml pala_b_tsv,,31786,32862,#nc	nc,,pala,∅	∅,∅	∅,∅	∅
pala_0111,mcveraa,no no me 'ir 'irwur,#	no	no	me	'ir	'irwur,#	1SG	1SG	FUT	stand	behind,"I, I will be the last one.",en,MORPHEME_ALIGNED,,pala_b_mp3 pala_b_wav pala_b_eaf pala_b_xml pala_b_tsv,,32862,34155,##ds	pro.1:dt_s	pro.1:s	lv	v:pred	rv,,pala,∅	∅	∅	∅	∅	∅,∅	10004	10004	∅	∅	∅,∅	10004	10004	∅	∅	∅
pala_0112,mcveraa,nik me 'ir 'ō? lēn kolo ne lumgav anē,#	nik	me	'ir	'ō?	lē	=n	kolo-n	e	lumgav	anē,#	2SG	FUT	stand	NC	LOC	=ART	back-CS	PERS.ART	young.male	DEM1.A,You will be right in the back of this young man.,en,MORPHEME_ALIGNED,,pala_b_mp3 pala_b_wav pala_b_eaf pala_b_xml pala_b_tsv,,34155,37027,##ds	pro.2:s	lv	v:pred	nc	adp	=ln	np:l	rn	rn_np.d:poss	rn,,pala,∅	∅	∅	∅	∅	∅	∅	bridging	∅	∅	∅,∅	10003	∅	∅	∅	∅	∅	10031	∅	10016	∅,∅	10003	∅	∅	∅	∅	∅	10031	∅	10016	∅
pala_0113,mcveraa,no nomē 'ir 'irwur,#	no	no	me	'ir	'irwur,#	1SG	1SG	FUT	stand	behind,"I, I will be the last one.'",en,MORPHEME_ALIGNED,,pala_b_mp3 pala_b_wav pala_b_eaf pala_b_xml pala_b_tsv,,37027,38574,##ds	pro.1:dt_s	pro.1:s	lv	v:pred	rv,,pala,∅	∅	∅	∅	∅	∅,∅	10004	10004	∅	∅	∅,∅	10004	10004	∅	∅	∅
pala_0114,mcveraa,ba dērōls van van 'anēn,#	ba	dir'ōl	=s	van	van	anē	#	=n,#	but	3TL	=SIM	go	go	DEM1.A	#	=ART,"But as the three were going,",en,MORPHEME_ALIGNED,,pala_b_mp3 pala_b_wav pala_b_eaf pala_b_xml pala_b_tsv,,38580,40605,##	other	pro.h:s	=lv	v:pred	rv	other	##	=ln,,pala,∅	∅	∅	∅	∅	∅	∅	∅	∅,∅	∅	10022	∅	∅	∅	∅	∅	∅,∅	∅	10022	∅	∅	∅	∅	∅	∅
pala_0115,mcveraa,'isim̄ēre mal lama'i son 'ama','isim̄ēre	mal	lama'i	#	so	ZERO	=n	'ama',second.born.sibling	REM.PST	know	#	CPL	ZERO	=ART	spirit,the younger sister had already understood that it was a devil.,en,MORPHEME_ALIGNED,,pala_b_mp3 pala_b_wav pala_b_eaf pala_b_xml pala_b_tsv,,40605,42560,np.h:s	lv	v:pred	#cc	other	0.d:s	=ln	np.d:pred,,pala,∅	∅	∅	∅	∅	∅	∅	∅,10004	∅	∅	∅	∅	10016	∅	∅,10004	∅	∅	∅	∅	10016	∅	∅
pala_0116,mcveraa,ban 'uwam̄ēre di lama'i rōs,#	ba	=n	'uwam̄ēre	di	lama'i	rōs,#	but	=ART	secondborn.sibling	3SG	know	GEN.NEG2,"But the older sister, she didn't know.",en,MORPHEME_ALIGNED,,pala_b_mp3 pala_b_wav pala_b_eaf pala_b_xml pala_b_tsv,,42560,45083,##neg	other	=ln	np.h:dt_s	pro.h:s	v:pred	rv,,pala,∅	∅	∅	∅	∅	∅	∅,∅	∅	∅	10003	10003	∅	∅,∅	∅	∅	10003	10003	∅	∅
pala_0117,mcveraa,'alē dērōlk van sar vavan din̄ ma nēnēn lie ne vōwal 'anē,#	alē	dir'ōl	=k	van	sar	va-van	#	ZERO	din̄	ma	ēn	lie	ne	vō-wal	anē,#	INTERJ	3TL	=TAM2	go	inland	RED-go	#	ZERO	reach	hither	ART	cave	NUM.ART	NUM-one	DEM1.A,Then the three went upwards until they reached a cave.,en,MORPHEME_ALIGNED,,pala_b_mp3 pala_b_wav pala_b_eaf pala_b_xml pala_b_tsv,,45083,49631,##	other	pro.h:s	=lv	v:pred	rv	other	##	0.h:a	v:pred	rv	ln	np:p	rn	rn	rn,,pala,∅	∅	∅	∅	∅	∅	∅	∅	∅	∅	∅	∅	new	∅	∅	∅,∅	∅	10022	∅	∅	∅	∅	∅	10022	∅	∅	∅	10032	∅	∅	∅,∅	∅	10022	∅	∅	∅	∅	∅	10022	∅	∅	∅	10032	∅	∅	∅
pala_0118,mcveraa,wo 'ama' 'anē ne din̄ ēn lie 'anē,#	wo	'ama'	anē	ne	din̄	ēn	lie	anē,#	and	spirit	DEM1.A	TAM2:3SG	flick	ART	cave	DEM1.A,Then the devil flicked against the cave,en,MORPHEME_ALIGNED,,pala_b_mp3 pala_b_wav pala_b_eaf pala_b_xml pala_b_tsv,,49631,51876,##	other	np.d:a	rn	lv-pro_d_a	v:pred	ln	np:p	rn,,pala,∅	∅	∅	∅	∅	∅	∅	∅	∅,∅	∅	10016	∅	∅	∅	∅	10032	∅,∅	∅	10016	∅	∅	∅	∅	10032	∅
pala_0119,mcveraa,wo dōrōlk kal ba'a,#	wo	dir'ōl	=k	kal	ba'a,#	and	3TL	=TAM2	enter	into,and the three entered.,en,MORPHEME_ALIGNED,,pala_b_mp3 pala_b_wav pala_b_eaf pala_b_xml pala_b_tsv,,51883,53586,##	other	pro.h:s	=lv	v:pred	rv,,pala,∅	∅	∅	∅	∅	∅,∅	∅	10022	∅	∅	∅,∅	∅	10022	∅	∅	∅
pala_0120,mcveraa,dērōl van sar vavan van galan lie 'ane'ē̄ van sar,#	dir'ōl	van	sar	va:van	#	ZERO	van	gala	=n	lie	ane'ē̄	#	ZERO	van	sar,#	3TL	go	inland	RED:go	#	ZERO	go	pass	=ART	cave	DEM1.A	#	ZERO	go	inland,"The three went inside, on and on, crossed this cave, went inside.",en,MORPHEME_ALIGNED,,pala_b_mp3 pala_b_wav pala_b_eaf pala_b_xml pala_b_tsv,,53586,57861,##	pro.h:s	v:pred	rv	other	##	0.h:a	v:pred	rv	=ln	np:p	rn	##	0.h:s	v:pred	rv,,pala,∅	∅	∅	∅	∅	∅	∅	∅	∅	∅	∅	∅	∅	∅	∅	∅,∅	10022	∅	∅	∅	∅	∅	∅	∅	∅	10032	∅	∅	10022	∅	∅,∅	10022	∅	∅	∅	∅	∅	∅	∅	∅	10032	∅	∅	10022	∅	∅
pala_0121,mcveraa,di ne din̄ lik ēn lie ne vōwal 'anē'ēn,#	di	ne	din̄	lik	ēn	lie	ne	vō-wal	anē'ē	#	=n,#	3SG	TAM2:3SG	reach	more	ART	cave	NUM.ART	NUM-one	DEM1.A	#	=ART,He flicked against another cave,en,MORPHEME_ALIGNED,,pala_b_mp3 pala_b_wav pala_b_eaf pala_b_xml pala_b_tsv,,57861,59690,##	pro.h:a	lv-pro_h_a	v:pred	rv	ln	np:p	rn	rn	rn	##	=ln,,pala,∅	∅	∅	∅	∅	∅	new	∅	∅	∅	∅	∅,∅	10016	∅	∅	∅	∅	10033	∅	∅	∅	∅	∅,∅	10016	∅	∅	∅	∅	10033	∅	∅	∅	∅	∅
pala_0122,mcveraa,lie ne wak,lie	ne	wak,cave	TAM2:3SG	open,and the cave opened.,en,MORPHEME_ALIGNED,,pala_b_mp3 pala_b_wav pala_b_eaf pala_b_xml pala_b_tsv,,59690,60270,np:s	lv-pro_s	v:pred,,pala,∅	∅	∅,10033	∅	∅,10033	∅	∅
pala_0123,mcveraa,dērōl van,#	dir'ōl	van,#	3TL	go,The three went.,en,MORPHEME_ALIGNED,,pala_b_mp3 pala_b_wav pala_b_eaf pala_b_xml pala_b_tsv,,60270,61464,##	pro.h:s	v:pred,,pala,∅	∅	∅,∅	10022	∅,∅	10022	∅
pala_0124,mcveraa,dērōlm m kal lēn lōlō lie 'asēne san̄wul lēn,#	dir'ōl	=m	m	kal	lē	=n	lōlō	lie	asenē	san̄wul	lē	=n,#	3TL	=TAM1	m	upwards	LOC	=ART	inside	cave	MAN.DEM1.A	NUM-ten	LOC	=ART,"The three went into caves like this, ten",en,WORD_ALIGNED,,pala_b_mp3 pala_b_wav pala_b_eaf pala_b_xml pala_b_tsv,,61464,67595,##	pro.h:s	=lv	nc	v:pred	adp	ln	ln	np:p	other	np:other	nc	nc,,pala,∅	∅	∅	∅	∅	∅	∅	∅	bridging	∅	∅	∅	∅,∅	10022	∅	∅	∅	∅	∅	∅	10034	∅	∅	∅	∅,∅	10022	∅	∅	∅	∅	∅	∅	10034	∅	∅	∅	∅
pala_0125,mcveraa,dērōlēm van galan lie 'anē san̄wul,#	dir'ōl	=ēm	van	gala	=n	lie	anē	#	ZERO	san̄wul,#	3TL	=TAM1	go	pass	=ART	cave	DEM1.A	#	ZERO	NUM-ten,The three crossed ten such caves.,en,WORD_ALIGNED,,pala_b_mp3 pala_b_wav pala_b_eaf pala_b_xml pala_b_tsv,,67595,70757,##	pro.h:a	=lv	v:pred	rv	ln	np:p	rn	##	0:s	np:pred,,pala,∅	∅	∅	∅	∅	∅	∅	∅	∅	∅	∅,∅	10022	∅	∅	∅	∅	10034	∅	∅	10034	∅,∅	10022	∅	∅	∅	∅	10034	∅	∅	10034	∅
pala_0126,mcveraa,san̄wul nagi ē dērōlk din̄ ēn 'ōnō mimi'ir va'anē,#	san̄wul	na-gi	ē	dir'ōl	=k	din̄	ēn	'ōnō	mi-mi'ir	va'anē,#	NUM-ten	ORD-3SG	CC	3TL	=TAM2	reach	ART	place	RED-sleep	TEMP.DEM1,in the tenth one the three reached the sleeping place.,en,WORD_ALIGNED,,pala_b_mp3 pala_b_wav pala_b_eaf pala_b_xml pala_b_tsv,,70757,73341,##	np:other	rn	other	pro.h:a	=lv	v:pred	ln	np:p	rn	other,,pala,∅	bridging	∅	∅	∅	∅	∅	∅	new	∅	∅,∅	10035	∅	∅	10022	∅	∅	∅	10036	∅	∅,∅	10035	∅	∅	10022	∅	∅	∅	10036	∅	∅
pala_0127,mcveraa,dērōl din̄ ēn 'ōnō mimi'ir anēn,#	dir'ōl	din̄	ēn	'ōnō	mi-mi'ir	anē	#	=n,#	3TL	reach	ART	place	RED-sleepµ	DEM1.A	#	=ART,As the three reached the sleeping place,en,MORPHEME_ALIGNED,,pala_b_mp3 pala_b_wav pala_b_eaf pala_b_xml pala_b_tsv,,73341,74671,##	pro.h:a	v:pred	ln	np:p	rn	rn	##	=ln,,pala,∅	∅	∅	∅	∅	∅	∅	∅	∅,∅	10022	∅	∅	10036	∅	∅	∅	∅,∅	10022	∅	∅	10036	∅	∅	∅	∅
pala_0128,mcveraa,'ekē man qōn̄ kēl,'ekē	man	qōn̄	kēl,place	PFV	night	back,it had already got night again.,en,MORPHEME_ALIGNED,,pala_b_mp3 pala_b_wav pala_b_eaf pala_b_xml pala_b_tsv,,74671,76123,np:s	lv	v:pred	rv,,pala,∅	∅	∅	∅,∅	∅	∅	∅,∅	∅	∅	∅
pala_0129,mcveraa,qe dērōlk ōn sursur va'anē,#	qē'	dir'ōl	=k	ōn	sursur	va'anē,#	finish	3TL	=TAM2	lie	RED:down	TEMP.DEM1,Then the three all lay down.,en,MORPHEME_ALIGNED,,pala_b_mp3 pala_b_wav pala_b_eaf pala_b_xml pala_b_tsv,,76123,78468,##	other	pro.h:s	=lv	v:pred	rv	other,,pala,∅	∅	∅	∅	∅	∅	∅,∅	∅	10022	∅	∅	∅	∅,∅	∅	10022	∅	∅	∅	∅
pala_0130,mcveraa,dērōlk ōn sursur suw anēk mi'ir va'anē,#	dir'ōl	=k	ōn	sursur	suw	anē	#	ZERO	=k	mi'ir	va'anē,#	3TL	=TAM2	lie	RED:down	thither	DEM1.A	#	ZERO	=TAM2	sleep	TEMP.DEM1,The three lay down and slept now.,en,MORPHEME_ALIGNED,,pala_b_mp3 pala_b_wav pala_b_eaf pala_b_xml pala_b_tsv,,78468,81187,##	pro.h:s	=lv	v:pred	rv	rv	other	##	0.h:s	=lv	v:pred	other,,pala,∅	∅	∅	∅	∅	∅	∅	∅	∅	∅	∅	∅,∅	10022	∅	∅	∅	∅	∅	∅	10022	∅	∅	∅,∅	10022	∅	∅	∅	∅	∅	∅	10022	∅	∅	∅
pala_0131,mcveraa,dērōlm ōn sur suwōm mi'ir anē,#	dir'ōl	=m	ōn	sur	suwō	#	ZERO	=m	mi'ir	anē,#	3TL	=TAM1	lie	down	thither	#	ZERO	=TAM1	sleep	DEM1.A,As they lay down and slept,en,MORPHEME_ALIGNED,,pala_b_mp3 pala_b_wav pala_b_eaf pala_b_xml pala_b_tsv,,81187,82915,##	pro.h:s	=lv	v:pred	rv	rv	##	0.h:s	=lv	v:pred	dem1_other,,pala,∅	∅	∅	∅	∅	∅	∅	∅	∅	∅	∅,∅	10022	∅	∅	∅	∅	∅	10022	∅	∅	∅,∅	10022	∅	∅	∅	∅	∅	10022	∅	∅	∅
pala_0132,mcveraa,'uwam̄ēre dērōlm ōn sur suw anē,#	'uwam̄ēre	dir'ōl	=m	ōn	sur	suw	anē,#	firstborn.sibling	3TL	=TAM1	lie	down	thither	DEM1.A,"the older sister, as the three were lying down there",en,MORPHEME_ALIGNED,,pala_b_mp3 pala_b_wav pala_b_eaf pala_b_xml pala_b_tsv,,82915,84911,##	np.h:dt	pro.h:s	=lv	v:pred	rv	rv	dem1_other,,pala,∅	∅	∅	∅	∅	∅	∅	∅,∅	10003	10022	∅	∅	∅	∅	∅,∅	10003	10022	∅	∅	∅	∅	∅
pala_0133,mcveraa,n 'amam n̄on̄odo 'anē,#	n	'ama'	=m	n̄o-n̄odo	anē,#	ART	spirit	=TAM1	RED-snore	DEM1.A,the devil was snoring,en,MORPHEME_ALIGNED,,pala_b_mp3 pala_b_wav pala_b_eaf pala_b_xml pala_b_tsv,,84911,85955,##	ln	np.d:s	=lv	v:pred	dem1_other,,pala,∅	∅	∅	∅	∅	∅,∅	∅	10016	∅	∅	∅,∅	∅	10016	∅	∅	∅
pala_0134,mcveraa,ban 'uwam̄ērem mi'ir rek wal,#	ba	=n	'uwam̄ēre	=m	mi'ir	rek	wal,#	but	=ART	firstborn.sibling=TAM	=TAM1	sleep	also	once,"and the older sister was sleeping, as well.",en,WORD_ALIGNED,,pala_b_mp3 pala_b_wav pala_b_eaf pala_b_xml pala_b_tsv,,85955,87713,##	other	=ln	np.h:s	=lv	v:pred	rv	rv,,pala,∅	∅	∅	∅	∅	∅	∅	∅,∅	∅	∅	10003	∅	∅	∅	∅,∅	∅	∅	10003	∅	∅	∅	∅
pala_0135,mcveraa,ban 'isim̄ēre di mi'ir rōs,#	ba	=n	'isim̄ēre	di	mi'ir	rōs,#	but	=ART	secondborn.sibling	3SG	sleep	GEN.NEG2,"But the younger sister, she didn't sleep.",en,MORPHEME_ALIGNED,,pala_b_mp3 pala_b_wav pala_b_eaf pala_b_xml pala_b_tsv,,87713,89694,##neg	other	=ln	np.h:dt_s	pro.h:s	v:pred	rv,,pala,∅	∅	∅	∅	∅	∅	∅,∅	∅	∅	10004	10004	∅	∅,∅	∅	∅	10004	10004	∅	∅
pala_0136,mcveraa,dōdōmia mugi va'ē sir san tēktēk munē maruruō a rekson tēk mē duruō,#	dōdōmia	mu-gi	va'i	sir	sa	=n	tēktēk	mu-n	e	maru	-ruō	#	a	rekso	=n	tēk	mē	duruō,#	thought	POSS-3SG	still	for	EMPH	=ART	RED:speak	POSS.GEN-CS	PERS.ART	uncle	-3DL	#	REL	like	=ART	speak	DAT	3DL,She was still thinking about the talk of their uncle that he had said to the two.,en,MORPHEME_ALIGNED,,pala_b_mp3 pala_b_wav pala_b_eaf pala_b_xml pala_b_tsv,,89694,94284,##	np:s	rn_pro.h:poss	other:pred	adp	other	=ln	np:obl	rn	rn	rn_np.h:poss	-rn_pro.h:poss	#rc_rn	other	other	=ln	vother:pred	adp	pro.h:g,,pala,∅	bridging	∅	∅	∅	∅	∅	∅	∅	∅	∅	∅	∅	∅	∅	∅	∅	∅	∅,∅	10037	10004	∅	∅	∅	∅	10013	∅	∅	10006	10005	∅	∅	∅	∅	∅	∅	10005,∅	10037	10004	∅	∅	∅	∅	10013	∅	∅	10006	10005	∅	∅	∅	∅	∅	∅	10005
pala_0137,mcveraa,'alē dērōl ōn sur suw anēm mi'ir anēm mi'ir mi'ir,#	alē	dir'ōl	ōn	sur	suw	anē	#	ZERO	=m	mi'ir	anē	#	ZERO	=m	mi'ir	mi'ir,#	INTERJ	3TL	lie	down	thither	DEM1.A	#	ZERO	=TAM1	sleep	DEM1.A	#	ZERO	=TAM1	sleep	sleep,"The three were lying down there and were sleeping, were sleeping and sleeping",en,MORPHEME_ALIGNED,,pala_b_mp3 pala_b_wav pala_b_eaf pala_b_xml pala_b_tsv,,94284,98796,##	other	pro.h:s	v:pred	rv	rv	dem1_other	##	0.h:s	=lv	v:pred	dem1_other	##	0.h:s	=lv	v:pred	rv,,pala,∅	∅	∅	∅	∅	∅	∅	∅	∅	∅	∅	∅	∅	∅	∅	∅	∅,∅	∅	10002	∅	∅	∅	∅	∅	10022	∅	∅	∅	∅	10022	∅	∅	∅,∅	∅	10002	∅	∅	∅	∅	∅	10022	∅	∅	∅	∅	10022	∅	∅	∅
pala_0138,mcveraa,'isim̄ēre ne ... nē kēkē kal segenē,#	'isim̄ēre	ne	ne	kēkē	kal	segēnē,#	secondborn.sibling	TAM2	TAM2:3SG	upright	upwards	MAN.DEM2,The younger sister then moved upwards like this,en,MORPHEME_ALIGNED,,pala_b_mp3 pala_b_wav pala_b_eaf pala_b_xml pala_b_tsv,,98796,101471,##	np.h:s	nc	lv-pro_h_s	v:pred	rv	other,,pala,∅	∅	∅	∅	∅	∅	∅,∅	10004	∅	∅	∅	∅	∅,∅	10004	∅	∅	∅	∅	∅
pala_0139,mcveraa,di ne rōn̄ ēn deln̄o 'ama ē man 'or gōr duruō,#	di	ne	rōn̄	#	ēn	deln̄o	'ama	ē	man	'or	gōr	duruō,#	3SG	TAM2:3SG	feel	#	ART	ear	spirit	DEM3	PFV	cover	cover	3DL,She felt that the devil's ears had covered up the two.,en,MORPHEME_ALIGNED,,pala_b_mp3 pala_b_wav pala_b_eaf pala_b_xml pala_b_tsv,,101471,104746,##	pro.h:s	lv-pro_h_s	v:pred	#cc	ln	np:a	rn_np.d:poss	rn	lv	v:pred	rv	pro.h:p,,pala,∅	∅	∅	∅	∅	∅	bridging	∅	∅	∅	∅	∅	∅,∅	10004	∅	∅	∅	∅	10038	∅	∅	∅	∅	∅	10005,∅	10004	∅	∅	∅	∅	10038	∅	∅	∅	∅	∅	10005
pala_0140,mcveraa,e di ne sag kal va'anē,#	e	di	ne	sag	kal	va'anē,#	DISC	3SG	TAM2:3SG	sit	upwards	TEMP.DEM1,Now she sat up.,en,MORPHEME_ALIGNED,,pala_b_mp3 pala_b_wav pala_b_eaf pala_b_xml pala_b_tsv,,104746,106839,##	other	pro.h:s	lv-pro_h_s	v:pred	rv	other,,pala,∅	∅	∅	∅	∅	∅	∅,∅	∅	10004	∅	∅	∅	∅,∅	∅	10004	∅	∅	∅	∅
pala_0141,mcveraa,ne sag kal va'anē di ne 'an̄ ne 'an̄ gala san 'ama ē ne 'an̄ kēl wōl lēn 'uwam̄ēre ne ulul ēn 'uwam̄ēre so,#	ZERO	ne	sag	kal	va'anē	#	di	ne	'an̄	#	ZERO	ne	'an̄	gala	sa	=n	'ama'	ē	#	ZERO	ne	'an̄	kēl	wōl	lē	=n	'uwam̄ēre	#	ZERO	ne	ulul	ēn	'uwam̄ēre	so,#	ZERO	TAM2:3SG	sit	upwards	TEMP.DEM1	#	3SG	TAM2:3SG	hand.movement	#	ZERO	TAM2:3SG	hand.move	pass	EMPH	=ART	spirit	DEM3	#	ZERO	TAM2:3SG	hand.move	back	DIR<wōl>	LOC	=ART	firstborn.sibling	#	ZERO	TAM2:3SG	RED:call	ART	firstborn.sibling	QUOT,"Sat up now, she reached out, reached out across that devil, reached out over at the older sister and called the older sisterː",en,MORPHEME_ALIGNED,,pala_b_mp3 pala_b_wav pala_b_eaf pala_b_xml pala_b_tsv,,106839,112161,##	0.h:s	lv-pro_h_s	v:pred	rv	other	##	pro.h:s	lv-pro_h_s	v:pred	##	0.h:a	lv-pro_h_a	v:pred	rv	other	=ln	np:p	rn	##	0.h:s	lv-pro_h_s	v:pred	rv	rv	adp	=ln	np.h:g	##	0.h:a	lv-pro_h_a	v:pred	ln	np.h:p	other,,pala,∅	∅	∅	∅	∅	∅	∅	∅	∅	∅	∅	∅	∅	∅	∅	∅	∅	∅	∅	∅	∅	∅	∅	∅	∅	∅	∅	∅	∅	∅	∅	∅	∅	∅	∅,∅	10004	∅	∅	∅	∅	∅	10004	∅	∅	∅	10004	∅	∅	∅	∅	∅	10016	∅	∅	10004	∅	∅	∅	∅	∅	∅	10003	∅	10004	∅	∅	∅	10003	∅,∅	10004	∅	∅	∅	∅	∅	10004	∅	∅	∅	10004	∅	∅	∅	∅	∅	10016	∅	∅	10004	∅	∅	∅	∅	∅	∅	10003	∅	10004	∅	∅	∅	10003	∅
pala_0142,mcveraa,'ei nike kalraka,#	'ei	nik	ē	kalraka,#	INTERJ	2SG	TAM2:2SG	get.up,"'Hey, get up!",en,MORPHEME_ALIGNED,,pala_b_mp3 pala_b_wav pala_b_eaf pala_b_xml pala_b_tsv,,112168,113790,##ds	other	pro.2:s	lv-pro_2_s	v:pred,,pala,∅	∅	∅	∅	∅,∅	∅	10003	∅	∅,∅	∅	10003	∅	∅
pala_0143,mcveraa,gēdōs 'ōn 'ō 'i 'anēn 'ama' nē,#	#	gidu	=s	ōn	'ō'	'i	ZERO	%	anē	=n	'ama'	nē,#	#	1DL.IN	=SIM	lie	with	DEL	ZERO	%	DEM1.A	=ART	spirit	DEM1,The one we're lying here with is a devil.,en,MORPHEME_ALIGNED,,pala_b_mp3 pala_b_wav pala_b_eaf pala_b_xml pala_b_tsv,,113796,115130,##ds	#ds_rc:s	pro.1:a	=lv	v:pred	rv	rv	0.d:p	%	rn	=ln	np.d:pred	other,,pala,∅	∅	∅	∅	∅	∅	∅	∅	∅	∅	∅	∅	∅,∅	∅	10005	∅	∅	∅	∅	10016	∅	∅	∅	∅	∅,∅	∅	10005	∅	∅	∅	∅	10016	∅	∅	∅	∅	∅
pala_0144,mcveraa,kalrak m̄ō kalrak m̄ō,#	ZERO	kalrak	m̄ō	#	ZERO	kalrak	m̄ō,#	ZERO	get.up	fast	#	ZERO	get.up	fast,"Get up quick, get up quick.",en,MORPHEME_ALIGNED,,pala_b_mp3 pala_b_wav pala_b_eaf pala_b_xml pala_b_tsv,,115137,115994,##ds	0.2:s	v:pred	rv	##ds	0.2:s	v:pred	rv,,pala,∅	∅	∅	∅	∅	∅	∅	∅,∅	10003	∅	∅	∅	10003	∅	∅,∅	10003	∅	∅	∅	10003	∅	∅
pala_0145,mcveraa,gēduk ..eh.. mulō,#	gidu	=k	eh	mulō,#	1.PL.IN	=TAM2	HES	go,We will go home.',en,MORPHEME_ALIGNED,,pala_b_mp3 pala_b_wav pala_b_eaf pala_b_xml pala_b_tsv,,115994,117666,##ds	pro.1:s	=lv	nc	v:pred,,pala,∅	∅	∅	∅	∅,∅	10005	∅	∅	∅,∅	10005	∅	∅	∅
pala_0146,mcveraa,'uwam̄ērem kalraka 'anē ne rara va'anēm raram raram raram raram,#	'uwam̄ēre	=m	kalraka	anē	#	ZERO	ne	rara	va'anē	#	ZERO	=m	rara	#	ZERO	=m	rara	#	ZERO	=m	rara	#	ZERO	=m	rara	=m,#	firstborn.sibling=TAM1	=TAM1	get.up	DEM1.A	#	ZERO	TAM2:3SG	cry	TEMP.DEM1	#	ZERO	=TAM1	cry	#	ZERO	=TAM1	cry	#	ZERO	=TAM1	cry	#	ZERO	=TAM1	cry	=TAM1,"The older sister got up, and then she started to cry, cried and cried and cried ...",en,WORD_ALIGNED,,pala_b_mp3 pala_b_wav pala_b_eaf pala_b_xml pala_b_tsv,,117666,121942,##	np.h:s	=lv	v:pred	dem1_other	##	0.h:s	lv-pro_h_s	v:pred	other	##	0.h:s	=lv	v:pred	##	0.h:s	=lv	v:pred	##	0.h:s	=lv	v:pred	##	0.h:s	=lv	v:pred	nc,,pala,∅	∅	∅	∅	∅	∅	∅	∅	∅	∅	∅	∅	∅	∅	∅	∅	∅	∅	∅	∅	∅	∅	∅	∅	∅	∅	∅,∅	10003	∅	∅	∅	∅	10003	∅	∅	∅	∅	10003	∅	∅	∅	10003	∅	∅	∅	10003	∅	∅	∅	10003	∅	∅	∅,∅	10003	∅	∅	∅	∅	10003	∅	∅	∅	∅	10003	∅	∅	∅	10003	∅	∅	∅	10003	∅	∅	∅	10003	∅	∅	∅
pala_0147,mcveraa,'e di ne 'ar gōr so,#	'e	di	ne	'ar	gōr	ZERO	so,#	CC	3SG	TAM2:3SG	chop	secure	ZERO	QUOT,but she stopped her:,en,MORPHEME_ALIGNED,,pala_b_mp3 pala_b_wav pala_b_eaf pala_b_xml pala_b_tsv,,121942,122734,##	other	pro.h:a	lv-pro_h_a	v:pred	rv	0.h:p	other,,pala,∅	∅	∅	∅	∅	∅	∅	∅,∅	∅	10004	∅	∅	∅	10003	∅,∅	∅	10004	∅	∅	∅	10003	∅
pala_0148,mcveraa,'ei 'aqōrōn̄ 'aqōrōn̄ denēn 'ama nē rōn̄ gēduō,#	'ei	'aqōrōn̄	'aqōrōn̄	#	den	=ēn	'ama'	ne	rōn̄	giduō,#	INTERJ	quiet	quiet	#	ABL	=ART	spirit	TAM2:3SG	feel	1.PL.IN,"'Hey, quiet, quiet, don't let the devil hear us two!",en,MORPHEME_ALIGNED,,pala_b_mp3 pala_b_wav pala_b_eaf pala_b_xml pala_b_tsv,,122734,124965,##ds	other	other:pred	rv	##	other	ln	np.d:a	lv-pro_d_a	v:pred	pro.1:p,,pala,∅	∅	∅	∅	∅	∅	∅	∅	∅	∅	∅,∅	∅	∅	∅	∅	∅	∅	10016	∅	∅	10005,∅	∅	∅	∅	∅	∅	∅	10016	∅	∅	10005
pala_0149,mcveraa,gis mum ēn m̄ōglege,#	ZERO	gis	mu	-m	ēn	m̄ōglēge,#	ZERO	hold	POSS.CL	-2SG.POSS	ART	things,Grab your stuff!',en,MORPHEME_ALIGNED,,pala_b_mp3 pala_b_wav pala_b_eaf pala_b_xml pala_b_tsv,,124965,126561,##	0.h:a	v:pred	ln	-ln_pro.2:poss	ln	np:p,,pala,∅	∅	∅	∅	∅	∅	new,∅	10003	∅	∅	10003	∅	10039,∅	10003	∅	∅	10003	∅	10039
pala_0150,mcveraa,di ne gis rak murun m̄ōglegen,#	di	ne	gis	rak	mu	-ru	=n	m̄ōglege=n,#	3SG	TAM2:3SG	hold	out	POSS.GEN	-3DL	=ART	things,She grabbed her stuff,en,WORD_ALIGNED,,pala_b_mp3 pala_b_wav pala_b_eaf pala_b_xml pala_b_tsv,,126561,128033,##	pro.h:a	lv-pro_h_a	v:pred	rv	ln	-ln_pro.h:poss	=ln	np:p,,pala,∅	∅	∅	∅	∅	∅	∅	∅	new,∅	10003	∅	∅	∅	10005	10003	∅	10040,∅	10003	∅	∅	∅	10005	10003	∅	10040
pala_0151,mcveraa,'en duruk virige va'anē,#	e	duru	=k	virigē	va'anē,#	CC	3DL	=TAM2	rush	TEMP.DEM1,and then the two started to run.,en,MORPHEME_ALIGNED,,pala_b_mp3 pala_b_wav pala_b_eaf pala_b_xml pala_b_tsv,,128040,129459,##	other	pro.h:s	=lv	v:pred	other,,pala,∅	∅	∅	∅	∅	∅,∅	∅	10005	∅	∅	∅,∅	∅	10005	∅	∅	∅
pala_0152,mcveraa,virig ma 'a lēn lie ne vōwal 'anē di ne din̄ ēn lie 'anē ne wak,#	ZERO	virig	ma	a	lē	=n	lie	ne	vō-wal	anē	#	di	ne	din̄	ēn	lie	anē	#	ZERO	ne	wak,#	ZERO	rush	hither	LOC.SP	LOC	=ART	cave	NUM.ART	NUM-one	DEM1.A	#	3SG	TAM2:3SG	flick	ART	cave	DEM1.A	#	ZERO	TAM2:3SG	open,Ran to that one cave and she flicked the cave open.,en,MORPHEME_ALIGNED,,pala_b_mp3 pala_b_wav pala_b_eaf pala_b_xml pala_b_tsv,,129459,132563,##	0.h:s	v:pred	rv	nc	adp	ln	np:g	rn	rn	rn	##	pro.h:a	lv-pro_h_a	v:pred	ln	np:p	rn	##	0:s	lv-pro_s	v:pred,,pala,∅	∅	∅	∅	∅	∅	∅	∅	∅	∅	∅	∅	∅	∅	∅	∅	∅	∅	∅	∅	∅	∅,∅	10005	∅	∅	∅	∅	∅	10035	∅	∅	∅	∅	10004	∅	∅	∅	10035	∅	∅	10035	∅	∅,∅	10005	∅	∅	∅	∅	∅	10035	∅	∅	∅	∅	10004	∅	∅	∅	10035	∅	∅	10035	∅	∅
pala_0153,mcveraa,duruk van,#	duru	=k	van,#	3DL	=TAM2	go,The two went.,en,MORPHEME_ALIGNED,,pala_b_mp3 pala_b_wav pala_b_eaf pala_b_xml pala_b_tsv,,132568,133541,##	pro.h:s	=lv	v:pred,,pala,∅	∅	∅	∅,∅	10005	∅	∅,∅	10005	∅	∅
pala_0154,mcveraa,di ne din̄ ēn lie ne vōwal 'anēn,#	di	ne	din̄	ēn	lie	ne	vō-wal	anē	#	=n,#	3SG	TAM2:3SG	flick	ART	cave	NUM.ART	NUM-one	DEM1.A	#	=ART,"As she flicked that one cave,",en,MORPHEME_ALIGNED,,pala_b_mp3 pala_b_wav pala_b_eaf pala_b_xml pala_b_tsv,,133541,135154,##	pro.h:a	lv-pro_h_a	v:pred	ln	np:p	rn	rn	rn	##	=ln,,pala,∅	∅	∅	∅	∅	new	∅	∅	∅	∅	∅,∅	10004	∅	∅	∅	10041	∅	∅	∅	∅	∅,∅	10004	∅	∅	∅	10041	∅	∅	∅	∅	∅
pala_0155,mcveraa,lie ne wak,lie	ne	wak,cave	TAM2:3SG	open,and the cave opened.,en,MORPHEME_ALIGNED,,pala_b_mp3 pala_b_wav pala_b_eaf pala_b_xml pala_b_tsv,,135160,135839,np:s	lv-pro_s	v:pred,,pala,∅	∅	∅,10041	∅	∅,10041	∅	∅
pala_0156,mcveraa,duruk van,#	duru	=k	van,#	3DL	=TAM2	go,The two went.,en,MORPHEME_ALIGNED,,pala_b_mp3 pala_b_wav pala_b_eaf pala_b_xml pala_b_tsv,,135839,136747,##	pro.h:s	=lv	v:pred,,pala,∅	∅	∅	∅,∅	10005	∅	∅,∅	10005	∅	∅
pala_0157,mcveraa,dim din̄ ēn lie 'asenēm din̄ vag san̄wul,#	di	=m	din̄	ēn	lie	asenē	#	ZERO	=m	din̄	ZERO	vag-san̄wul,#	3SG	=TAM1	flick	ART	cave	MAN.DEM1.A	#	ZERO	=TAM1	reach	ZERO	MULT-ten,"She flicked the caves like this, reached the tenth",en,MORPHEME_ALIGNED,,pala_b_mp3 pala_b_wav pala_b_eaf pala_b_xml pala_b_tsv,,136747,139690,##	pro.h:a	=lv	v:pred	ln	np:p	other	##	0.h:a	=lv	v:pred	0:p	other,,pala,∅	∅	∅	∅	∅	∅	∅	∅	∅	∅	∅	∅	∅,∅	10004	∅	∅	∅	10034	∅	∅	10004	∅	∅	10032	∅,∅	10004	∅	∅	∅	10034	∅	∅	10004	∅	∅	10032	∅
pala_0158,mcveraa,wo dōrōlk ... duruk din̄ kel rōw ēn gabērēlo,#	wo	dir'ōl	=k	duru	=k	din̄	kel	rōw	ēn	gabērēlo,#	and	3TL	=TAM2	3DL	=TAM2	reach	back	jump	ART	seaside,and then the two arrived down at the sea again,en,MORPHEME_ALIGNED,,pala_b_mp3 pala_b_wav pala_b_eaf pala_b_xml pala_b_tsv,,139690,142473,##	other	nc	nc	pro.h:a	=lv	v:pred	rv	rv	ln	np:p,,pala,∅	∅	∅	∅	∅	∅	∅	∅	∅	∅	∅,∅	∅	∅	∅	10005	∅	∅	∅	∅	∅	10024,∅	∅	∅	∅	10005	∅	∅	∅	∅	∅	10024
pala_0159,mcveraa,durum din̄ kel rōw ēn gabērēlo 'anēk rēv sur ēn nak susuō,#	duru	=m	din̄	kel	rōw	ēn	gabērēlo	anē	#	ZERO	=k	rēv	sur	ēn	nak	su-suō,#	3DL	=TAM1	reach	back	jump	ART	seaside	DEM1.A	#	ZERO	=TAM2	drag	down	ART	canoe	RED-paddle,"when they had reached the sea again, they dargged down the canoe.",en,MORPHEME_ALIGNED,,pala_b_mp3 pala_b_wav pala_b_eaf pala_b_xml pala_b_tsv,,142473,146208,##	pro.h:a	=lv	v:pred	rv	rv	ln	np:p	other	##	0.h:a	=lv	v:pred	rv	ln	np:p	rn,,pala,∅	∅	∅	∅	∅	∅	∅	∅	∅	∅	∅	∅	∅	∅	∅	∅	∅,∅	10005	∅	∅	∅	∅	∅	10024	∅	∅	10005	∅	∅	∅	∅	10025	∅,∅	10005	∅	∅	∅	∅	∅	10024	∅	∅	10005	∅	∅	∅	∅	10025	∅
pala_0160,mcveraa,ban 'uwam̄ēre ga sag 'ōn 'uwō,#	ba	=n	'uwam̄ēre	ga	sag	'ō'	=n	'uwō,#	but	=ART	firstborn.sibling	STAT	sit	with	=ART	horn,But the older sister sat there with a horn.,en,MORPHEME_ALIGNED,,pala_b_mp3 pala_b_wav pala_b_eaf pala_b_xml pala_b_tsv,,146208,148845,##	other	=ln	np.h:a	lv	v:pred	rv	=ln	np:p,,pala,∅	∅	∅	∅	∅	∅	∅	∅	new,∅	∅	∅	10003	∅	∅	∅	∅	10042,∅	∅	∅	10003	∅	∅	∅	∅	10042
pala_0161,mcveraa,durum rēv sur ēn nak susuō 'anē'ē,#	duru	=m	rēv	sur	ēn	nak	su-suō	anē'ē,#	3DL	=TAM1	drag	down	ART	canoe	RED-paddle	DEM1.A,The two dragged down the canoe,en,MORPHEME_ALIGNED,,pala_b_mp3 pala_b_wav pala_b_eaf pala_b_xml pala_b_tsv,,148845,150352,##	pro.h:a	=lv	v:pred	rv	ln	np:p	rn	rn,,pala,∅	∅	∅	∅	∅	∅	∅	∅	∅,∅	10005	∅	∅	∅	∅	10025	∅	∅,∅	10005	∅	∅	∅	∅	10025	∅	∅
pala_0162,mcveraa,durum ga mōrōs sok suō,#	duru	=m	ga	mōrōs	#	so	ZERO	=k	suō,#	3DL	=TAM1	STAT	want	#	CPL	ZERO	=TAM2	paddle,The two wanted to paddle.,en,MORPHEME_ALIGNED,,pala_b_mp3 pala_b_wav pala_b_eaf pala_b_xml pala_b_tsv,,150358,151214,##	pro.h:s	nc	lv	v:pred	##	other	0.h:s	=lv	v:pred,,pala,∅	∅	∅	∅	∅	∅	∅	∅	∅	∅,∅	10005	∅	∅	∅	∅	∅	10005	∅	∅,∅	10005	∅	∅	∅	∅	∅	10005	∅	∅
pala_0163,mcveraa,sōw ēn 'uwam̄ēre ne tēk mēn ēn 'isim̄ēre ne tēk mēn 'uwam̄ēre so,#	sōw	ēn	'uwam̄ēre	ne	tēk	mē	=n	#	ēn	'isim̄ēre	ne	tēk	mē	=n	'uwam̄ēre	so,#	DISC	ART	secondborn.sibling	TAM2	say	DAT	=ART	#	ART	secondborn.sibling	TAM2:3SG	speak	DAT	=ART	firstborn.sibling	QUOT,Then the older sister said to ... the younger sister said to the older one:,en,MORPHEME_ALIGNED,,pala_b_mp3 pala_b_wav pala_b_eaf pala_b_xml pala_b_tsv,,151219,155595,#nc	nc	nc	nc_np.h	nc	nc	nc	nc	##	ln	np.h:s	lv-pro_h_s	v:pred	adp	=ln	np.h:g	other,,pala,∅	∅	∅	∅	∅	∅	∅	∅	∅	∅	∅	∅	∅	∅	∅	∅	∅,∅	∅	∅	10004	∅	∅	∅	∅	∅	∅	10004	∅	∅	∅	∅	10003	∅,∅	∅	∅	10004	∅	∅	∅	∅	∅	∅	10004	∅	∅	∅	∅	10003	∅
pala_0164,mcveraa,qe'i,#	qe'i,#	moment,'Wait!',en,MORPHEME_ALIGNED,,pala_b_mp3 pala_b_wav pala_b_eaf pala_b_xml pala_b_tsv,,155595,156270,##ds	other:pred,,pala,∅	∅,∅	∅,∅	∅
pala_0165,mcveraa,dim virig sar,#	di	=m	virig	sar,#	3SG	=TAM1	rush	inland,She ran upwards,en,MORPHEME_ALIGNED,,pala_b_mp3 pala_b_wav pala_b_eaf pala_b_xml pala_b_tsv,,156270,156991,##	pro.h:s	=lv	v:pred	rv,,pala,∅	∅	∅	∅	∅,∅	10004	∅	∅	∅,∅	10004	∅	∅	∅
pala_0166,mcveraa,dim 'ēv ēn 'erē dudu vada,#	di	=m	'ēv	ēn	'erē	dudu	vada,#	3SG	=TAM1	cut	ART	PL	leaf	pandanas,and cut some panundas leaves.,en,MORPHEME_ALIGNED,,pala_b_mp3 pala_b_wav pala_b_eaf pala_b_xml pala_b_tsv,,156991,158842,##	pro.h:a	=lv	v:pred	ln	ln	np:p	rn,,pala,∅	∅	∅	∅	∅	∅	new	∅,∅	10004	∅	∅	∅	∅	10043	∅,∅	10004	∅	∅	∅	∅	10043	∅
pala_0167,mcveraa,'ēv ēn dudu vada ne san̄wul alē di ne rem duruk rem rōw va'anē,#	ZERO	'ēv	ēn	dudu	vada	ne	san̄wul	#	alē	di	ne	rem	#	duru	=k	rem	rōw	va'anē,#	ZERO	cut	ART	leaf	pandanas	NUM.ART	ten	#	alright	3SG	TAM2:3SG	climb	#	3DL	=TAM2	climb	jump	TEMP.DEM1,Cut ten panundas leaves and then she climbed .. the two climbed down.,en,MORPHEME_ALIGNED,,pala_b_mp3 pala_b_wav pala_b_eaf pala_b_xml pala_b_tsv,,158842,163839,##	0.h:a	v:pred	ln	np:p	rn	rn	rn	##	other	pro.h:s	lv-pro_h_s	v:pred	##	pro.h:s	=lv	v:pred	rv	other,,pala,∅	∅	∅	∅	∅	∅	∅	∅	∅	∅	∅	∅	∅	∅	∅	∅	∅	∅	∅,∅	10004	∅	∅	10043	∅	∅	∅	∅	∅	10004	∅	∅	∅	10005	∅	∅	∅	∅,∅	10004	∅	∅	10043	∅	∅	∅	∅	∅	10004	∅	∅	∅	10005	∅	∅	∅	∅
pala_0168,mcveraa,durum rem rōw lēn nak susuō 'anē'ē,#	duru	=m	rem	rōw	lē	=n	nak	su-suō	anē'ē,#	3DL	=TAM1	climb	jump	LOC	=ART	canoe	RED-paddle	DEM1.A,When they climbed down into the canoe,en,MORPHEME_ALIGNED,,pala_b_mp3 pala_b_wav pala_b_eaf pala_b_xml pala_b_tsv,,163839,166238,##	pro.h:s	=lv	v:pred	rv	adp	=ln	np:g	rn	rn,,pala,∅	∅	∅	∅	∅	∅	∅	∅	∅	∅,∅	10005	∅	∅	∅	∅	∅	10025	∅	∅,∅	10005	∅	∅	∅	∅	∅	10025	∅	∅
pala_0169,mcveraa,'uwam̄ēre nē sag 'irwur won 'isim̄ēre nē sag 'irwur won 'uwam̄ēre nē sag 'ōw'ōw,#	'uwam̄ēre	ne	sag	'irwur	#	wo	=n	'isim̄ēre	ne	sag	'irwur	#	wo	=n	'uwam̄ēre	ne	sag	'ōw'ōw,#	firstborn.sibling	TAM2:3SG	sit	last	#	and	=ART	secondborn.sibling	TAM2:3SG	sit	behind	#	and	=ART	firstborn.sibling	TAM2:3SG	sit	before,The older one sat in the back ... the younger one sat in the back and the older one sat in the front.,en,MORPHEME_ALIGNED,,pala_b_mp3 pala_b_wav pala_b_eaf pala_b_xml pala_b_tsv,,166238,171468,#nc	nc_np.h	nc	nc	nc	##	other	=ln	np.h:s	lv-pro_h_s	v:pred	other	##	other	=ln	np.h:s	lv-pro_h_s	v:pred	other,,pala,∅	∅	∅	∅	∅	∅	∅	∅	∅	∅	∅	∅	∅	∅	∅	∅	∅	∅	∅,∅	10003	∅	∅	∅	∅	∅	∅	10004	∅	∅	∅	∅	∅	∅	10003	∅	∅	∅,∅	10003	∅	∅	∅	∅	∅	∅	10004	∅	∅	∅	∅	∅	∅	10003	∅	∅	∅
pala_0170,mcveraa,en duruk suō va'agēn,#	e	duru	=k	suō	va'agēn,#	CC	3DL	=TAM2	paddle	TEMP.DEM2,And then the two paddled.,en,MORPHEME_ALIGNED,,pala_b_mp3 pala_b_wav pala_b_eaf pala_b_xml pala_b_tsv,,171468,173231,##	other	pro.h:s	=lv	v:pred	other,,pala,∅	∅	∅	∅	∅	∅,∅	∅	10005	∅	∅	∅,∅	∅	10005	∅	∅	∅
pala_0171,mcveraa,duruk suō suō su su su su sir ēn ēn ēn n̄ērsigi vōwal lik 'anē'ē 'amē duruk mul kel,#	duru	=k	suō	#	ZERO	suō	su	su	su	#	ZERO	su	sir	ēn	ēn	ēn	n̄ērsi-gi	vō-wal	lik	anē'ē	#	'amē	duru	=k	mul	kel,#	3DL	=TAM2	paddle	#	ZERO	paddle	paddle	paddle	paddle	#	ZERO	paddle	towards	ART	ART	ART	point-3SG	NUM-one	more	DEM1.A	#	ASS	3DL	=TAM2	go	back,The two paddle and paddle and paddle towards a point again in order to get home again.,en,MORPHEME_ALIGNED,,pala_b_mp3 pala_b_wav pala_b_eaf pala_b_xml pala_b_tsv,,173231,179758,##	pro.h:s	=lv	v:pred	##	0.h:s	v:pred	nc	nc	nc	##	0.h:s	v:pred	adp	nc	ln	nc	np:g	rn	rn	rn	##	other	pro.h:s	=lv	v:pred	rv,,pala,∅	∅	∅	∅	∅	∅	∅	∅	∅	∅	∅	∅	∅	∅	∅	∅	∅	new	∅	∅	∅	∅	∅	∅	∅	∅	∅,∅	10005	∅	∅	∅	10005	∅	∅	∅	∅	∅	10005	∅	∅	∅	∅	∅	10044	∅	∅	∅	∅	∅	10005	∅	∅	∅,∅	10005	∅	∅	∅	10005	∅	∅	∅	∅	∅	10005	∅	∅	∅	∅	∅	10044	∅	∅	∅	∅	∅	10005	∅	∅	∅
pala_0172,mcveraa,duruk din̄ ēn n̄ērsigi 'anē'ē,#	duru	=k	din̄	ēn	n̄ērsi-gi	anē'ē,#	3DL	=TAM2	reach	ART	point-3SG	DEM1.A,The two reached this point.,en,MORPHEME_ALIGNED,,pala_b_mp3 pala_b_wav pala_b_eaf pala_b_xml pala_b_tsv,,179758,181949,##	pro.h:a	=lv	v:pred	ln	np:p	rn,,pala,∅	∅	∅	∅	∅	∅	∅,∅	10005	∅	∅	∅	10044	∅,∅	10005	∅	∅	∅	10044	∅
pala_0173,mcveraa,e sōw ēn durum suō gala 'anē'ē,#	e	sōw	ē	duru	=m	suō	gala	ZERO	anē'ē,#	CC	DISC	DISC	3DL	=TAM1	paddle	pass	ZERO	DEM1.A,"So, when they had paddled past",en,MORPHEME_ALIGNED,,pala_b_mp3 pala_b_wav pala_b_eaf pala_b_xml pala_b_tsv,,181949,183843,##	other	other	other	pro.h:a	=lv	v:pred	rv	0:p	other,,pala,∅	∅	∅	∅	∅	∅	∅	∅	∅	∅,∅	∅	∅	∅	10005	∅	∅	∅	10044	∅,∅	∅	∅	∅	10005	∅	∅	∅	10044	∅
pala_0174,mcveraa,sōw ēn fesbon ne tēk mēn ... e 'uwam̄ēre ne tēk mēn e 'isim̄ēre so,#	sōw	ēn	fesbon	ne	tēk	mē	=n	#	e	'uwam̄ēre	ne	tēk	mē-n	e	'isim̄ēre	so,#	DISC	ART	older	TAM2:3SG	speak	DAT	=ART	#	CC	firstborn.sibling	TAM2:3SG	speak	DAT-CS	PERS.ART	secondborn.sibling	QUOT,the older one said to the younger one:,en,MORPHEME_ALIGNED,,pala_b_mp3 pala_b_wav pala_b_eaf pala_b_xml pala_b_tsv,,183843,189283,#nc	nc	nc	nc_np.h	nc	nc	nc	nc	##	other	np.h:s	lv-pro_h_s	v:pred	adp	ln	np.h:g	other,,pala,∅	∅	∅	∅	∅	∅	∅	∅	∅	∅	∅	∅	∅	∅	∅	∅	∅,∅	∅	∅	10003	∅	∅	∅	∅	∅	∅	10003	∅	∅	∅	∅	10004	∅,∅	∅	∅	10003	∅	∅	∅	∅	∅	∅	10003	∅	∅	∅	∅	10004	∅
pala_0175,mcveraa,hei dum suō gala 'agēnē nike 'iv ēn 'uwō va'anē,#	hei	du	=m	suō	gala	ZERO	agēnē	#	nik	ē	'iv	ēn	'uwō	va'anē,#	INTERJ	3DL	=TAM1	paddle	pass	ZERO	DEM2.ADN	#	2.SG	TAM2:2SG	blow	ART	horn	TEMP.DEM1,"'Hey, when we have paddled past here, blow the horn.'",en,MORPHEME_ALIGNED,,pala_b_mp3 pala_b_wav pala_b_eaf pala_b_xml pala_b_tsv,,189283,193958,##	other	wpro.1:a	=lv	v:pred	rv	0:p	other	##	pro.2:a	lv-pro_2_a	v:pred	ln	np:p	other,,pala,∅	∅	∅	∅	∅	∅	∅	∅	∅	∅	∅	∅	∅	∅	∅,∅	∅	10005	∅	∅	∅	10044	∅	∅	10004	∅	∅	∅	10042	∅,∅	∅	10005	∅	∅	∅	10044	∅	∅	10004	∅	∅	∅	10042	∅
pala_0176,mcveraa,sōw ēn 'uwam̄ēre so,#	sōw	ēn	'uwam̄ēre	so,#	DISC	ART	firstborn.sibling	QUOT,The older one:,en,MORPHEME_ALIGNED,,pala_b_mp3 pala_b_wav pala_b_eaf pala_b_xml pala_b_tsv,,193958,194969,##	other	ln	np.h:s	other:pred,,pala,∅	∅	∅	∅	∅,∅	∅	∅	10003	∅,∅	∅	∅	10003	∅
pala_0177,mcveraa,'oōo',#	'oōo',#	no,'No!,en,MORPHEME_ALIGNED,,pala_b_mp3 pala_b_wav pala_b_eaf pala_b_xml pala_b_tsv,,194969,195863,#nc	nc,,pala,∅	∅,∅	∅,∅	∅
pala_0178,mcveraa,'ovi'i den duk 'iv ēn 'uwō 'anē won 'ama' ne rōn̄ gēduō,#	'ovi'i	#	den	du	=k	'iv	ēn	'uwō	anē	#	wo	=n	'ama'	ne	rōn̄	giduō,#	PROH	#	ABL	1.DL.IN	=TAM2	blow	ART	horn	DEM1.A	#	and	=ART	spirit	TAM2:3SG	hear	1DL.IN,"Don't, because if we blow the horn, the devil will hear us.'",en,MORPHEME_ALIGNED,,pala_b_mp3 pala_b_wav pala_b_eaf pala_b_xml pala_b_tsv,,195863,199225,#nc	nc	##ds	other	wpro.1:a	=lv	v:pred	ln	np:p	rn	##ds	other	=ln	np.d:a	lv-pro_d_a	v:pred	pro.1:p,,pala,∅	∅	∅	∅	∅	∅	∅	∅	∅	∅	∅	∅	∅	∅	∅	∅	∅,∅	∅	∅	∅	10005	∅	∅	∅	10042	∅	∅	∅	∅	10016	∅	∅	10005,∅	∅	∅	∅	10005	∅	∅	∅	10042	∅	∅	∅	∅	10016	∅	∅	10005
pala_0179,mcveraa,so iv,#	ZERO	so	#	ZERO	iv	ZERO,#	ZERO	QUOT	#	ZERO	blow	ZERO,'Blow!',en,MORPHEME_ALIGNED,,pala_b_mp3 pala_b_wav pala_b_eaf pala_b_xml pala_b_tsv,,199225,201125,##	0.h:s	other:pred	##ds	0.2:a	v:pred	0:p,,pala,∅	∅	∅	∅	∅	∅	∅,∅	10003	∅	∅	10004	∅	10042,∅	10003	∅	∅	10004	∅	10042
pala_0180,mcveraa,di ne iv,#	di	ne	iv	ZERO,#	3SG	TAM2:3SG	blow	ZERO,Then she blew.,en,MORPHEME_ALIGNED,,pala_b_mp3 pala_b_wav pala_b_eaf pala_b_xml pala_b_tsv,,201125,202511,##	pro.h:a	lv-pro_h_a	v:pred	0:p,,pala,∅	∅	∅	∅	∅,∅	10004	∅	∅	10042,∅	10004	∅	∅	10042
pala_0181,mcveraa,'iv ēn 'uwō 'anē'ē,#	ZERO	'iv	ēn	'uwō	anē'ē,#	ZERO	blow	ART	horn	DEM1.A,Blew the horn,en,MORPHEME_ALIGNED,,pala_b_mp3 pala_b_wav pala_b_eaf pala_b_xml pala_b_tsv,,202511,203765,##	0.h:a	v:pred	ln	np:p	other,,pala,∅	∅	∅	∅	∅	∅,∅	10004	∅	∅	10042	∅,∅	10004	∅	∅	10042	∅
pala_0182,mcveraa,n 'ama ē nē rōn̄ duruō va'anē ne vrig 'a'ag man qōrō lie va'anē ne din̄ ēn lie ne wak,#	n	'ama'	ē	ne	rōn̄	duruō	va'anē	#	ZERO	ne	vrig	'a'ag	ma	=n	qōrō	lie	va'anē	#	ZERO	ne	din̄	ēn	lie	#	ZERO	ne	wak,#	ART	spirit	DEM3	TAM2:3SG	hear	3DL	TEMP.DEM1	#	ZERO	TAM2:3SG	rush	follow	hither	=ART	hole	cave	TEMP.DEM1	#	ZERO	TAM2:3SG	flick	ART	cave	#	ZERO	TAM2:3SG	open,"and the devil heard the two, ran following the caves, snipped the caves open.",en,MORPHEME_ALIGNED,,pala_b_mp3 pala_b_wav pala_b_eaf pala_b_xml pala_b_tsv,,203765,208206,##	ln	np.d:a	rn	lv-pro_d_a	v:pred	pro.h:p	other	##	0.d:a	lv-pro_d_a	v:pred	rv	rv	=ln	ln	np:p	other	##	0.d:a	lv-pro_d_a	v:pred	ln	np:p	##	0:s	lv-pro_s	v:pred,,pala,∅	∅	∅	∅	∅	∅	∅	∅	∅	∅	∅	∅	∅	∅	∅	∅	∅	∅	∅	∅	∅	∅	∅	∅	∅	∅	∅	∅,∅	∅	10016	∅	∅	∅	10005	∅	∅	10016	∅	∅	∅	∅	∅	10034	∅	∅	∅	10016	∅	∅	∅	10034	∅	10034	∅	∅,∅	∅	10016	∅	∅	∅	10005	∅	∅	10016	∅	∅	∅	∅	∅	10034	∅	∅	∅	10016	∅	∅	∅	10034	∅	10034	∅	∅
pala_0183,mcveraa,di ne vrigē vrigē vrivrivrigē ne vrig din̄ man gabērēlo ne 'ēn e ruwa man rēv sur ēn nak susuō,#	di	ne	vrigē	#	ZERO	vrigē	vri:vri:vrig=ē	#	ZERO	ne	vrig	din̄	ma	=n	gabērēlo	#	ZERO	ne	'ēn	#	e	ruwa	man	rēv	sur	ēn	nak	su-suō,#	3SG	TAM2:3SG	rush	#	ZERO	rush	RED:RED:rush=EV	#	ZERO	TAM2:3SG	rush	reach	hither	=ART	more	#	ZERO	TAM2:3SG	see	#	PERS.ART	two	PFV	drag	downwind	ART	canoe	RED-paddle,"He ran, ran and ran, reached the sea and saw that the two had already dragged down the canoe.",en,MORPHEME_ALIGNED,,pala_b_mp3 pala_b_wav pala_b_eaf pala_b_xml pala_b_tsv,,208206,213932,##	pro.d:s	lv-pro_d_s	v:pred	##	0.d:s	v:pred	rv	##	0.d:a	lv-pro_d_a	v:pred	rv	rv	ln	np:p	##	0.d:s	lv-pro_d_s	v:pred	#cc	ln	np.h:a	lv	v:pred	rv	ln	np:p	rn,,pala,∅	∅	∅	∅	∅	∅	∅	∅	∅	∅	∅	∅	∅	∅	∅	∅	∅	∅	∅	∅	∅	∅	∅	∅	∅	∅	∅	∅	∅,∅	10016	∅	∅	∅	10016	∅	∅	∅	10016	∅	∅	∅	∅	∅	10024	∅	10016	∅	∅	∅	∅	10005	∅	∅	∅	∅	10025	∅,∅	10016	∅	∅	∅	10016	∅	∅	∅	10016	∅	∅	∅	∅	∅	10024	∅	10016	∅	∅	∅	∅	10005	∅	∅	∅	∅	10025	∅
pala_0184,mcveraa,e di ne 'aq sur suw lēn naw anē so,#	e	di	ne	'aq	sur	suw	lē	=n	naw	anē	#	ZERO	so,#	DISC	3SG	TAM2:3SG	bend	downwind	thither	LOC	=ART	salt.water	DEM1.A	#	ZERO	QUOT,Then he bent down towards the sea and said:,en,MORPHEME_ALIGNED,,pala_b_mp3 pala_b_wav pala_b_eaf pala_b_xml pala_b_tsv,,213932,216372,##	other	pro.d:s	lv-pro_d_s	v:pred	rv	rv	adp	=ln	np:g	rn	##	0.d:s	other:pred,,pala,∅	∅	∅	∅	∅	∅	∅	∅	∅	∅	∅	∅	∅	∅,∅	∅	10016	∅	∅	∅	∅	∅	∅	10024	∅	∅	10016	∅,∅	∅	10016	∅	∅	∅	∅	∅	∅	10024	∅	∅	10016	∅
pala_0185,mcveraa,ga gitok kumrum van no me nome kur kumruō,#	ga	gitok	#	kumru	=m	van	#	no	me	#	no	me	kur	kumruō,#	STAT	good	#	2DL	=TAM1	go	#	1SG	FUT	#	1SG	FUT	devour	2DL,"'All right, you two have gone, so I will eat you two.'",en,MORPHEME_ALIGNED,,pala_b_mp3 pala_b_wav pala_b_eaf pala_b_xml pala_b_tsv,,216372,218602,##ds	lv	v:pred	##ds	pro.2:s	=lv	v:pred	#nc	nc_pro.1	nc	##ds	pro.1:a	lv	v:pred	pro.2:p,,pala,∅	∅	∅	∅	∅	∅	∅	∅	∅	∅	∅	∅	∅	∅	∅,∅	∅	∅	∅	10005	∅	∅	∅	10016	∅	∅	10016	∅	∅	10005,∅	∅	∅	∅	10005	∅	∅	∅	10016	∅	∅	10016	∅	∅	10005
pala_0186,mcveraa,nē ne 'aq sur suwō ne ruruv ēn naw,#	nē	ZERO	ne	'aq	sur	suwō	#	ZERO	ne	ru-ruv	ēn	naw,#	DEM1	ZERO	TAM2:3SG	bend	downwind	thither	#	ZERO	TAM2:3SG	RED-suck.in	ART	salt.water,Bent downwards and breathed in the sea.,en,MORPHEME_ALIGNED,,pala_b_mp3 pala_b_wav pala_b_eaf pala_b_xml pala_b_tsv,,218602,220661,##	other	0.d:s	lv-pro_d_s	v:pred	rv	rv	##	0.d:a	lv-pro_d_a	v:pred	ln	np:p,,pala,∅	∅	∅	∅	∅	∅	∅	∅	∅	∅	∅	∅	∅,∅	∅	10016	∅	∅	∅	∅	∅	10016	∅	∅	∅	10024,∅	∅	10016	∅	∅	∅	∅	∅	10016	∅	∅	∅	10024
pala_0187,mcveraa,dim ruruv ēn naw 'asenē ruruv ēn naw 'asenēn rer 'alēn naw 'anē rekso ne rēv kēl ēn nak susuō anē,#	di	=m	ru-ruv	ēn	naw	asenē	#	ZERO	ru-ruv	ēn	naw	asenē	#	=n	rer	'alē	=n	naw	anē	rekso	ne	rēv	kēl	ēn	nak	su-suō	anē,#	3SG	=TAM1	RED-suck.in	ART	salt.water	MAN.DEM1.A	#	ZERO	RED-suck.in	ART	salt.water	MAN.DEM1.A	#	=ART	current	ASS	=ART	salt.water	DEM1.A	like	TAM2:3SG	drag	back	ART	canoe	RED-paddle	DEM1.A,"He breathed in the sea like this, breathed in the sea like this, the [UNCLEAR] of the sea, to drag back the canoe.",en,MORPHEME_ALIGNED,,pala_b_mp3 pala_b_wav pala_b_eaf pala_b_xml pala_b_tsv,,220668,227588,##	pro.d:a	=lv	v:pred	ln	np:p	other	##	0.d:a	v:pred	ln	np:p	other	##	=ln	np:a	rn	rn	rn_np	rn	other	lv-pro_a	v:pred	rv	ln	np:p	rn	rn,,pala,∅	∅	∅	∅	∅	∅	∅	∅	∅	∅	∅	∅	∅	∅	∅	bridging	∅	∅	∅	∅	∅	∅	∅	∅	∅	∅	∅	∅,∅	10016	∅	∅	∅	10024	∅	∅	10016	∅	∅	10024	∅	∅	∅	10045	∅	∅	10024	∅	∅	∅	∅	∅	∅	10025	∅	∅,∅	10016	∅	∅	∅	10024	∅	∅	10016	∅	∅	10024	∅	∅	∅	10045	∅	∅	10024	∅	∅	∅	∅	∅	∅	10025	∅	∅
pala_0188,mcveraa,wo 'isim̄ēre 'anē ne 'an̄ vē'ēn dudu vada ne vōwal ne van ma nē [UNCLEAR] es ēn 'an̄dogi 'anē,#	wo	'isim̄ēre	anē	ne	'an̄	vē'ē	=n	dudu	vada	ne	vō-wal	#	ZERO	ne	van	ma	nē	NC	#	ZERO	'es	ēn	'an̄do	-gi	anē,#	and	secondborn.sibling	DEM1.A	TAM2:3SG	hand.movement	off	=ART	leaf	pandanas	NUM.ART	NUM-one	#	ZERO	TAM2:3SG	go	hither	DEM1	NC	#	ZERO	spear	ART	throat	-3SG	DEM1.A,and the younger one threw a panundas leaf so that it comes to pierce his throat.,en,MORPHEME_ALIGNED,,pala_b_mp3 pala_b_wav pala_b_eaf pala_b_xml pala_b_tsv,,227588,233328,##	other	np.h:a	rn	lv-pro_h_a	v:pred	rv	ln	np:p	rn	rn	rn	##	0:s	lv-pro_s	v:pred	rv	other	nc	##	0:a	v:pred	ln	np:p	-rn_pro.d:poss	rn,,pala,∅	∅	∅	∅	∅	∅	∅	∅	bridging	∅	∅	∅	∅	∅	∅	∅	∅	∅	∅	∅	∅	∅	∅	bridging	∅	∅,∅	∅	10004	∅	∅	∅	∅	∅	10046	∅	∅	∅	∅	10046	∅	∅	∅	∅	∅	∅	10046	∅	∅	10047	10016	∅,∅	∅	10004	∅	∅	∅	∅	∅	10046	∅	∅	∅	∅	10046	∅	∅	∅	∅	∅	∅	10046	∅	∅	10047	10016	∅
pala_0189,mcveraa,n 'ama' ne vrigē sar ne da sir,#	n	'ama'	ne	vrigē	sar	#	ZERO	ne	da	sir	ZERO,#	ART	spirit	TAM2:3SG	rush	inland	#	ZERO	TAM2:3SG	do	because	ZERO,The devil ran upwards and did something about (it).,en,MORPHEME_ALIGNED,,pala_b_mp3 pala_b_wav pala_b_eaf pala_b_xml pala_b_tsv,,233328,234708,##	ln	np.d:s	lv-pro_d_s	v:pred	rv	##	0.d:s	lv-pro_d_s	v:pred	adp	0:obl,,pala,∅	∅	∅	∅	∅	∅	∅	∅	∅	∅	∅	∅,∅	∅	10016	∅	∅	∅	∅	10016	∅	∅	∅	10046,∅	∅	10016	∅	∅	∅	∅	10016	∅	∅	∅	10046
pala_0190,mcveraa,duruk wō? suō galan n̄ērsigi vōwal,#	duru	=k	wō?	suō	gala	=n	n̄ērsi-gi	vō-wal,#	3DL	=TAM2	NC	paddle	pass	=ART	point-3SG	NUM-one,Then the two paddled past one point.,en,MORPHEME_ALIGNED,,pala_b_mp3 pala_b_wav pala_b_eaf pala_b_xml pala_b_tsv,,234708,237846,##	pro.h:a	=lv	nc	v:pred	rv	ln	np:p	rn,,pala,∅	∅	∅	∅	∅	∅	∅	∅	∅,∅	10005	∅	∅	∅	∅	∅	10044	∅,∅	10005	∅	∅	∅	∅	∅	10044	∅
pala_0191,mcveraa,qē' duruk suō suō suō suō duruk suō sir ēn n̄ērsigi vōruō nagi,#	qē'	duru	=k	suō	#	suō	suō	suō	#	duru	=k	suō	sir	ēn	n̄ērsi-gi	vō-ruō	na-gi,#	finish	3DL	=TAM2	paddle	#	paddle	paddle	paddle	#	3DL	=TAM2	paddle	towards	ART	point-3SG	NUM-two	ORD-3SG,"Then the two paddled and paddled, the two paddled towards the second point.",en,MORPHEME_ALIGNED,,pala_b_mp3 pala_b_wav pala_b_eaf pala_b_xml pala_b_tsv,,237846,244380,##	other	pro.h:s	=lv	v:pred	#nc	nc	nc	nc	##	pro.h:s	=lv	v:pred	adp	ln	np:g	rn	rn,,pala,∅	∅	∅	∅	∅	∅	∅	∅	∅	∅	∅	∅	∅	∅	∅	new	∅	∅,∅	∅	10005	∅	∅	∅	∅	∅	∅	∅	10005	∅	∅	∅	∅	10048	∅	∅,∅	∅	10005	∅	∅	∅	∅	∅	∅	∅	10005	∅	∅	∅	∅	10048	∅	∅
pala_0192,mcveraa,'ama' ne van rōwē ne 'aq sur ne ruv lik ēn naw,#	'ama'	ne	van	rōwē	#	ZERO	ne	'aq	sur	#	ZERO	ne	ruv	lik	ēn	naw,#	spirit	TAM2:3SG	go	seawards	#	ZERO	TAM2:3SG	bend	down	#	ZERO	TAM2:3SG	suck.in	more	ART	salt.water,"The devil went seawards, bent down and breathed in the sea again.",en,MORPHEME_ALIGNED,,pala_b_mp3 pala_b_wav pala_b_eaf pala_b_xml pala_b_tsv,,244380,247200,##	np.d:s	lv-pro_d_s	v:pred	rv	##	0.d:s	lv-pro_d_s	v:pred	rv	##	0.d:a	lv-pro_d_a	v:pred	rv	ln	np:p,,pala,∅	∅	∅	∅	∅	∅	∅	∅	∅	∅	∅	∅	∅	∅	∅	∅	∅,∅	10016	∅	∅	∅	∅	10016	∅	∅	∅	∅	10016	∅	∅	∅	∅	10024,∅	10016	∅	∅	∅	∅	10016	∅	∅	∅	∅	10016	∅	∅	∅	∅	10024
pala_0193,mcveraa,ne ruv ēn naw 'anēm ruruv ēn naw 'anē'ē so nak susuō so ne kel sir ēn 'ama' 'anē'ē,#	ZERO	ne	ruv	ēn	naw	anē	#	ZERO	=m	ru-ruv	ēn	naw	anē'ē	#	so	nak	su-suō	so	ne	kel	sir	ēn	'ama'	anē'ē,#	ZERO	TAM2:3SG	suck.in	ART	salt.water	DEM1.A	#	ZERO	=TAM1	RED-suck.in	ART	salt.water	DEM1.A	#	CPL	canoe	RED-paddle	PROSP	TAM2:3SG	back	towards	ART	spirit	DEM1.A,"Breathed in the sea, breathed in the sea so that the canoe would return to the devil,",en,MORPHEME_ALIGNED,,pala_b_mp3 pala_b_wav pala_b_eaf pala_b_xml pala_b_tsv,,247200,252788,##	0.d:a	lv-pro_d_a	v:pred	ln	np:p	rn	##	0.d:a	=lv	v:pred	ln	np:p	rn	##	other	np:s	rn	other	lv-pro_s	v:pred	adp	ln	np.d:g	rn,,pala,∅	∅	∅	∅	∅	∅	∅	∅	∅	∅	∅	∅	∅	∅	∅	∅	∅	∅	∅	∅	∅	∅	∅	∅	∅,∅	10016	∅	∅	∅	10024	∅	∅	10016	∅	∅	∅	10024	∅	∅	∅	10025	∅	∅	∅	∅	∅	∅	10016	∅,∅	10016	∅	∅	∅	10024	∅	∅	10016	∅	∅	∅	10024	∅	∅	∅	10025	∅	∅	∅	∅	∅	∅	10016	∅
pala_0194,mcveraa,'isim̄ēre ne 'an̄ vē'ē lik ēn dudu vada vōwal 'i lik,#	'isim̄ēre	ne	'an̄	vē'ē	lik	ēn	dudu	vada	vō-wal	'ilik,#	secondborn.sibling	TAM2:3SG	hand.movement	off	more	ART	leaf	pandanas	NUM-one	one.more,and the younger one threw another leaf again.,en,MORPHEME_ALIGNED,,pala_b_mp3 pala_b_wav pala_b_eaf pala_b_xml pala_b_tsv,,252788,256286,##	np.h:a	lv-pro_h_a	v:pred	rv	rv	ln	np:p	rn	rn	rn,,pala,∅	∅	∅	∅	∅	∅	∅	bridging	∅	∅	∅,∅	10004	∅	∅	∅	∅	∅	10049	∅	∅	∅,∅	10004	∅	∅	∅	∅	∅	10049	∅	∅	∅
pala_0195,mcveraa,e dudu vada 'anē'ē ne van s... ne van ma anē ne es ēn 'an̄dō 'ama' 'anēn 'an̄dōgi,#	e	dudu	vada	anē'ē	ne	van	s—	#	ZERO	ne	van	ma	anē	#	ZERO	ne	'es	ēn	'an̄dō	'ama'	anē	=n	'an̄dō	-gi,#	CC	leaf	pandanas	DEM1.A	TAM2:3SG	go	NC	#	ZERO	TAM2:3SG	go	hither	DEM1.A	#	ZERO	TAM2:3SG	spear	ART	throat	spirit	DEM1.A	=ART	throat	-3SG,"And this panundas leaf came and pierced the devil's throat, his throat.",en,MORPHEME_ALIGNED,,pala_b_mp3 pala_b_wav pala_b_eaf pala_b_xml pala_b_tsv,,256286,261904,##	other	np:s	rn	rn	lv-pro_s	v:pred	nc	##	0:s	lv-pro_s	v:pred	rv	other	##	0:a	lv-pro_a	v:pred	ln	np:p	rn_np.d:poss	rn	=ln	np:dt_p	-rn_pro.d:poss,,pala,∅	∅	∅	∅	∅	∅	∅	∅	∅	∅	∅	∅	∅	∅	∅	∅	∅	∅	∅	∅	∅	∅	∅	∅	∅,∅	∅	10049	∅	∅	∅	∅	∅	∅	10049	∅	∅	∅	∅	∅	10049	∅	∅	∅	10047	10016	∅	∅	10047	10016,∅	∅	10049	∅	∅	∅	∅	∅	∅	10049	∅	∅	∅	∅	∅	10049	∅	∅	∅	10047	10016	∅	∅	10047	10016
pala_0196,mcveraa,di ne van sar ē dada sir so ne lerieg ēn vada 'anē'ē,#	di	ne	van	sar	#	e	ZERO	dada	sir	ZERO	#	ZERO	so	ne	lerieg	ēn	vada	anē'ē,#	3SG	TAM2:3SG	go	inland	#	DISC	ZERO	RED:do	for	ZERO	#	ZERO	PROSP	TAM2:3SG	take.out	ART	pandanas	DEM1.A,"He went upwards to do something about it, i.e. to take out the panundas.",en,MORPHEME_ALIGNED,,pala_b_mp3 pala_b_wav pala_b_eaf pala_b_xml pala_b_tsv,,261904,265250,##	pro.d:s	lv-pro_d_s	v:pred	rv	##	other	0.d:a	v:pred	adp	0:obl	##	0.d:a	other	lv-pro_d_a	v:pred	ln	np:p	rn,,pala,∅	∅	∅	∅	∅	∅	∅	∅	∅	∅	∅	∅	∅	∅	∅	∅	∅	∅	∅,∅	10016	∅	∅	∅	∅	∅	10016	∅	∅	10049	∅	10016	∅	∅	∅	∅	10049	∅,∅	10016	∅	∅	∅	∅	∅	10016	∅	∅	10049	∅	10016	∅	∅	∅	∅	10049	∅
pala_0197,mcveraa,duruk suō galan n̄ērsigi vōruō va'anē,#	duru	=k	suō	gala	=n	n̄ērsi-gi	vō-ruō	va'anē,#	3DL	=TAM2	paddle	pass	=ART	point-3SG	NUM-two	TEMP.DEM1,The two paddle past the second point now.,en,MORPHEME_ALIGNED,,pala_b_mp3 pala_b_wav pala_b_eaf pala_b_xml pala_b_tsv,,265250,269450,##	pro.h:a	=lv	v:pred	rv	ln	np:p	rn	other,,pala,∅	∅	∅	∅	∅	∅	∅	∅	∅,∅	10005	∅	∅	∅	∅	10048	∅	∅,∅	10005	∅	∅	∅	∅	10048	∅	∅
pala_0198,mcveraa,'alē durum suō susuō,#	alē	duru	=m	suō	su:suō,#	INTERJ	3DL	=TAM1	paddle	RED:paddle,"All right, the two paddled, paddled and paddled.",en,MORPHEME_ALIGNED,,pala_b_mp3 pala_b_wav pala_b_eaf pala_b_xml pala_b_tsv,,269450,272194,##	other	pro.h:s	=lv	v:pred	nc,,pala,∅	∅	∅	∅	∅	∅,∅	∅	10005	∅	∅	∅,∅	∅	10005	∅	∅	∅
pala_0199,mcveraa,di ne 'aq sur lik suw anē ruruv lik,#	di	ne	'aq	sur	lik	suw	anē	#	ZERO	ru-ruv	lik	ZERO,#	3SG	TAM2:3SG	bend	inland	more	thither	DEM1.A	#	ZERO	RED-suck.in	more	ZERO,"He bent down again, breathed in again.",en,MORPHEME_ALIGNED,,pala_b_mp3 pala_b_wav pala_b_eaf pala_b_xml pala_b_tsv,,272194,274567,##	pro.d:s	lv-pro_d_s	v:pred	rv	rv	rv	other	##	0.d:a	v:pred	rv	0:p,,pala,∅	∅	∅	∅	∅	∅	∅	∅	∅	∅	∅	∅	∅,∅	10016	∅	∅	∅	∅	∅	∅	∅	10016	∅	∅	10024,∅	10016	∅	∅	∅	∅	∅	∅	∅	10016	∅	∅	10024
pala_0200,mcveraa,duruk 'an̄ vē'ē lik ēn dudu vada vōwal 'i lik ne van 'anē ne es lik ēn 'an̄dōgi,#	duru	=k	'an̄	vē'ē	lik	ēn	dudu	vada	vō-wal	'ilik	#	ZERO	ne	van	anē	#	ZERO	ne	'es	lik	ēn	'an̄dō	-gi,#	3DL	=TAM2	hand.move	off	more	ART	leaf	pandanas	NUM-one	one.more	#	ZERO	TAM2:3SG	go	DEM1.A	#	ZERO	TAM2:3SG	spear	more	ART	throat	-3SG,"The two threw out another panundas leaf, and it went and pierced his throat again.",en,MORPHEME_ALIGNED,,pala_b_mp3 pala_b_wav pala_b_eaf pala_b_xml pala_b_tsv,,274567,279513,##	pro.h:a	=lv	v:pred	rv	rv	ln	np:p	rn	rn	rn	##	0:s	lv-pro_s	v:pred	other	##	0:a	lv-pro_a	v:pred	rv	ln	np:p	-rn_pro.d:poss,,pala,∅	∅	∅	∅	∅	∅	∅	bridging	∅	∅	∅	∅	∅	∅	∅	∅	∅	∅	∅	∅	∅	∅	∅	∅,∅	10005	∅	∅	∅	∅	∅	10050	∅	∅	∅	∅	10050	∅	∅	∅	∅	10050	∅	∅	∅	∅	10047	10016,∅	10005	∅	∅	∅	∅	∅	10050	∅	∅	∅	∅	10050	∅	∅	∅	∅	10050	∅	∅	∅	∅	10047	10016
pala_0201,mcveraa,di ne van sar ne dada 'i lik sir,#	di	ne	van	sar	#	ZERO	ne	dada	'ilik	sir	ZERO,#	3SG	TAM2:3SG	go	inland	#	ZERO	TAM2:3SG	RED:do	one.more	for	ZERO,He went upwards and did something about it again.,en,MORPHEME_ALIGNED,,pala_b_mp3 pala_b_wav pala_b_eaf pala_b_xml pala_b_tsv,,279513,281545,##	pro.d:s	lv-pro_d_s	v:pred	rv	##	0.d:s	lv-pro_d_s	v:pred	rv	adp	0:obl,,pala,∅	∅	∅	∅	∅	∅	∅	∅	∅	∅	∅	∅,∅	10016	∅	∅	∅	∅	10016	∅	∅	∅	∅	10050,∅	10016	∅	∅	∅	∅	10016	∅	∅	∅	∅	10050
pala_0202,mcveraa,ne duru man suō galan n̄ērsigi ne vō'ōl va'anē,#	ZERO	ne	#	duru	man	suō	gala	=n	n̄ērsi-gi	ne	vō-'ōl	va'anē,#	ZERO	TAM2	#	3DL	PFV	paddle	pass	=ART	point-3SG	NUM.ART	NUM-three	TEMP.DEM1,Now the two had already paddled past three points.,en,MORPHEME_ALIGNED,,pala_b_mp3 pala_b_wav pala_b_eaf pala_b_xml pala_b_tsv,,281545,285639,#nc	nc	nc	##	pro.h:a	lv	v:pred	rv	=ln	np:p	rn	rn	other,,pala,∅	∅	∅	∅	∅	∅	∅	∅	∅	bridging	∅	∅	∅,∅	∅	∅	∅	10005	∅	∅	∅	∅	10051	∅	∅	∅,∅	∅	∅	∅	10005	∅	∅	∅	∅	10051	∅	∅	∅
pala_0203,mcveraa,'alē duruk suō,#	alē	duru	=k	suō,#	INTERJ	3DL	=TAM2	paddle,"All right, the two paddle.",en,MORPHEME_ALIGNED,,pala_b_mp3 pala_b_wav pala_b_eaf pala_b_xml pala_b_tsv,,285639,287166,##	other	pro.h:s	=lv	v:pred,,pala,∅	∅	∅	∅	∅,∅	∅	10005	∅	∅,∅	∅	10005	∅	∅
pala_0204,mcveraa,durum da 'asēnēm suō 'asēnēm susuō 'asēnēn,#	duru	=m	da	asēnē	#	ZERO	=m	suō	asēnē	#	ZERO	=m	su-suō	asēnē	#	=n,#	3DL	=TAM1	do	MAN.DEM1.A	#	ZERO	=TAM1	paddle	MAN.DEM1.A	#	ZERO	=TAM1	RED-paddle	MAN.DEM1.A	#	=ART,"The two did like this, paddled like this, paddled like this,",en,MORPHEME_ALIGNED,,pala_b_mp3 pala_b_wav pala_b_eaf pala_b_xml pala_b_tsv,,287166,290047,##	pro.h:s	=lv	v:pred	other	##	0.h:s	=lv	v:pred	other	##	0.h:s	=lv	v:pred	other	##	=ln,,pala,∅	∅	∅	∅	∅	∅	∅	∅	∅	∅	∅	∅	∅	∅	∅	∅	∅,∅	10005	∅	∅	∅	∅	10005	∅	∅	∅	∅	10005	∅	∅	∅	∅	∅,∅	10005	∅	∅	∅	∅	10005	∅	∅	∅	∅	10005	∅	∅	∅	∅	∅
pala_0205,mcveraa,'amam ruruv ēn naw 'asēnē,'ama'	=m	ru-ruv	ēn	naw	asēnē,spirit	=TAM1	RED-suck.in	ART	salt.water	MAN.DEM1.A,and the devil breathed in the sea like this,en,MORPHEME_ALIGNED,,pala_b_mp3 pala_b_wav pala_b_eaf pala_b_xml pala_b_tsv,,290047,291278,np.d:a	=lv	v:pred	ln	np:p	other,,pala,∅	∅	∅	∅	∅	∅,10016	∅	∅	∅	10024	∅,10016	∅	∅	∅	10024	∅
pala_0206,mcveraa,n̄ērsigi a durum suō 'anē vag san̄wul 'anē dudu vada 'anē durum 'ēv san̄wul,#	n̄ērsi-gi	#	a	duru	=m	suō	%	anē	vag-san̄wul	anē	#	dudu	vada	anē	duru	=m	'ēv	san̄wul,#	point-3SG	#	REL	3DL	=TAM1	paddle	%	DEM1.A	MULT-ten	DEM1.A	#	leaf	pandanas	DEM1.A	3DL	=TAM1	cut	ten,"The points that the two paddled past, there were ten of them, and these panundas leaves, the two had cut ten.",en,MORPHEME_ALIGNED,,pala_b_mp3 pala_b_wav pala_b_eaf pala_b_xml pala_b_tsv,,291284,297329,##	np:s	#rc_rn	other	pro.h:s	=lv	v:pred	%	rn	other:pred	other	##	np:dt_p	rn	rn	pro.h:a	=lv	v:pred	np:p,,pala,∅	∅	∅	∅	∅	∅	∅	∅	∅	∅	∅	∅	∅	∅	∅	∅	∅	∅	∅,∅	10030	∅	∅	10005	∅	∅	∅	∅	∅	∅	∅	10043	∅	∅	10005	∅	∅	10043,∅	10030	∅	∅	10005	∅	∅	∅	∅	∅	∅	∅	10043	∅	∅	10005	∅	∅	10043
pala_0207,mcveraa,'alē qe'qe' nagi va'anē so duruk suō kal va'anē,#	alē	qēqē	na-gi	va'anē	#	so	duru	=k	suō	kal	va'anē,#	INTERJ	last	ORD-3SG	TEMP.DEM1	#	PROSP	3DL	=TAM2	paddle	upwards	TEMP.DEM1,"All right, the last one now, and then the two would paddle landwards.",en,MORPHEME_ALIGNED,,pala_b_mp3 pala_b_wav pala_b_eaf pala_b_xml pala_b_tsv,,297329,300791,##	other	np:pred	rn	other	##	other	pro.h:s	=lv	v:pred	rv	other,,pala,∅	∅	bridging	∅	∅	∅	∅	∅	∅	∅	∅	∅,∅	∅	10052	∅	∅	∅	∅	10005	∅	∅	∅	∅,∅	∅	10052	∅	∅	∅	∅	10005	∅	∅	∅	∅
pala_0208,mcveraa,sōw ēn 'ama' ne van rōwē ne 'aq sur lik lēn naw ē so ne ruruv lik ēn naw ē va'anē,#	sōw	ēn	'ama'	ne	van	rōwē	#	ZERO	ne	'aq	sur	lik	lē	=n	naw	ē	#	ZERO	so	ne	ru-ruv	lik	ēn	naw	ē	va'anē,#	DISC	ART	spirit	TAM2:3SG	go	seawards	#	ZERO	TAM2:3SG	bend	down	more	LOC	=ART	salt.water	DEM3	#	ZERO	PROSP	TAM2:3SG	RED-suck.in	more	ART	salt.water	DEM3	TEMP.DEM1,"Then the devil went down, bent down to the sea and breathed in the sea again.",en,MORPHEME_ALIGNED,,pala_b_mp3 pala_b_wav pala_b_eaf pala_b_xml pala_b_tsv,,300791,305648,##	other	ln	np.d:s	lv-pro_d_a	v:pred	other:g	##	0.d:s	lv-pro_d_s	v:pred	rv	rv	adp	=ln	np:g	rn	##	0.d:a	other	lv-pro_d_a	v:pred	rv	ln	np:p	rn	other,,pala,∅	∅	∅	∅	∅	∅	∅	∅	∅	∅	∅	∅	∅	∅	∅	∅	∅	∅	∅	∅	∅	∅	∅	∅	∅	∅	∅,∅	∅	∅	10016	∅	∅	∅	∅	10016	∅	∅	∅	∅	∅	∅	10024	∅	∅	10016	∅	∅	∅	∅	∅	10024	∅	∅,∅	∅	∅	10016	∅	∅	∅	∅	10016	∅	∅	∅	∅	∅	∅	10024	∅	∅	10016	∅	∅	∅	∅	∅	10024	∅	∅
pala_0209,mcveraa,dim ruruv lik ēn naw anē,#	di	=m	ru-ruv	lik	ēn	naw	anē,#	3SG	=TAM1	RED-suck.in	more	ART	salt.water	DEM1.A,"He breathed in the sea again,",en,MORPHEME_ALIGNED,,pala_b_mp3 pala_b_wav pala_b_eaf pala_b_xml pala_b_tsv,,305648,307088,##	pro.h:a	=lv	v:pred	rv	ln	np:p	rn,,pala,∅	∅	∅	∅	∅	∅	∅	∅,∅	10016	∅	∅	∅	∅	10024	∅,∅	10016	∅	∅	∅	∅	10024	∅
pala_0210,mcveraa,dim 'an̄ vē'ēn ēn ēn vada anē'ēn,#	di	=m	'an̄	vē'ē	=n	ēn	ēn	vada	anē'ē	#	=n,#	3SG	=TAM1	hand.movement	off	=ART	ART	ART	pandanas	DEM1.A	#	=ART,"she dropped a panundas again,",en,MORPHEME_ALIGNED,,pala_b_mp3 pala_b_wav pala_b_eaf pala_b_xml pala_b_tsv,,307088,308700,##	pro.h:a	=lv	v:pred	rv	=ln	nc	nc	np:p	rn	##	=ln,,pala,∅	∅	∅	∅	∅	∅	∅	∅	∅	∅	∅	∅,∅	10016	∅	∅	∅	∅	∅	∅	10044	∅	∅	∅,∅	10016	∅	∅	∅	∅	∅	∅	10044	∅	∅	∅
pala_0211,mcveraa,vada van mam es lik ēn 'an̄dōgi anē,vada	van	ma	#	ZERO	=m	'es	lik	ēn	'an̄dō	-gi	anē,pandanas	go	hither	#	ZERO	=TAM1	spear	more	ART	throat	-3SG	DEM1.A,"the panundas came and pierced his throat again,",en,MORPHEME_ALIGNED,,pala_b_mp3 pala_b_wav pala_b_eaf pala_b_xml pala_b_tsv,,308700,310593,np:s	v:pred	rv	##	0:a	=lv	v:pred	rv	ln	np:p	-rn_pro.d:poss	rn,,pala,∅	∅	∅	∅	∅	∅	∅	∅	∅	∅	∅	∅,10044	∅	∅	∅	10044	∅	∅	∅	∅	10047	10016	∅,10044	∅	∅	∅	10044	∅	∅	∅	∅	10047	10016	∅
pala_0212,mcveraa,duruk suō kal lēn n̄ērē'iē,#	duru	=k	suō	kal	lē	=n	n̄ērē'iē,#	3DL	=TAM1	paddle	upwards	LOC	=ART	shoreline,and the two paddled to the shore.,en,MORPHEME_ALIGNED,,pala_b_mp3 pala_b_wav pala_b_eaf pala_b_xml pala_b_tsv,,310593,312167,##	pro.h:s	=lv	v:pred	rv	adp	=ln	np:g,,pala,∅	∅	∅	∅	∅	∅	∅	new,∅	10005	∅	∅	∅	∅	∅	10053,∅	10005	∅	∅	∅	∅	∅	10053
pala_0213,mcveraa,suō kal lēn n̄ērē'iē anē duruk vrigē,#	ZERO	suō	kal	lē	=n	n̄ērē'iē	anē	#	duru	=k	vrigē,#	ZERO	paddle	upwards	LOC	=ART	shoreline	DEM1.A	#	3DL	=TAM2	rush,"Having paddled onto the shore, they started to run.",en,MORPHEME_ALIGNED,,pala_b_mp3 pala_b_wav pala_b_eaf pala_b_xml pala_b_tsv,,312167,314527,##	0.h:s	v:pred	rv	adp	=ln	np:g	rn	##	pro.h:s	=lv	v:pred,,pala,∅	∅	∅	∅	∅	∅	∅	∅	∅	∅	∅	∅,∅	10005	∅	∅	∅	∅	10053	∅	∅	10005	∅	∅,∅	10005	∅	∅	∅	∅	10053	∅	∅	10005	∅	∅
pala_0214,mcveraa,durum vrigē vrigē vrigē vrigē vivivivrigē,#	duru	=m	vrigē	#	vrigē	vrigē	vrigē	vi:vi:vi:vrigē,#	3DL	=TAM1	rush	#	rush	rush	rush	RED:RED:RED:rush,"The two ran and ran, and ran...",en,MORPHEME_ALIGNED,,pala_b_mp3 pala_b_wav pala_b_eaf pala_b_xml pala_b_tsv,,314527,317979,##	pro.h:s	=lv	v:pred	#nc	nc	nc	nc	nc,,pala,∅	∅	∅	∅	∅	∅	∅	∅	∅,∅	10005	∅	∅	∅	∅	∅	∅	∅,∅	10005	∅	∅	∅	∅	∅	∅	∅
pala_0215,mcveraa,vrig din̄ man vunu a dirēm laklak bēne,#	ZERO	vrig	din̄	ma	=n	vunu	#	a	dir	=ēm	laklak	bēne,#	ZERO	rush	reach	hither	=ART	village	#	REL	3PL	=TAM1	RED:dance	PRO.OBL,Ran and reached the village where they had danced.,en,MORPHEME_ALIGNED,,pala_b_mp3 pala_b_wav pala_b_eaf pala_b_xml pala_b_tsv,,317979,319932,##	0.h:a	v:pred	rv	rv	=ln	np:p	#rc_rn	other	pro.h:s	=lv	v:pred	other:l,,pala,∅	∅	∅	∅	∅	∅	∅	∅	∅	∅	∅	∅	∅,∅	10005	∅	∅	∅	∅	10012	∅	∅	10009	∅	10014	∅,∅	10005	∅	∅	∅	∅	10012	∅	∅	10009	∅	10014	∅
pala_0216,mcveraa,duruk vrig galak van,#	duru	=k	vrig	gala	ZERO	#	ZERO	=k	van,#	3DL	=TAM2	rush	pass	ZERO	#	ZERO	=TAM2	go,The two ran past and went on.,en,MORPHEME_ALIGNED,,pala_b_mp3 pala_b_wav pala_b_eaf pala_b_xml pala_b_tsv,,319932,321521,##	pro.h:a	=lv	v:pred	rv	0:p	##	0.h:s	=lv	v:pred,,pala,∅	∅	∅	∅	∅	∅	∅	∅	∅	∅,∅	10005	∅	∅	∅	10012	∅	10005	∅	∅,∅	10005	∅	∅	∅	10012	∅	10005	∅	∅
pala_0217,mcveraa,vrigē vrigē vivivivrige vrigē din̄ man nim̄ē m̄ō ne 'amaruō won vēvēruō,#	ZERO	vrigē	vrigē	vi:vi:vi:vrige	#	ZERO	vrigē	din̄	ma	=n	nim̄ē	m̄o-n	e	'ama	-ruō	wo	=n	vēvē	-ruō,#	ZERO	rush	rush	RED:RED:RED:rush	#	ZERO	rush	reach	hither	=ART	house	POSS.HOUSE-CS	PERS.ART	father	-3DL	and	=ART	mother	-3DL,"Ran and ran, ran and reached the house of their father and mother.",en,MORPHEME_ALIGNED,,pala_b_mp3 pala_b_wav pala_b_eaf pala_b_xml pala_b_tsv,,321521,325620,#nc	nc_0.h	nc	nc	nc	##	0.h:a	v:pred	rv	rv	=ln	np:p	rn	rn	rn_np.h:poss	-rn_pro.h:poss	rn	=rn	rn_np.h	-rn_pro.h:poss,,pala,∅	∅	∅	∅	∅	∅	∅	∅	∅	∅	∅	bridging	∅	∅	∅	∅	∅	∅	∅	∅,∅	10005	∅	∅	∅	∅	10005	∅	∅	∅	∅	10054	∅	∅	10011	10005	∅	∅	10002	10005,∅	10005	∅	∅	∅	∅	10005	∅	∅	∅	∅	10054	∅	∅	10011	10005	∅	∅	10002	10005
pala_0218,mcveraa,'ekē man miligligē,#	'ekē	man	miligligē,#	place	PFV	dark,It had already got dark.,en,MORPHEME_ALIGNED,,pala_b_mp3 pala_b_wav pala_b_eaf pala_b_xml pala_b_tsv,,325620,327101,##	np:s	lv	v:pred,,pala,∅	∅	∅	∅,∅	∅	∅	∅,∅	∅	∅	∅
pala_0219,mcveraa,e duruk 'ir ma lēn mē'ēm̄ēk ululō,#	e	duru	=k	'ir	ma	lē	=n	mē'ēm̄ē	#	ZERO	=k	ul-ulō,#	CC	3DL	=TAM2	stand	hither	LOC	=ART	door	#	ZERO	=TAM2	RED-call,And then the two stood in front of the door shouting:,en,MORPHEME_ALIGNED,,pala_b_mp3 pala_b_wav pala_b_eaf pala_b_xml pala_b_tsv,,327101,330113,##	other	pro.h:s	=lv	v:pred	rv	adp	=ln	np:l	##	0.h:s	=lv	v:pred,,pala,∅	∅	∅	∅	∅	∅	∅	∅	bridging	∅	∅	∅	∅,∅	∅	10005	∅	∅	∅	∅	∅	10055	∅	10005	∅	∅,∅	∅	10005	∅	∅	∅	∅	∅	10055	∅	10005	∅	∅
pala_0220,mcveraa,ote ote ote,#	ote	ote	ote,#	mother	mother	mother,"'Mum, mum, mum!",en,MORPHEME_ALIGNED,,pala_b_mp3 pala_b_wav pala_b_eaf pala_b_xml pala_b_tsv,,330113,333334,#nc	nc_np.h	nc_np.h	nc_np.h,,pala,∅	∅	∅	∅,∅	10002	10002	10002,∅	10002	10002	10002
pala_0221,mcveraa,wak e̊n mē'ēm̄ē,#	ZERO	wak	e̊n	mē'ēmē,#	ZERO	open	ART	door,Open the door!,en,MORPHEME_ALIGNED,,pala_b_mp3 pala_b_wav pala_b_eaf pala_b_xml pala_b_tsv,,333340,334621,##ds	0.2:a	v:pred	ln	np:p,,pala,∅	∅	∅	∅	∅,∅	10001	∅	∅	10055,∅	10001	∅	∅	10055
pala_0222,mcveraa,kamaduō gēn,#	kamaduō	gēn,#	1.PL.EX	DEM2,It's the two of us here.',en,MORPHEME_ALIGNED,,pala_b_mp3 pala_b_wav pala_b_eaf pala_b_xml pala_b_tsv,,334621,336279,##ds	pro.1:pred	dem_pro:s,,pala,∅	∅	∅,∅	10005	∅,∅	10005	∅
pala_0223,mcveraa,'ēn 'amaruō so,#	e	=n	'ama	-ruō	so,#	CC	=ART	father	-3DL	QUOT,Then their father said:,en,MORPHEME_ALIGNED,,pala_b_mp3 pala_b_wav pala_b_eaf pala_b_xml pala_b_tsv,,336279,337927,##	other	=ln	np.h:s	-rn_pro.h:poss	other:pred,,pala,∅	∅	∅	∅	∅	∅,∅	∅	∅	10011	10005	∅,∅	∅	∅	10011	10005	∅
pala_0224,mcveraa,'ovi wakwak wal ēn mē'ēmēs,#	ZERO	'ovi'i	wakwak	wal	ēn	mē'ēmēs,#	ZERO	PROH	RED:open	one	ART	door,'Don't open the door!,en,MORPHEME_ALIGNED,,pala_b_mp3 pala_b_wav pala_b_eaf pala_b_xml pala_b_tsv,,337937,339053,##ds.neg	0.2:a	lv	v:pred	rv	ln	np:p,,pala,∅	∅	∅	∅	∅	∅	∅,∅	10002	∅	∅	∅	∅	10055,∅	10002	∅	∅	∅	∅	10055
pala_0225,mcveraa,so wak ēn anē wo 'an 'ama' [UNCLEAR],#	so	ZERO	wak	ēn	anē	wo	'a=n	'ama',#	QUOT	ZERO	open	ART	DEM	and	LOC.SP=ART	spirit,[UNCLEAR] Open it and then there is a devil.,en,MORPHEME_ALIGNED,,pala_b_mp3 pala_b_wav pala_b_eaf pala_b_xml pala_b_tsv,,339063,340351,#nc	nc	nc_0.2	nc	nc	nc	nc	nc	nc,,pala,∅	∅	∅	∅	∅	∅	∅	∅	∅,∅	∅	10002	∅	∅	∅	∅	∅	∅,∅	∅	10002	∅	∅	∅	∅	∅	∅
pala_0226,mcveraa,n 'ama man kur sa e ruwa nini'iduō ē,#	n	'ama'	man	kur	sa	e	ruwa	ni-ni'i	-duō	ē,#	ART	spirit	PFV	devour	EMPH	PERS.ART	two	RED-child	-1DL.IN	DEM3,A devil has eaten namely our two children!',en,MORPHEME_ALIGNED,,pala_b_mp3 pala_b_wav pala_b_eaf pala_b_xml pala_b_tsv,,340363,343022,##	ln	np.d:a	lv	v:pred	other	ln	ln	np.h:p	-rn_pro.1:poss	rn,,pala,∅	∅	∅	∅	∅	∅	∅	∅	∅	∅	∅,∅	∅	∅	∅	∅	∅	∅	∅	10005	10001	∅,∅	∅	∅	∅	∅	∅	∅	∅	10005	10001	∅
pala_0227,mcveraa,e so,#	e	ZERO	so,#	CC	ZERO	QUOT,Then said:,en,MORPHEME_ALIGNED,,pala_b_mp3 pala_b_wav pala_b_eaf pala_b_xml pala_b_tsv,,343030,343913,##	other	0.h:s	other:pred,,pala,∅	∅	∅	∅,∅	∅	10005	∅,∅	∅	10005	∅
pala_0228,mcveraa,'o kamadu nei,#	'o	ZERO	kamadu	nei,#	no	ZERO	1DL.EX	DEM4,"'No, it's us!",en,MORPHEME_ALIGNED,,pala_b_mp3 pala_b_wav pala_b_eaf pala_b_xml pala_b_tsv,,343913,344646,##ds	other	0.h:s	pro.1:pred	other,,pala,∅	∅	∅	∅	∅,∅	∅	∅	10005	∅,∅	∅	∅	10005	∅
pala_0229,mcveraa,wak ēn mē'ēmē,#	ZERO	wak	ēn	mē'ēmē,#	ZERO	open	ART	door,Open the door!,en,MORPHEME_ALIGNED,,pala_b_mp3 pala_b_wav pala_b_eaf pala_b_xml pala_b_tsv,,344646,345341,##ds	0.2:a	v:pred	ln	np:p,,pala,∅	∅	∅	∅	∅,∅	10001	∅	∅	10055,∅	10001	∅	∅	10055
pala_0230,mcveraa,ote kamadu nei,#	ote	ZERO	kamadu	nei,#	mother	ZERO	1DL.EX	DEM4,"Mum, it's us.'",en,MORPHEME_ALIGNED,,pala_b_mp3 pala_b_wav pala_b_eaf pala_b_xml pala_b_tsv,,345341,346840,##ds	np.h:voc	0.h:s	pro.1:pred	other,,pala,∅	∅	∅	∅	∅,∅	10002	∅	10005	∅,∅	10002	∅	10005	∅
pala_0231,mcveraa,duruk ulō ulō ulōn,#	duru	=k	ulō	#	ulō	ulō	=n,#	3DL	=TAM2	call	#	call	call	=ART,The two called and called.,en,MORPHEME_ALIGNED,,pala_b_mp3 pala_b_wav pala_b_eaf pala_b_xml pala_b_tsv,,346840,348930,##	pro.h:s	=lv	v:pred	#nc	nc	nc	nc,,pala,∅	∅	∅	∅	∅	∅	∅	∅,∅	10005	∅	∅	∅	∅	∅	∅,∅	10005	∅	∅	∅	∅	∅	∅
pala_0232,mcveraa,vēvēruō gitag nei,vēvē-ruō	gitag	nei,mother-3DL	not.exist	NC,"As for their mother, nothing.",en,MORPHEME_ALIGNED,,pala_b_mp3 pala_b_wav pala_b_eaf pala_b_xml pala_b_tsv,,348936,349612,nc	nc	nc,,pala,∅	∅	∅,∅	∅	∅,∅	∅	∅
pala_0233,mcveraa,duruk ulō lēn ... ulul ēn 'amaruō,#	duru	=k	ulō	lē	=n	#	ZERO	ulul	ēn	'ama	-ruō,#	3DL	=TAM2	call	LOC	=ART	#	ZERO	RED:call	ART	father	-3.DL,Then the two shouted at ... called their father.,en,MORPHEME_ALIGNED,,pala_b_mp3 pala_b_wav pala_b_eaf pala_b_xml pala_b_tsv,,349626,352953,##	pro.h:s	=lv	v:pred	nc	nc	##	0.h:a	v:pred	ln	np.h:p	-rn_pro.h:poss,,pala,∅	∅	∅	∅	∅	∅	∅	∅	∅	∅	∅	∅,∅	10005	∅	∅	∅	∅	∅	10005	∅	∅	10011	10005,∅	10005	∅	∅	∅	∅	∅	10005	∅	∅	10011	10005
pala_0234,mcveraa,durum uuul ēn 'amaruō,#	duru	=m	uul	ēn	'ama	-ruō,#	3DL	=TAM1	RED:call	ART	father	-3.DL,"The two were calling their father,",en,MORPHEME_ALIGNED,,pala_b_mp3 pala_b_wav pala_b_eaf pala_b_xml pala_b_tsv,,352953,354837,##	pro.h:a	=lv	v:pred	ln	np.h:p	-rn_pro.h:poss,,pala,∅	∅	∅	∅	∅	∅	∅,∅	10005	∅	∅	∅	10011	10005,∅	10005	∅	∅	∅	10011	10005
pala_0235,mcveraa,so 'ēn 'amaruō ne tēk so,#	so	e	=n	'ama	-ruō	ne	tēk	so,#	CPL	CC	=ART	father	-3.DL.POSS	TAM2:3SG	speak	QUOT,so then their father said:,en,MORPHEME_ALIGNED,,pala_b_mp3 pala_b_wav pala_b_eaf pala_b_xml pala_b_tsv,,354837,357002,##	other	other	=ln	np.h:s	-rn_pro.h:poss	lv-pro_h_s	v:pred	other,,pala,∅	∅	∅	∅	∅	∅	∅	∅	∅,∅	∅	∅	∅	10011	10005	∅	∅	∅,∅	∅	∅	∅	10011	10005	∅	∅	∅
pala_0236,mcveraa,ei nike van ē wōl ē wak ēn mē'ēmē,#	ei	nik	ē	van	ē	wōl	#	ZERO	ē	wak	ēn	mē'ēmē,#	INTERJ	2SG	TAM2:2SG	go	NC	DIR<wōl>	#	ZERO	TAM2:2SG	open	ART	door,"'Hey, go, open the door!",en,MORPHEME_ALIGNED,,pala_b_mp3 pala_b_wav pala_b_eaf pala_b_xml pala_b_tsv,,357002,359268,##ds	other	pro.2:s	lv-pro_2_s	v:pred	nc	rv	##	0.2:a	lv-pro_2_a	v:pred	ln	np:p,,pala,∅	∅	∅	∅	∅	∅	∅	∅	∅	∅	∅	∅	∅,∅	∅	10002	∅	∅	∅	∅	∅	10002	∅	∅	∅	10055,∅	∅	10002	∅	∅	∅	∅	∅	10002	∅	∅	∅	10055
pala_0237,mcveraa,nok rōn̄ ē duru sas ululō anē,#	no	=k	rōn̄	#	e	duru	sa	=s	ul-ulō	anē,#	1.SG	=TAM2	hear	#	PERS.ART	3DL	EMPH	=SIM	RED-call	DEM1.A,I can hear it's the two calling there.',en,MORPHEME_ALIGNED,,pala_b_mp3 pala_b_wav pala_b_eaf pala_b_xml pala_b_tsv,,359281,361127,##	pro.1:s	=lv	v:pred	#cc	ln	pro.h:s	other	=lv	v:pred	other,,pala,∅	∅	∅	∅	∅	∅	∅	∅	∅	∅	∅,∅	10011	∅	∅	∅	∅	10005	∅	∅	∅	∅,∅	10011	∅	∅	∅	∅	10005	∅	∅	∅	∅
pala_0238,mcveraa,duruk kalaka,#	duru	=k	kalaka,#	3DL	=TAM2	go.up,The two got up.,en,MORPHEME_ALIGNED,,pala_b_mp3 pala_b_wav pala_b_eaf pala_b_xml pala_b_tsv,,361127,362293,##	pro.h:s	=lv	v:pred,,pala,∅	∅	∅	∅,∅	10001	∅	∅,∅	10001	∅	∅
pala_0239,mcveraa,ren̄e ne kalraka ne van mul anē wak san m̄ē'ēm̄ē,#	ren̄e	ne	kalraka	#	ZERO	ne	van	mul	anē	#	ZERO	wak	sa	=n	m̄ē'ēm̄ē,#	woman	TAM2:3SG	go.up	#	ZERO	TAM2:3SG	go	go	DEM1.A	#	ZERO	open	EMPH	=ART	door,"The woman got up, went over and opened that door.",en,MORPHEME_ALIGNED,,pala_b_mp3 pala_b_wav pala_b_eaf pala_b_xml pala_b_tsv,,362293,365084,##	np.h:s	lv-pro_h_s	v:pred	##	0.h:s	lv-pro_h_s	v:pred	rv	other	##	0.h:a	v:pred	other	=ln	np:p,,pala,∅	∅	∅	∅	∅	∅	∅	∅	∅	∅	∅	∅	∅	∅	∅	∅,∅	10002	∅	∅	∅	10002	∅	∅	∅	∅	∅	10002	∅	∅	∅	10055,∅	10002	∅	∅	∅	10002	∅	∅	∅	∅	∅	10002	∅	∅	∅	10055
pala_0240,mcveraa,wak ēn mē'ēm̄ē anē duruk kal ba sar,#	ZERO	wak	ēn	mē'ēm̄ē	anē	#	duru	=k	kal	ba	sar,#	ZERO	open	ART	door	DEM1.A	#	3DL	=TAM2	enter	into	inland,"Opened the door, and the two came inside.",en,MORPHEME_ALIGNED,,pala_b_mp3 pala_b_wav pala_b_eaf pala_b_xml pala_b_tsv,,365084,367096,##	0.h:a	v:pred	ln	np:p	rn	##	pro.h:s	=lv	v:pred	rv	rv,,pala,∅	∅	∅	∅	∅	∅	∅	∅	∅	∅	∅	∅,∅	10002	∅	∅	10055	∅	∅	10005	∅	∅	∅	∅,∅	10002	∅	∅	10055	∅	∅	10005	∅	∅	∅	∅
pala_0241,mcveraa,duruk kal ba sar anē,#	duru	=k	kal	ba	sar	anē,#	3DL	=TAM2	enter	into	inland	DEM1.A,The two went inside.,en,MORPHEME_ALIGNED,,pala_b_mp3 pala_b_wav pala_b_eaf pala_b_xml pala_b_tsv,,367096,368965,##	pro.h:s	=lv	v:pred	rv	rv	other,,pala,∅	∅	∅	∅	∅	∅	∅,∅	10005	∅	∅	∅	∅	∅,∅	10005	∅	∅	∅	∅	∅
pala_0242,mcveraa,duruk kaka 'ō va'anē rekson 'amam da mē duruō rekson maruruō mēn tēk 'i mē duruō sir ēn tēktēk sir son velē ma sir duruō,#	duru	=k	kaka	'ō'	ZERO	va'anē	#	rekso	=n	'ama'	=m	da	mē	duruō	#	rekso	=n	maru	-ruō	man	tēk	'i	mē	duruō	sir	ēn	tēk-tēk	#	sir	so	=n	velē	ma	sir	duruō,#	3DL	=TAM2	tell	carry	ZERO	TEMP.DEM1	#	like	=ART	spirit	=TAM1	do	DAT	3DL	#	like	=ART	uncle	-3DL	PFV	speak	DEL	DAT	3DL	because	ART	RED-speak	#	because	CPL	=ART	send	hither	because	3DL,"The two then were talking with them now, like what the devil did to them as their uncle had told them, about the talk, about that he had sent for the two.",en,MORPHEME_ALIGNED,,pala_b_mp3 pala_b_wav pala_b_eaf pala_b_xml pala_b_tsv,,368965,377839,##	pro.h:a	=lv	v:pred	rv	0:p	other	#cc	other	=ln	np.d:s	=lv	v:pred	adp	pro.h:g	##	other	=ln	np.h:s	-rn_pro.h:poss	lv	v:pred	rv	adp	pro.h:g	adp	ln	np:other	#nc	nc	nc	nc	nc	nc	nc	nc_pro.h,,pala,∅	∅	∅	∅	∅	∅	∅	∅	∅	∅	∅	∅	∅	∅	∅	∅	∅	∅	∅	∅	∅	∅	∅	∅	∅	∅	∅	∅	∅	∅	∅	∅	∅	∅	∅	∅,∅	10005	∅	∅	∅	∅	∅	∅	∅	∅	10016	∅	∅	∅	10005	∅	∅	∅	10006	10005	∅	∅	∅	∅	10005	∅	∅	10013	∅	∅	∅	∅	∅	∅	∅	10005,∅	10005	∅	∅	∅	∅	∅	∅	∅	∅	10016	∅	∅	∅	10005	∅	∅	∅	10006	10005	∅	∅	∅	∅	10005	∅	∅	10013	∅	∅	∅	∅	∅	∅	∅	10005
pala_0243,mcveraa,durum 'awis n ni'igi e bam 'ir bēne sa nei 'ir bēne sa so,#	duru	=m	'awis	n	ni'i	-gi	#	e	ba	ZERO	=m	'ir	bēne	sa	nei	#	'ir	bēne	sa	#	so,#	3DL	=TAM1	refuse	ART	child	-3SG	#	CC	but	ZERO	=TAM1	stand	PRO.OBL	EMPH	DEM4	#	stand	PRO.OBL	EMPH	#	CPL,"The two didn't want a child with him, but it came true them, it came true that",en,MORPHEME_ALIGNED,,pala_b_mp3 pala_b_wav pala_b_eaf pala_b_xml pala_b_tsv,,377839,383211,##	pro.h:a	=lv	v:pred	rv	np.h:p	-rn_pro.h:poss	##	other	other	0:s	=lv	v:pred	other	other	other	#nc	nc	nc	nc	#cc	other,,pala,∅	∅	∅	∅	∅	∅	∅	∅	∅	∅	∅	∅	∅	∅	∅	∅	∅	∅	∅	∅	∅	∅,∅	10005	∅	∅	∅	10007	10006	∅	∅	∅	10013	∅	∅	∅	∅	∅	∅	∅	∅	∅	∅	∅,∅	10005	∅	∅	∅	10007	10006	∅	∅	∅	10013	∅	∅	∅	∅	∅	∅	∅	∅	∅	∅	∅
pala_0244,mcveraa,duruō me leg 'ōn 'ama',duruō	me	leg	'ō'	=n	'ama',3DL	FUT	marry	with	=ART	spirit,the two will marry with a devil.,en,MORPHEME_ALIGNED,,pala_b_mp3 pala_b_wav pala_b_eaf pala_b_xml pala_b_tsv,,383211,384662,pro.h:a	lv	v:pred	rv	=ln	np.d:p,,pala,∅	∅	∅	∅	∅	∅,10005	∅	∅	∅	∅	∅,10005	∅	∅	∅	∅	∅
pala_0245,mcveraa,'a gēdō wom 'ōg'ōg a 'enei si so,#	'a	geidē	wo	=m	'ōg'ōg	a	enei	#	si	so,#	HES	1DL.IN	and	=TAM1	RED:stay	LOC.SP	now	#	or	CPL,But now as we live here if (it happens) that,en,MORPHEME_ALIGNED,,pala_b_mp3 pala_b_wav pala_b_eaf pala_b_xml pala_b_tsv,,384662,387076,##	nc	pro.1:s	other	=lv	v:pred	adp	other	##	other	other,,pala,∅	∅	∅	∅	∅	∅	∅	∅	∅	∅	∅,∅	∅	∅	∅	∅	∅	∅	∅	∅	∅	∅,∅	∅	∅	∅	∅	∅	∅	∅	∅	∅	∅
pala_0246,mcveraa,'esēm vevelē ma sir ēn ni'im,e	sē	=m	ve-velē	ma	sir	ēn	ni'i	-m,PERS.ART	who	=TAM1	RED-send	hither	because	ART	child	-2SG,who ever sends a message (to have) a child with you,en,MORPHEME_ALIGNED,,pala_b_mp3 pala_b_wav pala_b_eaf pala_b_xml pala_b_tsv,,387076,389618,ln	np.h:s	=lv	v:pred	rv	adp	ln	np.h:g	-rn_pro.h:poss,,pala,∅	∅	∅	∅	∅	∅	∅	∅	∅,∅	∅	∅	∅	∅	∅	∅	∅	∅,∅	∅	∅	∅	∅	∅	∅	∅	∅
pala_0247,mcveraa,ba nik me mas 'ukeg di ne leg enteg,#	ba	nik	me	mas	'ukeg	di	#	ZERO	ne	leg	enteg,#	but	2SG	FUT	must	letgo	3SG	#	ZERO	TAM2:3SG	marry	well,then you will have to let him and marry well.,en,MORPHEME_ALIGNED,,pala_b_mp3 pala_b_wav pala_b_eaf pala_b_xml pala_b_tsv,,389618,392240,##	other	pro.2:a	lv	lv	v:pred	pro.h:p	##	0.h:s	lv-pro_h_s	v:pred	rv,,pala,∅	∅	∅	∅	∅	∅	∅	∅	∅	∅	∅	∅,∅	∅	∅	∅	∅	∅	∅	∅	∅	∅	∅	∅,∅	∅	∅	∅	∅	∅	∅	∅	∅	∅	∅	∅
pala_0248,mcveraa,si wo nik wom marmar ēn ni'im wo di me leg 'ōn 'ama',#	si	wo	nik	wo	=m	marmar	ēn	ni'i	-m	#	wo	di	me	leg	'ō'	=n	'ama',#	or	and	2SG	and	=TAM1	strong	ART	child	-2SG	#	and	3SG	FUT	marry	with	=ART	spirit,"if you refuse to have a child, then s/he (?) will marry with a devil.",en,MORPHEME_ALIGNED,,pala_b_mp3 pala_b_wav pala_b_eaf pala_b_xml pala_b_tsv,,392240,395662,##	other	other	pro.2:a	other	=lv	v:pred	ln	np.h:p	-rn_pro.2:poss	##	other	pro.h:a	lv	v:pred	rv	=ln	np.d:p,,pala,∅	∅	∅	∅	∅	∅	∅	∅	∅	∅	∅	∅	∅	∅	∅	∅	∅	∅,∅	∅	∅	∅	∅	∅	∅	∅	∅	∅	∅	∅	∅	∅	∅	∅	∅	∅,∅	∅	∅	∅	∅	∅	∅	∅	∅	∅	∅	∅	∅	∅	∅	∅	∅	∅
pala_0249,mcveraa,qē' sa nē neln̄o vum qē' sa nē,#	ZERO	qē'	sa	nē	#	neln̄o	vu	=m	qē'	sa	nē,#	ZERO	finish	EMPH	DEM1	#	voice	spirit	=TAM1	finish	EMPH	DEM1,"It's over, the 'voice of the spirits' [i.e. traditional story] is over right here.",en,MORPHEME_ALIGNED,,pala_b_mp3 pala_b_wav pala_b_eaf pala_b_xml pala_b_tsv,,395662,401130,#nc	nc	nc	nc	nc	##	np:s	rn	=lv	v:pred	other	other,,pala,∅	∅	∅	∅	∅	∅	∅	∅	∅	∅	∅	∅,∅	∅	∅	∅	∅	∅	∅	∅	∅	∅	∅	∅,∅	∅	∅	∅	∅	∅	∅	∅	∅	∅	∅	∅
pala_0001,mcveraa,qōn̄ ne vōwal e ruwa mē gunuruō,#	qōn̄	ne	vō-wal	e	ruwa	mē	gunu	-ruō,#	day	NUM.ART	NUM-one	PERS.ART	two.people	DAT	spouse	-3DL,One day there was a married couple.,en,MORPHEME_ALIGNED,,pala_a_mp3 pala_a_wav pala_a_eaf pala_a_xml pala_a_tsv,,2035,4409,##	np:other	rn	rn	ln	np:pred	rn	rn_np	-rn_pro.h:poss,,pala,∅	∅	∅	∅	∅	new	∅	∅	∅,∅	∅	∅	∅	∅	10001	∅	∅	∅,∅	∅	∅	∅	∅	10001	∅	∅	∅
pala_0002,mcveraa,durum 'og'ogo,#	duru	=m	'ōg-'ōgo,#	3DL	=TAM1	RED-stay,"And as they lived on and on,",en,MORPHEME_ALIGNED,,pala_a_mp3 pala_a_wav pala_a_eaf pala_a_xml pala_a_tsv,,4409,6136,##	pro.h:s	=lv	v:pred,,pala,∅	∅	∅	∅,∅	10001	∅	∅,∅	10001	∅	∅
pala_0003,mcveraa,ren̄e ne wotoqtoqo ne visis ēn ni'i ren̄e,#	ren̄e	ne	wotoqtoqo	#	ZERO	ne	visis	ēn	ni'i	ren̄e,#	woman	TAM2:3SG	pregnant	#	ZERO	TAM2:3SG	give.birth.to	ART	child	woman,the woman became pregnant and gave birth to a girl.,en,MORPHEME_ALIGNED,,pala_a_mp3 pala_a_wav pala_a_eaf pala_a_xml pala_a_tsv,,6136,9047,##	np.h:s	lv-pro_h_s	v:pred	##	0.h:a	lv-pro_h_a	v:pred	ln	np.h:p	rn,,pala,∅	bridging	∅	∅	∅	∅	∅	∅	∅	new	∅,∅	10002	∅	∅	∅	10002	∅	∅	∅	10003	∅,∅	10002	∅	∅	∅	10002	∅	∅	∅	10003	∅
pala_0004,mcveraa,'alē duruk 'ēn gōr ēn tētē 'anēn,#	alē	duru	=k	'ēn	gōr	ēn	tētē	anē	#	=n,#	alright	3DL	=TAM2	see	secure	ART	child	DEM1.A	#	=ART,"Okay, then they looked after the child,",en,MORPHEME_ALIGNED,,pala_a_mp3 pala_a_wav pala_a_eaf pala_a_xml pala_a_tsv,,9047,11454,##	other	pro.h:a	=lv	v:pred	rv	ln	np.h:p	rn	##	=ln,,pala,∅	∅	∅	∅	∅	∅	∅	∅	∅	∅	∅,∅	∅	10001	∅	∅	∅	∅	10003	∅	∅	∅,∅	∅	10001	∅	∅	∅	∅	10003	∅	∅	∅
pala_0005,mcveraa,tētē ne 'o'o'ogo ne luwo,tētē	ne	'ō-'ō-'ōgo	#	ZERO	ne	luwo,child	TAM2:3SG	RED-RED-stay	#	ZERO	TAM2:3SG	big,and the child lived on and on and grew up.,en,MORPHEME_ALIGNED,,pala_a_mp3 pala_a_wav pala_a_eaf pala_a_xml pala_a_tsv,,11454,13240,np.h:s	lv-pro_h_s	v:pred	##	0.h:s	lv-pro_h_s	v:pred,,pala,∅	∅	∅	∅	∅	∅	∅,10003	∅	∅	∅	10003	∅	∅,10003	∅	∅	∅	10003	∅	∅
pala_0006,mcveraa,n ren̄e ne 'oqo lik,#	n	ren̄e	ne	'oqo	lik,#	ART	woman	TAM2:3SG	pregnant	more,The woman got pregnant again,en,MORPHEME_ALIGNED,,pala_a_mp3 pala_a_wav pala_a_eaf pala_a_xml pala_a_tsv,,13240,14949,##	ln	np.h:s	lv-pro_h_s	v:pred	rv,,pala,∅	∅	∅	∅	∅	∅,∅	∅	10002	∅	∅	∅,∅	∅	10002	∅	∅	∅
pala_0007,mcveraa,e ne visis lik ēn ni'i ren̄e lik,#	e	ZERO	ne	visis	lik	ēn	ni'i	ren̄e	lik,#	CC	ZERO	TAM2:3SG	give.birth	more	ART	child	woman	more,and gave birth to a girl again.,en,MORPHEME_ALIGNED,,pala_a_mp3 pala_a_wav pala_a_eaf pala_a_xml pala_a_tsv,,14949,17380,##	other	0.h:a	lv-pro_h_a	v:pred	rv	ln	np.h:p	rn	rn,,pala,∅	∅	∅	∅	∅	∅	∅	new	∅	∅,∅	∅	10002	∅	∅	∅	∅	10004	∅	∅,∅	∅	10002	∅	∅	∅	∅	10004	∅	∅
pala_0008,mcveraa,e duruk da 'ō va'anē,#	e	duru	=k	da	'ō'	ZERO	va'anē,#	CC	3DL	=TAM2	do	with	ZERO	TEMP.DEM1,"And so they cared for them now,",en,MORPHEME_ALIGNED,,pala_a_mp3 pala_a_wav pala_a_eaf pala_a_xml pala_a_tsv,,17380,18597,##	other	pro.h:a	=lv	v:pred	rv	0.h:p	other,,pala,∅	∅	∅	∅	∅	∅	bridging	∅,∅	∅	10001	∅	∅	∅	10005	∅,∅	∅	10001	∅	∅	∅	10005	∅
pala_0009,mcveraa,e ruwa reren̄e 'anē durum da 'ō duruō,#	e	ruwa	re-ren̄e	anē	duru	=m	da	'ō'	duruō,#	PERS.ART	two.people	NSG-woman	DEM1.A	3DL	=TAM1	do	with	3DL,"these two girls, they cared for them.",en,MORPHEME_ALIGNED,,pala_a_mp3 pala_a_wav pala_a_eaf pala_a_xml pala_a_tsv,,18597,20675,##	ln	ln	np.h:dt_p	rn	pro.h:a	=lv	v:pred	rv	pro.h:p,,pala,∅	∅	∅	∅	∅	∅	∅	∅	∅	∅,∅	∅	10005	∅	∅	10001	∅	∅	∅	10005,∅	∅	10005	∅	∅	10001	∅	∅	∅	10005
pala_0010,mcveraa,durum 'o'ogo,#	duru	=m	'ō-'ōgo,#	3DL	=TAM1	RED-stay,"They lived,",en,MORPHEME_ALIGNED,,pala_a_mp3 pala_a_wav pala_a_eaf pala_a_xml pala_a_tsv,,20684,21671,##	pro.h:s	=lv	v:pred,,pala,∅	∅	∅	∅,∅	10005	∅	∅,∅	10005	∅	∅
pala_0011,mcveraa,durum luwo,#	duru	=m	luwo,#	3DL	=TAM1	big,"grew up,",en,MORPHEME_ALIGNED,,pala_a_mp3 pala_a_wav pala_a_eaf pala_a_xml pala_a_tsv,,21671,22304,##	pro.h:s	=lv	v:pred,,pala,∅	∅	∅	∅,∅	10005	∅	∅,∅	10005	∅	∅
pala_0012,mcveraa,durum 'irisēn legleg,#	duru	=m	'irisē	=n	legleg,#	3DL	=TAM1	enough	=ART	marriage,and came into the age for marrying.,en,MORPHEME_ALIGNED,,pala_a_mp3 pala_a_wav pala_a_eaf pala_a_xml pala_a_tsv,,22304,23639,##	pro.h:a	=lv	v:pred	=ln	np:p,,pala,∅	∅	∅	∅	∅	∅,∅	10005	∅	∅	∅	∅,∅	10005	∅	∅	∅	∅
pala_0013,mcveraa,alen maruruō ne velē ma sirēn ge 'a 'ōw'ōw velē ma sir e ge am wo'o 'ōw'ōw n 'uwam̄ērē velē ma sirēn 'uwam̄ērēn,#	ale	=n	maru	-ruō	ne	velē	ma	sirē	=n	ge	'a	'ōw'ōw	#	ZERO	velē	ma	sir	e	ge	#	a	ZERO	=m	wo'o	'ōw'ōw	%	n	'uwam̄ērē	#	velē	ma	sirē	=n	'uwam̄ērē=n	#	=n,#	alright	=ART	uncle	-3DL	TAM2:3SG	send	hither	for	=ART	DEICT	ASS.SP	before	#	ZERO	send	hither	for	PERS.ART	DEICT	#	REL	ZERO	=TAM1	be.born	before	%	ART	first.born	#	send	hither	for	=ART	first.born	#	=ART,"Then their uncle sent his message for the one of before, sent it for the one that was born before, the first born, sent for the first born",en,WORD_ALIGNED,,pala_a_mp3 pala_a_wav pala_a_eaf pala_a_xml pala_a_tsv,,23639,34349,##	other	=ln	np.h:s	-rn_pro.h:poss	lv-pro_h_s	v:pred	rv	adp	=ln	np.h:obl	rn	rn	##	0.h:s	v:pred	rv	adp	ln	np.h:obl	#rc_rn	other	0.h:s	=lv	v:pred	other	%	ln	np.h:dt_obl	#nc	nc	nc	nc	nc	nc_np.h	##	=ln,,pala,∅	∅	∅	bridging	∅	∅	∅	∅	∅	∅	∅	∅	∅	∅	∅	∅	∅	∅	∅	∅	∅	∅	∅	∅	∅	∅	∅	∅	∅	∅	∅	∅	∅	∅	∅	∅	∅,∅	∅	∅	10006	10005	∅	∅	∅	∅	∅	10003	∅	∅	∅	10006	∅	∅	∅	∅	10003	∅	∅	10003	∅	∅	∅	∅	∅	10003	∅	∅	∅	∅	∅	10003	∅	∅,∅	∅	∅	10006	10005	∅	∅	∅	∅	∅	10003	∅	∅	∅	10006	∅	∅	∅	∅	10003	∅	∅	10003	∅	∅	∅	∅	∅	10003	∅	∅	∅	∅	∅	10003	∅	∅
pala_0014,mcveraa,'uwam̄ērē ne 'awis,'uwam̄ērē	ne	'awis,first.born	TAM2:3SG	refuse,but she refused.,en,MORPHEME_ALIGNED,,pala_a_mp3 pala_a_wav pala_a_eaf pala_a_xml pala_a_tsv,,34358,35628,np.h:s	lv-pro_h_s	v:pred,,pala,∅	∅	∅,10003	∅	∅,10003	∅	∅
pala_0015,mcveraa,qē' dine velē lik ma sirēn 'isim̄ērē,#	qē'	di	ne	velē	lik	ma	sirē	=n	'isim̄ērē,#	finish	3SG	TAM2:3SG	send	more	hither	for	=ART	second.born,After this he sent a message again for the second born,en,MORPHEME_ALIGNED,,pala_a_mp3 pala_a_wav pala_a_eaf pala_a_xml pala_a_tsv,,35628,38308,##	other	np.h:s	lv-pro_h_s	v:pred	rv	rv	adp	=ln	np.h:obl,,pala,∅	∅	∅	∅	∅	∅	∅	∅	∅	∅,∅	∅	10006	∅	∅	∅	∅	∅	∅	10004,∅	∅	10006	∅	∅	∅	∅	∅	∅	10004
pala_0016,mcveraa,n 'isim̄ērē ne 'awis,#	n	'isim̄ērē	ne	'awis,#	ART	second.born	TAM2:3SG	refuse,and the second born refused.,en,MORPHEME_ALIGNED,,pala_a_mp3 pala_a_wav pala_a_eaf pala_a_xml pala_a_tsv,,38308,39928,##	ln	np.h:s	lv-pro_h_s	v:pred,,pala,∅	∅	∅	∅	∅,∅	∅	10004	∅	∅,∅	∅	10004	∅	∅
pala_0017,mcveraa,'alē qē' n maruru ne kal raka ne tek mē duruō so,#	'alē	qē'	n	maru-ru	ne	kalraka	#	ZERO	ne	tēk	mē	duruō	so,#	INTERJ	finish	ART	uncle-3DL	TAM2:3SG	get.up	#	ZERO	TAM2:3SG	speak	DAT	3DL	QUOT,Then their uncle got up and said to them:,en,MORPHEME_ALIGNED,,pala_a_mp3 pala_a_wav pala_a_eaf pala_a_xml pala_a_tsv,,39928,42324,##	other	other	ln	np.h:s	lv-pro_h_s	v:pred	##	0.h:s	lv-pro_h_s	v:pred	adp	np.h:g	other,,pala,∅	∅	∅	∅	∅	∅	∅	∅	∅	∅	∅	∅	∅	∅,∅	∅	∅	∅	10006	∅	∅	∅	10006	∅	∅	∅	10005	∅,∅	∅	∅	∅	10006	∅	∅	∅	10006	∅	∅	∅	10005	∅
pala_0018,mcveraa,ga itok,#	ga	itok,#	STAT	good,"""It's okay,",en,MORPHEME_ALIGNED,,pala_a_mp3 pala_a_wav pala_a_eaf pala_a_xml pala_a_tsv,,42324,43238,##ds	lv	v:pred,,pala,∅	∅	∅,∅	∅	∅,∅	∅	∅
pala_0019,mcveraa,kumrum 'awin ni'ik wo kumru me 'o'ogo asenē,#	kumru	=m	'awi	=n	ni'i	-k	#	wo	kumru	me	'ō-'ōgo	asenē,#	2DL	=TAM1	dislike	=ART	child	-1SG	#	and	2DL	FUT	RED-stay	MAN.DEM1.A,"if you two refuse my son and you keep on living like this,",en,MORPHEME_ALIGNED,,pala_a_mp3 pala_a_wav pala_a_eaf pala_a_xml pala_a_tsv,,43238,46383,##ds	pro.2:a	=lv	v:pred	=ln	np.h:p	-rn_pro.1:poss	##ds	other	pro.2:s	lv	v:pred	other,,pala,∅	∅	∅	∅	∅	bridging	∅	∅	∅	∅	∅	∅	∅,∅	10005	∅	∅	∅	10007	10006	∅	∅	10005	∅	∅	∅,∅	10005	∅	∅	∅	10007	10006	∅	∅	10005	∅	∅	∅
pala_0020,mcveraa,kumru me leg 'ōn 'ama',#	kumru	me	leg	'ō'	=n	'ama',#	2DL	FUT	marry	with	=ART	spirit,"then you two will get married with a devil.""",en,MORPHEME_ALIGNED,,pala_a_mp3 pala_a_wav pala_a_eaf pala_a_xml pala_a_tsv,,46383,47771,##ds	pro.2:a	lv	v:pred	rv	=ln	np.d:p,,pala,∅	∅	∅	∅	∅	∅	new,∅	10005	∅	∅	∅	∅	10008,∅	10005	∅	∅	∅	∅	10008
pala_0021,mcveraa,alēn qōn̄ ne vōwal ēn ... dirēm gis 'ēnēn lavet vōwal,#	alē	=n	qōn̄	ne	vō-wal	ēn	dir	=ēm	gis	ēn	lavet	vō-wal,#	INTERJ	=ART	day	NUM.ART	NUM-one	ART	3PL	=TAM1	hold	ART	feast	NUM-one,"All right, one day they held a feast.",en,MORPHEME_ALIGNED,,pala_a_mp3 pala_a_wav pala_a_eaf pala_a_xml pala_a_tsv,,47771,53992,##	other	=ln	np:other	rn	rn	nc	pro.h:a	=lv	v:pred	ln	np:p	rn,,pala,∅	∅	∅	∅	∅	∅	∅	new	∅	∅	∅	new	∅,∅	∅	∅	∅	∅	∅	∅	10009	∅	∅	∅	10010	∅,∅	∅	∅	∅	∅	∅	∅	10009	∅	∅	∅	10010	∅
pala_0022,mcveraa,lavet vōwal 'anē dirēm gis,#	lavet	vō-wal	anē	dir	=ēm	gis	ZERO,#	feast	NUM-one	DEM1.A	3PL	=TAM1	hold	ZERO,This feast they held.,en,MORPHEME_ALIGNED,,pala_a_mp3 pala_a_wav pala_a_eaf pala_a_xml pala_a_tsv,,53992,55834,##	np:dt_p	rn	rn	pro.h:a	=lv	v:pred	0:p,,pala,∅	∅	∅	∅	∅	∅	∅	∅,∅	10010	∅	∅	10009	∅	∅	∅,∅	10010	∅	∅	10009	∅	∅	∅
pala_0023,mcveraa,dirēm van van lēn lavet 'anē,#	dir	=ēm	van	#	ZERO	van	lē	=n	lavet	anē,#	3PL	=TAM1	go	#	ZERO	go	LOC	=ART	feast	DEM1.A,"They went, went to the feast.",en,MORPHEME_ALIGNED,,pala_a_mp3 pala_a_wav pala_a_eaf pala_a_xml pala_a_tsv,,55834,57704,##	pro.h:s	=lv	v:pred	##	0.h:s	v:pred	adp	=ln	np:g	rn,,pala,∅	∅	∅	∅	∅	∅	∅	∅	∅	∅	∅,∅	10009	∅	∅	∅	10009	∅	∅	∅	∅	∅,∅	10009	∅	∅	∅	10009	∅	∅	∅	∅	∅
pala_0024,mcveraa,'e raga sulm van van vavan van qē',#	e	raga	sul	=m	van	van	va-van	#	ZERO	van	qē',#	ART	people	people	=TAM1	go	go	RED-go	#	ZERO	go	finish,"Everybody was going, on and on, when they all had gone,",en,MORPHEME_ALIGNED,,pala_a_mp3 pala_a_wav pala_a_eaf pala_a_xml pala_a_tsv,,57704,60857,##	ln	np.h:s	rn	=lv	v:pred	rv	other	##	0.h:s	v:pred	rv,,pala,∅	∅	∅	∅	∅	∅	∅	∅	∅	∅	∅	∅,∅	∅	10009	∅	∅	∅	∅	∅	∅	10009	∅	∅,∅	∅	10009	∅	∅	∅	∅	∅	∅	10009	∅	∅
pala_0025,mcveraa,qēqē nagi duruō,#	qēqē	na-gi	duruō,#	last	ORD-3SG	3DL,these two were the last (to go).,en,MORPHEME_ALIGNED,,pala_a_mp3 pala_a_wav pala_a_eaf pala_a_xml pala_a_tsv,,60862,61952,#nc	nc	nc	nc_pro.h,,pala,∅	∅	∅	∅,∅	∅	∅	10005,∅	∅	∅	10005
pala_0026,mcveraa,duruk baer duruō mēn 'amaruōn vēvēruō so,#	duru	=k	baer	duruō	mē	=n	'ama	-ruō	=n	vēvē	-ruō	so,#	3DL	=TAM2	ask.for	3DL	DAT	=ART	father	-3DL	=ART	mother	-3DL	QUOT,So they asked their father and mother:,en,MORPHEME_ALIGNED,,pala_a_mp3 pala_a_wav pala_a_eaf pala_a_xml pala_a_tsv,,61962,64626,##	pro.h:a	=lv	v:pred	pro.h:p	rn	=rn	rn_np.h	-rn_pro.h:poss	=rn	rn_np.h	-rn_pro.h:poss	other,,pala,∅	∅	∅	∅	∅	∅	∅	bridging	∅	∅	∅	∅	∅,∅	10005	∅	∅	10001	∅	∅	10011	10005	∅	10002	10005	∅,∅	10005	∅	∅	10001	∅	∅	10011	10005	∅	10002	10005	∅
pala_0027,mcveraa,kamaduk van rek lēnēnēnēn lavet lēn vunu 'agēn,#	kamadu	=k	van	rek	lē	=n	lavet	lē	=n	vunu	agēn,#	1DL.EX	=TAM2	go	also	LOC	=ART	feast	LOC	=ART	village	DEM2.A,"""We two are gonna go as well to the feast in this village here.""",en,MORPHEME_ALIGNED,,pala_a_mp3 pala_a_wav pala_a_eaf pala_a_xml pala_a_tsv,,64626,69452,##	pro.1:s	=lv	v:pred	rv	adp	=ln	np:g	rn	=rn	rn_np	rn,,pala,∅	∅	∅	∅	∅	∅	∅	∅	∅	∅	new	∅,∅	10005	∅	∅	∅	∅	∅	10010	∅	∅	10012	∅,∅	10005	∅	∅	∅	∅	∅	10010	∅	∅	10012	∅
pala_0028,mcveraa,ē sōw ēn vēvēruō 'ogin 'amaruō so,#	ē	sōw	ēn	vēvē-ruō	'ō-gi	=n	'ama-ruō	so,#	CC	DISC	ART	mother-3DL	with-3SG=ART	=ART	father-3DL	QUOT,Their mother and father:,en,WORD_ALIGNED,,pala_a_mp3 pala_a_wav pala_a_eaf pala_a_xml pala_a_tsv,,69452,71214,##	other	other	ln	np.h:s	rn	=rn	rn_np.h	other:pred,,pala,∅	∅	∅	∅	∅	∅	∅	∅	∅,∅	∅	∅	∅	10002	∅	∅	10011	∅,∅	∅	∅	∅	10002	∅	∅	10011	∅
pala_0029,mcveraa,'oōō,#	'oōō,#	no.way,"No, no,",en,MORPHEME_ALIGNED,,pala_a_mp3 pala_a_wav pala_a_eaf pala_a_xml pala_a_tsv,,71214,72049,##ds	other,,pala,∅	∅,∅	∅,∅	∅
pala_0030,mcveraa,kumruō 'ovi'i vanvan,#	kumruō	'ovi'i	van:van,#	2DL	PROH	RED:go,"you are not allowed to go,",en,MORPHEME_ALIGNED,,pala_a_mp3 pala_a_wav pala_a_eaf pala_a_xml pala_a_tsv,,72049,73088,##ds	pro.2:s	lv	v:pred,,pala,∅	∅	∅	∅,∅	10005	∅	∅,∅	10005	∅	∅
pala_0031,mcveraa,den kumruk van n marumruō am tek 'i ēn ne 'ir bēne son tektek 'a rekso dim tek 'i ē,#	den	kumru	=k	van	#	#	n	marum	-ruō	a	=m	tēk	'i	ZERO	%	ē	ne	'ir	bēne	so	=n	tēktēk	#	a	rekso	di	=m	tēk	'i	ZERO	%	ē,#	ABL	2DL	=TAM2	go	#	#	ART	uncle	-2DL	REL	=TAM1	speak	DEL	ZERO	%	DEM3	TAM2:3SG	true	PRO.OBL	QUOT	=ART	RED:talk	#	REL	like	3SG	=TAM1	speak	DEL	ZERO	%	DEM3,"because if you go, our uncle who has said this to you, it will come true, i.e. that talk that he had spoken.""",en,MORPHEME_ALIGNED,,pala_a_mp3 pala_a_wav pala_a_eaf pala_a_xml pala_a_tsv,,73088,79151,##ds	other	pro.2:s	=lv	v:pred	##ds	#ds_rc:s	ln	np.h:a	-rn_pro.2:poss	other	=lv	v:pred	rv	0:p	%	rn	lv-pro_s	v:pred	other	other	=ln	np:dt_s	#ds_rc_rn	other	other	pro.h:a	=lv	v:pred	rv	0:p	%	rn,,pala,∅	∅	∅	∅	∅	∅	∅	∅	∅	∅	∅	∅	∅	∅	bridging	∅	∅	∅	∅	∅	∅	∅	∅	∅	∅	∅	∅	∅	∅	∅	∅	∅	∅,∅	∅	10005	∅	∅	∅	∅	∅	10006	∅	∅	∅	∅	∅	10013	∅	∅	∅	∅	∅	∅	∅	10013	∅	∅	∅	10006	∅	∅	∅	10013	∅	∅,∅	∅	10005	∅	∅	∅	∅	∅	10006	∅	∅	∅	∅	∅	10013	∅	∅	∅	∅	∅	∅	∅	10013	∅	∅	∅	10006	∅	∅	∅	10013	∅	∅
pala_0032,mcveraa,qē' duruk liseg sir so,#	qē'	duru	=k	liseg	sir	#	so,#	finish	3DL	=TAM2	disobey	because	#	CPL,Then the two disobeyed because,en,MORPHEME_ALIGNED,,pala_a_mp3 pala_a_wav pala_a_eaf pala_a_xml pala_a_tsv,,79151,81119,##	other	pro.h:s	=lv	v:pred	rv	#cc:other	other,,pala,∅	∅	∅	∅	∅	∅	∅	∅,∅	∅	10005	∅	∅	∅	∅	∅,∅	∅	10005	∅	∅	∅	∅	∅
pala_0033,mcveraa,duru me mas van,duru	me	mas	van,3DL	FUT	must	go,they simply had to go.,en,MORPHEME_ALIGNED,,pala_a_mp3 pala_a_wav pala_a_eaf pala_a_xml pala_a_tsv,,81119,82315,pro.h:s	lv	lv	v:pred,,pala,∅	∅	∅	∅,10005	∅	∅	∅,10005	∅	∅	∅
pala_0034,mcveraa,e duruk kal rakak van,#	e	duru	=k	kalraka	#	ZERO	=k	van,#	CC	3DL	=TAM2	get.up	#	ZERO	=TAM2	go,so they got up and left.,en,MORPHEME_ALIGNED,,pala_a_mp3 pala_a_wav pala_a_eaf pala_a_xml pala_a_tsv,,82315,84023,##	other	pro.h:s	=lv	v:pred	##	0.h:s	=lv	v:pred,,pala,∅	∅	∅	∅	∅	∅	∅	∅	∅,∅	∅	10005	∅	∅	∅	10005	∅	∅,∅	∅	10005	∅	∅	∅	10005	∅	∅
pala_0035,mcveraa,van van vaaavan,#	ZERO	van	van	va-van,#	ZERO	go	go	RED-go,"They went on and on,",en,MORPHEME_ALIGNED,,pala_a_mp3 pala_a_wav pala_a_eaf pala_a_xml pala_a_tsv,,84034,86236,##	0.h:s	v:pred	nc	other,,pala,∅	∅	∅	∅	∅,∅	10005	∅	∅	∅,∅	10005	∅	∅	∅
pala_0036,mcveraa,durum vavan mak van ma,#	duru	=m	va-van	ma	#	ZERO	=k	van	ma,#	3DL	=TAM1	RED-go	hither	#	ZERO	=TAM2	go	hither,"until they came, and when they came,",en,MORPHEME_ALIGNED,,pala_a_mp3 pala_a_wav pala_a_eaf pala_a_xml pala_a_tsv,,86236,87316,##	pro.h:s	=lv	v:pred	rv	##	0.h:s	=lv	v:pred	rv,,pala,∅	∅	∅	∅	∅	∅	∅	∅	∅	∅,∅	10005	∅	∅	∅	∅	10005	∅	∅	∅,∅	10005	∅	∅	∅	∅	10005	∅	∅	∅
pala_0037,mcveraa,dire man kalōn 'a'ar,#	dirē	man	kalu	=n	'a'ar,#	3PL	PFV	leave	=ART	prayer,they had already left the prayer.,en,MORPHEME_ALIGNED,,pala_a_mp3 pala_a_wav pala_a_eaf pala_a_xml pala_a_tsv,,87316,88830,##	pro.h:a	lv	v:pred	=ln	np:p,,pala,∅	∅	∅	∅	∅	∅,∅	10009	∅	∅	∅	∅,∅	10009	∅	∅	∅	∅
pala_0038,mcveraa,dire man kalōn 'a'ar,#	dirē	man	kalu	=n	'a'ar,#	3PL	PFV	leave	=ART	prayer,"They had already left the prayer,",en,MORPHEME_ALIGNED,,pala_a_mp3 pala_a_wav pala_a_eaf pala_a_xml pala_a_tsv,,88830,90143,##	pro.h:a	lv	v:pred	=ln	np:p,,pala,∅	∅	∅	∅	∅	∅,∅	10009	∅	∅	∅	∅,∅	10009	∅	∅	∅	∅
pala_0039,mcveraa,'enei dirēk laklaka,#	enei	dir	=ēk	lak-laka,#	now	3PL	=TAM2	RED-dance,and now they started to dance.,en,MORPHEME_ALIGNED,,pala_a_mp3 pala_a_wav pala_a_eaf pala_a_xml pala_a_tsv,,90143,91421,##	other	pro.h:s	=lv	v:pred,,pala,∅	∅	∅	∅	∅,∅	∅	10009	∅	∅,∅	∅	10009	∅	∅
pala_0040,mcveraa,dirēm dan laklaka,#	dir	=ēm	da	=n	lak-laka,#	3PL	=TAM1	do	=ART	RED-dance,"They did dances,",en,MORPHEME_ALIGNED,,pala_a_mp3 pala_a_wav pala_a_eaf pala_a_xml pala_a_tsv,,91421,93634,##	pro.h:a	=lv	v:pred	=ln	np:p,,pala,∅	∅	∅	∅	∅	new,∅	10009	∅	∅	∅	10014,∅	10009	∅	∅	∅	10014
pala_0041,mcveraa,dirēk laklaka,#	dir	=ēk	lak-laka,#	3PL	=TAM2	RED-dance,they started to dance.,en,MORPHEME_ALIGNED,,pala_a_mp3 pala_a_wav pala_a_eaf pala_a_xml pala_a_tsv,,93634,94793,##	pro.h:s	=lv	v:pred,,pala,∅	∅	∅	∅,∅	10009	∅	∅,∅	10009	∅	∅
pala_0042,mcveraa,dirēm laalaka ē,#	dir	=ēm	laa-laka	ē,#	3PL	=TAM1	RED-dance	DEM3,"While they were dancing,",en,MORPHEME_ALIGNED,,pala_a_mp3 pala_a_wav pala_a_eaf pala_a_xml pala_a_tsv,,94793,95903,##	pro.h:s	=lv	v:pred	other,,pala,∅	∅	∅	∅	∅,∅	10009	∅	∅	∅,∅	10009	∅	∅	∅
pala_0043,mcveraa,duruō ga 'ir ba'a lēn wōm̄ōm̄o ē,#	duruō	ga	'ir	ba'a	lē	=n	wōm̄ōm̄o	ē,#	3DL	STAT	stand	into	LOC	=ART	bush	DEM3,"and the two were standing in the bush,",en,MORPHEME_ALIGNED,,pala_a_mp3 pala_a_wav pala_a_eaf pala_a_xml pala_a_tsv,,95903,97144,##	pro.h:s	lv	v:pred	rv	adp	=ln	np:g	rn,,pala,∅	∅	∅	∅	∅	∅	∅	unused	∅,∅	10005	∅	∅	∅	∅	∅	10015	∅,∅	10005	∅	∅	∅	∅	∅	10015	∅
pala_0044,mcveraa,duruk 'ēn man lumgav ne vōwal,#	duru	=k	'ēn	ma	=n	lumgav	ne	vō-wal,#	3DL	=TAM2	see	hither	=ART	young.man	NUM.ART	NUM-one,they spotted a young man.,en,MORPHEME_ALIGNED,,pala_a_mp3 pala_a_wav pala_a_eaf pala_a_xml pala_a_tsv,,97154,98946,##	pro.h:a	=lv	v:pred	rv	=ln	np.h:p	rn	rn,,pala,∅	∅	∅	∅	∅	∅	new	∅	∅,∅	10005	∅	∅	∅	∅	10016	∅	∅,∅	10005	∅	∅	∅	∅	10016	∅	∅
pala_0045,mcveraa,lumgav ne vōwal 'anē dine laalaka sēnē wo ne virig ma ē ne sag ba'a lēn vava viē,#	lumgav	ne	vō-wal	anē	di	ne	laa-laka	senē	#	ZERO	wo	ne	vrig	ma	#	ē	ZERO	ne	sag	ba'a	lē	=n	vava	viē,#	young.man	NUM.ART	NUM-one	DEM1.A	3SG	TAM2:3SG	RED-dance	MAN.DEM1	#	ZERO	and	TAM2:3SG	rush	hither	#	CC	ZERO	TAM2:3SG	sit	into	LOC	=ART	underneath	wild.taro,"This young man, he danced like this and then came running and sat down under a wild taro plant.",en,MORPHEME_ALIGNED,,pala_a_mp3 pala_a_wav pala_a_eaf pala_a_xml pala_a_tsv,,98946,104098,##	np.h:dt_s	rn	rn	rn_dem1	pro.h:s	lv-pro_h_s	v:pred	other	##	0.h:s	other	lv-pro_h_s	v:pred	rv	##	other	0.h:s	lv-pro_h_s	v:pred	rv	adp	=ln	np:g	rn,,pala,∅	∅	∅	∅	∅	∅	∅	∅	∅	∅	∅	∅	∅	∅	∅	∅	∅	∅	∅	∅	∅	∅	∅	new	∅,∅	10016	∅	∅	∅	10016	∅	∅	∅	∅	10016	∅	∅	∅	∅	∅	∅	10016	∅	∅	∅	∅	∅	10017	∅,∅	10016	∅	∅	∅	10016	∅	∅	∅	∅	10016	∅	∅	∅	∅	∅	∅	10016	∅	∅	∅	∅	∅	10017	∅
pala_0046,mcveraa,sag lēn vava viē,#	ZERO	sag	lē	=n	vava	viē,#	ZERO	sit	LOC	=ART	underneath	wild.taro,Sat down under a wild taro plant.,en,MORPHEME_ALIGNED,,pala_a_mp3 pala_a_wav pala_a_eaf pala_a_xml pala_a_tsv,,104098,105961,##	0.h:s	v:pred	adp	=ln	np:g	rn,,pala,∅	∅	∅	∅	∅	∅	∅,∅	10016	∅	∅	∅	10017	∅,∅	10016	∅	∅	∅	10017	∅
pala_0047,mcveraa,taem durum 'ēn 'asēnē duruō ga moros wal so,#	taem	duru	=m	'ēn	asenē	#	duruō	ga	mōrōs	wal	so,#	when	3DL	=TAM1	see	MAN.DEM1.A	#	3DL	STAT	want	at.once	CPL,When they saw (him) doing this the two wished that,en,MORPHEME_ALIGNED,,pala_a_mp3 pala_a_wav pala_a_eaf pala_a_xml pala_a_tsv,,105961,108439,##	other	pro.h:s	=lv	v:pred	other	##	pro.h:s	lv	v:pred	rv	nc,,pala,∅	∅	∅	∅	∅	∅	∅	∅	∅	∅	∅	∅,∅	∅	10005	∅	∅	∅	∅	10005	∅	∅	∅	∅,∅	∅	10005	∅	∅	∅	∅	10005	∅	∅	∅	∅
pala_0048,mcveraa,'uwam̄ēre ga moros son gunugi,#	'uwam̄ēre	ga	mōrōs	#	so	ZERO	=n	gunu	-gi,#	first.born	STAT	want	#	QUOT	ZERO	=ART	spouse	-3SG,"the first born wanted him as her husband,",en,MORPHEME_ALIGNED,,pala_a_mp3 pala_a_wav pala_a_eaf pala_a_xml pala_a_tsv,,108439,110877,##	np.h:s	lv	v:pred	#cc	other	0.h:s	=ln	np.h:pred	-rn_pro.h:poss,,pala,∅	∅	∅	∅	∅	∅	∅	∅	∅	∅,∅	10003	∅	∅	∅	∅	∅	∅	10016	10003,∅	10003	∅	∅	∅	∅	∅	∅	10016	10003
pala_0049,mcveraa,n 'isim̄ēre ga moros son gunugi,#	n	'isim̄ēre	ga	mōrōs	#	so	ZERO	=n	gunu	-gi,#	ART	second.born	STAT	want	#	QUOT	ZERO	=ART	spouse	-3SG,and the second born wanted him as her husand.,en,MORPHEME_ALIGNED,,pala_a_mp3 pala_a_wav pala_a_eaf pala_a_xml pala_a_tsv,,110877,112931,##	ln	np.h:s	lv	v:pred	#cc	other	0.h:s	=ln	np.h:pred	-rn_pro.h:poss,,pala,∅	∅	∅	∅	∅	∅	∅	∅	∅	∅	∅,∅	∅	10004	∅	∅	∅	∅	∅	∅	10016	10004,∅	∅	10004	∅	∅	∅	∅	∅	∅	10016	10004
pala_0050,mcveraa,'alē 'enei duruk ver da bēne va'anē,#	alē	enei	duru	=k	ver-da	bēne	va'anē,#	INTERJ	now	3DL	=TAM2	REC-do	PRO.OBL	TEMP.DEM1,So now the two got into a qarrel about him.,en,MORPHEME_ALIGNED,,pala_a_mp3 pala_a_wav pala_a_eaf pala_a_xml pala_a_tsv,,112931,116422,##	other	other	pro.h:s	=lv	v:pred	other:obl	other,,pala,∅	∅	∅	∅	∅	∅	∅	∅,∅	∅	∅	10005	∅	∅	∅	∅,∅	∅	∅	10005	∅	∅	∅	∅
pala_0051,mcveraa,e ge 'ewi ga moros son gunugi e ge 'ewi moros son gunugi,#	e	ge	'ewi	ga	mōrōs	#	so	ZERO	=n	gunu	-gi	#	e	ge	'ewi	mōrōs	#	so	ZERO	=n	gunu	-gi,#	ART	DEICT	other	STAT	want	#	QUOT	ZERO	=ART	spouse	-3SG	#	ART	DEICT	other	want	#	QUOT	ZERO	=ART	spouse	-3SG,"One wanted him as her husband, and the other wanted him as her husband.",en,MORPHEME_ALIGNED,,pala_a_mp3 pala_a_wav pala_a_eaf pala_a_xml pala_a_tsv,,116422,119255,##	ln	np.h:s	rn	lv	v:pred	#cc	other	0.h:s	=ln	np.h:pred	-rn_pro.h:poss	##	ln	np.h:s	rn	v:pred	#cc	other	0.h:s	=ln	np.h:pred	-rn_pro.h:poss,,pala,∅	∅	bridging	∅	∅	∅	∅	∅	∅	∅	∅	∅	∅	∅	bridging	∅	∅	∅	∅	∅	∅	∅	∅,∅	∅	10018	∅	∅	∅	∅	∅	10016	∅	∅	10018	∅	∅	10019	∅	∅	∅	∅	10016	∅	∅	10019,∅	∅	10018	∅	∅	∅	∅	∅	10016	∅	∅	10018	∅	∅	10019	∅	∅	∅	∅	10016	∅	∅	10019
pala_0052,mcveraa,vaavan ēn 'uwam̄ēre so,vaa-van	#	ēn	'uwam̄ēre	so,RED-go	#	ART	first.born	QUOT,"This went on and on until the first born said""",en,MORPHEME_ALIGNED,,pala_a_mp3 pala_a_wav pala_a_eaf pala_a_xml pala_a_tsv,,119255,120712,other	##	ln	np.h:s	other:pred,,pala,∅	∅	∅	∅	∅,∅	∅	∅	10003	∅,∅	∅	∅	10003	∅
pala_0053,mcveraa,ga itok,#	ga	itok,#	STAT	good,"""(It's) okay,",en,MORPHEME_ALIGNED,,pala_a_mp3 pala_a_wav pala_a_eaf pala_a_xml pala_a_tsv,,120712,121285,##ds	lv	v:pred,,pala,∅	∅	∅,∅	∅	∅,∅	∅	∅
pala_0054,mcveraa,gēdu qē' ga moros ba gēdu qē' duk leg birin̄ san lumgav anē,#	gidu	qē'	ga	mōrōs	ZERO	#	ba	gidu	qē'	du	=k	leg	birin̄	sa	=n	lumgav	anē,#	1DL.IN	all	STAT	want	ZERO	#	but	1DL.IN	all	1DL.IN	=TAM2	marry	with	EMPH	=ART	young.man	DEM1.A,"we both want (him), so we both we are going to marry this young man.""",en,MORPHEME_ALIGNED,,pala_a_mp3 pala_a_wav pala_a_eaf pala_a_xml pala_a_tsv,,121285,124725,##ds	pro.1:a	rn	lv	v:pred	0:p	##	other	pro.1:dt_a	rn	wpro.1:a	=lv	v:pred	rv	other	=ln	np.h:p	rn,,pala,∅	∅	∅	∅	∅	∅	∅	∅	∅	∅	∅	∅	∅	∅	∅	∅	∅	∅,∅	10005	∅	∅	∅	∅	∅	∅	10005	∅	10005	∅	∅	∅	∅	∅	10016	∅,∅	10005	∅	∅	∅	∅	∅	∅	10005	∅	10005	∅	∅	∅	∅	∅	10016	∅
pala_0055,mcveraa,qē' ēn lumgav anē dirēk qē'ēg lik ēn laklaka dine van ne laklaka,#	qē'	ēn	lumgav	anē	#	dir	=ēk	qē'ēg	lik	ēn	lak-laka	%	di	=m	van	#	ZERO	ne	lak-laka,#	finish	ART	young.man	DEM1.A	#	3PL	=TAM2	begin	more	ART	RED-dance	%	3SG	=TAM1	go	#	ZERO	TAM2:3SG	RED-dance,"Then this young man, as they started another dance he went dancing.",en,MORPHEME_ALIGNED,,pala_a_mp3 pala_a_wav pala_a_eaf pala_a_xml pala_a_tsv,,124725,128896,##	other	ln	np.h:dt	rn	#ac	pro.h:a	=lv	v:pred	rv	ln	np:p	%	pro.h:s	=lv	v:pred	##	0.h:s	lv-pro_h_s	v:pred,,pala,∅	∅	∅	∅	∅	∅	∅	∅	∅	∅	∅	new	∅	∅	∅	∅	∅	∅	∅	∅,∅	∅	∅	10016	∅	∅	10009	∅	∅	∅	∅	10020	∅	10016	∅	∅	∅	10016	∅	∅,∅	∅	∅	10016	∅	∅	10009	∅	∅	∅	∅	10020	∅	10016	∅	∅	∅	10016	∅	∅
pala_0056,mcveraa,di vanēm laalaka,#	di	van	#	ZERO	=ēm	laa-laka,#	3SG	go	#	ZERO	=TAM1	RED-dance,He went and danced.,en,MORPHEME_ALIGNED,,pala_a_mp3 pala_a_wav pala_a_eaf pala_a_xml pala_a_tsv,,128896,130928,##	pro.h:s	v:pred	##	0.h:s	=lv	v:pred,,pala,∅	∅	∅	∅	∅	∅	∅,∅	10016	∅	∅	10016	∅	∅,∅	10016	∅	∅	10016	∅	∅
pala_0057,mcveraa,dine laklaka wo e ruwa ēk virig mak sag gōr ēn 'ōnōgi sagsag lēn vava viē,#	di	ne	lak-laka	#	wo	e	ruwa	ē	=k	virig	ma	#	ZERO	=k	sag	gōr	ēn	'ōnō	-gi	#	ZERO	sagsag	lē	=n	vava	viē,#	3SG	TAM2:3SG	RED-dance	#	and	ART	two.people	DEM3	=TAM2	rush	hither	#	ZERO	=TAM2	sit	block	ART	place	-3SG	#	ZERO	RED:sit	LOC	=ART	underneath	wild.taro,"When he danced the two came running and sat down occupying his place, were sitting under the wild taro.",en,MORPHEME_ALIGNED,,pala_a_mp3 pala_a_wav pala_a_eaf pala_a_xml pala_a_tsv,,130928,135499,##	pro.h:s	lv-pro_h_s	v:pred	##	other	ln	np.h:s	rn	=lv	v:pred	rv	##	0.h:a	=lv	v:pred	rv	ln	np:p	-rn_pro.h:poss	##	0.h:s	v:pred	adp	=ln	np:l	rn,,pala,∅	∅	∅	∅	∅	∅	∅	∅	∅	∅	∅	∅	∅	∅	∅	∅	∅	∅	∅	∅	∅	∅	∅	∅	∅	∅	∅,∅	10016	∅	∅	∅	∅	∅	10005	∅	∅	∅	∅	∅	10005	∅	∅	∅	∅	10017	10016	∅	10005	∅	∅	∅	10017	∅,∅	10016	∅	∅	∅	∅	∅	10005	∅	∅	∅	∅	∅	10005	∅	∅	∅	∅	10017	10016	∅	10005	∅	∅	∅	10017	∅
pala_0058,mcveraa,durum sag lēn vava viē 'anēn,#	duru	=m	sag	lē	=n	vava	viē	anē	#	=n,#	3DL	=TAM1	sit	LOC	=ART	underneath	wild.taro	DEM1.A	#	ART,"They sat under that wild taro,",en,WORD_ALIGNED,,pala_a_mp3 pala_a_wav pala_a_eaf pala_a_xml pala_a_tsv,,135499,137354,##	pro.h:s	=lv	v:pred	adp	=ln	np:l	rn	ln	##	=ln,,pala,∅	∅	∅	∅	∅	∅	∅	∅	∅	∅	∅,∅	10005	∅	∅	∅	∅	10017	∅	∅	∅	∅,∅	10005	∅	∅	∅	∅	10017	∅	∅	∅	∅
pala_0059,mcveraa,lumgav ēm laalaka ne van ma ne sag sur suwō ne 'ēn e ruwa m̄alm̄ala ēs sag 'i,lumgav	ē	=m	laa-laka	#	ZERO	ne	van	ma	#	ZERO	ne	sag	sur	suwō	#	ZERO	ne	'ēn	e	ruwa	m̄alm̄ala	ē	#	ZERO	=s	sag	'i,young.man	DEM.REC	=TAM1	RED-dance	#	ZERO	TAM2:3SG	go	hither	#	ZERO	TAM2:3SG	sit	down	thither	#	ZERO	TAM2:3SG	see	ART	two.people	young.woman	DEM3	#	ZERO	=SIM	sit	DEL,"and the young man danced, and then he came, sat down and saw these two girls sitting there.",en,MORPHEME_ALIGNED,,pala_a_mp3 pala_a_wav pala_a_eaf pala_a_xml pala_a_tsv,,137363,141963,np.h:s	rn	=lv	v:pred	##	0.h:s	lv-pro_h_s	v:pred	rv	##	0.h:s	lv-pro_h_s	v:pred	rv	rv	##	0.h:a	lv-pro_h_a	v:pred	ln	np.h:p	rn	rn	#rc_rn	0.h:s	=lv	v:pred	rv,,pala,∅	∅	∅	∅	∅	∅	∅	∅	∅	∅	∅	∅	∅	∅	∅	∅	∅	∅	∅	∅	∅	∅	∅	∅	∅	∅	∅	∅,10016	∅	∅	∅	∅	10016	∅	∅	∅	∅	10016	∅	∅	∅	∅	∅	10016	∅	∅	∅	10005	∅	∅	∅	10005	∅	∅	∅,10016	∅	∅	∅	∅	10016	∅	∅	∅	∅	10016	∅	∅	∅	∅	∅	10016	∅	∅	∅	10005	∅	∅	∅	10005	∅	∅	∅
pala_0060,mcveraa,e ruwa m̄alm̄ala 'anē so,#	e	ruwa	m̄alm̄ala	anē	so,#	ART	two.people	young.woman	DEM1.A	QUOT,The two girls said:,en,MORPHEME_ALIGNED,,pala_a_mp3 pala_a_wav pala_a_eaf pala_a_xml pala_a_tsv,,141963,143652,##	ln	ln	np.h:s	rn	other:pred,,pala,∅	∅	∅	∅	∅	∅,∅	∅	10005	∅	∅	∅,∅	∅	10005	∅	∅	∅
pala_0061,mcveraa,'ei kamadu 'anēm van ma sir nik anē,#	'ei	kamadu	anē	=m	van	ma	sir	nik	anē,#	INTERJ	1DL.EX	DEM1.A	=TAM1	go	hither	because.of	2SG	DEM1.A,"""Hey, we have come for you.",en,MORPHEME_ALIGNED,,pala_a_mp3 pala_a_wav pala_a_eaf pala_a_xml pala_a_tsv,,143662,145697,##ds	other	pro.1:s	rn	=lv	v:pred	rv	adp	pro.2:obl	rn,,pala,∅	∅	∅	∅	∅	∅	∅	∅	∅	∅,∅	∅	10005	∅	∅	∅	∅	∅	10016	∅,∅	∅	10005	∅	∅	∅	∅	∅	10016	∅
pala_0062,mcveraa,kamadu ga moros so,#	kamadu	ga	mōrōs	#	so,#	1DL.EX	STAT	want	#	CPL,We want that,en,MORPHEME_ALIGNED,,pala_a_mp3 pala_a_wav pala_a_eaf pala_a_xml pala_a_tsv,,145706,146411,##ds	pro.1:s	lv	v:pred	#ds_cc	other,,pala,∅	∅	∅	∅	∅	∅,∅	10005	∅	∅	∅	∅,∅	10005	∅	∅	∅	∅
pala_0063,mcveraa,kamadu me leg birin̄ nike,kamadu	me	leg	birin̄	nikē,1DL.EX	FUT	marry	with	2SG,"we get married with you.""",en,MORPHEME_ALIGNED,,pala_a_mp3 pala_a_wav pala_a_eaf pala_a_xml pala_a_tsv,,146420,149622,pro.1:a	lv	v:pred	rv	pro.2:p,,pala,∅	∅	∅	∅	∅,10005	∅	∅	∅	10016,10005	∅	∅	∅	10016
pala_0064,mcveraa,qēn lumgav anēk kal raka ne tek mē duruō so,#	qē'	=n	lumgav	anē	=k	kalraka	#	ZERO	ne	tēk	mē	duruō	so,#	finish	=ART	young.man	DEM1.A	=TAM2	get.up	#	ZERO	TAM2:3SG	speak	DAT	3DL	QUOT,So then this young man got up and said to them:,en,MORPHEME_ALIGNED,,pala_a_mp3 pala_a_wav pala_a_eaf pala_a_xml pala_a_tsv,,149622,153051,##	other	=ln	np.h:s	rn	=lv	v:pred	##	0.h:s	lv-pro_h_s	v:pred	adp	pro.h:g	other,,pala,∅	∅	∅	∅	∅	∅	∅	∅	∅	∅	∅	∅	∅	∅,∅	∅	∅	10016	∅	∅	∅	∅	10016	∅	∅	∅	10005	∅,∅	∅	∅	10016	∅	∅	∅	∅	10016	∅	∅	∅	10005	∅
pala_0065,mcveraa,alē ga itok,#	alē	ga	itok,#	INTERJ	STAT	good,"""All right then.",en,MORPHEME_ALIGNED,,pala_a_mp3 pala_a_wav pala_a_eaf pala_a_xml pala_a_tsv,,153051,154487,##ds	other	lv	v:pred,,pala,∅	∅	∅	∅,∅	∅	∅	∅,∅	∅	∅	∅
pala_0066,mcveraa,ba kumru ga lama'in vonok aqit aqit aqit,#	ba	kumru	ga	lama'i	#	=n	vono	-k	aqit	aqit	aqit,#	but	2DL	STAT	know	#	=ART	home	-1SG	far	far	far,But you should know that my home is far far away.,en,MORPHEME_ALIGNED,,pala_a_mp3 pala_a_wav pala_a_eaf pala_a_xml pala_a_tsv,,154487,157048,##ds	other	pro.2:s	lv	v:pred	#ds_cc	=ln	np:s	-rn_pro.1:poss	other:pred	rv	rv,,pala,∅	∅	∅	∅	∅	∅	∅	bridging	∅	∅	∅	∅,∅	∅	10005	∅	∅	∅	∅	10021	10016	∅	∅	∅,∅	∅	10005	∅	∅	∅	∅	10021	10016	∅	∅	∅
pala_0067,mcveraa,ba ga itok gēdōlk e... dōl va'anēk laklaka,#	ba	ga	itok	#	gēdōl	=k	e—	#	dōl	va'anē	=k	lak-laka,#	but	STAT	good	#	1TL.IN	=TAM2	NC	#	1TL.IN	TEMP.DEM1	=TAM2	RED-dance,"But it's okay. So we three then, we dance,",en,MORPHEME_ALIGNED,,pala_a_mp3 pala_a_wav pala_a_eaf pala_a_xml pala_a_tsv,,157048,160177,##ds	other	lv	v:pred	#nc	nc_pro.1	nc	nc	##ds	wpro.1:s	rn	=lv	v:pred,,pala,∅	∅	∅	∅	∅	bridging	∅	∅	∅	∅	∅	∅	∅,∅	∅	∅	∅	∅	10022	∅	∅	∅	10022	∅	∅	∅,∅	∅	∅	∅	∅	10022	∅	∅	∅	10022	∅	∅	∅
pala_0068,mcveraa,dōl me laalaka,#	dōl	me	laa-laka,#	1TL.IN	FUT	RED-dance,"we will dance,",en,MORPHEME_ALIGNED,,pala_a_mp3 pala_a_wav pala_a_eaf pala_a_xml pala_a_tsv,,160177,161639,##ds	wpro.1:s	lv	v:pred,,pala,∅	∅	∅	∅,∅	10022	∅	∅,∅	10022	∅	∅
pala_0069,mcveraa,kumrum 'ēn nom tek mē kumruō so gēdōlk mulō ba gēdōlk mulō va'anē,#	kumru	=m	'ēn	#	no	=m	tēk	mē	kumruō	so	#	gidō'ōl	=k	mulō	#	ba	gidō'ōl	=k	mulō	va'anē,#	2DL	=TAM1	see	#	1SG	=TAM1	speak	DAT	2DL	QUOT	#	1TL.IN	=TAM2	go.home	#	but	1TL.IN	=TAM2	go.home	TEMP.DEM1,"and when you see that I say to you: ""We are going home."" then we go home.""",en,MORPHEME_ALIGNED,,pala_a_mp3 pala_a_wav pala_a_eaf pala_a_xml pala_a_tsv,,161648,165748,##ds	pro.2:s	=lv	v:pred	#ds_cc	pro.1:s	=lv	v:pred	adp	pro.2:g	other	##ds	pro.1:s	=lv	v:pred	##ds	other	pro.1:s	=lv	v:pred	other,,pala,∅	∅	∅	∅	∅	∅	∅	∅	∅	∅	∅	∅	∅	∅	∅	∅	∅	∅	∅	∅	∅,∅	10005	∅	∅	∅	10016	∅	∅	∅	10005	∅	∅	10022	∅	∅	∅	∅	10022	∅	∅	∅,∅	10005	∅	∅	∅	10016	∅	∅	∅	10005	∅	∅	10022	∅	∅	∅	∅	10022	∅	∅	∅
pala_0070,mcveraa,alē dōrōl vanēk laklaka va'anē,#	alē	dir'ōl	van	#	ZERO	=ēk	lak-laka	va'anē,#	INTERJ	3TL	go	#	ZERO	=TAM2	RED-dance	TEMP.DEM1,"All right, then they went dancing,",en,MORPHEME_ALIGNED,,pala_a_mp3 pala_a_wav pala_a_eaf pala_a_xml pala_a_tsv,,165748,167962,##	other	pro.h:s	v:pred	##	0.h:s	=lv	v:pred	other,,pala,∅	∅	∅	∅	∅	∅	∅	∅	∅,∅	∅	10002	∅	∅	10022	∅	∅	∅,∅	∅	10002	∅	∅	10022	∅	∅	∅
pala_0071,mcveraa,van mēn laklaka 'anē direk qē'ēg suwōn laklaka,#	ZERO	van	mē	=n	lak-laka	anē	#	dir	=ēk	qē'ēg	suwō	=n	lak-laka,#	ZERO	go	DAT	=ART	RED-dance	DEM1.A	#	3PL	=TAM2	begin	thither	=ART	NMLZ-dance,"Went to the dances, and they started the dances again.",en,MORPHEME_ALIGNED,,pala_a_mp3 pala_a_wav pala_a_eaf pala_a_xml pala_a_tsv,,167977,170657,##	0.h:s	v:pred	adp	ln	np:g	rn	##	pro.h:a	=lv	v:pred	rv	ln	np:p,,pala,∅	∅	∅	∅	∅	∅	∅	∅	∅	∅	∅	∅	∅	∅,∅	10022	∅	∅	∅	10014	∅	∅	10009	∅	∅	∅	∅	10014,∅	10022	∅	∅	∅	10014	∅	∅	10009	∅	∅	∅	∅	10014
pala_0072,mcveraa,durum vanēk laka,#	duru	=m	van	#	ZERO	=ēk	laka,#	3DL	=TAM1	go	#	ZERO	=TAM2	dance,The two went to dance.,en,MORPHEME_ALIGNED,,pala_a_mp3 pala_a_wav pala_a_eaf pala_a_xml pala_a_tsv,,170657,171962,##	pro.h:s	=lv	v:pred	##	0.h:s	=lv	v:pred,,pala,∅	∅	∅	∅	∅	∅	∅	∅,∅	10005	∅	∅	∅	10005	∅	∅,∅	10005	∅	∅	∅	10005	∅	∅
pala_0073,mcveraa,laalakan tōo ne tōrtōrōk vag wal,#	ZERO	laa-laka	#	=n	tōo	ne	tōrtōrōk	vag-wal,#	ZERO	RED-dance	#	=ART	fowl	TAM2:3SG	crow	MULT-one,"Danced and danced, until the fowls crowed for the first time.",en,MORPHEME_ALIGNED,,pala_a_mp3 pala_a_wav pala_a_eaf pala_a_xml pala_a_tsv,,171962,175363,##	0.h:s	v:pred	##	=ln	np:s	lv-pro_s	v:pred	other,,pala,∅	∅	∅	∅	∅	∅	∅	∅	∅,∅	10005	∅	∅	∅	∅	∅	∅	∅,∅	10005	∅	∅	∅	∅	∅	∅	∅
pala_0074,mcveraa,e sōw lē duruk ... n lumgav 'anē ne tek va'anē so,#	e	sōw	lē	duru	=k	#	n	lumgav	anē	ne	tēk	va'anē	so,#	CC	DISC	LOC	3DL	=TAM2	#	ART	young.man	DEM1.A	TAM2:3SG	speak	TEMP.DEM1	QUOT,So the two ... now this young man said:,en,MORPHEME_ALIGNED,,pala_a_mp3 pala_a_wav pala_a_eaf pala_a_xml pala_a_tsv,,175363,179024,#nc	nc	nc	nc	nc_pro.h	nc	##	ln	np.h:s	rn	lv-pro_h_s	v:pred	other	other,,pala,∅	∅	∅	∅	∅	∅	∅	∅	∅	∅	∅	∅	∅	∅,∅	∅	∅	∅	10005	∅	∅	∅	10016	∅	∅	∅	∅	∅,∅	∅	∅	∅	10005	∅	∅	∅	10016	∅	∅	∅	∅	∅
pala_0075,mcveraa,van ma,#	ZERO	van	ma,#	ZERO	go	hither,Come here!,en,MORPHEME_ALIGNED,,pala_a_mp3 pala_a_wav pala_a_eaf pala_a_xml pala_a_tsv,,179024,179310,##ds	0.2:s	v:pred	rv,,pala,∅	∅	∅	∅,∅	10005	∅	∅,∅	10005	∅	∅
pala_0076,mcveraa,gēdōlk ē mulō va'anē,#	gidō'ōl	=k	eh	mulō	va'anē,#	1TL.IN	=TAM2	HES	go	TEMP.DEM1,We three are gonna go home now.,en,MORPHEME_ALIGNED,,pala_a_mp3 pala_a_wav pala_a_eaf pala_a_xml pala_a_tsv,,179310,180836,##ds	pro.1:s	=lv	nc	v:pred	other,,pala,∅	∅	∅	∅	∅	∅,∅	10022	∅	∅	∅	∅,∅	10022	∅	∅	∅	∅
pala_0077,mcveraa,ba e ruwas vivirig 'a'ag die 'anē,#	ba	e	ruwa	=s	vi-virig	'a-'ag	diē	anē,#	but	ART	two.people	=SIM	RED-rush	RED-follow	3SG	DEM1.A,And then the two ran following him.,en,MORPHEME_ALIGNED,,pala_a_mp3 pala_a_wav pala_a_eaf pala_a_xml pala_a_tsv,,180842,182921,##	other	ln	np.h:a	=lv	v:pred	rv	pro.h:p	other,,pala,∅	∅	∅	∅	∅	∅	∅	∅	∅,∅	∅	∅	10005	∅	∅	∅	10016	∅,∅	∅	∅	10005	∅	∅	∅	10016	∅
pala_0078,mcveraa,durus vivirig 'a'ag di,#	duru	=s	vi-virig	'a-'ag	di,#	3DL	=SIM	RED-rush	RED-follow	3SG,The two ran following him.,en,MORPHEME_ALIGNED,,pala_a_mp3 pala_a_wav pala_a_eaf pala_a_xml pala_a_tsv,,182921,183787,##	pro.h:a	=lv	v:pred	rv	pro.h:p,,pala,∅	∅	∅	∅	∅	∅,∅	10005	∅	∅	∅	10016,∅	10005	∅	∅	∅	10016
pala_0079,mcveraa,duru e lama'i ros son 'an̄saran lumgav 'anēn 'ama',#	duru	e	lama'i	rōs	#	so	=n	'an̄sara	=n	lumgav	anē	=n	'ama',#	3DL	GEN.NEG1	know	GEN.NEG2	#	CPL	=ART	person	=ART	young.man	DEM1.A	=ART	spirit,"The two didn't know that the man, this young man was a devil.",en,MORPHEME_ALIGNED,,pala_a_mp3 pala_a_wav pala_a_eaf pala_a_xml pala_a_tsv,,183787,187582,##neg	pro.h:s	lv	v:pred	rv	#cc	other	nc	nc	=ln	np.h:s	rn	=ln	np.d:pred,,pala,∅	∅	∅	∅	∅	∅	∅	∅	∅	∅	∅	∅	∅	∅,∅	10005	∅	∅	∅	∅	∅	∅	∅	∅	10016	∅	∅	∅,∅	10005	∅	∅	∅	∅	∅	∅	∅	∅	10016	∅	∅	∅
pala_0080,mcveraa,'alē dērōlk van wōl anēk le rak ēn m̄ōglege mur'ōl,#	alē	dir'ōl	=k	van	wōl	anē	#	ZERO	=k	le	rak	ēn	m̄ōglēge	mu	-r'ōl,#	INTERJ	3TL	=TAM2	go	DIR<wōl>	DEM1.A	#	ZERO	=TAM2	transfer	out	ART	thing	POSS.GEN	-3TL,So the three went <wōl> and picked up there stuff.,en,MORPHEME_ALIGNED,,pala_a_mp3 pala_a_wav pala_a_eaf pala_a_xml pala_a_tsv,,187582,190763,##	other	pro.h:s	=lv	v:pred	rv	other	##	0.h:a	=lv	v:pred	rv	ln	np:p	rn	-rn_pro.h:poss,,pala,∅	∅	∅	∅	∅	∅	∅	∅	∅	∅	∅	∅	∅	bridging	∅	∅,∅	∅	10022	∅	∅	∅	∅	∅	10022	∅	∅	∅	∅	10023	∅	10022,∅	∅	10022	∅	∅	∅	∅	∅	10022	∅	∅	∅	∅	10023	∅	10022
pala_0081,mcveraa,dērōlk van,#	dir'ōl	=k	van,#	3TL	=TAM2	go,The three went.,en,MORPHEME_ALIGNED,,pala_a_mp3 pala_a_wav pala_a_eaf pala_a_xml pala_a_tsv,,190763,191670,##	pro.h:s	=lv	v:pred,,pala,∅	∅	∅	∅,∅	10022	∅	∅,∅	10022	∅	∅
pala_0082,mcveraa,vaavan din̄ rōw 'a lo,#	ZERO	vaa:van	din̄	rōw	a	lo,#	ZERO	RED:go	reach	down	LOC.SP	seaside,Went and went until reaching the sea.,en,MORPHEME_ALIGNED,,pala_a_mp3 pala_a_wav pala_a_eaf pala_a_xml pala_a_tsv,,191670,193661,##	0.h:s	v:pred	rv	rv	adp	np:g,,pala,∅	∅	∅	∅	∅	∅	unused,∅	10022	∅	∅	∅	∅	10024,∅	10022	∅	∅	∅	∅	10024
pala_0083,mcveraa,dēr'ōlk rēv sur ēn nak susuō,#	dir'ōl	=k	rēv	sur	ēn	nak	su-suō,#	3TL	=TAM2	drag	down	ART	canoe	RED-paddle,The three dragged down a canoe.,en,MORPHEME_ALIGNED,,pala_a_mp3 pala_a_wav pala_a_eaf pala_a_xml pala_a_tsv,,193661,195096,##	pro.h:a	=lv	v:pred	rv	ln	np:p	rn,,pala,∅	∅	∅	∅	∅	∅	new	∅,∅	10022	∅	∅	∅	∅	10025	∅,∅	10022	∅	∅	∅	∅	10025	∅
pala_0084,mcveraa,dēr'ōlk suō va'anē,#	dir'ōl	=k	suō	va'anē,#	3TL	=TAM2	paddle	TEMP.DEM1,And now they started to paddle.,en,MORPHEME_ALIGNED,,pala_a_mp3 pala_a_wav pala_a_eaf pala_a_xml pala_a_tsv,,195105,196611,##	pro.h:s	=lv	v:pred	other,,pala,∅	∅	∅	∅	∅,∅	10022	∅	∅	∅,∅	10022	∅	∅	∅
pala_0085,mcveraa,ba taem dērōl rēv sur ēn nak susuō 'anēn 'uwam̄ēre ne tek so,#	ba	taem	dir'ōl	rēv	sur	ēn	nak	su-suō	anē	#	=n	'uwam̄ēre	ne	tēk	so,#	but	when	3TL	drag	down	ART	canoe	RED-paddle	DEM1.A	#	=ART	first.born	TAM2:3SG	speak	QUOT,"But when the three were pulling down the canoe, the first born said:",en,MORPHEME_ALIGNED,,pala_a_mp3 pala_a_wav pala_a_eaf pala_a_xml pala_a_tsv,,196611,200234,##	other	other	pro.h:a	v:pred	rv	ln	np:p	rn	rn	##	=ln	np.h:s	lv-pro_h_s	v:pred	other,,pala,∅	∅	∅	∅	∅	∅	∅	∅	∅	∅	∅	∅	∅	∅	∅	∅,∅	∅	∅	10022	∅	∅	∅	10025	∅	∅	∅	∅	10003	∅	∅	∅,∅	∅	∅	10022	∅	∅	∅	10025	∅	∅	∅	∅	10003	∅	∅	∅
pala_0086,mcveraa,no me sag 'irwur,#	no	me	sag	'irwur,#	1SG	FUT	sit	behind,I will sit in the back.,en,MORPHEME_ALIGNED,,pala_a_mp3 pala_a_wav pala_a_eaf pala_a_xml pala_a_tsv,,200242,201178,##ds	pro.1:s	lv	v:pred	other,,pala,∅	∅	∅	∅	∅,∅	10003	∅	∅	∅,∅	10003	∅	∅	∅
pala_0087,mcveraa,ēn 'isim̄ēre so,#	ē	=n	'isim̄ēre	so,#	CC	=ART	second.born	QUOT,The second born said:,en,MORPHEME_ALIGNED,,pala_a_mp3 pala_a_wav pala_a_eaf pala_a_xml pala_a_tsv,,201178,201977,##	other	=ln	np.h:s	other:pred,,pala,∅	∅	∅	∅	∅,∅	∅	∅	10004	∅,∅	∅	∅	10004	∅
pala_0088,mcveraa,'oōo',#	'oōo',#	no.way,No!,en,MORPHEME_ALIGNED,,pala_a_mp3 pala_a_wav pala_a_eaf pala_a_xml pala_a_tsv,,201990,202751,##ds	other,,pala,∅	∅,∅	∅,∅	∅
pala_0089,mcveraa,kumruō 'erē sag 'ōw'ōw,#	kumruō	'erē	sag	'ōw'ōw,#	2DL	PL	sit	first.one,"You two, sit in front.",en,MORPHEME_ALIGNED,,pala_a_mp3 pala_a_wav pala_a_eaf pala_a_xml pala_a_tsv,,202751,203934,##ds	pro.2:s	lv	v:pred	other,,pala,∅	bridging	∅	∅	∅,∅	10026	∅	∅	∅,∅	10026	∅	∅	∅
pala_0090,mcveraa,no no me sag 'irwur,#	no	no	me	sag	'irwur,#	1SG	1SG	FUT	sit	behind,"Me, I will sit in the back.",en,MORPHEME_ALIGNED,,pala_a_mp3 pala_a_wav pala_a_eaf pala_a_xml pala_a_tsv,,203934,205557,##ds	pro.1:dt_s	pro.1:s	lv	v:pred	other,,pala,∅	∅	∅	∅	∅	∅,∅	10004	10004	∅	∅	∅,∅	10004	10004	∅	∅	∅
pala_0091,mcveraa,qē' 'uwam̄ēre ne sag lēn qi'i nak susuō,#	qē'	'uwam̄ēre	ne	sag	lē	=n	qi'i	nak	su-suō,#	finish	first.born	TAM2:3SG	sit	LOC	=ART	head	canoe	RED-paddle,So the first born sat in the bow of the canoe.,en,MORPHEME_ALIGNED,,pala_a_mp3 pala_a_wav pala_a_eaf pala_a_xml pala_a_tsv,,205557,210802,##	other	np.h:s	lv-pro_h_s	v:pred	adp	=ln	np:g	rn_np	rn,,pala,∅	∅	∅	∅	∅	∅	∅	bridging	∅	∅,∅	∅	10003	∅	∅	∅	∅	10027	∅	∅,∅	∅	10003	∅	∅	∅	∅	10027	∅	∅
pala_0092,mcveraa,n 'ama' ne sag lēn venegi,#	n	'ama'	ne	sag	lē	=n	vene	-gi,#	ART	spirit	TAM2:3SG	sit	LOC	=ART	middle	-3SG,The devil sat in the middle.,en,MORPHEME_ALIGNED,,pala_a_mp3 pala_a_wav pala_a_eaf pala_a_xml pala_a_tsv,,210802,214724,##	ln	np.d:s	lv-pro_d_s	v:pred	adp	=ln	np:g	-rn_pro:poss,,pala,∅	∅	∅	∅	∅	∅	∅	bridging	∅,∅	∅	10016	∅	∅	∅	∅	10028	10025,∅	∅	10016	∅	∅	∅	∅	10028	10025
pala_0093,mcveraa,'alēn 'isim̄ēre ne sag 'irwur,#	alē	=n	'isim̄ēre	ne	sag	'irwur,#	INTERJ	=ART	second.born	TAM2:3SG	sit	behind,"All right, the second born sat in the back.",en,MORPHEME_ALIGNED,,pala_a_mp3 pala_a_wav pala_a_eaf pala_a_xml pala_a_tsv,,214724,217047,##	other	=ln	np.h:s	lv-pro_h_s	v:pred	other,,pala,∅	∅	∅	∅	∅	∅	∅,∅	∅	∅	10004	∅	∅	∅,∅	∅	∅	10004	∅	∅	∅
pala_0094,mcveraa,'alē dērōlk suō va'anē,#	alē	dir'ōl	=k	suō	va'anē,#	INTERJ	3TL	=TAM2	paddle	TEMP.DEM1,"All right, the three paddled now.",en,MORPHEME_ALIGNED,,pala_a_mp3 pala_a_wav pala_a_eaf pala_a_xml pala_a_tsv,,217047,218371,##	other	pro.h:s	=lv	v:pred	other,,pala,∅	∅	∅	∅	∅	∅,∅	∅	10022	∅	∅	∅,∅	∅	10022	∅	∅	∅
pala_0095,mcveraa,dērōl suō suk suō din̄ man n poen ne vōwal,#	dir'ōl	suō	su	#	ZERO	=k	suō	din̄	ma	=n	n	poen	ne	vō-wal,#	3TL	paddle	paddle	#	ZERO	=TAM2	paddle	reach	hither	=ART	ART	point	NUM.ART	NUM-one,"They paddled and paddled, paddled until they reached one point.",en,MORPHEME_ALIGNED,,pala_a_mp3 pala_a_wav pala_a_eaf pala_a_xml pala_a_tsv,,218371,223682,##	pro.h:s	v:pred	rv	##	0.h:a	=lv	v:pred	rv	rv	=ln	nc	np:p	rn	rn,,pala,∅	∅	∅	∅	∅	∅	∅	∅	∅	∅	∅	∅	∅	∅	∅,∅	10022	∅	∅	∅	10022	∅	∅	∅	∅	∅	∅	10028	∅	∅,∅	10022	∅	∅	∅	10022	∅	∅	∅	∅	∅	∅	10028	∅	∅
pala_0096,mcveraa,wo dine lukun so vōwal,#	wo	di	ne	lukun	so	vō-wal,#	and	3SG	TAM2:3SG	count	QUOT	NUM-one,"And she counted: ""One.""",en,MORPHEME_ALIGNED,,pala_a_mp3 pala_a_wav pala_a_eaf pala_a_xml pala_a_tsv,,223682,225588,##	other	pro.h:s	lv-pro_h_s	v:pred	other	np:other,,pala,∅	∅	∅	∅	∅	∅	∅,∅	∅	10004	∅	∅	∅	∅,∅	∅	10004	∅	∅	∅	∅
pala_0097,mcveraa,'alē dērōlk suō suō suusuō suō din̄ man n ge 'ew'i e...,#	'alē	dērōl	=k	suō	suō	suu:suō	suō	din̄	ma	=n	n	ge	'ew'i	e—,#	INTERJ	3TL	=TAM2	paddle	paddle	RED:paddle	paddle	reach	hither	=ART	ART	DEICT	other	NC,"All right, the three paddled, paddled and paddled, until they reached the another one ...",en,MORPHEME_ALIGNED,,pala_a_mp3 pala_a_wav pala_a_eaf pala_a_xml pala_a_tsv,,225596,242229,#nc	nc	nc_pro.h	nc	nc	nc	nc	nc	nc	nc	nc	nc	nc	nc	nc,,pala,∅	∅	∅	∅	∅	∅	∅	∅	∅	∅	∅	∅	∅	∅	∅,∅	∅	10022	∅	∅	∅	∅	∅	∅	∅	∅	∅	∅	∅	∅,∅	∅	10022	∅	∅	∅	∅	∅	∅	∅	∅	∅	∅	∅	∅
