corpus	text	uid	gword	gloss	graid	gform	ganim	gfunc	refind	reflex
veraa	jjq	0001	#		##	##				
veraa	jjq	0001	qōn̄	day	np:other	np		other		
veraa	jjq	0001	ne	NUM.ART	rn	rn				
veraa	jjq	0001	vo-̄wal	NUM-one	rn	rn				
veraa	jjq	0002	Qo'	Qo'	np.h:pred	np	h	pred		
veraa	jjq	0002	birin̄	with	rn	rn				
veraa	jjq	0002	e	ART	rn	rn				
veraa	jjq	0002	raga	people	rn	rn				
veraa	jjq	0002	'i-'isi-gi	NSG-brother-3SG	rn_np.h-pro.h:poss	rn_np	h-pro.h	poss		
veraa	jjq	0003	#		##	##				
veraa	jjq	0003	e	ART 	ln	ln				
veraa	jjq	0003	raga	people	ln	ln				
veraa	jjq	0003	'i-'isi-gi	NSG-brother-3SG	np.h:s-pro.h:poss	np	h	s-pro.h:poss		
veraa	jjq	0003	san̄wul	ten	np:pred	np		pred		
veraa	jjq	0003	wal	one	rn	rn				
veraa	jjq	0003	dēmē	??	rn	rn				
veraa	jjq	0003	ne	NUM.ART	rn	rn				
veraa	jjq	0003	vō-ruō	NUM-two	rn	rn				
veraa	jjq	0004	#		##	##				
veraa	jjq	0004	dir	3PL	pro.h:s	pro	h	s		
veraa	jjq	0004	=m	=TAM1	=lv	=lv				
veraa	jjq	0004	'ōg'ōg	RED:stay	v:pred	v		pred		
veraa	jjq	0004	a	LOC.SP	adp	adp				
veraa	jjq	0004	Rev	Rev	np:l	np		l		
veraa	jjq	0005	#		##	##				
veraa	jjq	0005	a	LOC.SP	adp	adp				
veraa	jjq	0005	Rev	Rev	np:dt	np		dt		
veraa	jjq	0005	si	if	other	other				
veraa	jjq	0005	nik	2SG	pro.2:s	pro	2	s		
veraa	jjq	0005	van	go	v:pred	v		pred		
veraa	jjq	0005	din̄	reach	rv	rv				
veraa	jjq	0005	a	LOC.SP	adp	adp				
veraa	jjq	0005	Rev	Rev	np:g	np		g		
veraa	jjq	0005	#		##	##				
veraa	jjq	0005	nik	2SG	pro.2:a	pro	2	a		
veraa	jjq	0005	ē	TAM2:2SG	lv-pro.2:a	lv-pro	2	a		
veraa	jjq	0005	'ēn	see	v:pred	v		pred		
veraa	jjq	0005	ēn	ART	ln	ln				
veraa	jjq	0005	skul	school	np:p	np		p		
veraa	jjq	0005	luwo	big	rn	rn				
veraa	jjq	0005	#		##	##				
veraa	jjq	0005	so-gi	name-3SG	np:s-pro:poss	np		s-pro:poss		
veraa	jjq	0005	nē	DEM1	rn	rn				
veraa	jjq	0005	bēne	PRO.OBL	other:predex	other		predex		
veraa	jjq	0005	#							
veraa	jjq	0005	a	LOC.SP	adp	adp				
veraa	jjq	0005	Rev	Rev	np:pred	np		pred		
veraa	jjq	0005	sa	EMPH	ln	ln				
veraa	jjq	0005	nē	DEM1	dem1_pro:s	dem1_pro		s		
veraa	jjq	0005	n	ART	ln	ln				
veraa	jjq	0005	vono-n	home-CS	np:dt_pred	np		dt_pred		
veraa	jjq	0005	e	PERS.ART	rn	rn				
veraa	jjq	0005	Qo'	Qo'	rn_np.h:poss	rn_np	h	poss		
veraa	jjq	0006	#		##	##				
veraa	jjq	0006	dir	3PL	pro.h:s	pro	h	s		
veraa	jjq	0006	=m	=TAM1	=lv	=lv				
veraa	jjq	0006	'ōg-'ōgo	RED-stay	v:pred	v		pred		
veraa	jjq	0006	kēnē	LOC.DEM1	other:l	other		l		
veraa	jjq	0006	va-van	RED-go	other	other				
veraa	jjq	0006	#		##	##				
veraa	jjq	0006	qōn̄	day	np:other	np		other		
veraa	jjq	0006	ne	NUM.ART	rn	rn				
veraa	jjq	0006	vō-wal	NUM-one	rn	rn				
veraa	jjq	0006	dir	3PL	pro.h:s	pro	h	s		
veraa	jjq	0006	=k	=TAM2	=lv	=lv				
veraa	jjq	0006	dō̄-dō̄m	RED-think	v:pred	v		pred		
veraa	jjq	0006	#ec		#cc	#cc				
veraa	jjq	0006	'amēn	ASS 	other	other				
veraa	jjq	0006	ga	STAT	lv	lv				
veraa	jjq	0006	van	go	vother:pred	vother		pred		
veraa	jjq	0006	'ar	chop	rv	rv				
veraa	jjq	0006	ēn	ART	ln	ln				
veraa	jjq	0006	naka	canoe	np:p	np		p		
veraa	jjq	0007	#		##	##				
veraa	jjq	0007	dir	3PL	pro.h:s	pro	h	s		
veraa	jjq	0007	=m	=TAM1	=lv	=lv				
veraa	jjq	0007	van	go	v:pred	v		pred		
veraa	jjq	0007	mē	DAT 	adp	adp				
veraa	jjq	0007			#cc:g	#cc		g		
veraa	jjq	0007	=n	=ART	=ln	=ln				
veraa	jjq	0007	'ar	cut	vother:pred	vother		pred		
veraa	jjq	0007	ēn	ART	ln	ln				
veraa	jjq	0007	nak	canoe	np:p	np		p		
veraa	jjq	0007	su-suō	RED-paddle	rn	rn				
veraa	jjq	0008	#		##	##				
veraa	jjq	0008	dir	3PL	pro.h:s	pro	h	s		
veraa	jjq	0008	=m	=TAM1	=lv	=lv				
veraa	jjq	0008	van	go	v:pred	v		pred		
veraa	jjq	0008	kal	upwards	rv	rv				
veraa	jjq	0008	sar	inland	rv	rv				
veraa	jjq	0008	lē	LOC 	adp	adp				
veraa	jjq	0008	=n	=ART	=ln	=ln				
veraa	jjq	0008	wōm̄ōm̄ō'	bush	np:g	np		g		
veraa	jjq	0009	#		##neg	##neg				
veraa	jjq	0009	ba	but	other	other				
veraa	jjq	0009	e	ART	ln	ln				
veraa	jjq	0009	Qo'	Qo'	np.h:s	np	h	s		
veraa	jjq	0009	e	GEN.NEG1	lv	lv				
veraa	jjq	0009	van	go	v:pred	v		pred		
veraa	jjq	0009	rōs	GEN.NEG2	rv	rv				
veraa	jjq	0010	#		##	##				
veraa	jjq	0010	e	ART	ln	ln				
veraa	jjq	0010	raga	people	ln	ln				
veraa	jjq	0010	'i-'isi-gi	RED-brother-3SG	np.h:dt_s-pro.h:poss	np	h	dt_s-pro.h:poss		
veraa	jjq	0010	wuva	only	rn	rn				
veraa	jjq	0010	dir	3PL	pro.h:s	pro	h	s		
veraa	jjq	0010	=m	=TAM1	=lv	=lv				
veraa	jjq	0010	van	go	v:pred	v		pred		
veraa	jjq	0011	#		##	##				
veraa	jjq	0011	dir	3PL	pro.h:s	pro	h	s		
veraa	jjq	0011	san̄wul	ten	np:pred	np		pred		
veraa	jjq	0012	#		##	##				
veraa	jjq	0012	san̄wul	ten	np:other	np		other		
veraa	jjq	0012	wal	one	rn	rn				
veraa	jjq	0012	dēmē	??	rn	rn				
veraa	jjq	0012	ne	NUM.ART	rn	rn				
veraa	jjq	0012	vō-wal	NUM-one	rn	rn				
veraa	jjq	0012	dir	3PL	pro.h:s	pro	h	s		
veraa	jjq	0012	=m	=TAM1	=lv	=lv				
veraa	jjq	0012	van	go	v:pred	v		pred		
veraa	jjq	0012	#		##	##				
veraa	jjq	0012	dir	3PL	pro.h:a	pro	h	a		
veraa	jjq	0012	=k	=TAM2	=lv	=lv				
veraa	jjq	0012	kal	go.uwards	v:pred	v		pred		
veraa	jjq	0012	'ar	cut	rv	rv				
veraa	jjq	0012	ēn	ART	ln	ln				
veraa	jjq	0012	naka	canoe	np:p	np		p		
veraa	jjq	0012	#		##	##				
veraa	jjq	0012	ba	but	other	other				
veraa	jjq	0012	Qo'	Qo'	np.h:s	np	h	s		
veraa	jjq	0012	ga	STAT	lv	lv				
veraa	jjq	0012	'ōg'ōg	RED:stay	v:pred	v		pred		
veraa	jjq	0012	lē	LOC	adp	adp				
veraa	jjq	0012	=n	 =ART	=ln	=ln				
veraa	jjq	0012	lōlō	inside	ln	ln				
veraa	jjq	0012	vunuō	village	np:l	np		l		
veraa	jjq	0012	#		##	##				
veraa	jjq	0012	ZERO		0.h:s	0	h	s		
veraa	jjq	0012	ne	TAM2:3SG	lv-pro.h:s	lv-pro	h	s		
veraa	jjq	0012	'ōg	stay	v:pred	v		pred		
veraa	jjq	0012	'i	DEL	rv	rv				
veraa	jjq	0013	#		##	##				
veraa	jjq	0013	di	3SG	pro.h:s	pro	h	s		
veraa	jjq	0013	=m	=TAM1	=lv	=lv				
veraa	jjq	0013	'ōgo	stay	v:pred	v		pred		
veraa	jjq	0013	'ōgo	stay	rv	rv				
veraa	jjq	0013	va-van	RED-go	other	other				
veraa	jjq	0013	#		##neg	##neg				
veraa	jjq	0013	ba	but	other	other				
veraa	jjq	0013	dir	3PL	pro.h:s	pro	h	s		
veraa	jjq	0013	e	GEN.NEG1	lv	lv				
veraa	jjq	0013	galal	know	v:pred	v		pred		
veraa	jjq	0013	rōs	GEN.NEG2	rv	rv				
veraa	jjq	0013	#		#cc	#cc				
veraa	jjq	0013	so	CPL	other	other				
veraa	jjq	0013	Qo'	Qo '	np.h:s	np	h	s		
veraa	jjq	0013	=m	=TAM1	=lv	=lv				
veraa	jjq	0013	van	go	v:pred	v		pred		
veraa	jjq	0013	rek	too 	other	other				
veraa	jjq	0013	#nc		#nc	#nc				
veraa	jjq	0013	ZERO		x	x				
veraa	jjq	0013	=m	=TAM1	x	x				
veraa	jjq	0013	'ar	cut	x	x				
veraa	jjq	0013	...		x	x				
veraa	jjq	0013	%		%	%				
veraa	jjq	0013	mē	DAT 	adp	adp				
veraa	jjq	0013	#		#cc:g	#cc		g		
veraa	jjq	0013	=n	=ART	=ln	=ln				
veraa	jjq	0013	'ar	cut	vother:pred	vother		pred		
veraa	jjq	0013	naka	canoe	rv	rv				
veraa	jjq	0014	#		##neg	##neg				
veraa	jjq	0014	e	ART 	ln	ln				
veraa	jjq	0014	raga	people	ln	ln				
veraa	jjq	0014	'i-'isi-gi	RED-brother-3SG	np.h:s-pro.h:poss	np	h	s-pro.h:poss		
veraa	jjq	0014	lama'i	know	v:pred	v		pred		
veraa	jjq	0014	rōs	GEN.NEG2	rv	rv				
veraa	jjq	0015	#		##	##				
veraa	jjq	0015	e	ART	ln	ln				
veraa	jjq	0015	raga	people	ln	ln				
veraa	jjq	0015	'i-'isi-gi	RED-brother-3SG 	np.h:s-pro.h:poss	np	h	s-pro.h:poss		
veraa	jjq	0015	=m	=TAM1	=lv	=lv				
veraa	jjq	0015	van	go	v:pred	v		pred		
veraa	jjq	0015	anē	DEM1.A	other	other				
veraa	jjq	0015	#		##	##				
veraa	jjq	0015	dir	3PL	pro.h:a	pro	h	a		
veraa	jjq	0015	=m	=TAM1	=lv	=lv				
veraa	jjq	0015	'ar	chop	v:pred	v		pred		
veraa	jjq	0015	ēn	ART	ln	ln				
veraa	jjq	0015	naka	canoe	np:p	np		p		
veraa	jjq	0015	#		##	##				
veraa	jjq	0015	e	ART 	nc	nc				
veraa	jjq	0015	raga	people	nc	nc				
veraa	jjq	0015	'aklē-gi	some-3SG	nc	nc				
veraa	jjq	0015	dir	3PL	pro.h:dt_a	pro	h	dt_a		
veraa	jjq	0015	dōl	all	rn	rn				
veraa	jjq	0015	dir	3PL	pro.h:a	pro	h	a		
veraa	jjq	0015	=m	=TAM1	=lv	=lv				
veraa	jjq	0015	'ar	chop	v:pred	v		pred		
veraa	jjq	0015	ēn	ART	ln	ln				
veraa	jjq	0015	nak	canoe	np:p	np		p		
veraa	jjq	0015	su-suō	RED-paddle 	rn	rn				
veraa	jjq	0015	=n	=ART	=ln	=ln				
veraa	jjq	0015	nak	canoe	np:dt_p	np		dt_p		
veraa	jjq	0015	n	ART	ln	ln				
veraa	jjq	0015	ko-re	POSS.CL-3PL	np:dt_p-pro.h:poss	np		dt_p-pro.h:poss		
veraa	jjq	0016	#		##	##				
veraa	jjq	0016	dir	3PL	pro.h:a	pro	h	a		
veraa	jjq	0016	=m	=TAM1	=lv	=lv				
veraa	jjq	0016	'ar	chop	v:pred	v		pred		
veraa	jjq	0016	ēn	ART	ln	ln				
veraa	jjq	0016	'erē	PL	ln	ln				
veraa	jjq	0016	naka	canoe	np:p	np		p		
veraa	jjq	0016	anē	DEM1.A	rn	rn				
veraa	jjq	0016	#		##	##				
veraa	jjq	0016	=n	=ART	nc	nc				
veraa	jjq	0016	nē	DEM1	dem_pro:s	dem_pro		s		
veraa	jjq	0016	=n	=ART	=ln	=ln				
veraa	jjq	0016	kala'a	tree.sp	np:pred	np		pred		
veraa	jjq	0017	#		##	##				
veraa	jjq	0017	dir	3PL	pro.h:s	pro	h	s		
veraa	jjq	0017	=k	=TAM2	=lv	=lv				
veraa	jjq	0017	rōw	skip	v:pred	v		pred		
veraa	jjq	0017	lu	through	rv	rv				
veraa	jjq	0017	ma	hither	rv	rv				
veraa	jjq	0017	den	ABL	adp	adp				
veraa	jjq	0017	lē	LOC	adp	adp				
veraa	jjq	0017	=n	 =ART	=ln	=ln				
veraa	jjq	0017	vunuō	village	np:obl	np		obl		
veraa	jjq	0017	#		##	##				
veraa	jjq	0017	dir	3PL	pro.h:a	pro	h	a		
veraa	jjq	0017	=k	=TAM2	=lv	=lv				
veraa	jjq	0017	'ēn	see	v:pred	v		pred		
veraa	jjq	0017	e	e	ln	ln				
veraa	jjq	0017	Qo'	Qo'	np.h:p	np	h	p		
veraa	jjq	0017	#		#rc	#rc				
veraa	jjq	0017	ZERO		0.h:s	0	h	s		
veraa	jjq	0017	=s	=SIM	=lv	=lv				
veraa	jjq	0017	'ōg	stay	v:pred	v		pred		
veraa	jjq	0017	'i	DEL	rv	rv				
veraa	jjq	0018	#		##	##				
veraa	jjq	0018	Qo'	Qo'	np.h:voc	np	h	voc		
veraa	jjq	0018	nikē	2SG	pro.2:s	pro	2	s		
veraa	jjq	0018	'ēnē	DEM?	nc	nc				
veraa	jjq	0018	da	do	v:pred	v		pred		
veraa	jjq	0018	siviē	how	other	other				
veraa	jjq	0019	#		##ds	##ds				
veraa	jjq	0019	vaga	always	other	other				
veraa	jjq	0019	kamak	1PL.EX:TAM2	pro.1:s	pro	1	s		
veraa	jjq	0019	van	go	v:pred	v		pred		
veraa	jjq	0019	kēlkēl	RED-back	rv	rv				
veraa	jjq	0019	#		##ds	##ds				
veraa	jjq	0019	si	or	other	other				
veraa	jjq	0019	kamak	1PL.EX:TAM2 	pro.h:s	pro	h	s		
veraa	jjq	0019	van	go	v:pred	v		pred		
veraa	jjq	0019	lē	LOC 	adp	adp				
veraa	jjq	0019	#		#cc:g	#cc		g		
veraa	jjq	0019	=n	=ART	=ln	=ln				
veraa	jjq	0019	'ar	chop	vother:pred	vother		pred		
veraa	jjq	0019	'ēqē	'ēqē	rv	rv				
veraa	jjq	0019	#		##ds	##ds				
veraa	jjq	0019	si	or	other	other				
veraa	jjq	0019	ZERO		0.1:s	0	1	s		
veraa	jjq	0019	=k	=TAM2	=lv	=lv				
veraa	jjq	0019	van	go	v:pred	v		pred		
veraa	jjq	0019	a	LOC.SP	adp	adp				
veraa	jjq	0019	viē	where	other:g	other		g		
veraa	jjq	0019	senē	MAN.DEM1	other	other				
veraa	jjq	0019	#		##ds	##ds				
veraa	jjq	0019	kamak	1PL.EX:TAM2 	pro.1:s	pro	1	s		
veraa	jjq	0019	van	go	v:pred	v		pred		
veraa	jjq	0019	ma	hither	rv	rv				
veraa	jjq	0019	#		##ds	##ds				
veraa	jjq	0019	nik	2SG	pro.2:s	pro	2	s		
veraa	jjq	0019	ē	TAM2:2SG	lv-pro.2:s	lv-pro	2	s		
veraa	jjq	0019	'ēn	see	v:pred	v		pred		
veraa	jjq	0019	#		##ds_cc	##ds_cc				
veraa	jjq	0019	nik	2SG	pro.2:s	pro	2	s		
veraa	jjq	0019	=s	=SIM	=lv	=lv				
veraa	jjq	0019	'ōg	stay	v:pred	v		pred		
veraa	jjq	0019	'i	DEL	rv	rv				
veraa	jjq	0019	lē	LOC 	adp	adp				
veraa	jjq	0019	=n	=ART	=ln	=ln				
veraa	jjq	0019	lōlō	inside	ln	ln				
veraa	jjq	0019	vunuō	village	np:l	np		l		
veraa	jjq	0020	#		##ds	##ds				
veraa	jjq	0020	ba	but	other	other				
veraa	jjq	0020	nik	2SG	pro.2:s	pro	2	s		
veraa	jjq	0020	ē	TAM2:2SG	lv-pro.2:s	lv-pro	2	s		
veraa	jjq	0020	da	do	v:pred	v		pred		
veraa	jjq	0020	siviē	how	other	other				
veraa	jjq	0020	#		##ds	##ds				
veraa	jjq	0020	kamam	1PL.EX:TAM1	pro.1:s	pro	1	s		
veraa	jjq	0020	'a	HES	nc	nc				
veraa	jjq	0020	van	go	v:pred	v		pred		
veraa	jjq	0020	nē	DEM1	other	other				
veraa	jjq	0020	mē	DAT	adp	adp				
veraa	jjq	0020	#		#cc:g	#cc		g		
veraa	jjq	0020	=n	=ART	=ln	=ln				
veraa	jjq	0020	'ar	chop	vother:pred	vother		pred		
veraa	jjq	0020	naka	canoe	rv	rv				
veraa	jjq	0020	nē	DEM1	other	other				
veraa	jjq	0020	#		##ds	##ds				
veraa	jjq	0020	kamam	1PL.EX:TAM1	pro.1:s	pro	1	s		
veraa	jjq	0020	van	go	v:pred	v		pred		
veraa	jjq	0020	#		##ds	##ds				
veraa	jjq	0020	ē	CC	other	other				
veraa	jjq	0020	ZERO		0.1:s	0	1	s		
veraa	jjq	0020	=k	=TAM2	=lv	=lv				
veraa	jjq	0020	'ar'ar	RED:chop	v:pred	v		pred		
veraa	jjq	0020	ko-mam	POSS.VES-1PL.EX	rv-pro.h:poss	rv-pro	h	poss		
veraa	jjq	0020	#		##ds_cc	##ds_cc				
veraa	jjq	0020	'amēn	ASS	other	other				
veraa	jjq	0020	kamam	1PL.EX	pro.1:s	pro	1	s		
veraa	jjq	0020	k	=TAM2	=lv	=lv				
veraa	jjq	0020	su-suō	RED-paddle	v:pred	v		pred		
veraa	jjq	0021	#		##ds	##ds				
veraa	jjq	0021	ZERO		0.1:s	0	1	s		
veraa	jjq	0021	su-suō	RED-paddle	v:pred	v		pred		
veraa	jjq	0021	wuva	only	rv	rv				
veraa	jjq	0021	rōw	seawards	rv	rv				
veraa	jjq	0021	ma	hither	rv	rv				
veraa	jjq	0021	a	LOC.SP	adp	adp				
veraa	jjq	0021	Serewan	Serewan	np:g	np		g		
veraa	jjq	0021	anē	DEM1.A	rn	rn				
veraa	jjq	0021	#		##ds	##ds				
veraa	jjq	0021	si	or	other	other				
veraa	jjq	0021	ZERO		0.1:s	0	1	s		
veraa	jjq	0021	rōw	skip	v:pred	v		pred		
veraa	jjq	0021	ma	hither	rv	rv				
veraa	jjq	0021	lē	LOC 	adp	adp				
veraa	jjq	0021	=n	=ART	=ln	=ln				
veraa	jjq	0021	mē'ērsa	harbour	np:g	np		g		
veraa	jjq	0021	'a	ASS.SP	rn	rn				
veraa	jjq	0021	Rev	Rev	rn	rn				
veraa	jjq	0021	anē	DEM1.A	rn	rn				
veraa	jjq	0022	#		##ds_cc	##ds_cc				
veraa	jjq	0022	'amēn	ASS	other	other				
veraa	jjq	0022	ga	STAT	lv	lv				
veraa	jjq	0022	su-su	RED-paddle	vother:pred	vother		pred		
veraa	jjq	0022	kēlkēl	RED-back	rv	rv				
veraa	jjq	0022	'ekē	place	rv	rv				
veraa	jjq	0022	nē	DEM1	other	other				
veraa	jjq	0022	#		##ds	##ds				
veraa	jjq	0022	ZERO		0.1:s	0	1	s		
veraa	jjq	0022	=k	=TAM2	=lv	=lv				
veraa	jjq	0022	suō	paddle	v:pred	v		pred		
veraa	jjq	0022	din̄	reach	rv	rv				
veraa	jjq	0022	sar	in	rv	rv				
veraa	jjq	0022	a	LOC.SP	adp	adp				
veraa	jjq	0022	Narwē	Narwē	np:g	np		g		
veraa	jjq	0023	#		#nc	#nc				
veraa	jjq	0023	qē'	then	x	x				
veraa	jjq	0023	ē	CC	x	x				
veraa	jjq	0023	ZERO		x	x				
veraa	jjq	0023	=k	=TAM2	x	x				
veraa	jjq	0023	si	or	x	x				
veraa	jjq	0023	su	paddle	x	x				
veraa	jjq	0023	kēl	back	x	x				
veraa	jjq	0023	ma	hither	x	x				
veraa	jjq	0023	a	LOC.SP	x	x				
veraa	jjq	0023	kēnē	there	x	x				
veraa	jjq	0024	#		##ds	##ds				
veraa	jjq	0024	ba	but	other	other				
veraa	jjq	0024	nikē	2SG	pro.2:s	pro	2	s		
veraa	jjq	0024	=n	=ART	=ln	=ln				
veraa	jjq	0024	'ōg'ōg	RED:stay	np:pred	np		pred		
veraa	jjq	0024	wuva	only	rn	rn				
veraa	jjq	0024	mu-m	POSS.GEN-2SG	rn-pro.2:poss	rn-pro	2	poss		
veraa	jjq	0024	wal	once	rn	rn				
veraa	jjq	0024	sa	EMPH	other	other				
veraa	jjq	0024	kēnē	LOC.DEM1	other:l	other		l		
veraa	jjq	0024	#		##ds.neg	##ds.neg				
veraa	jjq	0024	nik	2SG	pro.2:s	pro	2	s		
veraa	jjq	0024	e	GEN.NEG1	lv	lv				
veraa	jjq	0024	vanvan	RED:go	v:pred	v		pred		
veraa	jjq	0024	kēlkēl	RED:back	rv	rv				
veraa	jjq	0024	rōs	GEN.NEG2	rv	rv				
veraa	jjq	0025	#nc		#nc	#nc				
veraa	jjq	0025	nik	2.SG	x	x				
veraa	jjq	0025	e	=TAM2	x	x				
veraa	jjq	0025	'ēn	see	x	x				
veraa	jjq	0025	...	...	x	x				
veraa	jjq	0025	#		##ds	##ds				
veraa	jjq	0025	nik	2SG	pro.2:s	pro	2	s		
veraa	jjq	0025	ē	TAM2:2SG	lv-pro.2:s	lv-pro	2	s		
veraa	jjq	0025	'ēn	see	v:pred	v		pred		
veraa	jjq	0025	'i	DEL	rv	rv				
veraa	jjq	0025	nē	DEM1	other	other				
veraa	jjq	0025	#		##ds_cc	##ds_cc				
veraa	jjq	0025	kamam	1PL.EX:TAM1	pro.1:s	pro	1	s		
veraa	jjq	0025	van	go	v:pred	v		pred		
veraa	jjq	0025	#		##ds	##ds				
veraa	jjq	0025	ZERO		0.1:a	0	1	a		
veraa	jjq	0025	m	TAM1	lv	lv				
veraa	jjq	0025	'ar	chop	v:pred	v		pred		
veraa	jjq	0025	ēn	ART	ln	ln				
veraa	jjq	0025	ko-mam	POSS.VES-1PL.EX	np:p-pro.1:poss	np		p-pro.1:poss		
veraa	jjq	0026	#		##ds	##ds				
veraa	jjq	0026	nik	2SG	pro.2:s	pro	2	s		
veraa	jjq	0026	=s	=SIM	=lv	=lv				
veraa	jjq	0026	'ōg	stay	v:pred	v		pred		
veraa	jjq	0026	'i	DEL	rv	rv				
veraa	jjq	0026	anē	DEM1.A	other	other				
veraa	jjq	0026	#		##ds	##ds				
veraa	jjq	0026	ne	?	other	other				
veraa	jjq	0026	gitag	not.exist 	other:pred	other		pred		
veraa	jjq	0026	ko-m	POSS.VES-2SG	np:s-pro.2:poss	np		s-pro.2:poss		
veraa	jjq	0027	#		##	##				
veraa	jjq	0027	qiri	today	other	other				
veraa	jjq	0027	anē	DEM1.A	rn	rn				
veraa	jjq	0027	dir	3PL	pro.h:s	pro	h	s		
veraa	jjq	0027	=k	=TAM1	=lv	=lv				
veraa	jjq	0027	van	go	v:pred	v		pred		
veraa	jjq	0027	#nc		#nc	#nc				
veraa	jjq	0027	'aluwo	tomorrow	x	x				
veraa	jjq	0027	'i	DEL	x	x				
veraa	jjq	0027	lik	more	x	x				
veraa	jjq	0027	'esēnē	like.this	x	x				
veraa	jjq	0028	#		##	##				
veraa	jjq	0028	rise	two.days	other	other				
veraa	jjq	0028	nē	DEM1	rn	rn				
veraa	jjq	0028	dir	3PL	nc	nc				
veraa	jjq	0028	lik	more	nc	nc				
veraa	jjq	0028	ē...	ē...	nc	nc				
veraa	jjq	0028	dir	3PL	pro.h:s	pro	h	s		
veraa	jjq	0028	da	do	v:pred	v		pred		
veraa	jjq	0028	lik	more	rv	rv				
veraa	jjq	0028	esenē	MAN.DEM1.E	other	other				
veraa	jjq	0029	#		##	##				
veraa	jjq	0029	van	go	other	other				
veraa	jjq	0029	qōn̄	night	np:other	np		other		
veraa	jjq	0029	ne	NUM.ART	rn	rn				
veraa	jjq	0029	vō-wal	NUM-one	rn	rn				
veraa	jjq	0029	dir	3PL	pro.h:s	pro	h	s		
veraa	jjq	0029	=m	=TAM1	=lv	=lv				
veraa	jjq	0029	'ōgo	stay	v:pred	v		pred		
veraa	jjq	0029	#		##ds	##ds				
veraa	jjq	0029	dir	3PL	nc	nc				
veraa	jjq	0029	gidē	1DL.IN	pro.1:dt_s	pro	1	dt_s		
veraa	jjq	0029	gidē	1DL.IN	pro.1:s	pro	1	s		
veraa	jjq	0029	=k	=TAM2	=lv	=lv				
veraa	jjq	0029	van	go	v:pred	v		pred		
veraa	jjq	0029	#		##	##				
veraa	jjq	0029	ē	CC	other	other				
veraa	jjq	0029	ZERO		0.h:a	0	h	a		
veraa	jjq	0029	=k	=TAM2	=lv	=lv				
veraa	jjq	0029	rēv	drag	v:pred	v		pred		
veraa	jjq	0029	lu	through	rv	rv				
veraa	jjq	0029	=n	=ART	=ln	=ln				
veraa	jjq	0029	ko-de	POSS.VES-1PL.IN	np:p-pro.h:poss	np		p-pro.h:poss		
veraa	jjq	0030	#		##	##				
veraa	jjq	0030	dir	3PL	pro.h:s	pro	h	s		
veraa	jjq	0030	=k	=TAM2	=lv	=lv				
veraa	jjq	0030	van	go	v:pred	v		pred		
veraa	jjq	0030	#		##	##				
veraa	jjq	0030	ZERO		0.h:a	0	h	a		
veraa	jjq	0030	k	=TAM2	=lv	=lv				
veraa	jjq	0030	rēv	drag	v:pred	v		pred		
veraa	jjq	0030	lu	through	rv	rv				
veraa	jjq	0030	ma	hither	rv	rv				
veraa	jjq	0030	=n	=ART	=ln	=ln				
veraa	jjq	0030	ko-re	POSS.VESS-3PL	np:p-pro.h:poss	np		p-pro.h:poss		
veraa	jjq	0031	#		##	##				
veraa	jjq	0031	ZERO		0.h:s	0	h	s		
veraa	jjq	0031	din̄	reach	v:pred	v		pred		
veraa	jjq	0031	rōw	seawards	rv	rv				
veraa	jjq	0031	lē	LOC 	adp	adp				
veraa	jjq	0031	=n	=ART	=ln	=ln				
veraa	jjq	0031	mē'ērsa	harbour	np:g	np		g		
veraa	jjq	0031	a	LOC.SP	rn	rn				
veraa	jjq	0031	Rev	Rev	rn	rn				
veraa	jjq	0032	#		##	##				
veraa	jjq	0032	dir	3PL	pro.h:a	pro	h	a		
veraa	jjq	0032	=k	=TAM1	=lv	=lv				
veraa	jjq	0032	vilvil	RED:tie	v:pred	v		pred		
veraa	jjq	0032	ēn	ART	ln	ln				
veraa	jjq	0032	nak	canoe	np:p	np		p		
veraa	jjq	0032	mu-re	POSS.GEN-3PL	rn-pro.h:poss	rn-pro	h	poss		
veraa	jjq	0033	#		##	##				
veraa	jjq	0033	ge	THING	np.h:a	np	h	a		
veraa	jjq	0033	'ew'i	other	rn	rn				
veraa	jjq	0033	ne	TAM2:3SG	lv-pro.h:a	lv-pro	h	a		
veraa	jjq	0033	rēv	drag	v:pred	v		pred		
veraa	jjq	0033	sur	down	rv	rv				
veraa	jjq	0033	ēn	ART	ln	ln				
veraa	jjq	0033	nak	canoe	np:p	np		p		
veraa	jjq	0033	mu-gi	POSS.GEN-3GS	rn-pro.h:poss	rn-pro	h	poss		
veraa	jjq	0033	nē	DEM1	rn	rn				
veraa	jjq	0033	#		##	##				
veraa	jjq	0033	ZERO		0.h:s	0	h	s		
veraa	jjq	0033	=k	=TAM2	=lv	=lv				
veraa	jjq	0033	van	go	v:pred	v		pred		
veraa	jjq	0033	rōw	seawards	rv	rv				
veraa	jjq	0033	lē	LOC 	adp	adp				
veraa	jjq	0033	=n	=ART	=ln	=ln				
veraa	jjq	0033	naw	saltwater	np:g	np		g		
veraa	jjq	0033	#		##	##				
veraa	jjq	0033	wo	and	other	other				
veraa	jjq	0033	=n	=ART	nc	nc				
veraa	jjq	0033	n	ART	ln	ln				
veraa	jjq	0033	ko-gi	POSS.VES-3SG	np:s-pro.h:poss	np		s-pro.h:poss		
veraa	jjq	0033	ne	TAM2:3SG	lv-pro:s	lv-pro		s		
veraa	jjq	0033	'ul	drown	v:pred	v		pred		
veraa	jjq	0034	#		##	##				
veraa	jjq	0034	ge	THING	np.h:s	np	h	s		
veraa	jjq	0034	'ew'i	other	rn	rn				
veraa	jjq	0034	ne	TAM2:3SG	lv-pro.h:s	lv-pro	h	s		
veraa	jjq	0034	da	do	v:pred	v		pred		
veraa	jjq	0034	lik	more	rv	rv				
veraa	jjq	0034	esenē	MAN.DEM1.E	other	other				
veraa	jjq	0034	#		##	##				
veraa	jjq	0034	ZERO		0.h:a	0	h	a		
veraa	jjq	0034	van	go	v:pred	v		pred		
veraa	jjq	0034	'ō'	carry	rv	rv				
veraa	jjq	0034	rōw	seawards	rv	rv				
veraa	jjq	0034	ēn	ART	ln	ln				
veraa	jjq	0034	ko-gi	POSS.VES-3SG	np:p-pro.h:poss	np		p-pro.h:poss		
veraa	jjq	0034	#		##	##				
veraa	jjq	0034	wo	and	other	other				
veraa	jjq	0034	ZERO		0:s	0		s		
veraa	jjq	0034	ne	TAM2:3SG	lv-pro:s	lv-pro		s		
veraa	jjq	0034	'ul	drown	v:pred	v		pred		
veraa	jjq	0035	#		##	##				
veraa	jjq	0035	sōw	DISC	other	other				
veraa	jjq	0035	e	PERS.ART	ln	ln				
veraa	jjq	0035	Qo'	Qo'	np.h:dt_a	np	h	dt_a		
veraa	jjq	0035	di	3SG	pro.h:a	pro	h	a		
veraa	jjq	0035	=m	=TAM1	=lv	=lv				
veraa	jjq	0035	'ar	chop	v:pred	v		pred		
veraa	jjq	0035	sur	down	rv	rv				
veraa	jjq	0035	ēn	ART	ln	ln				
veraa	jjq	0035	ko-gi	POSS.VES-3SG	ln-pro.h:poss	ln-pro	h	poss		
veraa	jjq	0035	=n	=ART	=ln	=ln				
veraa	jjq	0035	nanara	nanara.tree	np:p	np		p		
veraa	jjq	0036	#		##	##				
veraa	jjq	0036	di	3SG	pro.h:a	pro	h	a		
veraa	jjq	0036	=m	=TAM1	=lv	=lv				
veraa	jjq	0036	'ar	chop	v:pred	v		pred		
veraa	jjq	0036	sur	down	rv	rv				
veraa	jjq	0036	ēn	ART	ln	ln				
veraa	jjq	0036	naka	canoe	np:p	np		p		
veraa	jjq	0036	anē'ē	DEM1.A	rn	rn				
veraa	jjq	0036	#nc		#nc	#nc				
veraa	jjq	0036	di	3SG	x	x				
veraa	jjq	0036	=m	=TAM1	x	x				
veraa	jjq	0036	'o..	'o..	x	x				
veraa	jjq	0036	le	transfer	x	x				
veraa	jjq	0036	di	3SG	x	x				
veraa	jjq	0036	=m	=TAM1	x	x				
veraa	jjq	0036	#		##	##				
veraa	jjq	0036	n	ART	ln	ln				
veraa	jjq	0036	qōn̄	night	np:s	np		s		
veraa	jjq	0036	ga	STAT	rn	rn				
veraa	jjq	0036	mēw	many	rn	rn				
veraa	jjq	0036	'ōg	stay	v:pred	v		pred		
veraa	jjq	0036	den	ABL	rv	rv				
veraa	jjq	0036	#		##	##				
veraa	jjq	0036	'amē	ASS	other	other				
veraa	jjq	0036	=n	=ART	=ln	=ln				
veraa	jjq	0036	nak	canoe	np:s	np		s		
veraa	jjq	0036	ne	TAM2:3SG	lv-pro:s	lv-pro		s		
veraa	jjq	0036	qē'	finish	v:pred	v		pred		
veraa	jjq	0037	#		##	##				
veraa	jjq	0037	alē	alright	other	other				
veraa	jjq	0037	masō-gi	time-3SG	np:other	np		other		
veraa	jjq	0037	di	3SG	pro.h:a	pro	h	a		
veraa	jjq	0037	=m	=TAM1	=lv	=lv				
veraa	jjq	0037	'ar	chop	v:pred	v		pred		
veraa	jjq	0037	sur	down	rv	rv				
veraa	jjq	0037	ēn	ART	ln	ln				
veraa	jjq	0037	ko-gi	POSS.VES-3SG	np:p-pro.h:poss	np		p-pro.h:poss		
veraa	jjq	0037	#		##	##				
veraa	jjq	0037	di	3SG	pro.h:s	pro	h	s		
veraa	jjq	0037	ne	TAM2:3SG	lv-pro.h:s	lv-pro	h	s		
veraa	jjq	0037	mul	go	v:pred	v		pred		
veraa	jjq	0037	den	ABL	adp	adp				
veraa	jjq	0037	ZERO		0:obl	0		obl		
veraa	jjq	0038	#		##	##				
veraa	jjq	0038	wōmarawraw	Spider	np.d:s	np	d	s		
veraa	jjq	0038	ne	TAM2:3SG	lv-pro.d:s	lv-pro	d	s		
veraa	jjq	0038	van	go	v:pred	v		pred		
veraa	jjq	0038	ma	hither	rv	rv				
veraa	jjq	0038	#		##	##				
veraa	jjq	0038	ZERO		0.d:a	0	d	a		
veraa	jjq	0038	ne	TAM2:3SG	lv-pro.d:a	lv-pro	d	a		
veraa	jjq	0038	le	trasnfer	v:pred	v		pred		
veraa	jjq	0038	ZERO		0:p	0		p		
veraa	jjq	0038	#		##	##				
veraa	jjq	0038	ZERO		0.d:a	0	d	a		
veraa	jjq	0038	ne	TAM2:3SG	lv-pro.d:a	lv-pro	d	a		
veraa	jjq	0038	le	transfer	v:pred	v		pred		
veraa	jjq	0038	=n	=ART	=ln	=ln				
veraa	jjq	0038	kōlōv	wood chip	np:p	np		p		
veraa	jjq	0038	'ar-'ara	RED-chop	rn	rn				
veraa	jjq	0039	#		##	##				
veraa	jjq	0039	ZERO		0.d:a	0	d	a		
veraa	jjq	0039	ne	TAM2:3SG	lv-pro.d:a	lv-pro	d	a		
veraa	jjq	0039	bol	steal	v:pred	v		pred		
veraa	jjq	0039	ZERO		0:p	0		p		
veraa	jjq	0039	#		##	##				
veraa	jjq	0039	ZERO		0.d:s	0	d	s		
veraa	jjq	0039	ne	TAM2:3SG	lv-pro.d:a	lv-pro	d	a		
veraa	jjq	0039	van	go	v:pred	v		pred		
veraa	jjq	0039	'ō'	carry	rv	rv				
veraa	jjq	0039	ZERO		0:p	0		p		
veraa	jjq	0039	den	ABL	adp	adp				
veraa	jjq	0039	ZERO		0:obl	0		obl		
veraa	jjq	0040	#		##	##				
veraa	jjq	0040	so	??	other	other				
veraa	jjq	0040	e	PERS.ART	ln	ln				
veraa	jjq	0040	Qo'	Qo'	np.h:s	np	h	s		
veraa	jjq	0040	ne	TAM2:3SG	lv-pro.h:s	lv-pro	h	s		
veraa	jjq	0040	mulō	go	v:pred	v		pred		
veraa	jjq	0040	#		##	##				
veraa	jjq	0040	ZERO		0.h:s	0	h	s		
veraa	jjq	0040	mul	go	v:pred	v		pred		
veraa	jjq	0040	den	ABL	rv	rv				
veraa	jjq	0040	ZERO		0:obl	0		obl		
veraa	jjq	0040	#		##	##				
veraa	jjq	0040	wo	and	other	other				
veraa	jjq	0041	marawraw	spider	np.d:s	np	d	s		
veraa	jjq	0041	ne	TAM2:3SG	lv-pro.d:s	lv-pro	d	s		
veraa	jjq	0041	van	go	v:pred	v		pred		
veraa	jjq	0041	ma	hither	rv	rv				
veraa	jjq	0041	#		##	##				
veraa	jjq	0041	ZERO		0.d:a	0	d	a		
veraa	jjq	0041	ne	TAM2:3SG	lv-pro.d:a	lv-pro	d	a		
veraa	jjq	0041	le	transfer	v:pred	v		pred		
veraa	jjq	0041	kal	upwards	rv	rv				
veraa	jjq	0041	kēl	back	rv	rv				
veraa	jjq	0041	ēn	ART	ln	ln				
veraa	jjq	0041	naka	canoe	np:p	np		p		
veraa	jjq	0042	#		##	##				
veraa	jjq	0042	ZERO		0:s	0		s		
veraa	jjq	0042	'ir'ir	RED:stand	v:pred	v		pred		
veraa	jjq	0042	kēl	back	rv	rv				
veraa	jjq	0042	lē	LOC 	adp	adp				
veraa	jjq	0042	=n	=ART	=ln	=ln				
veraa	jjq	0042	'ōnō-gi	place-3SG	np:l-pro:poss	np		l-pro:poss		
veraa	jjq	0043	#		##	##				
veraa	jjq	0043	ZERO		0.d:a	0	d	a		
veraa	jjq	0043	ne	TAM2:3SG	lv-pro.d:a	lv-pro	d	a		
veraa	jjq	0043	vabi'ir	erect	v:pred	v		pred		
veraa	jjq	0043	kēl	back	rv	rv				
veraa	jjq	0043	lik	more	rv	rv				
veraa	jjq	0043	ZERO		0:p	0		p		
veraa	jjq	0043	#		##	##				
veraa	jjq	0043	di	3SG	pro:s	pro		s		
veraa	jjq	0043	ne	TAM2:3SG	lv-pro:s	lv-pro		s		
veraa	jjq	0043	'ir	stand	v:pred	v		pred		
veraa	jjq	0043	kēl	back	rv	rv				
veraa	jjq	0043	wal	one	rv	rv				
veraa	jjq	0043	lē	LOC 	adp	adp				
veraa	jjq	0043	=n	=ART	=ln	=ln				
veraa	jjq	0043	'ōnō-gi	place-3SG	np:l-pro:poss	np		l-pro:poss		
veraa	jjq	0044	#		##	##				
veraa	jjq	0044	maran	daylight	np:other	np		other		
veraa	jjq	0044	bēne	PRO.OBL	rn	rn				
veraa	jjq	0044	Qo'	Qo'	np.h:s	np	h	s		
veraa	jjq	0044	ne	TAM2:3SG	lv-pro.h:s	lv-pro	h	s		
veraa	jjq	0044	van	go	v:pred	v		pred		
veraa	jjq	0044	ma	hither	rv	rv				
veraa	jjq	0044	#		##	##				
veraa	jjq	0044	ZERO		0.h:s	0	h	s		
veraa	jjq	0044	ne	TAM2:3SG	lv-pro.h:s	lv-pro	h	s		
veraa	jjq	0044	'ēn	see	v:pred	v		pred		
veraa	jjq	0045	#ds.cc		##ds_cc	##ds_cc				
veraa	jjq	0045	'ei	hey	other	other				
veraa	jjq	0045	n	ART	nc	nc				
veraa	jjq	0045	nak	canoe	nc	nc				
veraa	jjq	0045	muk...	POSS.GEN-1SG...	nc	nc				
veraa	jjq	0045	n	ART	ln	ln				
veraa	jjq	0045	nak	canoe	np:pred	np		pred		
veraa	jjq	0045	ko-k	POSS.VES-1SG	rn-pro.1:poss	rn-pro	1	poss		
veraa	jjq	0045	sa	EMPH	other	other				
veraa	jjq	0045	nē	DEM1	dem_pro:s	dem_pro		s		
veraa	jjq	0045	#		##	##				
veraa	jjq	0045	nom...	1SG=TAM1...	nc	nc				
veraa	jjq	0045	n	ART	ln	ln				
veraa	jjq	0045	woqe'enge	tree	np:s	np		s		
veraa	jjq	0045	[#rc		rn_[#rc	rn_[#rc				
veraa	jjq	0045	a	REL	other	other				
veraa	jjq	0045	no	1SG	pro.1:a	pro	1	a		
veraa	jjq	0045	=m	=TAM1	=lv	=lv				
veraa	jjq	0045	'ar	chop	v:pred	v		pred		
veraa	jjq	0045	m̄e-m̄es	RED-fall	rv	rv				
veraa	jjq	0045	ZERO		0:p	0		p		
veraa	jjq	0045	]		]	]				
veraa	jjq	0045	so	PROSP?	other:pred	other		pred		
veraa	jjq	0045	=n	=ART	=ln	=ln				
veraa	jjq	0045	naka	canoe	np:other	np		other		
veraa	jjq	0045	mu-k	POSS.GEN-1SG	rn-pro.1:poss	rn-pro	1	poss		
veraa	jjq	0046	#		##	##				
veraa	jjq	0046	ba	but	other	other				
veraa	jjq	0046	da	do	other	other				
veraa	jjq	0046	siviē	how	other	other				
veraa	jjq	0046	ZERO		0:s	0		s		
veraa	jjq	0046	van	go	v:pred	v		pred		
veraa	jjq	0046	kal	upwards	rv	rv				
veraa	jjq	0046	kēl	back	rv	rv				
veraa	jjq	0046	anē	DEM1.A	other	other				
veraa	jjq	0047	#		##	##				
veraa	jjq	0047	di	3SG	pro.h:s	pro	h	s		
veraa	jjq	0047	=m	=TAM1	=lv	=lv				
veraa	jjq	0047	'ir	stand	v:pred	v		pred		
veraa	jjq	0047	'i	DEL	rv	rv				
veraa	jjq	0047	#		##	##				
veraa	jjq	0047	ZERO		0.h:s	0	h	s		
veraa	jjq	0047	=m	=TAM1	=lv	=lv				
veraa	jjq	0047	'ēn	see	v:pred	v		pred		
veraa	jjq	0047	sier	realise	rv	rv				
veraa	jjq	0047	#		##	##				
veraa	jjq	0047	ZERO		0.h:s	0	h	s		
veraa	jjq	0047	m	TAM1	lv	lv				
veraa	jjq	0047	'ēn	see	v:pred	v		pred		
veraa	jjq	0047	sier	realise	rv	rv				
veraa	jjq	0047	va-van	RED-go	other	other				
veraa	jjq	0047	#ds		##ds	##ds				
veraa	jjq	0047	'o	INTERJ	other	other				
veraa	jjq	0047	ga	STAT	lv	lv				
veraa	jjq	0047	itok	good	v:pred	v		pred		
veraa	jjq	0047	#ds		##ds	##ds				
veraa	jjq	0047	no	1SG	pro.1:a	pro	1	a		
veraa	jjq	0047	=k	=TAM2	=lv	=lv				
veraa	jjq	0047	'ar	chop	v:pred	v		pred		
veraa	jjq	0047	kēl	back	rv	rv				
veraa	jjq	0047	lik	more	rv	rv				
veraa	jjq	0047	ZERO		0:p	0		p		
veraa	jjq	0048	#		##	##				
veraa	jjq	0048	di	3SG	pro.h:a	pro	h	a		
veraa	jjq	0048	ne	TAM2:3SG	lv-pro.h:a	lv-pro	h	a		
veraa	jjq	0048	'ara	chop	v:pred	v		pred		
veraa	jjq	0048	ZERO		0:p	0		p		
veraa	jjq	0048	#		##	##				
veraa	jjq	0048	ZERO		0.h:a	0	h	a		
veraa	jjq	0048	'ar'ar	RED:chop	v:pred	v		pred		
veraa	jjq	0048	m̄es	fall	rv	rv				
veraa	jjq	0048	ZERO		0:p	0		p		
veraa	jjq	0049	#		##	##				
veraa	jjq	0049	di	3SG	pro.h:a	pro	h	a		
veraa	jjq	0049	=m	=TAM1	=lv	=lv				
veraa	jjq	0049	'ar	chop	v:pred	v		pred		
veraa	jjq	0049	m̄es	fall	rv	rv				
veraa	jjq	0049	ZERO		0:p	0		p		
veraa	jjq	0049	#		##	##				
veraa	jjq	0049	ZERO		0.h:a	0	h	a		
veraa	jjq	0049	bikirm̄ō'	split	v:pred	v		pred		
veraa	jjq	0049	ZERO		0:p	0		p		
veraa	jjq	0050	#ds		##ds	##ds				
veraa	jjq	0050	itok	good	v:pred	v		pred		
veraa	jjq	0050	#ds		##ds	##ds				
veraa	jjq	0050	no	1SG	pro.1:s	pro	1	s		
veraa	jjq	0050	=k	=TAM2	=lv	=lv				
veraa	jjq	0050	mulō	go	v:pred	v		pred		
veraa	jjq	0051	#		##	##				
veraa	jjq	0051	di	3SG	pro.h:s	pro	h	s		
veraa	jjq	0051	ne	TAM2:3SG	lv-pro.h:s	lv-pro	h	s		
veraa	jjq	0051	mul	go	v:pred	v		pred		
veraa	jjq	0051	den	ABL	adp	adp				
veraa	jjq	0051	ZERO		0:obl	0		obl		
veraa	jjq	0052	#		##	##				
veraa	jjq	0052	ba	but	other	other				
veraa	jjq	0052	di	3SG	pro.h:a	pro	h	a		
veraa	jjq	0052	=m	=TAM1	=lv	=lv				
veraa	jjq	0052	gis	hold	v:pred	v		pred		
veraa	jjq	0052	ēn	ART	ln	ln				
veraa	jjq	0052	menren	piece	np:p	np		p		
veraa	jjq	0052	kōlōv	wood chip	rn	rn				
veraa	jjq	0052	'ar'-ara	RED-chop	rn	rn				
veraa	jjq	0052	ē	DEM3	rn	rn				
veraa	jjq	0052	#		##	##				
veraa	jjq	0052	ZERO		0.h:a	0	h	a		
veraa	jjq	0052	ne	TAM2:3SG	lv-pro.h:a	lv-pro	h	a		
veraa	jjq	0052	mul	go	v:pred	v		pred		
veraa	jjq	0052	'ō'	carry	rv	rv				
veraa	jjq	0052	ZERO		0:p	0		p		
veraa	jjq	0052	lē	LOC	adp	adp				
veraa	jjq	0052	=n	 =ART	=ln	=ln				
veraa	jjq	0052	lōlō	inside	ln	ln				
veraa	jjq	0052	im̄ē	house	np:g	np		g		
veraa	jjq	0053	#		##	##				
veraa	jjq	0053	di	3SG	pro.h:s	pro	h	s		
veraa	jjq	0053	=m	=TAM1	=lv	=lv				
veraa	jjq	0053	mul	go	v:pred	v		pred		
veraa	jjq	0053	qēl	down	rv	rv				
veraa	jjq	0053	rōw	seawards	rv	rv				
veraa	jjq	0053	#		##	##				
veraa	jjq	0053	ZERO		0.h:s	0	h	s		
veraa	jjq	0053	'ō-'ō-'ōgo	RED-RED-stay	v:pred	v		pred		
veraa	jjq	0054	#		##	##				
veraa	jjq	0054	ZERO		0.h:s	0	h	s		
veraa	jjq	0054	'ōgo	stay	v:pred	v		pred		
veraa	jjq	0054	#		##	##				
veraa	jjq	0054	=n	=ART	=ln	=ln				
veraa	jjq	0054	'ekē	place	np:s	np		s		
veraa	jjq	0054	=m	=TAM1	=lv	=lv				
veraa	jjq	0054	qōn̄	night	v:pred	v		pred		
veraa	jjq	0054	#		##	##				
veraa	jjq	0054	wōmarawraw	spider	np.d:s	np	d	s		
veraa	jjq	0054	=m	=TAM1	=lv	=lv				
veraa	jjq	0054	kēl	back	v:pred	v		pred		
veraa	jjq	0054	ma	hither	rv	rv				
veraa	jjq	0055	#		##	##				
veraa	jjq	0055	di	3SG	pro.d:s	pro	d	s		
veraa	jjq	0055	ga	STAT	lv	lv				
veraa	jjq	0055	mōrōs	want	v:pred	v		pred		
veraa	jjq	0055	#		#cc	#cc				
veraa	jjq	0055	ZERO		0.d:a	0	d	a		
veraa	jjq	0055	ne	TAM2:3SG	lv-pro.d:a	lv-pro	d	a		
veraa	jjq	0055	sōk	scan	v:pred	v		pred		
veraa	jjq	0055	kēl	back	rv	rv				
veraa	jjq	0055	sa	EMPH	other	other				
veraa	jjq	0055	=n	=ART	=ln	=ln				
veraa	jjq	0055	nak	canoe	np:p	np		p		
veraa	jjq	0055	mu-n	POSS.GEN-CS	rn	rn				
veraa	jjq	0055	e	PERS.ART	rn	rn				
veraa	jjq	0055	Qo'	Qo'	rn_np.h:poss	rn_np	h	poss		
veraa	jjq	0055	ē	DEM3	rn	rn				
veraa	jjq	0056	#		##	##				
veraa	jjq	0056	lē	LOC 	adp	adp				
veraa	jjq	0056	=n	=ART	=ln	=ln				
veraa	jjq	0056	masō-gi	time-3SG	np:other	np		other		
veraa	jjq	0056	di	3SG	pro.d:a	pro	d	a		
veraa	jjq	0056	=m	=TAM1	=lv	=lv				
veraa	jjq	0056	sōk	scan	v:pred	v		pred		
veraa	jjq	0056	kēl	back	rv	rv				
veraa	jjq	0056	ZERO		0:p	0		p		
veraa	jjq	0056	#		##	##				
veraa	jjq	0056	di	3SG	pro.d:a	pro	d	a		
veraa	jjq	0056	=m	=TAM1	=lv	=lv				
veraa	jjq	0056	sōk	scan	v:pred	v		pred		
veraa	jjq	0056	kēl	back	rv	rv				
veraa	jjq	0056	ēn	ART	ln	ln				
veraa	jjq	0056	woqe'enge	tree	np:p	np		p		
veraa	jjq	0056	#		##	##				
veraa	jjq	0056	ZERO		0:s	0		s		
veraa	jjq	0056	=m	=TAM1	=lv	=lv				
veraa	jjq	0056	van	go	v:pred	v		pred		
veraa	jjq	0056	kal	upwards	rv	rv				
veraa	jjq	0056	kēl	back	rv	rv				
veraa	jjq	0056	...	...	nc	nc				
veraa	jjq	0056	#		##	##				
veraa	jjq	0056	ZERO		0:s	0		s		
veraa	jjq	0056	'ir	stand	v:pred	v		pred		
veraa	jjq	0056	kēl	back	rv	rv				
veraa	jjq	0056	lē	LOC	adp	adp				
veraa	jjq	0056	=n	 =ART	=ln	=ln				
veraa	jjq	0056	'ōnō-gi	place-3SG	np:g-pro:poss	np		g-pro:poss		
veraa	jjq	0057	#		##	##				
veraa	jjq	0057	ZERO		0.d:a	0	d	a		
veraa	jjq	0057	vabi'ir	erect	v:pred	v		pred		
veraa	jjq	0057	kal	upwards	rv	rv				
veraa	jjq	0057	kēl	back	rv	rv				
veraa	jjq	0057	ZERO		0:p	0		p		
veraa	jjq	0057	#		##	##				
veraa	jjq	0057	di	3SG	pro.d:a	pro	d	a		
veraa	jjq	0057	=m	=TAM1	=lv	=lv				
veraa	jjq	0057	sik	search	v:pred	v		pred		
veraa	jjq	0057	ēn	ART	ln	ln				
veraa	jjq	0057	menre-gi	piece-3SG	np:p-pro:poss	np		p-pro:poss		
veraa	jjq	0057	vō-wal	NUM-one	rn	rn				
veraa	jjq	0057	#		##	##				
veraa	jjq	0057	ZERO		0.d:a	0	d	a		
veraa	jjq	0057	m	TAM1	lv	lv				
veraa	jjq	0057	sikē	search=EV=TAM1	v:pred	v		pred		
veraa	jjq	0057	ZERO		0:p	0		p		
veraa	jjq	0057	#		##	##				
veraa	jjq	0057	ZERO		0.d:a	0	d	a		
veraa	jjq	0057	=m	=TAM1	=lv	=lv				
veraa	jjq	0057	sikē	search=EV=TAM1	v:pred	v		pred		
veraa	jjq	0057	ZERO		0:p	0		p		
veraa	jjq	0057	#		##	##				
veraa	jjq	0057	ZERO		0.d:a	0	d	a		
veraa	jjq	0057	=m	=TAM1	=lv	=lv				
veraa	jjq	0057	si-sikē	RED-search=EV=TAM1	v:pred	v		pred		
veraa	jjq	0057	ZERO		0:p	0		p		
veraa	jjq	0057	#		##	##				
veraa	jjq	0057	ZERO		0.d:a	0	d	a		
veraa	jjq	0057	=m	=TAM1	=lv	=lv				
veraa	jjq	0057	sik-sik	RED-search	v:pred	v		pred		
veraa	jjq	0057	lēgē	in.vain	rv	rv				
veraa	jjq	0057	ZERO		0:p	0		p		
veraa	jjq	0058	no?	1SG?	nc	nc				
veraa	jjq	0058	#		##	##				
veraa	jjq	0058	Qo	Qo'	np.h:a	np	h	a		
veraa	jjq	0058	=m	=TAM1	=lv	=lv				
veraa	jjq	0058	mul	go	v:pred	v		pred		
veraa	jjq	0058	'ō'	carry	rv	rv				
veraa	jjq	0058	ZERO		0:p	0		p		
veraa	jjq	0059	#		##	##				
veraa	jjq	0059	'ekē	place	np:s	np		s		
veraa	jjq	0059	=m	=TAM1	=lv	=lv				
veraa	jjq	0059	ma'ava	morning	v:pred	v		pred		
veraa	jjq	0060	#		##	##				
veraa	jjq	0060	di	3SG	pro.h:s	pro	h	s		
veraa	jjq	0060	=m	=TAM1	=lv	=lv				
veraa	jjq	0060	'ō-'ōgo	RED-stay=TAM1	v:pred	v		pred		
veraa	jjq	0060	#		##	##				
veraa	jjq	0060	ZERO		0.h:s	0	h	s		
veraa	jjq	0060	=m	=TAM1	=lv	=lv				
veraa	jjq	0060	gengen	RED:eat	v:pred	v		pred		
veraa	jjq	0060	qē'	finish	rv	rv				
veraa	jjq	0060	lē	LOC	adp	adp				
veraa	jjq	0060	=n	=ART	=ln	=ln				
veraa	jjq	0060	lōlō	inside	ln	ln				
veraa	jjq	0060	im̄ē	house	np:l	np		l		
veraa	jjq	0061	#		##ds	##ds				
veraa	jjq	0061	itok	good	v:pred	v		pred		
veraa	jjq	0061	#		##ds	##ds				
veraa	jjq	0061	no	1SG	pro.1:s	pro	1	s		
veraa	jjq	0061	=k	=TAM2	lv	lv				
veraa	jjq	0061	van	go	v:pred	v		pred		
veraa	jjq	0061	kēl	back	rv	rv				
veraa	jjq	0061	sir	for	adp	adp				
veraa	jjq	0061	ēn	ART	ln	ln				
veraa	jjq	0061	nak	canoe	np:g	np		g		
veraa	jjq	0061	mu-k	POSS.GEN-1SG	rn-pro.1:poss	rn-pro	1	poss		
veraa	jjq	0062	#		##	##				
veraa	jjq	0062	di	3SG	pro.h:s	pro	h	s		
veraa	jjq	0062	=m	=TAM1	=lv	=lv				
veraa	jjq	0062	va-van	RED-go	v:pred	v		pred		
veraa	jjq	0062	#		##	##				
veraa	jjq	0062	ZERO		0.h:s	0	h	s		
veraa	jjq	0062	van	go	v:pred	v		pred		
veraa	jjq	0062	din̄	reach	rv	rv				
veraa	jjq	0062	kēl	back	rv	rv				
veraa	jjq	0062	ma	hither	rv	rv				
veraa	jjq	0063	#		##	##				
veraa	jjq	0063	di	3SG	pro.h:a	pro	h	a		
veraa	jjq	0063	ne	TAM2:3SG	lv-pro.h:a	lv-pro	h	a		
veraa	jjq	0063	'ēn	see	v:pred	v		pred		
veraa	jjq	0063	e	ART	ln	ln				
veraa	jjq	0063	womarawraw	spider	np.d:p	np	d	p		
veraa	jjq	0063	ē	DEM3	rn	rn				
veraa	jjq	0063	#rc		rn_#rc	rn_#rc				
veraa	jjq	0063	ZERO		0.d:a	0	d	a		
veraa	jjq	0063	=s	=SIM	=lv	=lv				
veraa	jjq	0063	kal	upwards	v:pred	v		pred		
veraa	jjq	0063	de-deln̄e	RED-around	rv	rv				
veraa	jjq	0063	'i	DEL	rv	rv				
veraa	jjq	0063	sa	EMPH	other	other				
veraa	jjq	0063	=n	=ART	=ln	=ln				
veraa	jjq	0063	ēn	ART	nc	nc				
veraa	jjq	0063	qan̄	side	np:p	np		p		
veraa	jjq	0063	nanara	nanara tree	rn	rn				
veraa	jjq	0063	ē	DEM3	rn	rn				
veraa	jjq	0064	#		##ds	##ds				
veraa	jjq	0064	ei	ei	other	other				
veraa	jjq	0064	nikē	2SG	pro.2:a	pro	2	a		
veraa	jjq	0064	anē	DEM1.A	rn	rn				
veraa	jjq	0064	sa	EMPH	rn	rn				
veraa	jjq	0064	=s	=SIM	lv	lv				
veraa	jjq	0064	dada	RED:do	v:pred	v		pred		
veraa	jjq	0064	kēl	back	rv	rv				
veraa	jjq	0064	ēn	ART	ln	ln				
veraa	jjq	0064	??	??	nc	nc				
veraa	jjq	0064	nak	canoe	np:p	np		p		
veraa	jjq	0064	mu-k	POSS.GEN-1SG	rn-pro.1:poss	rn-pro	1	poss		
veraa	jjq	0064	#rc		rn_#ds_rc	rn_#ds_rc				
veraa	jjq	0064	a	REL	other	other				
veraa	jjq	0064	ZERO		0:s	0		s		
veraa	jjq	0064	=s	=SIM	=lv	=lv				
veraa	jjq	0064	'ir'ir	RED:stand	v:pred	v		pred		
veraa	jjq	0064	kal	upwards	rv	rv				
veraa	jjq	0064	kēl	back	rv	rv				
veraa	jjq	0064	ē	DEM3	other	other				
veraa	jjq	0065	#		##ds	##ds				
veraa	jjq	0065	'ei	hey	other	other				
veraa	jjq	0065	no	1SG	pro.1:a	pro	1	a		
veraa	jjq	0065	=s	=SIM	=lv	=lv				
veraa	jjq	0065	lan̄	beat	v:pred	v		pred		
veraa	jjq	0065	ma-ma'	RED-dead	rv	rv				
veraa	jjq	0065	nikē	2SG	pro.2:p	pro	2	p		
veraa	jjq	0065	'i	DEL	other	other				
veraa	jjq	0066	#		##	##				
veraa	jjq	0066	so	?	other	other				
veraa	jjq	0066	di	3SG	pro.h:s	pro	h	s		
veraa	jjq	0066	=m	=TAM1	=lv	=lv				
veraa	jjq	0066	rōw	skip	v:pred	v		pred		
veraa	jjq	0066	#		##	##				
veraa	jjq	0066	ZERO		0.h:s	0	h	s		
veraa	jjq	0066	m	TAM1	lv	lv				
veraa	jjq	0066	vidir	jump	v:pred	v		pred		
veraa	jjq	0066	rōw	seawards	rv	rv				
veraa	jjq	0066	#		##	##				
veraa	jjq	0066	ZERO		0.h:a	0	h	a		
veraa	jjq	0066	so	PROSP	other	other				
veraa	jjq	0066	ne	TAM2:3SG	lv-pro.h:a	lv-pro	h	a		
veraa	jjq	0066	le	transfer	v:pred	v		pred		
veraa	jjq	0066	=n	=ART	=ln	=ln				
veraa	jjq	0066	mu-gi	POSS.GEN-3SG	ln-pro.h:poss	ln-pro	h	poss		
veraa	jjq	0066	=n	=ART	=ln	=ln				
veraa	jjq	0066	ēn	ART	nc	nc				
veraa	jjq	0066	qēsēkēr	club	np:p	np		p		
veraa	jjq	0067	#		##	##				
veraa	jjq	0067	di	3SG	pro.h:a	pro	h	a		
veraa	jjq	0067	so	PROSP	other	other				
veraa	jjq	0067	ne	TAM2:3SG	lv-pro.h:a	lv-pro	h	a		
veraa	jjq	0067	vus	kill	v:pred	v		pred		
veraa	jjq	0067	e	ART	ln	ln				
veraa	jjq	0067	womarawraw	spider	np.d:p	np	d	p		
veraa	jjq	0067	#		##	##				
veraa	jjq	0067	womarawraw	spider	np.d:s	np	d	s		
veraa	jjq	0067	so	QUOT	other:pred	other		pred		
veraa	jjq	0067	#		##ds	##ds				
veraa	jjq	0067	e	HES	nc	nc				
veraa	jjq	0067	e	DISC	other	other				
veraa	jjq	0067	nik	2SG	pro.2:a	pro	2	a		
veraa	jjq	0067	'ovi'i	PROH	lv	lv				
veraa	jjq	0067	vusvus	RED:kill	v:pred	v		pred		
veraa	jjq	0067	no	1SG	pro.1:p	pro	1	p		
veraa	jjq	0068	#		##ds	##ds				
veraa	jjq	0068	qe'i	a.moment	other:pred	other		pred		
veraa	jjq	0068	#		##ds	##ds				
veraa	jjq	0068	no	1SG	pro.1:a	pro	1	a		
veraa	jjq	0068	me	FUT	lv	lv				
veraa	jjq	0068	birin̄	help	v:pred	v		pred		
veraa	jjq	0068	nikē	2SG	pro.2:p	pro	2	p		
veraa	jjq	0069	#		##	##				
veraa	jjq	0069	no	1SG	pro.1:a	pro	1	a		
veraa	jjq	0069	me	FUT	lv	lv				
veraa	jjq	0069	birin̄	help	v:pred	v		pred		
veraa	jjq	0069	nikē	2SG	pro.2:p	pro	2	p		
veraa	jjq	0069	#		##ds	##ds				
veraa	jjq	0069	du	1DL.IN	wpro.1:a	wpro	1	a		
veraa	jjq	0069	=k	=TAM2	=lv	=lv				
veraa	jjq	0069	'ar	chop	v:pred	v		pred		
veraa	jjq	0069	ēn	ART	ln	ln				
veraa	jjq	0069	nak	canoe	np:p	np		p		
veraa	jjq	0069	mu-m	POSS.GEN-2SG	rn-pro.2:poss	rn-pro	2	poss		
veraa	jjq	0070	#		##	##				
veraa	jjq	0070	so	?	other	other				
veraa	jjq	0070	(eh)	HES	nc	nc				
veraa	jjq	0070	duru	3DL	pro.h:a	pro	h	a		
veraa	jjq	0070	=k	=TAM2	lv	lv				
veraa	jjq	0070	'ar	chop	v:pred	v		pred		
veraa	jjq	0070	m̄e-m̄es	RED-fall	rv	rv				
veraa	jjq	0070	kēl	back	rv	rv				
veraa	jjq	0070	ZERO		0:p	0		p		
veraa	jjq	0070	#		##	##				
veraa	jjq	0070	ZERO		0.h:a	0	h	a		
veraa	jjq	0070	bikirm̄ō	split	v:pred	v		pred		
veraa	jjq	0070	ZERO		0:p	0		p		
veraa	jjq	0070	#		##	##				
veraa	jjq	0070	rekso	like	other	other				
veraa	jjq	0070	ZERO		0.h:s	0	h	s		
veraa	jjq	0070	=m	=TAM1	=lv	=lv				
veraa	jjq	0070	da	do	v:pred	v		pred		
veraa	jjq	0070	'i	DEL	rv	rv				
veraa	jjq	0070	'ōw'ōw	before	other	other				
veraa	jjq	0071	#		##	##				
veraa	jjq	0071	qē'	finish	other	other				
veraa	jjq	0071	duru	3DL	pro.h:a	pro	h	a		
veraa	jjq	0071	=k	=TAM2	lv	lv				
veraa	jjq	0071	dur	hollow	v:pred	v		pred		
veraa	jjq	0071	ZERO		0:p	0		p		
veraa	jjq	0072	#		##	##				
veraa	jjq	0072	duru	3DL	pro.h:a	pro	h	a		
veraa	jjq	0072	=m	=TAM1	=lv	=lv				
veraa	jjq	0072	dur	hollow	v:pred	v		pred		
veraa	jjq	0072	lu	through	rv	rv				
veraa	jjq	0072	suwo	thither	rv	rv				
veraa	jjq	0072	ZERO		0:p	0		p		
veraa	jjq	0073	#		##	##				
veraa	jjq	0073	Qo'	Qo'	np.h:s	np	h	s		
veraa	jjq	0073	ne	TAM2:3SG	lv-pro.h:s	lv-pro	h	s		
veraa	jjq	0073	mul	go	v:pred	v		pred		
veraa	jjq	0073	den	ABL	adp	adp				
veraa	jjq	0073	ZERO		0:obl	0		obl		
veraa	jjq	0074	#		##	##				
veraa	jjq	0074	womarawraw	spider	np.d:s	np	d	s		
veraa	jjq	0074	ne	TAM2:3SG	lv-pro.d:s	lv-pro	d	s		
veraa	jjq	0074	'ōg	stay	v:pred	v		pred		
veraa	jjq	0074	'i	DEL	rv	rv				
veraa	jjq	0075	#		##	##				
veraa	jjq	0075	ZERO		0.d:s	0	d	s		
veraa	jjq	0075	'ōg	stay	v:pred	v		pred		
veraa	jjq	0075	'i	DEL	rv	rv				
veraa	jjq	0075	#		##	##				
veraa	jjq	0075	lē	LOC	adp	adp				
veraa	jjq	0075	=n	=ART	=ln	=ln				
veraa	jjq	0075	qōn̄	night	np:other	np		other		
veraa	jjq	0075	anē	DEM1.A	rn	rn				
veraa	jjq	0075	womarawraw	spider	np.d:a	np	d	a		
veraa	jjq	0075	ne	TAM2:3SG	lv-pro.d:a	lv-pro	d	a		
veraa	jjq	0075	dur	hollow	v:pred	v		pred		
veraa	jjq	0075	ZERO		0:p	0		p		
veraa	jjq	0075	#		##	##				
veraa	jjq	0075	ZERO		0.d:a	0	d	a		
veraa	jjq	0075	ne	TAM2:3SG	lv-pro.d:a	lv-pro	d	a		
veraa	jjq	0075	duru-dur	RED-hollow	v:pred	v		pred		
veraa	jjq	0075	sa	EMPH	other	other				
veraa	jjq	0075	=n	=ART	=ln	=ln				
veraa	jjq	0075	naka	canoe	np:p	np		p		
veraa	jjq	0075	ē	DEM3	rn	rn				
veraa	jjq	0076	#		##	##				
veraa	jjq	0076	di	3SG	pro.h:s	pro	h	s		
veraa	jjq	0076	=m	=TAM1	=lv	=lv				
veraa	jjq	0076	dur	hollow	v:pred	v		pred		
veraa	jjq	0076	dur	hollow	rv	rv				
veraa	jjq	0076	dur	hollow	rv	rv				
veraa	jjq	0076	ZERO		0:p	0		p		
veraa	jjq	0076	vavan	RED-go	other	other				
veraa	jjq	0077	#		##	##				
veraa	jjq	0077	'ekē	place	np:s	np		s		
veraa	jjq	0077	ne	TAM2:3SG	lv-pro:s	lv-pro		s		
veraa	jjq	0077	ma'ava	morning	v:pred	v		pred		
veraa	jjq	0077	#		##	##				
veraa	jjq	0077	Qo'	Qo'	np.h:s	np	h	s		
veraa	jjq	0077	ne	TAM2:3SG	lv-pro.h:s	lv-pro	h	s		
veraa	jjq	0077	gengen	RED:eat	v:pred	v		pred		
veraa	jjq	0077	qē'	finish	rv	rv				
veraa	jjq	0077	#		##	##				
veraa	jjq	0077	ZERO		0.h:s	0	h	s		
veraa	jjq	0077	ne	TAM2:3SG	lv-pro.h:s	lv-pro	h	s		
veraa	jjq	0077	mul	go	v:pred	v		pred		
veraa	jjq	0077	#		##	##				
veraa	jjq	0077	ZERO		0.h:s	0	h	s		
veraa	jjq	0077	ne	TAM2:3SG	lv-pro.h:s	lv-pro	h	s		
veraa	jjq	0077	van	go	v:pred	v		pred		
veraa	jjq	0077	kal	upwards	rv	rv				
veraa	jjq	0077	kēl	back	rv	rv				
veraa	jjq	0077	sar	in	rv	rv				
veraa	jjq	0077	#		##	##				
veraa	jjq	0077	ZERO		0.h:s	0	h	s		
veraa	jjq	0077	ne	TAM2:3SG	lv-pro.h:s	lv-pro	h	s		
veraa	jjq	0077	'ēn	see	v:pred	v		pred		
veraa	jjq	0078	#ds.cc		##ds_cc	##ds_cc				
veraa	jjq	0078	'o	INTERJ	other	other				
veraa	jjq	0078	ba	but	other	other				
veraa	jjq	0078	=n	=ART	=ln	=ln				
veraa	jjq	0078	nak	canoe	np:s	np		s		
veraa	jjq	0078	mu-k	POSS.GEN-1SG	rn-pro.1:poss	rn-pro	1	poss		
veraa	jjq	0078	anē	DEM1.A	rn	rn				
veraa	jjq	0078	rōv'e	close	other	other				
veraa	jjq	0078	ne	TAM2:3SG	lv-pro:s	lv-pro		s		
veraa	jjq	0078	qē'	finish	v:pred	v		pred		
veraa	jjq	0078	#ds		#nc	#nc				
veraa	jjq	0078	so	QUOT	x	x				
veraa	jjq	0078	ke'	INTERJ	x	x				
veraa	jjq	0079	#		##	##				
veraa	jjq	0079	ZERO		0.h:s	0	h	s		
veraa	jjq	0079	so	QUOT	other:pred	other		pred		
veraa	jjq	0079	#		##ds	##ds				
veraa	jjq	0079	'o	INTERJ	other	other				
veraa	jjq	0079	ba	but	other	other				
veraa	jjq	0079	ga	STAT	lv	lv				
veraa	jjq	0079	itok	good	v:pred	v		pred		
veraa	jjq	0079	wal	once	rv	rv				
veraa	jjq	0080	#		##ds	##ds				
veraa	jjq	0080	ba	but	other	other				
veraa	jjq	0080	mē	DAT	nc	nc				
veraa	jjq	0080	..							
veraa	jjq	0080	ZERO		0:s	0		s		
veraa	jjq	0080	me	FUT	lv	lv				
veraa	jjq	0080	bēr	join	v:pred	v		pred		
veraa	jjq	0080	'an̄'an̄	RED:hand.move	rv	rv				
veraa	jjq	0080	man̄asa	when	other	other				
veraa	jjq	0080	#		##	##				
veraa	jjq	0080	ZERO		0.d:s	0	d	s		
veraa	jjq	0080	so	QUOT	other:pred	other		pred		
veraa	jjq	0080	#		##ds	##ds				
veraa	jjq	0080	o	oh	other	other				
veraa	jjq	0080	van	go	v:pred	v		pred		
veraa	jjq	0080	gēr	approximately	other	other				
veraa	jjq	0080	'aluwō	tomorrow	other	other				
veraa	jjq	0081	#		##ds	##ds				
veraa	jjq	0081	'aluwō	tomorrow	other	other				
veraa	jjq	0081	nik	2SG	pro.2:s	pro	2	s		
veraa	jjq	0081	ē	TAM2:2SG	lv-pro.2:s	lv-pro	2	s		
veraa	jjq	0081	kēl	back	v:pred	v		pred		
veraa	jjq	0081	ma	hither	rv	rv				
veraa	jjq	0081	#		##	##				
veraa	jjq	0081	du	1DL.IN	wpro.1:a	wpro	1	a		
veraa	jjq	0081	=k	=TAM2	=lv	=lv				
veraa	jjq	0081	bēr	join	v:pred	v		pred		
veraa	jjq	0081	'an̄'an̄	RED:hand.move	rv	rv				
veraa	jjq	0081	ēn	ART	ln	ln				
veraa	jjq	0081	nak	canoe	np:p	np		p		
veraa	jjq	0081	anē	DEM1.A	other	other				
veraa	jjq	0082	#nc		#nc	#nc				
veraa	jjq	0082	so	QUOT	x	x				
veraa	jjq	0082	'ēris	?	x	x				
veraa	jjq	0082	'ēnē'	this	x	x				
veraa	jjq	0082	#		##ds	##ds				
veraa	jjq	0082	wo	and	other	other				
veraa	jjq	0082	=m	=TAM1	=lv	=lv				
veraa	jjq	0082	da	do	v:pred	v		pred		
veraa	jjq	0082	siviē	how	other	other				
veraa	jjq	0082	#		##ds	##ds				
veraa	jjq	0082	nik	2SG	pro.2:a	pro	2	a		
veraa	jjq	0082	mak	IMM	lv	lv				
veraa	jjq	0082	rēv	drag	v:pred	v		pred		
veraa	jjq	0082	lu	through	rv	rv				
veraa	jjq	0082	=n	=ART	=ln	=ln				
veraa	jjq	0082	ko-m	POSS.VES-2SG	np:p-pro.2:poss	np		p-pro.2:poss		
veraa	jjq	0082	va'anē	TEMP.DEM1	other	other				
veraa	jjq	0083	#		##	##				
veraa	jjq	0083	e	PERS.ART	ln	ln				
veraa	jjq	0083	Qo'	Qo'	np.h:s	np	h	s		
veraa	jjq	0083	so	QUOT	other:pred	other		pred		
veraa	jjq	0083	#ds		##ds	##ds				
veraa	jjq	0083	o	INTERJ	other	other				
veraa	jjq	0083	itok	good	v:pred	v		pred		
veraa	jjq	0083	#		##ds	##ds				
veraa	jjq	0083	wo	and	other	other				
veraa	jjq	0083	=m	=TAM1	=lv	=lv				
veraa	jjq	0083	da	do	v:pred	v		pred		
veraa	jjq	0083	siviē	how	other	other				
veraa	jjq	0083	#		##ds	##ds				
veraa	jjq	0083	gidu	1DL.IN	pro.1:a	pro	1	a		
veraa	jjq	0083	me	FUT	lv	lv				
veraa	jjq	0083	vil	tie	v:pred	v		pred		
veraa	jjq	0083	ēn	ART	ln	ln				
veraa	jjq	0083	nak	canoe	np:p	np		p		
veraa	jjq	0083	wal	once	other	other				
veraa	jjq	0083	'i	DEL	other	other				
veraa	jjq	0083	'ekēnē	LOC.DEM1	other:l	other		l		
veraa	jjq	0083	lē	LOC	adp	adp				
veraa	jjq	0083	=n	=ART	=ln	=ln				
veraa	jjq	0083	wōm̄ōm̄ō'	bush	np:l	np		l		
veraa	jjq	0084	#		##	##				
veraa	jjq	0084	womarawraw	spider	np.d:s	np	d	s		
veraa	jjq	0084	so	QUOT	other:pred	other		pred		
veraa	jjq	0084	#ds		##ds	##ds				
veraa	jjq	0084	o	oh	other	other				
veraa	jjq	0084	ga	STAT	lv	lv				
veraa	jjq	0084	itok	good	v:pred	v		pred		
veraa	jjq	0085	#		##ds	##ds				
veraa	jjq	0085	du	1DL.IN	wpro.1:a	wpro	1	a		
veraa	jjq	0085	me	FUT	lv	lv				
veraa	jjq	0085	vil	tie	v:pred	v		pred		
veraa	jjq	0085	ēn	ART	ln	ln				
veraa	jjq	0085	nak	canoe	np:p	np		p		
veraa	jjq	0085	mu-m	POSS.GEN-2SG	rn-pro.1:poss	rn-pro	1	poss		
veraa	jjq	0085	lē	LOC	adp	adp				
veraa	jjq	0085	=n	=ART	=ln	=ln				
veraa	jjq	0085	wōm̄ōm̄ō'	bush	np:l	np		l		
veraa	jjq	0086	#ds		##ds	##ds				
veraa	jjq	0086	ba	but	other	other				
veraa	jjq	0086	senē	MAN.DEM1	other	other				
veraa	jjq	0086	di	3SG	pro:s	pro		s		
veraa	jjq	0086	me	FUT	lv	lv				
veraa	jjq	0086	kalu	exit	v:pred	v		pred		
veraa	jjq	0086	bēn	PRO.OBL	other	other				
veraa	jjq	0086	siviē	how	other	other				
veraa	jjq	0087	#		##	##				
veraa	jjq	0087	Qo'	Qo'	np.h:s	np	h	s		
veraa	jjq	0087	so	QUOT	other:pred	other		pred		
veraa	jjq	0087	#ds		##ds	##ds				
veraa	jjq	0087	o	oh	other	other				
veraa	jjq	0087	ZERO		0.2:s	0	2	s		
veraa	jjq	0087	ke'i	a.moment	other:pred	other		pred		
veraa	jjq	0087	#ds		##ds	##ds				
veraa	jjq	0087	no	1SG	pro.1:a	pro	1	a		
veraa	jjq	0087	me	FUT	lv	lv				
veraa	jjq	0087	da	do	v:pred	v		pred		
veraa	jjq	0087	=n	=ART	=ln	=ln				
veraa	jjq	0087	wēde	rain	np:p	np		p		
veraa	jjq	0088	#ds		##ds	##ds				
veraa	jjq	0088	no	1SG	pro.1:a	pro	1	a		
veraa	jjq	0088	me	FUT	lv	lv				
veraa	jjq	0088	da	do	v:pred	v		pred		
veraa	jjq	0088	=n	=ART	=ln	=ln				
veraa	jjq	0088	wēde	rain	np:p	np		p		
veraa	jjq	0088	#ds		##ds	##ds				
veraa	jjq	0088	n	ART	ln	ln				
veraa	jjq	0088	wēde	rain	np:s	np		s		
veraa	jjq	0088	ne	TAM2:3SG	lv-pro:s	lv-pro		s		
veraa	jjq	0088	wēde	rain	v:pred	v		pred		
veraa	jjq	0088	#		##	##				
veraa	jjq	0088	ZERO		0:a	0		a		
veraa	jjq	0088	ne	TAM2:3SG	lv-pro:a	lv-pro		a		
veraa	jjq	0088	'ō'	carry	v:pred	v		pred		
veraa	jjq	0088	lu	through	rv	rv				
veraa	jjq	0088	=n	=ART	=ln	=ln				
veraa	jjq	0088	nak	canoe	np:p	np		p		
veraa	jjq	0088	mu-k	POSS.GEN-1SG	rn-pro.1:poss	rn-pro	1	poss		
veraa	jjq	0089	#		##	##				
veraa	jjq	0089	den	ABL	other	other				
veraa	jjq	0089	e	ART	ln	ln				
veraa	jjq	0089	raga	people	ln	ln				
veraa	jjq	0089	'i-'isi-k	NSG-younger.same.sex.sbl-1SG	np.h:s-pro.h:poss	np	h	s-pro.h:poss		
veraa	jjq	0089	ē	DEM3	rn	rn				
veraa	jjq	0089	'ēn	see	v:pred	v		pred		
veraa	jjq	0089	ga	STAT	rv	rv				
veraa	jjq	0089	lama'i	know	rv	rv				
veraa	jjq	0089	#		#ds_cc	#ds_cc				
veraa	jjq	0089	so	CPL	other	other				
veraa	jjq	0089	o	INTERJ	other	other				
veraa	jjq	0089	no	1SG	pro.1:a	pro	1	a		
veraa	jjq	0089	=m	=TAM1	=lv	=lv				
veraa	jjq	0089	da	do	v:pred	v		pred		
veraa	jjq	0089	rek	also	rv	rv				
veraa	jjq	0089	ēn	ART	ln	ln				
veraa	jjq	0089	naka	canoe	np:p	np		p		
veraa	jjq	0089	#		##ds	##ds				
veraa	jjq	0089	ba	but	other	other				
veraa	jjq	0089	=n	=ART	=ln	=ln				
veraa	jjq	0089	m̄ala-rē	startle-3PL	np:s-pro.h:poss	np		s-pro.h:poss		
veraa	jjq	0089	me	FUT	lv	lv				
veraa	jjq	0089	rōw	skip	v:pred	v		pred		
veraa	jjq	0089	wuva	only	rv	rv				
veraa	jjq	0089	den	ABL	adp	adp				
veraa	jjq	0089	ZERO		0:obl	0		obl		
veraa	jjq	0090	#		##ds	##ds				
veraa	jjq	0090	lē	LOC	adp	adp				
veraa	jjq	0090	=n	=ART	=ln	=ln				
veraa	jjq	0090	masō-gi	time-3SG	np:other	np		other		
veraa	jjq	0090	dir	3PL	pro.h:s	pro	h	s		
veraa	jjq	0090	=m	=TAM1	=lv	=lv				
veraa	jjq	0090	va-van	RED-go	v:pred	v		pred		
veraa	jjq	0090	qē'	finish	rv	rv				
veraa	jjq	0090	rōw	seawards	rv	rv				
veraa	jjq	0090	lē	LOC 	adp	adp				
veraa	jjq	0090	=n	=ART	=ln	=ln				
veraa	jjq	0090	mē'ērsa	harbour	np:g	np		g		
veraa	jjq	0090	#		##ds	##ds				
veraa	jjq	0090	n	ART	ln	ln				
veraa	jjq	0090	m̄ala-rē	startle-3SG	np:s-pro.h:poss	np		s-pro.h:poss		
veraa	jjq	0090	ne	TAM2:3SG	lv-pro:s	lv-pro		s		
veraa	jjq	0090	rōw	skip	v:pred	v		pred		
veraa	jjq	0090	den	ABL	adp	adp				
veraa	jjq	0090	sa	EMPH	other	other				
veraa	jjq	0090	=n	=ART	=ln	=ln				
veraa	jjq	0090	nak	canoe	np:obl	np		obl		
veraa	jjq	0090	su-su	RED-paddle	rn	rn				
veraa	jjq	0090	#		rn_#ds_rc	rn_#ds_rc				
veraa	jjq	0090	a	REL	other	other				
veraa	jjq	0090	ZERO		0:s	0		s		
veraa	jjq	0090	=s	=SIM	=lv	=lv				
veraa	jjq	0090	sag	sit	v:pred	v		pred		
veraa	jjq	0090	'i	DEL	rv	rv				
veraa	jjq	0091	#		##	##				
veraa	jjq	0091	sow	DISC	other	other				
veraa	jjq	0091	n	ART	ln	ln				
veraa	jjq	0091	masō-gi	time-3SG	np:other	np		other		
veraa	jjq	0091	=n	=ART	nc	nc				
veraa	jjq	0091	womarawraw	spider	nc	nc				
veraa	jjq	0091	n	ART	nc	nc				
veraa	jjq	0091	....	....						
veraa	jjq	0091	Qo'	Qo'	np.h:dt_s	np	h	dt_s		
veraa	jjq	0091	di	3SG	pro.h:s	pro	h	s		
veraa	jjq	0091	=m	=TAM1	=lv	=lv				
veraa	jjq	0091	van	go	v:pred	v		pred		
veraa	jjq	0091	kal	upwards	rv	rv				
veraa	jjq	0091	kēl	back	rv	rv				
veraa	jjq	0091	sar	inland	rv	rv				
veraa	jjq	0091	#		##	##				
veraa	jjq	0091	duru	3DL	pro.h:a	pro	h	a		
veraa	jjq	0091	=m	=TAM1	=lv	=lv				
veraa	jjq	0091	ran̄	tear	v:pred	v		pred		
veraa	jjq	0091	ēn	ART	ln	ln				
veraa	jjq	0091	gaga	vines	np:p	np		p		
veraa	jjq	0092	#		##	##				
veraa	jjq	0092	ZERO		0.h:a	0	h	a		
veraa	jjq	0092	'ar	chop	v:pred	v		pred		
veraa	jjq	0092	ēn	ART	ln	ln				
veraa	jjq	0092	'erē	PL	ln	ln				
veraa	jjq	0092	wo'iw'iwēm	connecting.woods	np:p	np		p		
veraa	jjq	0092	#		##	##				
veraa	jjq	0092	ZERO		0.h:a	0	h	a		
veraa	jjq	0092	'ar	chop	v:pred	v		pred		
veraa	jjq	0092	ēn	ART	ln	ln				
veraa	jjq	0092	sama	outrigger	np:p	np		p		
veraa	jjq	0093	#		##	##				
veraa	jjq	0093	duru	3DL	pro.h:a	pro	h	a		
veraa	jjq	0093	=m	=TAM1	=lv	=lv				
veraa	jjq	0093	vi-vil	RED-tie	v:pred	v		pred		
veraa	jjq	0093	vi-vil	RED-tie	rv	rv				
veraa	jjq	0093	qē'	finish	rv	rv				
veraa	jjq	0093	=n	=ART	=ln	=ln				
veraa	jjq	0093	naka	canoe	np:p	np		p		
veraa	jjq	0094	#		##	##				
veraa	jjq	0094	Qo'	Qo'	np.h:s	np	h	s		
veraa	jjq	0094	ne	TAM2:3SG	lv-pro.h:s	lv-pro	h	s		
veraa	jjq	0094	mulō	go	v:pred	v		pred		
veraa	jjq	0095	#		##	##				
veraa	jjq	0095	rawraw	spider	np.d:s	np	d	s		
veraa	jjq	0095	ne	TAM2:3SG	lv-pro.d:s	lv-pro	d	s		
veraa	jjq	0095	'ōg	stay	v:pred	v		pred		
veraa	jjq	0095	'i	DEL	rv	rv				
veraa	jjq	0096	#		##	##				
veraa	jjq	0096	Qo'	Qo'	np.h:dt_s	np	h	dt_s		
veraa	jjq	0096	di	3SG	pro.h:s	pro	h	s		
veraa	jjq	0096	=m	=TAM1	=lv	=lv				
veraa	jjq	0096	mulō	go	v:pred	v		pred		
veraa	jjq	0096	#		##	##				
veraa	jjq	0096	di	3SG	pro.h:s	pro	h	s		
veraa	jjq	0096	wo	and	other:pred	other		pred		
veraa	jjq	0096	#ds		##ds	##ds				
veraa	jjq	0096	bulsal	friend	np.d:voc	np	d	voc		
veraa	jjq	0096	no	1SG	pro.1:s	pro	1	s		
veraa	jjq	0096	=k	=TAM2	=lv	=lv				
veraa	jjq	0096	mul	go	v:pred	v		pred		
veraa	jjq	0096	'ēqēl̄	descend	rv	rv				
veraa	jjq	0097	#ds		##ds	##ds				
veraa	jjq	0097	ba	but	other	other				
veraa	jjq	0097	qiri	today	other	other				
veraa	jjq	0097	lē	LOC	adp	adp				
veraa	jjq	0097	=n	=ART	=ln	=ln				
veraa	jjq	0097	qōn̄	night	np:other	np		other		
veraa	jjq	0097	no	1SG	pro.1:s	pro	1	s		
veraa	jjq	0097	me	FUT	lv	lv				
veraa	jjq	0097	tēk	speak	v:pred	v		pred		
veraa	jjq	0097	mē	DAT	adp	adp				
veraa	jjq	0097	nikē	2SG	pro.2:g	pro	2	g		
veraa	jjq	0097	#		##ds	##ds				
veraa	jjq	0097	nik	2SG	pro.2:s	pro	2	s		
veraa	jjq	0097	me	FUT	lv	lv				
veraa	jjq	0097	van	go	v:pred	v		pred		
veraa	jjq	0097	den	ABL	adp	adp				
veraa	jjq	0097	ēn	ART	ln	ln				
veraa	jjq	0097	'ekē	place	np:obl	np		obl		
veraa	jjq	0097	anē'ē	DEM1.A	rn	rn				
veraa	jjq	0098	#		##ds	##ds				
veraa	jjq	0098	mana-gi	reason-3SG	np:other	np		other		
veraa	jjq	0098	no	1SG	pro.1:a	pro	1	a		
veraa	jjq	0098	me	FUT	lv	lv				
veraa	jjq	0098	gis	hold	v:pred	v		pred		
veraa	jjq	0098	ēn	ART	ln	ln				
veraa	jjq	0098	wēde	rain	np:p	np		p		
veraa	jjq	0098	qiri	today	other	other				
veraa	jjq	0098	lē	LOC	adp	adp				
veraa	jjq	0098	=n	=ART	=ln	=ln				
veraa	jjq	0098	qōn̄	night	np:other	np		other		
veraa	jjq	0099	#		##ds	##ds				
veraa	jjq	0099	'aluwō	tomorrow	other	other				
veraa	jjq	0099	lē	LOC	adp	adp				
veraa	jjq	0099	=n	=ART	=ln	=ln				
veraa	jjq	0099	ma'ava	morning	np:other	np		other		
veraa	jjq	0099	=n	=ART	=ln	=ln				
veraa	jjq	0099	nak	canoe	np:s	np		s		
veraa	jjq	0099	anē	dem1.A	rn	rn				
veraa	jjq	0099	man	PFV	lv	lv				
veraa	jjq	0099	din̄	reach	v:pred	v		pred		
veraa	jjq	0099	rōwē	seawards	other:g	other		g		
veraa	jjq	0099	a	LOC.SP	adp	adp				
veraa	jjq	0099	lo	at.sea	np:g	np		g		
veraa	jjq	0100	#		##	##				
veraa	jjq	0100	so	?	other	other				
veraa	jjq	0100	lē	LOC	adp	adp				
veraa	jjq	0100	=n	=ART	=ln	=ln				
veraa	jjq	0100	revrev	evening	np:other	np		other		
veraa	jjq	0100	anē	DEM1.A	rn	rn				
veraa	jjq	0100	di	3SG	pro.h:s	pro	h	s		
veraa	jjq	0100	=m	=TAM1	=lv	=lv				
veraa	jjq	0100	mulō	go	v:pred	v		pred		
veraa	jjq	0100	#		##	##				
veraa	jjq	0100	ZERO		0.h:s	0	h	s		
veraa	jjq	0100	mul	go	v:pred	v		pred		
veraa	jjq	0100	din̄	reach	rv	rv				
veraa	jjq	0100	rōw	seawards	rv	rv				
veraa	jjq	0101	#		##neg	##neg				
veraa	jjq	0101	misin	long.time	v:pred	v		pred		
veraa	jjq	0101	wal	once	rn	rn				
veraa	jjq	0101	rōs	GEN.NEG2	rn	rn				
veraa	jjq	0101	#		#cc	#cc				
veraa	jjq	0101	di	3SG	pro.h:s	pro	h	s		
veraa	jjq	0101	ne	TAM2:3SG	lv-pro.h:s	lv-pro	h	s		
veraa	jjq	0101	van	go	v:pred	v		pred		
veraa	jjq	0101	lē	LOC	adp	adp				
veraa	jjq	0101	=n	=ART	=ln	=ln				
veraa	jjq	0101	qaran̄	pit	np:g	np		g		
veraa	jjq	0101	'alē	ASS	rn	rn				
veraa	jjq	0101	=n	=ART	rn	rn				
veraa	jjq	0101	ōlōl	RED:conjure	rn	rn				
veraa	jjq	0101	#		##	##				
veraa	jjq	0101	di	3SG	pro.h:a	pro	h	a		
veraa	jjq	0101	ne	TAM2:3SG	lv-pro.h:a	lv-pro	h	a		
veraa	jjq	0101	mom	put	v:pred	v		pred		
veraa	jjq	0101	ēn	ART	ln	ln				
veraa	jjq	0101	'enge	plant	np:p	np		p		
veraa	jjq	0101	'alē	ASS	rn	rn				
veraa	jjq	0101	=n	=ART	rn	rn				
veraa	jjq	0101	wēde	rain	rn	rn				
veraa	jjq	0102	#		##	##				
veraa	jjq	0102	e	CC	other	other				
veraa	jjq	0102	n	ART	ln	ln				
veraa	jjq	0102	wēde	rain	np:s	np		s		
veraa	jjq	0102	ne	TAM2:3SG	lv-pro:s	lv-pro		s		
veraa	jjq	0102	wēde	rain	v:pred	v		pred		
veraa	jjq	0103	#		##	##				
veraa	jjq	0103	di	3SG	pro:s	pro		s		
veraa	jjq	0103	=m	=TAM1	=lv	=lv				
veraa	jjq	0103	wēde	rain	v:pred	v		pred		
veraa	jjq	0103	wēde	rain	rv	rv				
veraa	jjq	0103	wēde	rain	rv	rv				
veraa	jjq	0103	va-va-vaan	RED-RED-go	other	other				
veraa	jjq	0103	qē'	finish	other	other				
veraa	jjq	0104	#		##	##				
veraa	jjq	0104	wēde	rain	np:dt_s	np		dt_s		
veraa	jjq	0104	di	3SG	pro:s	pro		s		
veraa	jjq	0104	=m	=TAM1	=lv	=lv				
veraa	jjq	0104	luwo	big	v:pred	v		pred		
veraa	jjq	0105	#		##	##				
veraa	jjq	0105	di	3SG	pro:a	pro		a		
veraa	jjq	0105	ne	TAM2:3SG	lv-pro:a	lv-pro		a		
veraa	jjq	0105	le	transfer	v:pred	v		pred		
veraa	jjq	0105	=n	=ART	=ln	=ln				
veraa	jjq	0105	nak	canoe	np:p	np		p		
veraa	jjq	0105	susu	RED-paddle	rn	rn				
veraa	jjq	0105	ē	DEM3	rn	rn				
veraa	jjq	0106	#		##	##				
veraa	jjq	0106	ZERO		0:a	0		a		
veraa	jjq	0106	ne	TAM2:3SG	lv-pro:a	lv-pro		a		
veraa	jjq	0106	le	transfer	v:pred	v		pred		
veraa	jjq	0106	ZERO		0:p	0		p		
veraa	jjq	0106	#		##	##				
veraa	jjq	0106	ZERO		0:s	0		s		
veraa	jjq	0106	ne	TAM2:3SG	lv-pro:s	lv-pro		s		
veraa	jjq	0106	van	go	v:pred	v		pred		
veraa	jjq	0106	#		##	##				
veraa	jjq	0106	ZERO		0:s	0		s		
veraa	jjq	0106	ne	TAM2:3SG	lv-pro:s	lv-pro		s		
veraa	jjq	0106	van	go	v:pred	v		pred		
veraa	jjq	0106	va-va-va-van	RED-RED-RED-go	other	other				
veraa	jjq	0106	#		##	##				
veraa	jjq	0106	ZERO		0:s	0		s		
veraa	jjq	0106	ne	TAM2:3SG	lv-pro:s	lv-pro		s		
veraa	jjq	0106	sal	float	v:pred	v		pred		
veraa	jjq	0106	lu	through	rv	rv				
veraa	jjq	0106	rōw	seawards	rv	rv				
veraa	jjq	0106	a	LOC.SP	adp	adp				
veraa	jjq	0106	Rev	Rev	np:g	np		g		
veraa	jjq	0106	lē	LOC	adp	adp				
veraa	jjq	0106	=n	=ART	=ln	=ln				
veraa	jjq	0106	mē'ērsa	harbour	np:dt	np		dt		
veraa	jjq	0106	a	LOC.SP	rn	rn				
veraa	jjq	0106	Rev	Rev	rn	rn				
veraa	jjq	0107	#		##	##				
veraa	jjq	0107	naw	saltwater	nc	nc				
veraa	jjq	0107	n	ART	ln	ln				
veraa	jjq	0107	wēde	rain	np:s	np		s		
veraa	jjq	0107	ne	TAM2:3SG	lv-pro:s	lv-pro		s		
veraa	jjq	0107	wēde	rain	v:pred	v		pred		
veraa	jjq	0107	#		##	##				
veraa	jjq	0107	ZERO		0:s	0		s		
veraa	jjq	0107	ne	TAM2:3SG	lv-pro:s	lv-pro		s		
veraa	jjq	0107	mamasa	dry	v:pred	v		pred		
veraa	jjq	0108	#		##	##				
veraa	jjq	0108	wo	and	other	other				
veraa	jjq	0108	=n	=ART	=ln	=ln				
veraa	jjq	0108	nak	canoe	np:s	np		s		
veraa	jjq	0108	ne	TAM2:3SG	lv-pro:s	lv-pro		s		
veraa	jjq	0108	sag	sit	v:pred	v		pred		
veraa	jjq	0108	wal	once	other	other				
veraa	jjq	0108	'i	DEL	other	other				
veraa	jjq	0108	lē	LOC 	adp	adp				
veraa	jjq	0108	=n	=ART	=ln	=ln				
veraa	jjq	0108	n̄ērē	shoreline	np:l	np		l		
veraa	jjq	0108	ōn	sand	rn	rn				
veraa	jjq	0108	anē	DEM1.A	rn	rn				
veraa	jjq	0108	#		##	##				
veraa	jjq	0108	ZERO		0:s	0		s		
veraa	jjq	0108	ne	TAM2:3SG	lv-pro:s	lv-pro		s		
veraa	jjq	0108	sag	sit	v:pred	v		pred		
veraa	jjq	0108	wal	once	other	other				
veraa	jjq	0108	'i	DEL	other	other				
veraa	jjq	0108	sa	EMPH	other	other				
veraa	jjq	0108	kēnē	LOC.DEM1	other:l	other		l		
veraa	jjq	0109	#		##	##				
veraa	jjq	0109	'ekē	place	np:s	np		s		
veraa	jjq	0109	=m	=TAM1	=lv	=lv				
veraa	jjq	0109	ma'ava	morning	v:pred	v		pred		
veraa	jjq	0109	#		##	##				
veraa	jjq	0109	e	PERS.ART	ln	ln				
veraa	jjq	0109	raga	people	ln	ln				
veraa	jjq	0109	'i-'isi-gi	NSG-brother-3SG	np.h:s-pro.h:poss	np	h	s-pro.h:poss		
veraa	jjq	0109	kēl	back	v:pred	v		pred		
veraa	jjq	0109	rōw	seawards	rv	rv				
veraa	jjq	0110	#ds		##ds	##ds				
veraa	jjq	0110	'ei	hey	other	other				
veraa	jjq	0110	ba	but	other	other				
veraa	jjq	0110	=n	=ART	=ln	=ln				
veraa	jjq	0110	nak	canoe	np:dt_pred	np		dt_pred		
veraa	jjq	0110	agēnē	DEM2.A	rn	rn				
veraa	jjq	0110	n	ART	ln	ln				
veraa	jjq	0110	nak	canoe	np:pred	np		pred		
veraa	jjq	0110	mu-n	POSS.GEN-CS	rn	rn				
veraa	jjq	0110	e	PERS.ART	rn	rn				
veraa	jjq	0110	sē	who	rn	rn				
veraa	jjq	0110	gēn	DEM.PROX.CAT	dem_pro:s	dem_pro		s		
veraa	jjq	0111	#		##	##				
veraa	jjq	0111	e	ART	ln	ln				
veraa	jjq	0111	raga	people	np:s	np		s		
veraa	jjq	0111	'aklē-gi	some-3SG	rn	rn				
veraa	jjq	0111	so	QUOT	other:pred	other		pred		
veraa	jjq	0111	#ds		##ds	##ds				
veraa	jjq	0111	o	oh	other	other				
veraa	jjq	0111	ZERO		0:s	0		s		
veraa	jjq	0111	=n	=ART	=ln	=ln				
veraa	jjq	0111	mu-n	POSS.GEN-CS	np:pred	np		pred		
veraa	jjq	0111	e	PERS.ART	rn	rn				
veraa	jjq	0111	Qo'	Qo'	rn_np.h:poss	rn_np	h	poss		
veraa	jjq	0112	#		##	##				
veraa	jjq	0112	e	PERS.ART	ln	ln				
veraa	jjq	0112	raga	people	np.h:s	np	h	s		
veraa	jjq	0112	'aklē-gi	some-3SG	rn	rn				
veraa	jjq	0112	so	QUOT	other:pred	other		pred		
veraa	jjq	0112	#ds		##ds	##ds				
veraa	jjq	0112	'ei	hey	other	other				
veraa	jjq	0112	ba	but	other	other				
veraa	jjq	0112	gidē	1DL.IN	pro.1:s	pro	1	s		
veraa	jjq	0112	=k	=TAM2	=lv	=lv				
veraa	jjq	0112	vanvan	RED:go	v:pred	v		pred		
veraa	jjq	0112	lē	LOC 	adp	adp				
veraa	jjq	0112	#		#ds_cc:g	#ds_cc		g		
veraa	jjq	0112	=n	=ART	=ln	=ln				
veraa	jjq	0112	'ar	chop	vother:pred	vother		pred		
veraa	jjq	0112	naka	canoe	rv	rv				
veraa	jjq	0112	#ds.neg		##ds.neg	##ds.neg				
veraa	jjq	0112	e	PERS.ART	ln	ln				
veraa	jjq	0112	Qo'	Qo'	np.h:s	np	h	s		
veraa	jjq	0112	vanvan	RED:go	v:pred	v		pred		
veraa	jjq	0112	kēlkēl	RED:back	rv	rv				
veraa	jjq	0112	rōs	GEN.NEG2	rv	rv				
veraa	jjq	0113	#ds		##ds	##ds				
veraa	jjq	0113	di	3SG	pro.h:s	pro	h	s		
veraa	jjq	0113	ga	STAT	lv	lv				
veraa	jjq	0113	'ōg'ōg	RED:stay	v:pred	v		pred		
veraa	jjq	0113	wuva	only	other	other				
veraa	jjq	0113	wal	once	other	other				
veraa	jjq	0113	lē	LOC	adp	adp				
veraa	jjq	0113	=n	=ART	=ln	=ln				
veraa	jjq	0113	lōlō	inside	ln	ln				
veraa	jjq	0113	vunu	village	np:l	np		l		
veraa	jjq	0113	#ds		##ds	##ds				
veraa	jjq	0113	ba	but	other	other				
veraa	jjq	0113	=n	=ART	nc	nc				
veraa	jjq	0113	...	...	nc	nc				
veraa	jjq	0113	n	ART	ln	ln				
veraa	jjq	0113	nak	canoe	np:s	np		s		
veraa	jjq	0113	mu-gi	POSS.GEN-3SG	rn-proh:poss	rn-proh		poss		
veraa	jjq	0113	anē	DEM1.A	rn	rn				
veraa	jjq	0113	=m	=TAM1	=lv	=lv				
veraa	jjq	0113	...	...	nc	nc				
veraa	jjq	0113	da	do	v:pred	v		pred		
veraa	jjq	0113	bēn	PRO.OBL	other	other				
veraa	jjq	0113	siviē	how	other	other				
veraa	jjq	0113	#ds		##ds	##ds				
veraa	jjq	0113	=n	=ART	=ln	=ln				
veraa	jjq	0113	nak	canoe	np:s	np		s		
veraa	jjq	0113	anē	DEM1.A	rn	rn				
veraa	jjq	0113	=m	=TAM1	=lv	=lv				
veraa	jjq	0113	'ar	chop	v:pred	v		pred		
veraa	jjq	0113	asenē	MAN.DEM1.A	other	other				
veraa	jjq	0113	#ds		##ds	##ds				
veraa	jjq	0113	ZERO		0:s	0		s		
veraa	jjq	0113	m	TAM1	lv	lv				
veraa	jjq	0113	kalu	exit	v:pred	v		pred		
veraa	jjq	0113	ma	hither	rv	rv				
veraa	jjq	0113	lē	LOC	adp	adp				
veraa	jjq	0113	=n	=ART	=ln	=ln				
veraa	jjq	0113	mē'ērsa	harbour	np:g	np		g		
veraa	jjq	0113	#ds		##ds	##ds				
veraa	jjq	0113	ZERO		0:s	0		s		
veraa	jjq	0113	=s	=SIM	=lv	=lv				
veraa	jjq	0113	sag	sit	v:pred	v		pred		
veraa	jjq	0113	'i	DEL	rv	rv				
veraa	jjq	0113	anē	DEM1.A	other	other				
veraa	jjq	0114	#		##	##				
veraa	jjq	0114	e	ART	ln	ln				
veraa	jjq	0114	raga	people	np.h:s	np	h	s		
veraa	jjq	0114	'aklē-gi	some	rn	rn				
veraa	jjq	0114	so	QUOT	other:pred	other		pred		
veraa	jjq	0114	#ds		##ds	##ds				
veraa	jjq	0114	n	ART	ln	ln				
veraa	jjq	0114	nak	canoe	np:s	np		s		
veraa	jjq	0114	anē	DEM1.A	rn	rn				
veraa	jjq	0114	=n	=ART	=ln	=ln				
veraa	jjq	0114	ko-n	POSS.VES-CS	np:pred	np		pred		
veraa	jjq	0114	e	PERS.ART	rn	rn				
veraa	jjq	0114	Qo'	Qo'	rn_np.h:poss	rn_np	h	poss		
veraa	jjq	0115	#ds		##ds	##ds				
veraa	jjq	0115	'ēkē	oh.dear	other:pred	other		pred		
veraa	jjq	0115	#ds		##ds	##ds				
veraa	jjq	0115	gidē	1DL.IN	pro.1:dt_a	pro	1	dt_a		
veraa	jjq	0115	dē	1DL.IN	wpro.1:a	wpro	1	a		
veraa	jjq	0115	=m	=TAM1	=lv	=lv				
veraa	jjq	0115	kalu	exit	v:pred	v		pred		
veraa	jjq	0115	'ō'	carry	rv	rv				
veraa	jjq	0115	ma	hither	rv	rv				
veraa	jjq	0115	=n	=ART	=ln	=ln				
veraa	jjq	0115	mu-de	POSS.GEN-1PL.IN	ln-pro.1:poss	ln-pro	1	poss		
veraa	jjq	0115	=n	=ART	=ln	=ln				
veraa	jjq	0115	'erē	PL	ln	ln				
veraa	jjq	0115	naka	canoe	np:p	np		p		
veraa	jjq	0115	#		##ds	##ds				
veraa	jjq	0115	ZERO		0:s	0		s		
veraa	jjq	0115	m	TAM1	lv	lv				
veraa	jjq	0115	'ul'ul	RED:drown	v:pred	v		pred		
veraa	jjq	0115	qē'	finish	rv	rv				
veraa	jjq	0116	#		##ds	##ds				
veraa	jjq	0116	enei	now	other	other				
veraa	jjq	0116	=n	=ART	=ln	=ln				
veraa	jjq	0116	ko-n	POSS.VES-CS	np:s	np		s		
veraa	jjq	0116	e	PERS.ART	rn	rn				
veraa	jjq	0116	Qo'	Qo'	rn_np.h:poss	rn_np	h	poss		
veraa	jjq	0116	ga	STAT	lv	lv				
veraa	jjq	0116	itok	good	v:pred	v		pred		
veraa	jjq	0117	#		##	##				
veraa	jjq	0117	dir	3PL	pro.h:s	pro	h	s		
veraa	jjq	0117	=k	=TAM2	=lv	=lv				
veraa	jjq	0117	gege	RED:THING	v:pred	v		pred		
veraa	jjq	0117	#		##neg	##neg				
veraa	jjq	0117	e	CC	other	other				
veraa	jjq	0117	wo	and	other	other				
veraa	jjq	0117	misin	long.time	v:pred	v		pred		
veraa	jjq	0117	wal	once	rv	rv				
veraa	jjq	0117	rōs	GEN.NEG1	rv	rv				
veraa	jjq	0117	#		#cc	#cc				
veraa	jjq	0117	e	PERS.ART	ln	ln				
veraa	jjq	0117	Qo'	Qo'	np.h:s	np	h	s		
veraa	jjq	0117	ne	TAM2:3SG	lv-pro.h:s	lv-pro	h	s		
veraa	jjq	0117	van	go	v:pred	v		pred		
veraa	jjq	0117	ma	hither	rv	rv				
veraa	jjq	0117	#		##	##				
veraa	jjq	0117	ZERO		0.h:a	0	h	a		
veraa	jjq	0117	ne	TAM2:3SG	lv-pro.h:a	lv-pro	h	a		
veraa	jjq	0117	rēv	drag	v:pred	v		pred		
veraa	jjq	0117	sur	down	rv	rv				
veraa	jjq	0117	ēn	ART	ln	ln				
veraa	jjq	0117	nak	canoe	np:p	np		p		
veraa	jjq	0117	mu-gi	POSS.GEN-3SG	rn-pro.h:poss	rn-pro	h	poss		
veraa	jjq	0118	#		##	##				
veraa	jjq	0118	ZERO		0.h:s	0	h	s		
veraa	jjq	0118	ne	TAM2:3SG	lv-pro.h:s	lv-pro	h	s		
veraa	jjq	0118	rem	climb	v:pred	v		pred		
veraa	jjq	0118	rōw	seawards	rv	rv				
veraa	jjq	0118	rana	PRO.OBL	other:g	other		g		
veraa	jjq	0118	#ds		#nc	#nc				
veraa	jjq	0118	ZERO		x	x				
veraa	jjq	0118	ne	TAM2	x	x				
veraa	jjq	0118	va..	va..	x	x				
veraa	jjq	0118	sur	down	x	x				
veraa	jjq	0118	...	...	x	x				
veraa	jjq	0118	#		##	##				
veraa	jjq	0118	ZERO		0.h:s	0	h	s		
veraa	jjq	0118	ne	TAM2:3SG	lv-pro.h:s	lv-pro	h	s		
veraa	jjq	0118	su	paddle	v:pred	v		pred		
veraa	jjq	0118	'i	DEL	rv	rv				
veraa	jjq	0118	rōw	seawards	rv	rv				
veraa	jjq	0119	#		##	##				
veraa	jjq	0119	ZERO		0.h:s	0	h	s		
veraa	jjq	0119	su	paddle	v:pred	v		pred		
veraa	jjq	0119	rōw	seawards	rv	rv				
veraa	jjq	0119	lē	LOC	adp	adp				
veraa	jjq	0119	=n	=ART	=ln	=ln				
veraa	jjq	0119	nēn	ART	nc	nc				
veraa	jjq	0119	mē'ērsa	harbour	np:g	np		g		
veraa	jjq	0119	anē	DEM1.A	rn	rn				
veraa	jjq	0120	#		##	##				
veraa	jjq	0120	dir'ōl	3TL	pro.h:s	pro	h	s		
veraa	jjq	0120	'ēn	see	v:pred	v		pred		
veraa	jjq	0120	#ds		##ds_cc	##ds_cc				
veraa	jjq	0120	'ō	INTERJ	other	other				
veraa	jjq	0120	ko-n	POS.VES-CS	np:s	np		s		
veraa	jjq	0120	e	PERS.ART	rn	rn				
veraa	jjq	0120	Qo	Qo'	rn_np.h:poss	rn_np	h	poss		
veraa	jjq	0120	=m	=TAM1	=lv	=lv				
veraa	jjq	0120	sal	float	v:pred	v		pred		
veraa	jjq	0121	#ds		##ds	##ds				
veraa	jjq	0121	ba	but	other	other				
veraa	jjq	0121	gidē	1DL.IN	pro.1:dt_poss	pro	1	dt_poss		
veraa	jjq	0121	=n	=ART	=ln	=ln				
veraa	jjq	0121	ko-de	POSS.VES-1PL.IN	np:s-pro.1:poss	np		s-pro.1:poss		
veraa	jjq	0121	=m	=TAM1	=lv	=lv				
veraa	jjq	0121	'ul	drown	v:pred	v		pred		
veraa	jjq	0121	qē'	finish	rv	rv				
veraa	jjq	0122	#ds		##ds	##ds				
veraa	jjq	0122	ei	hey	other	other				
veraa	jjq	0122	'aluwō	tomorrow	other	other				
veraa	jjq	0122	dē	1PL.IN	wpro.1:s	wpro	1	s		
veraa	jjq	0122	=k	=TAM2	=lv	=lv				
veraa	jjq	0122	da	do	v:pred	v		pred		
veraa	jjq	0122	mē	DAT	adp	adp				
veraa	jjq	0122	diē	3SG	pro.h:g	pro	h	g		
veraa	jjq	0122	#ds		##ds	##ds				
veraa	jjq	0122	dē	1DL.IN	wpro.1:a	wpro	1	a		
veraa	jjq	0122	=k	=TAM2	=lv	=lv				
veraa	jjq	0122	van	go	v:pred	v		pred		
veraa	jjq	0122	'ō'	carry	rv	rv				
veraa	jjq	0122	di	3SG	pro.h:p	pro	h	p		
veraa	jjq	0122	mē	DAT	adp	adp				
veraa	jjq	0122	=n	=ART	=ln	=ln				
veraa	jjq	0122	sisidin̄	bird.catch	np:g	np		g		
veraa	jjq	0123	#ds		##ds	##ds				
veraa	jjq	0123	dē	1PL.IN	wpro.1:a	wpro	1	a		
veraa	jjq	0123	=k	=TAM2	=lv	=lv				
veraa	jjq	0123	gal	lie	v:pred	v		pred		
veraa	jjq	0123	diē	3SG	pro.h:p	pro	h	p		
veraa	jjq	0123	#ds		##ds_cc	##ds_cc				
veraa	jjq	0123	dē	1PL.IN	wpro.1:s	wpro	1	s		
veraa	jjq	0123	=k	=TAM2	=lv	=lv				
veraa	jjq	0123	van	go	v:pred	v		pred		
veraa	jjq	0123	lē	LOC	adp	adp				
veraa	jjq	0123	=n	=ART	=ln	=ln				
veraa	jjq	0123	sisidin̄	bird.catch	np:g	np		g		
veraa	jjq	0124	#ds		##ds	##ds				
veraa	jjq	0124	'o	INTERJ	other	other				
veraa	jjq	0124	ga	STAT	lv	lv				
veraa	jjq	0124	itok	good	v:pred	v		pred		
veraa	jjq	0125	#		##	##				
veraa	jjq	0125	dir	3PL	pro.h:s	pro	h	s		
veraa	jjq	0125	=k	=TAM2	=lv	=lv				
veraa	jjq	0125	vanvan	RED:go	v:pred	v		pred		
veraa	jjq	0125	lē	LOC	adp	adp				
veraa	jjq	0125	=n	=ART	=ln	=ln				
veraa	jjq	0125	ma'a	taro.garden	np:g	np		g		
veraa	jjq	0125	#		##	##				
veraa	jjq	0125	dir	3PL	pro.h:s	pro	h	s		
veraa	jjq	0125	=k	=TAM2	=lv	=lv				
veraa	jjq	0125	van	go	v:pred	v		pred		
veraa	jjq	0125	lē	LOC	adp	adp				
veraa	jjq	0125	=n	=ART	=ln	=ln				
veraa	jjq	0125	n̄ēn̄ērē-gi	store-3SG	np:g	np		g		
veraa	jjq	0125	nō-re	POSS.DOM-3PL	rn-pro:poss	rn-pro		poss		
veraa	jjq	0126	#		##	##				
veraa	jjq	0126	dir	3PL	pro.h:s	pro	h	s		
veraa	jjq	0126	lele	RED:transfer	v:pred	v		pred		
veraa	jjq	0126	gengen	RED:eat	rv	rv				
veraa	jjq	0126	#		##	##				
veraa	jjq	0126	dir	3PL	pro.h:s	pro	h	s		
veraa	jjq	0126	=k	=TAM2	=lv	=lv				
veraa	jjq	0126	kēl	back	v:pred	v		pred		
veraa	jjq	0126	ma	hither	rv	rv				
veraa	jjq	0126	#		##	##				
veraa	jjq	0126	ZERO		0.h:a	0	h	a		
veraa	jjq	0126	sal-salma	RED-prepare	v:pred	v		pred		
veraa	jjq	0126	=n	=ART	=ln	=ln				
veraa	jjq	0126	gengen	RED:eat	np:p	np		p		
veraa	jjq	0127	#		##	##				
veraa	jjq	0127	'ekē	place	np:s	np		s		
veraa	jjq	0127	=m	=TAM1	=lv	=lv				
veraa	jjq	0127	qōn̄	night	v:pred	v		pred		
veraa	jjq	0127	suwo	thither	rv	rv				
veraa	jjq	0128	#		##	##				
veraa	jjq	0128	dir	3PL	pro.h:s	pro	h	s		
veraa	jjq	0128	=m	=TAM1	=lv	=lv				
veraa	jjq	0128	sag	sit	v:pred	v		pred		
veraa	jjq	0128	serge	together	rv	rv				
veraa	jjq	0128	segēn	MAN.DEM2	other	other				
veraa	jjq	0129	#		##	##				
veraa	jjq	0129	Qo'	Qo'	np.h:s	np	h	s		
veraa	jjq	0129	ne	TAM2:3SG	lv-pro.h:s	lv-pro	h	s		
veraa	jjq	0129	tēktēk	RED:speak	v:pred	v		pred		
veraa	jjq	0129	mē	DAT	adp	adp				
veraa	jjq	0129	dirē	3PL	pro.h:g	pro	h	g		
veraa	jjq	0130	#		##	##				
veraa	jjq	0130	ZERO		0.h:a	0	h	a		
veraa	jjq	0130	ne	TAM2:3SG	lv-pro.h:a	lv-pro	h	a		
veraa	jjq	0130	vō-vōna	RED-teach	v:pred	v		pred		
veraa	jjq	0130	dirē	3PL	pro.h:p	pro	h	p		
veraa	jjq	0131	#		##	##				
veraa	jjq	0131	so	??	nc	nc				
veraa	jjq	0131	ē	CC	other	other				
veraa	jjq	0131	dir	3PL	pro.h:s_ds	pro	h	s_ds		
veraa	jjq	0131	=k	=TAM2	=lv	=lv				
veraa	jjq	0131	tēk	speak	v:pred	v		pred		
veraa	jjq	0131	so	QUOT	other	other				
veraa	jjq	0131	#ds		##ds	##ds				
veraa	jjq	0131	Qo'	Qo'	other	other				
veraa	jjq	0131	n	ART	ln	ln				
veraa	jjq	0131	sava	what	np:s	np		s		
veraa	jjq	0131	#rc.ds		rn_#ds_rc	rn_#ds_rc				
veraa	jjq	0131	kamam	1PL.EX	pro.1:a	pro	1	a		
veraa	jjq	0131	ga	STAT	lv	lv				
veraa	jjq	0131	mōrōs	want	v:pred	v		pred		
veraa	jjq	0131	ZERO		0:p	0		p		
veraa	jjq	0131	a	LOC.SP	adp	adp				
veraa	jjq	0131	enei	now	other	other				
veraa	jjq	0131	den	ABL	adp	adp				
veraa	jjq	0131	nikē	2SG	pro.2:obl	pro	2	obl		
veraa	jjq	0132	#		##ds_cc:pred	##ds_cc		pred		
veraa	jjq	0132	'aluwō	tomorrow	other	other				
veraa	jjq	0132	kamam	1PL.EX	pro.1:s	pro	1	s		
veraa	jjq	0132	ga	STAT	lv	lv				
veraa	jjq	0132	mōrōs	want	v:pred	v		pred		
veraa	jjq	0132	#cc.ds		#ds_cc	#ds_cc				
veraa	jjq	0132	so	CPL	other	other				
veraa	jjq	0132	dē	1PL.IN	wpro.1:s	wpro	1	s		
veraa	jjq	0132	=k	=TAM2	=lv	=lv				
veraa	jjq	0132	van	go	v:pred	v		pred		
veraa	jjq	0132	#		##ds	##ds				
veraa	jjq	0132	ZERO		0.1:s	0	1	s		
veraa	jjq	0132	=ēk	=TAM2	=lv	=lv				
veraa	jjq	0132	sisidin̄	bird catching	v:pred	v		pred		
veraa	jjq	0133	#ds		##ds	##ds				
veraa	jjq	0133	'o	INTERJ	other	other				
veraa	jjq	0133	ga	STAT	lv	lv				
veraa	jjq	0133	itok	good	v:pred	v		pred		
veraa	jjq	0134	#		##	##				
veraa	jjq	0134	ba	but	other	other				
veraa	jjq	0134	dir	3PL	pro.h:s	pro	h	s		
veraa	jjq	0134	=k	=TAM2	=lv	=lv				
veraa	jjq	0134	galgal	RED:lie	v:pred	v		pred		
veraa	jjq	0134	ē	DEM3	other	other				
veraa	jjq	0134	#		##	##				
veraa	jjq	0134	sirē	for	other	other				
veraa	jjq	0134	dir	3PL	pro.h:s	pro	h	s		
veraa	jjq	0134	ga	STAT	lv	lv				
veraa	jjq	0134	mōrōs	want	v:pred	v		pred		
veraa	jjq	0134	#		#cc	#cc				
veraa	jjq	0134	dir	3PL	pro.h:a	pro	h	a		
veraa	jjq	0134	=m	=TAM1	=lv	=lv				
veraa	jjq	0134	bol	steal	v:pred	v		pred		
veraa	jjq	0134	sa	EMPH	other	other				
veraa	jjq	0134	=n	=ART	=ln	=ln				
veraa	jjq	0134	nak	canoe	np:p	np		p		
veraa	jjq	0134	mu-gi	POSS.GEN-3SG	rn-pro.h:poss	rn-pro	h	poss		
veraa	jjq	0135	#		##	##				
veraa	jjq	0135	dir	3PL	pro.h:a	pro	h	a		
veraa	jjq	0135	=m	=TAM1	=lv	=lv				
veraa	jjq	0135	bol	steal	v:pred	v		pred		
veraa	jjq	0135	ēn	ART	ln	ln				
veraa	jjq	0135	nak	canoe	np:p	np		p		
veraa	jjq	0135	mu-gi	POSS.GEN-3SG	rn-pro.h:poss	rn-pro	h	poss		
veraa	jjq	0135	#		##	##				
veraa	jjq	0135	'amē	ASS	other	other				
veraa	jjq	0135	dir	3PL	pro.h:s	pro	h	s		
veraa	jjq	0135	=k	=TAM2	=lv	=lv				
veraa	jjq	0135	suō	paddle	v:pred	v		pred		
veraa	jjq	0135	#		##	##				
veraa	jjq	0135	wo	and	other	other				
veraa	jjq	0135	dir	3PL	pro.h:a	pro	h	a		
veraa	jjq	0135	=k	=TAM2	=lv	=lv				
veraa	jjq	0135	bol	steal	v:pred	v		pred		
veraa	jjq	0135	ēn	ART	ln	ln				
veraa	jjq	0135	gunu-gi	spouse-3SG	np.h:p-pro.h:poss	np	h	p-pro.h:poss		
veraa	jjq	0135	#		##	##				
veraa	jjq	0135	ZERO		0.h:a	0	h	a		
veraa	jjq	0135	=k	=TAM2	=lv	=lv				
veraa	jjq	0135	rōw	skip	v:pred	v		pred		
veraa	jjq	0135	'ō'	carry	rv	rv				
veraa	jjq	0135	ZERO		0:p	0		p		
veraa	jjq	0136	#		##	##				
veraa	jjq	0136	so	?	other	other				
veraa	jjq	0136	dir	3PL	pro.h:s	pro	h	s		
veraa	jjq	0136	=m	=TAM1	=lv	=lv				
veraa	jjq	0136	van	go	v:pred	v		pred		
veraa	jjq	0136	asenē	MAN.DEM1.A	other	other				
veraa	jjq	0136	#		##	##				
veraa	jjq	0136	ZERO		0.h:s	0	h	s		
veraa	jjq	0136	=m	=TAM2	=lv	=lv				
veraa	jjq	0136	van	go	v:pred	v		pred		
veraa	jjq	0136	asenē	MAN.DEM1.A	other	other				
veraa	jjq	0136	va-va-van	RED-RED-go	other	other				
veraa	jjq	0137	#nc		#nc	#nc				
veraa	jjq	0137	dir=m	3PL=TAM1	x	x				
veraa	jjq	0137	...	...	x	x				
veraa	jjq	0137	'ekē	time	x	x				
veraa	jjq	0137	...	...	x	x				
veraa	jjq	0137	#		##	##				
veraa	jjq	0137	masō-gi	time-3SG	np:other	np		other		
veraa	jjq	0137	=n	=ART	=ln	=ln				
veraa	jjq	0137	qōn̄	night	np:s	np		s		
veraa	jjq	0137	ne	NUM.ART	rn	rn				
veraa	jjq	0137	vō-wal	one	rn	rn				
veraa	jjq	0137	lik	more	rn	rn				
veraa	jjq	0137	=m	=TAM1	=lv	=lv				
veraa	jjq	0137	van	go	v:pred	v		pred		
veraa	jjq	0137	ma	hither	rv	rv				
veraa	jjq	0138	#nc		#nc	#nc				
veraa	jjq	0138	dir	3PL=TAM1	x	x				
veraa	jjq	0138	k / m ?		x	x				
veraa	jjq	0138	salma	ready=ART	x	x				
veraa	jjq	0138	=n		x	x				
veraa	jjq	0138	...	...	x	x				
veraa	jjq	0138	#		##	##				
veraa	jjq	0138	dir	3PL	pro.h:a	pro	h	a		
veraa	jjq	0138	man	PFV	lv	lv				
veraa	jjq	0138	salma	prepare	v:pred	v		pred		
veraa	jjq	0138	=n	=ART	=ln	=ln				
veraa	jjq	0138	tēktēk	RED:speak	np:p	np		p		
veraa	jjq	0138	#		##	##				
veraa	jjq	0138	dir	3PL	pro.h:s_ds	pro	h	s_ds		
veraa	jjq	0138	=k	=TAM2	=lv	=lv				
veraa	jjq	0138	tēk	speak	v:pred	v		pred		
veraa	jjq	0138	mē-n	DAT-CS	adp	adp				
veraa	jjq	0138	e	PERS.ART	ln	ln				
veraa	jjq	0138	Qo'	Qo'	np.h:g	np	h	g		
veraa	jjq	0138	va'anē	TEMP.DEM1	other	other				
veraa	jjq	0139	#ds		##ds	##ds				
veraa	jjq	0139	'aluwō	tomorrow	other	other				
veraa	jjq	0139	dē	1PL.IN	wpro.1:s	wpro	1	s		
veraa	jjq	0139	=k	=TAM2	=lv	=lv				
veraa	jjq	0139	van	go	v:pred	v		pred		
veraa	jjq	0139	lē	LOC	adp	adp				
veraa	jjq	0139	=n	=ART	=ln	=ln				
veraa	jjq	0139	sisidin̄	bird.catch	np:g	np		g		
veraa	jjq	0140	#		##	##				
veraa	jjq	0140	masō-gi	time-3SG	np:other	np		other		
veraa	jjq	0140	dir	3PL	pro.h:s	pro	h	s		
veraa	jjq	0140	=m	=TAM1	=lv	=lv				
veraa	jjq	0140	din̄	reach	v:pred	v		pred		
veraa	jjq	0140	ma	hither	rv	rv				
veraa	jjq	0140	#		##	##				
veraa	jjq	0140	dir	3PL	pro.h:s	pro	h	s		
veraa	jjq	0140	=m	=TAM1	=lv	=lv				
veraa	jjq	0140	van	go	v:pred	v		pred		
veraa	jjq	0140	mē	DAT	adp	adp				
veraa	jjq	0140	=n	=ART	=ln	=ln				
veraa	jjq	0140	sisisdin̄	bird.catch	np:g	np		g		
veraa	jjq	0140	#		##	##				
veraa	jjq	0140	dir	3PL	pro.h:s	pro	h	s		
veraa	jjq	0140	=m	=TAM1	=lv	=lv				
veraa	jjq	0140	din̄	reach	v:pred	v		pred		
veraa	jjq	0140	ma	hither	rv	rv				
veraa	jjq	0140	#		##	##				
veraa	jjq	0140	di	3SG	pro.h:a	pro	h	a		
veraa	jjq	0140	ne	TAM2:3SG	lv-pro.h:a	lv-pro	h	a		
veraa	jjq	0140	rem	climb	v:pred	v		pred		
veraa	jjq	0140	ēnēn	ART	ln	ln				
veraa	jjq	0140	daraga	nutmeg	np:p	np		p		
veraa	jjq	0141	#		##	##				
veraa	jjq	0141	daraga	nutmeg	np:s	np		s		
veraa	jjq	0141	ga	STAT	lv	lv				
veraa	jjq	0141	ul	call	v:pred	v		pred		
veraa	jjq	0141	lē	LOC	adp	adp				
veraa	jjq	0141	=n	=ART	=ln	=ln				
veraa	jjq	0141	tēktēk	RED:speak	np:obl	np		obl		
veraa	jjq	0141	'a	ASS.SP	rn	rn				
veraa	jjq	0141	Vera'a	Vera'a	rn	rn				
veraa	jjq	0141	#		##	##				
veraa	jjq	0141	ZERO		0:s	0		s		
veraa	jjq	0141	ga	STAT	lv	lv				
veraa	jjq	0141	ul	call	v:pred	v		pred		
veraa	jjq	0141	so	QUOT	adp	adp				
veraa	jjq	0141	=n	=ART	=ln	=ln				
veraa	jjq	0141	darag	nutmeg	np:other	np		other		
veraa	jjq	0141	towla	tree	rn	rn				
veraa	jjq	0142	#		##	##				
veraa	jjq	0142	di	3SG	pro:s	pro		s		
veraa	jjq	0142	ga	STAT	lv	lv				
veraa	jjq	0142	lu-luwo	RED-big	v:pred	v		pred		
veraa	jjq	0143	#		##	##				
veraa	jjq	0143	so	?	other	other				
veraa	jjq	0143	e	ART	ln	ln				
veraa	jjq	0143	raga	people	np.h:s	np	h	s		
veraa	jjq	0143	anē	DEM1.A	rn	rn				
veraa	jjq	0143	=m	=TAM1	=lv	=lv				
veraa	jjq	0143	remrem	RED:climb	v:pred	v		pred		
veraa	jjq	0143	lē	LOC 	adp	adp				
veraa	jjq	0143	=n	=ART	=ln	=ln				
veraa	jjq	0143	'erē	PL	ln	ln				
veraa	jjq	0143	dara	nutmeg	np:g	np		g		
veraa	jjq	0143	ga	STAT	rn	rn				
veraa	jjq	0143	sisiē	different	rn	rn				
veraa	jjq	0143	#		##	##				
veraa	jjq	0143	ba	but	other	other				
veraa	jjq	0143	e	PERS.ART	ln	ln				
veraa	jjq	0143	Qo'	Qo'	np.h:dt_s	np	h	dt_s		
veraa	jjq	0143	di	3SG	pro.h:s	pro	h	s		
veraa	jjq	0143	=m	=TAM1	=lv	=lv				
veraa	jjq	0143	rem	climb	v:pred	v		pred		
veraa	jjq	0143	a	LOC.SP	adp	adp				
veraa	jjq	0143	=n	=ART	=ln	=ln				
veraa	jjq	0143	darag	nutmeg	np:g	np		g		
veraa	jjq	0143	anē	DEM1.A	rn	rn				
veraa	jjq	0143	mē	DAT	adp	adp				
veraa	jjq	0143	=n	=ART	=ln	=ln				
veraa	jjq	0143	sisidin̄	bird.catch	np:g	np		g		
veraa	jjq	0144	#		##	##				
veraa	jjq	0144	di	3SG	pro.h:s	pro	h	s		
veraa	jjq	0144	=m	=TAM1	=lv	=lv				
veraa	jjq	0144	rem	climb	v:pred	v		pred		
veraa	jjq	0144	rem	climb	rv	rv				
veraa	jjq	0144	re-rem	RED-climb	rv	rv				
veraa	jjq	0144	#		##	##				
veraa	jjq	0144	di	3SG	pro.h:s	pro	h	s		
veraa	jjq	0144	=m	=TAM1	=lv	=lv				
veraa	jjq	0144	din̄	reach	v:pred	v		pred		
veraa	jjq	0144	din̄	reach	nc	nc				
veraa	jjq	0144	sag	up	rv	rv				
veraa	jjq	0144	lē 	LOC	adp	adp				
veraa	jjq	0144	=n	=ART	=ln	=ln				
veraa	jjq	0144	n̄ōl	top	np:g	np		g		
veraa	jjq	0144	wōqe'enge	tree	rn	rn				
veraa	jjq	0145	#		##	##				
veraa	jjq	0145	di	3SG	pro.h:a	pro	h	a		
veraa	jjq	0145	=m	=TAM1	=lv	=lv				
veraa	jjq	0145	mom	put	v:pred	v		pred		
veraa	jjq	0145	ēn	ART	ln	ln				
veraa	jjq	0145	mu-gi	POSS.GEN-3DG	ln-pro.h:poss	ln-pro	h	poss		
veraa	jjq	0145	=n	=ART	=ln	=ln				
veraa	jjq	0145	ga	vine	np:p	np		p		
veraa	jjq	0145	sisidin̄	bird.catch	rn	rn				
veraa	jjq	0145	#		##	##				
veraa	jjq	0145	di	3SG	pro.h:a	pro	h	a		
veraa	jjq	0145	=m	=TAM1	=lv	=lv				
veraa	jjq	0145	mo-mom	RED-put	v:pred	v		pred		
veraa	jjq	0145	qē'	finish	rv	rv				
veraa	jjq	0145	ZERO		0:p	0		p		
veraa	jjq	0145	#		##	##				
veraa	jjq	0145	ZERO		0.h:s	0	h	s		
veraa	jjq	0145	so	PROSP	other	other				
veraa	jjq	0145	ne	TAM2:3SG	lv-pro.h:s	lv-pro	h	s		
veraa	jjq	0145	'isiwē	dismount	v:pred	v		pred		
veraa	jjq	0146	#		##	##				
veraa	jjq	0146	wo	and	other	other				
veraa	jjq	0146	e	PERS.ART	ln	ln				
veraa	jjq	0146	raga	people	np.h:a	np	h	a		
veraa	jjq	0146	anē	DEM1.A	rn	rn				
veraa	jjq	0146	=k	=TAM2	=lv	=lv				
veraa	jjq	0146	sur	sing	v:pred	v		pred		
veraa	jjq	0146	ēn	ART	ln	ln				
veraa	jjq	0146	nes	song	np:p	np		p		
veraa	jjq	0146	so	QUOT	other	other				
veraa	jjq	0147	#ds		##ds	##ds				
veraa	jjq	0147	dara	nutmeg	np:dt_s	np		dt_s		
veraa	jjq	0147	towla	k.o.nutmeg	rn	rn				
veraa	jjq	0147	nik	2SG	pro.2:s	pro	2	s		
veraa	jjq	0147	ē	TAM2:2SG	lv-pro.2:s	lv-pro	2	s		
veraa	jjq	0147	luwo	big	v:pred	v		pred		
veraa	jjq	0147	#		##ds	##ds				
veraa	jjq	0147	nik	2SG	pro.2:s	pro	2	s		
veraa	jjq	0147	ē	TAM2:2SG	lv-pro.2:s	lv-pro	2	s		
veraa	jjq	0147	luwo	big	v:pred	v		pred		
veraa	jjq	0148	#ds		##ds	##ds				
veraa	jjq	0148	nik	2SG	pro.2:s	pro	2	s		
veraa	jjq	0148	ē	TAM2:2SG	lv-pro.2:s	lv-pro	2	s		
veraa	jjq	0148	malaw	wide	v:pred	v		pred		
veraa	jjq	0148	#ds		##ds	##ds				
veraa	jjq	0148	nik	2SG	pro.2:s	pro	2	s		
veraa	jjq	0148	ē	TAM2:2SG	lv-pro.2:s	lv-pro	2	s		
veraa	jjq	0148	malaw	wide	v:pred	v		pred		
veraa	jjq	0149	#		##	##				
veraa	jjq	0149	dir	3PL	pro.h:a	pro	h	a		
veraa	jjq	0149	=k	=TAM2	=lv	=lv				
veraa	jjq	0149	tēktēk	RED:speak	v:pred	v		pred		
veraa	jjq	0149	ēn	ART	ln	ln				
veraa	jjq	0149	tēktēk	RED-speak	np:p	np		p		
veraa	jjq	0149	anē	DEM1.A	rn	rn				
veraa	jjq	0149	#		##	##				
veraa	jjq	0149	wo	and	other	other				
veraa	jjq	0149	=n	=ART	=ln	=ln				
veraa	jjq	0149	qan̄	flank	nc	nc				
veraa	jjq	0149	eh	HES	nc	nc				
veraa	jjq	0149	...	...						
veraa	jjq	0149	daraga	nutmeg	np:s	np		s		
veraa	jjq	0149	ē	DEM3	rn	rn				
veraa	jjq	0149	ne	TAM2:3SG	lv-pro:s	lv-pro		s		
veraa	jjq	0149	lu-luwo	RED-big	v:pred	v		pred		
veraa	jjq	0150	#		##	##				
veraa	jjq	0150	ZERO		0:s	0		s		
veraa	jjq	0150	=m	=TAM1	=lv	=lv				
veraa	jjq	0150	luwo	big	v:pred	v		pred		
veraa	jjq	0150	#nc		#nc	#nc				
veraa	jjq	0150	=m	=TAM1	x	x				
veraa	jjq	0150	luwō	big	x	x				
veraa	jjq	0150	=m	=TAM1	x	x				
veraa	jjq	0150	luwō	big	x	x				
veraa	jjq	0150	#		##	##				
veraa	jjq	0150	e	PERS.ART	ln	ln				
veraa	jjq	0150	Qo'	Qo'	np.h:s	np	h	s		
veraa	jjq	0150	mas	INABIL1	lv	lv				
veraa	jjq	0150	gavra	embrace	v:pred	v		pred		
veraa	jjq	0150	din̄	reach	rv	rv				
veraa	jjq	0150	m̄as	INABIL2	rv	rv				
veraa	jjq	0150	aval-gi	other.side-3SG	other:g	other		g		
veraa	jjq	0151	#		##	##				
veraa	jjq	0151	e	PERS.ART	ln	ln				
veraa	jjq	0151	Qo'	Qo'	np.h:s	np	h	s		
veraa	jjq	0151	ne	TAM2:3SG	lv-pro.h:s	lv-pro	h	s		
veraa	jjq	0151	sag	sit	v:pred	v		pred		
veraa	jjq	0151	rēn	stuck	rv	rv				
veraa	jjq	0151	sag	up	rv	rv				
veraa	jjq	0151	kēkē	on.top	rv	rv				
veraa	jjq	0151	ē	DEM3	other	other				
veraa	jjq	0152	#		##	##				
veraa	jjq	0152	ZERO		0.h:s	0	h	s		
veraa	jjq	0152	sag	sit	v:pred	v		pred		
veraa	jjq	0152	#		##	##				
veraa	jjq	0152	wo	and	other	other				
veraa	jjq	0152	e	PERS.ART	ln	ln				
veraa	jjq	0152	raga	people	ln	ln				
veraa	jjq	0152	'i-'isi-gi	RED-younger.same.sex.sibl-3SG	np.h:s-pro.h:poss	np	h	s-pro.h:poss		
veraa	jjq	0152	anē	DEM1.A	rn	rn				
veraa	jjq	0152	van	go	v:pred	v		pred		
veraa	jjq	0152	rōw	seawards	rv	rv				
veraa	jjq	0152	lē	LOC	adp	adp				
veraa	jjq	0152	=n	=ART	=ln	=ln				
veraa	jjq	0152	vunuō	village	np:g	np		g		
veraa	jjq	0153	#		##	##				
veraa	jjq	0153	ZERO		0.h:a	0	h	a		
veraa	jjq	0153	bol	steal	v:pred	v		pred		
veraa	jjq	0153	ēn	ART	ln	ln				
veraa	jjq	0153	gunu-gi	spouse-3SG	np.h:p-pro.h:poss	np	h	p-pro.h:poss		
veraa	jjq	0154	#		##	##				
veraa	jjq	0154	wo	and	other	other				
veraa	jjq	0154	dir	3PL	pro.h:a	pro	h	a		
veraa	jjq	0154	le	transfer	v:pred	v		pred		
veraa	jjq	0154	=n	=ART	=ln	=ln				
veraa	jjq	0154	nak	canoe	np:p	np		p		
veraa	jjq	0154	su-suō	RED-paddle	rn	rn				
veraa	jjq	0155	#		##	##				
veraa	jjq	0155	dir	3PL	pro.h:s	pro	h	s		
veraa	jjq	0155	=k	=TAM2	=lv	=lv				
veraa	jjq	0155	suō	paddle	v:pred 	v		pred 		
veraa	jjq	0155	#		##	##				
veraa	jjq	0155	dir	3PL	pro.h:s	pro	h	s		
veraa	jjq	0155	=k	=TAM2	=lv	=lv				
veraa	jjq	0155	suō	paddle	v:pred	v		pred		
veraa	jjq	0155	sir	for	adp	adp				
veraa	jjq	0155	=ēn	=ART	=ln	=ln				
veraa	jjq	0155	Lōkōno	Lōkōno	np:g	np		g		
veraa	jjq	0156	#nc		#nc	#nc				
veraa	jjq	0156	dir	3PL	x	x				
veraa	jjq	0156	=m	=TAM2	x	x				
veraa	jjq	0156	'an̄	hand.move	x	x				
veraa	jjq	0156	vē'ē	away	x	x				
veraa	jjq	0156	e	?	x	x				
veraa	jjq	0156	...	...	x	x				
veraa	jjq	0156	nei	now	x	x				
veraa	jjq	0156	dir	3PL	x	x				
veraa	jjq	0156	man	PFV	x	x				
veraa	jjq	0156	...	...						
veraa	jjq	0156	#		##	##				
veraa	jjq	0156	dir	3PL	pro.h:s	pro	h	s		
veraa	jjq	0156	man	PFV	lv	lv				
veraa	jjq	0156	mul	go	v:pred	v		pred		
veraa	jjq	0156	den	ABL	adp	adp				
veraa	jjq	0156	a	LOC.SP	adp	adp				
veraa	jjq	0156	Rev	Rev	np:obl	np		obl		
veraa	jjq	0156	#		##	##				
veraa	jjq	0156	dir	3PL	pro.h:s	pro	h	s		
veraa	jjq	0156	=m	=TAM1	=lv	=lv				
veraa	jjq	0156	mul	go	v:pred	v		pred		
veraa	jjq	0156	ma	hither	rv	rv				
veraa	jjq	0156	a	LOC.SP	adp	adp				
veraa	jjq	0156	Sisiol	Sisiol	np:g	np		g		
veraa	jjq	0157	#		##	##				
veraa	jjq	0157	ba	but	other	other				
veraa	jjq	0157	dir	3PL	pro.h:s	pro	h	s		
veraa	jjq	0157	ga	STAT	lv	lv				
veraa	jjq	0157	'ōg	stay	v:pred	v		pred		
veraa	jjq	0157	qēl	descend	rv	rv				
veraa	jjq	0157	suw	down	rv	rv				
veraa	jjq	0157	a	LOC.SP	adp	adp				
veraa	jjq	0157	Sisiol	Sisiol	np:l	np		l		
veraa	jjq	0157	#		##	##				
veraa	jjq	0157	n	ART	ln	ln				
veraa	jjq	0157	so	name	np:s	np		s		
veraa	jjq	0157	'ekē	place	rn_np:poss	rn_np		poss		
veraa	jjq	0157	anē	DEM1.A	rn	rn				
veraa	jjq	0157	a	LOC.SP	adp	adp				
veraa	jjq	0157	Tatgan	Tatgan	np:pred	np		pred		
veraa	jjq	0158	#		##	##				
veraa	jjq	0158	dir	3PL	pro.h:s	pro	h	s		
veraa	jjq	0158	ga	STAT	lv	lv				
veraa	jjq	0158	'ōg	stay	v:pred	v		pred		
veraa	jjq	0158	sa	EMPH	other	other				
veraa	jjq	0158	kēnē	LOC.DEM1	other:l	other		l		
veraa	jjq	0159	#		##	##				
veraa	jjq	0159	n	ART	ln	ln				
veraa	jjq	0159	vono-n	home-CS	np:dt_p	np		dt_p		
veraa	jjq	0159	e	PERS.ART	rn	rn				
veraa	jjq	0159	Qo'	Qo'	rn_np.h:poss	rn_np	h	poss		
veraa	jjq	0159	dir	3PL	pro.h:a	pro	h	a		
veraa	jjq	0159	ga	STAT	lv	lv				
veraa	jjq	0159	ul	call	v:pred	v		pred		
veraa	jjq	0159	ZERO		0:p	0		p		
veraa	jjq	0159	so	QUOT	other	other				
veraa	jjq	0159	Tamlin̄lin̄	Tamlin̄lin̄	np:other	np		other		
veraa	jjq	0160	a	LOC.SP	adp	adp				
veraa	jjq	0160	Sisiol	Sisiol	np:dt	np		dt		
veraa	jjq	0160	ba	but	other	other				
veraa	jjq	0160	van	go	nc	nc				
veraa	jjq	0160	sur	down	nc	nc				
veraa	jjq	0160	sar	in	nc	nc				
veraa	jjq	0160	ma	hither	nc	nc				
veraa	jjq	0161	#		##	##				
veraa	jjq	0161	nik	2SG	pro.2:a	pro	2	a		
veraa	jjq	0161	ga	STAT	lv	lv				
veraa	jjq	0161	'ēn	see	v:pred	v		pred		
veraa	jjq	0161	'i	DEL	rv	rv				
veraa	jjq	0161	=n	=ART	=ln	=ln				
veraa	jjq	0161	vun...	village	nc	nc				
veraa	jjq	0161	vunu-n	village-CS	np:p	np		p		
veraa	jjq	0161	e	PERS.ART	rn	rn				
veraa	jjq	0161	raga	people	rn_np.h:poss	rn_np	h	poss		
veraa	jjq	0161	lē	LOC	rn	rn				
veraa	jjq	0161	=n	=ART	=rn	=rn				
veraa	jjq	0161	pablik	public	rn	rn				
veraa	jjq	0161	wok	work	rn	rn				
veraa	jjq	0162	#		##	##				
veraa	jjq	0162	ba	but	other	other				
veraa	jjq	0162	=n	=ART	=ln	=ln				
veraa	jjq	0162	val-gi	other.side-3SG	np:pred	np		pred		
veraa	jjq	0162	kēl	back	rn	rn				
veraa	jjq	0162	wōl	wōl.DIR	rn	rn				
veraa	jjq	0162	ma	hither	rn	rn				
veraa	jjq	0162	nē	DEM1	rn	rn				
veraa	jjq	0162	sa	EMPH	other	other				
veraa	jjq	0162	=n	=ART	=ln	=ln				
veraa	jjq	0162	vono-n	home-CS	np:s	np		s		
veraa	jjq	0162	e	PERS.ART	rn	rn				
veraa	jjq	0162	Qo'	Qo'	rn_np.h:poss	rn_np	h	poss		
veraa	jjq	0162	ē	DEM3	rn	rn				
veraa	jjq	0163	#nc		#nc	#nc				
veraa	jjq	0163	ZERO		x	x				
veraa	jjq	0163	'ōg	stay	x	x				
veraa	jjq	0163	'i	DEL	x	x				
veraa	jjq	0163	'ōw'ōw	before	x	x				
veraa	jjq	0163	ēn	ART	x	x				
veraa	jjq	0163	ra'a	plan	x	x				
veraa	jjq	0164	ba	but	x	x				
veraa	jjq	0164	lē	LOC	x	x				
veraa	jjq	0164	=n	=ART	x	x				
veraa	jjq	0164	...	...						
veraa	jjq	0164	di	3SG	x	x				
veraa	jjq	0164	=m	=TAM1	x	x				
veraa	jjq	0164	ōn	lie	x	x				
veraa	jjq	0164	...	...	x	x				
veraa	jjq	0164	#		##	##				
veraa	jjq	0164	di	3SG	pro:s	pro		s		
veraa	jjq	0164	=m	=TAM1	=lv	=lv				
veraa	jjq	0164	ōn	lie	v:pred	v		pred		
veraa	jjq	0164	barbara	stretched.out	rv	rv				
veraa	jjq	0164	sir	for	adp	adp				
veraa	jjq	0164	=ēn	=ART	=ln	=ln				
veraa	jjq	0164	sava	what	np:other	np		other		
veraa	jjq	0165	#		##	##				
veraa	jjq	0165	lē	LOC	adp	adp				
veraa	jjq	0165	=n	=ART	=ln	=ln				
veraa	jjq	0165	laklak	RED:dance	np:dt	np		dt		
veraa	jjq	0165	ne	NUM.ART	rn	rn				
veraa	jjq	0165	vō-wal	NUM-one	rn	rn				
veraa	jjq	0166	dir	3PL	pro.h:s	pro	h	s		
veraa	jjq	0166	=m	=TAM1	=lv	=lv				
veraa	jjq	0166	lak-laka	RED-dance	v:pred	v		pred		
veraa	jjq	0166	va'anē	TEMP.DEM1	other	other				
veraa	jjq	0166	#		##	##				
veraa	jjq	0166	dir	3PL	pro.h:a	pro	h	a		
veraa	jjq	0166	=m	=TAM1	=lv	=lv				
veraa	jjq	0166	var	tread	v:pred	v		pred		
veraa	jjq	0166	ēn	ART	ln	ln				
veraa	jjq	0166	'ekē	place	np:p	np		p		
veraa	jjq	0166	anē	DEM1.A	rn	rn				
veraa	jjq	0166	#		##	##				
veraa	jjq	0166	dir	3PL	pro.h:a	pro	h	a		
veraa	jjq	0166	=k	=TAM2	=lv	=lv				
veraa	jjq	0166	var	tread	v:pred	v		pred		
veraa	jjq	0166	diē	3SG	pro:p	pro		p		
veraa	jjq	0166	#		##	##				
veraa	jjq	0166	di	3SG	pro:s	pro		s		
veraa	jjq	0166	ne	TAM2:3SG	lv-pro:s	lv-pro		s		
veraa	jjq	0166	ōn	lie	v:pred	v		pred		
veraa	jjq	0166	'abilin	askew	rv	rv				
veraa	jjq	0167	#		##	##				
veraa	jjq	0167	ē	CC	other	other				
veraa	jjq	0167	di	3SG	pro:a	pro		a		
veraa	jjq	0167	=m	=TAM1	=lv	=lv				
veraa	jjq	0167	ōn	lie	v:pred	v		pred		
veraa	jjq	0167	barbara	stretched.out	rv	rv				
veraa	jjq	0167	=n	=ART	=ln	=ln				
veraa	jjq	0167	val-gi	other.side-3SG	np:p-pro:poss	np		p-pro:poss		
veraa	jjq	0167	kēl	back	rn	rn				
veraa	jjq	0167	wōl	DIR<wōl>	rn	rn				
veraa	jjq	0168	#		##	##				
veraa	jjq	0168	sōw	DISC	other	other				
veraa	jjq	0168	lē	LOC	adp	adp				
veraa	jjq	0168	=n	=ART	=ln	=ln				
veraa	jjq	0168	masō-gi	time-3SG	np:other	np		other		
veraa	jjq	0168	dir	3PL	pro.h:s	pro	h	s		
veraa	jjq	0168	=m	=TAM1	=lv	=lv				
veraa	jjq	0168	'ōg'ōg	RED:stay	v:pred	v		pred		
veraa	jjq	0168	a	LOC.SP	adp	adp				
veraa	jjq	0168	kēnē	LOC.DEM1	other:l	other		l		
veraa	jjq	0168	#		##	##				
veraa	jjq	0168	dir	3PL	pro.h:s	pro	h	s		
veraa	jjq	0168	=k	=TAM2	=lv	=lv				
veraa	jjq	0168	tēktēk	RED:speak	v:pred	v		pred		
veraa	jjq	0168	qē'	finish	rv	rv				
veraa	jjq	0168	mē-n	DAT-CS	adp	adp				
veraa	jjq	0168	e	PERS.ART	ln	ln				
veraa	jjq	0168	Qo'	Qo'	np.h:g	np	h	g		
veraa	jjq	0168	anē	DEM1.A	other	other				
veraa	jjq	0169	#		##	##				
veraa	jjq	0169	dir	3PL	pro.h:a	pro	h	a		
veraa	jjq	0169	=k	=TAM2	=lv	=lv				
veraa	jjq	0169	le	transfer	v:pred	v		pred		
veraa	jjq	0169	=n	=ART	=ln	=ln				
veraa	jjq	0169	nak	canoe	np:p	np		p		
veraa	jjq	0169	su-suō	RED-paddle	rn	rn				
veraa	jjq	0169	mu-gi	POS.GEN-3SG	rn-pro.h:poss	rn-pro	h	poss		
veraa	jjq	0169	#		##	##				
veraa	jjq	0169	ZERO		0.h:s	0	h	s		
veraa	jjq	0169	=k	=TAM2	=lv	=lv				
veraa	jjq	0169	suō	paddle	v:pred	v		pred		
veraa	jjq	0169	den	ABL	adp	adp				
veraa	jjq	0169	a	LOC.SP	nc	nc				
veraa	jjq	0169	...	...						
veraa	jjq	0169	mē'ērsa	harbour	np:obl	np		obl		
veraa	jjq	0169	a	LOC.SP	rn	rn				
veraa	jjq	0169	Tatgan	Tatgan	rn	rn				
veraa	jjq	0170	#		##	##				
veraa	jjq	0170	dir	3PL	pro.h:s	pro	h	s		
veraa	jjq	0170	=k	=TAM2	=lv	=lv				
veraa	jjq	0170	suō	paddle	v:pred	v		pred		
veraa	jjq	0170	sir	for	adp	adp				
veraa	jjq	0170	=ēn	=ART	=ln	=ln				
veraa	jjq	0170	Lōkōno	Lōkōno	np:g	np		g		
veraa	jjq	0171	#		##	##				
veraa	jjq	0171	so	?	other	other				
veraa	jjq	0171	Qo'	Qo'	np.h:dt_s	np	h	dt_s		
veraa	jjq	0171	di	3SG	pro.h:s	pro	h	s		
veraa	jjq	0171	ne	TAM2:3SG	lv-pro.h:s	lv-pro	h	s		
veraa	jjq	0171	sag	sit	v:pred	v		pred		
veraa	jjq	0171	'i	DEL	rv	rv				
veraa	jjq	0171	anē	DEM1.A	other	other				
veraa	jjq	0171	=n	=ART	=ln	=ln				
veraa	jjq	0171	darag	nutmeg	np:dt	np		dt		
veraa	jjq	0171	towla	tree	rn	rn				
veraa	jjq	0171	anē	DEM1	rn	rn				
veraa	jjq	0172	#		##neg	##neg				
veraa	jjq	0172	di	3SG	pro.h:s	pro	h	s		
veraa	jjq	0172	e	GEN.NEG1	lv	lv				
veraa	jjq	0172	lama'i	know	v:pred	v		pred		
veraa	jjq	0172	rōs	GEN.NEG2	rv	rv				
veraa	jjq	0172	#cc		#cc	#cc				
veraa	jjq	0172	so	CLP	other	other				
veraa	jjq	0172	di	3SG	pro.h:s	pro	h	s		
veraa	jjq	0172	me	FUT	lv	lv				
veraa	jjq	0172	'isiw	dismount	v:pred	v		pred		
veraa	jjq	0172	siviē	how	other	other				
veraa	jjq	0173	#nc		#nc	#nc				
veraa	jjq	0173	van	go	x	x				
veraa	jjq	0173	mara...		x	x				
veraa	jjq	0173	nēnēn	ART	x	x				
veraa	jjq	0173	wōmaraw	spider	x	x				
veraa	jjq	0173	...	...	x	x				
veraa	jjq	0173	bul..	friend	x	x				
veraa	jjq	0173	#		##	##				
veraa	jjq	0173	vuvulu-gi	comrade-3SG	np.d:dt_s	np	d	dt_s		
veraa	jjq	0173	si	or	other	other				
veraa	jjq	0173	=n	=ART	=ln	=ln				
veraa	jjq	0173	bulsala-gi	friend-3GS	np.d:s	np	d	s		
veraa	jjq	0173	ēn	ART	ln	ln				
veraa	jjq	0173	marawa	spider	np.d:appos	np	d	appos		
veraa	jjq	0173	ē	DEM3	rn	rn				
veraa	jjq	0173	ne	TAM2:3SG	lv-pro.d:s	lv-pro	d	s		
veraa	jjq	0173	rōw	skip	v:pred	v		pred		
veraa	jjq	0173	lu	through	rv	rv				
veraa	jjq	0173	ma	hither	rv	rv				
veraa	jjq	0173	mē	DAT	adp	adp				
veraa	jjq	0173	diē	3SG	pro.h:g	pro	h	g		
veraa	jjq	0174	#		##	##				
veraa	jjq	0174	ZERO		0.d:s	0	d	s		
veraa	jjq	0174	rōw	skip	v:pred	v		pred		
veraa	jjq	0174	lu	through	rv	rv				
veraa	jjq	0174	ma	hither	rv	rv				
veraa	jjq	0174	#		##	##				
veraa	jjq	0174	di	3SG	pro.d:s	pro	d	s		
veraa	jjq	0174	ne	TAM2:3SG	lv-pro.d:s	lv-pro	d	s		
veraa	jjq	0174	vanvan	RED:go	v:pred	v		pred		
veraa	jjq	0174	ma	hither	rv	rv				
veraa	jjq	0174	#		##	##				
veraa	jjq	0174	di	3SG	pro.d:a	pro	d	a		
veraa	jjq	0174	ne	TAM2:3SG	lv-pro.d:a	lv-pro	d	a		
veraa	jjq	0174	rōn̄	feel	v:pred	v		pred		
veraa	jjq	0174	#rc		#rc.h:p	#rc	h	p		
veraa	jjq	0174	ZERO		0.h:s	0	h	s		
veraa	jjq	0174	=s	=SIM	=lv	=lv				
veraa	jjq	0174	ra-rara	RED-cry	v:pred	v		pred		
veraa	jjq	0175	#nc		#nc	#nc				
veraa	jjq	0175	s	s	x	x				
veraa	jjq	0175	...	...						
veraa	jjq	0175	#		#ds_rc.h:s	#ds_rc	h	s		
veraa	jjq	0175	ZERO		0.h:s	0	h	s		
veraa	jjq	0175	=s	=SIM	=lv	=lv				
veraa	jjq	0175	rara	cry	v:pred	v		pred		
veraa	jjq	0175	%		%	%				
veraa	jjq	0175	agēnē	DEM2.A	rn	rn				
veraa	jjq	0175	si	or	rn	rn				
veraa	jjq	0175	#		rn_#ds_rc.h:s	rn_#ds_rc	h	s		
veraa	jjq	0175	ZERO		0.h:a	0	h	a		
veraa	jjq	0175	=s	=SIM	=lv	=lv				
veraa	jjq	0175	sursur	RED:sing	v:pred	v		pred		
veraa	jjq	0175	ēn	ART	ln	ln				
veraa	jjq	0175	nes	song	np:p	np		p		
veraa	jjq	0175	%		%	%				
veraa	jjq	0175	agēnē	DEM2.A	rn	rn				
veraa	jjq	0175			%	%				
veraa	jjq	0175	rekso	like	adp	adp				
veraa	jjq	0175	e	PERS.ART	ln	ln				
veraa	jjq	0175	Qo'	Qo'	np.h:pred	np	h	pred		
veraa	jjq	0175	ē	DEM3	rn	rn				
veraa	jjq	0176	#		##	##				
veraa	jjq	0176	di	3SG	pro.d:s	pro	d	s		
veraa	jjq	0176	ne	TAM2:3SG	lv-pro.d:s	lv-pro	d	s		
veraa	jjq	0176	van	go	v:pred	v		pred		
veraa	jjq	0176	#		##	##				
veraa	jjq	0176	ZERO		0.d:s	0	d	s		
veraa	jjq	0176	ne	TAM2:3SG	lv-pro.d:s	lv-pro	d	s		
veraa	jjq	0176	van	go	v:pred	v		pred		
veraa	jjq	0176	va-va-van	RED-RED-go	other	other				
veraa	jjq	0176	#		##	##				
veraa	jjq	0176	ZERO		0.d:a	0	d	a		
veraa	jjq	0176	van	go	v:pred	v		pred		
veraa	jjq	0176	din̄	reach	rv	rv				
veraa	jjq	0176	ma	hither	rv	rv				
veraa	jjq	0176	=n	=ART	=ln	=ln				
veraa	jjq	0176	daraga	nutmeg	np:p	np		p		
veraa	jjq	0177	#		##	##				
veraa	jjq	0177	di	3SG	pro.d:s	pro	d	s		
veraa	jjq	0177	ne	TAM2:3SG	lv-pro.d:s	lv-pro	d	s		
veraa	jjq	0177	rērē	crane	v:pred	v		pred		
veraa	jjq	0177	kal	upwards	rv	rv				
veraa	jjq	0177	#ds		#nc	#nc				
veraa	jjq	0177	'ei	hey	x	x				
veraa	jjq	0177	bulsal	friend	x	x				
veraa	jjq	0177	#ds		##ds	##ds				
veraa	jjq	0177	=m	=TAM1	=lv	=lv				
veraa	jjq	0177	da	do	v:pred	v		pred		
veraa	jjq	0177	siviē	how	other	other				
veraa	jjq	0178	#ds		##ds	##ds				
veraa	jjq	0178	'o	INTERJ	other	other				
veraa	jjq	0178	mē'ēsala-k	way-1SG	np:s	np		s		
veraa	jjq	0178	=m	=TAM1	=lv	=lv				
veraa	jjq	0178	gōno	bitter	v:pred	v		pred		
veraa	jjq	0179	#ds		##ds	##ds				
veraa	jjq	0179	ba	but	other	other				
veraa	jjq	0179	nik	2SG	pro.2:s	pro	2	s		
veraa	jjq	0179	da	do	v:pred	v		pred		
veraa	jjq	0179	bēn	PRO.OBL	other	other				
veraa	jjq	0179	siviē	how	other	other				
veraa	jjq	0180	#nc		#nc	#nc				
veraa	jjq	0180	o	INTERJ	x	x				
veraa	jjq	0180	no	1SG=TAM1	x	x				
veraa	jjq	0180	=m		x	x				
veraa	jjq	0180	...	...						
veraa	jjq	0180	#ds		##ds	##ds				
veraa	jjq	0180	no	1SG	pro.1:s	pro	1	s		
veraa	jjq	0180	=m	=TAM1	=lv	=lv				
veraa	jjq	0180	van	go	v:pred	v		pred		
veraa	jjq	0180	ma	hither	rv	rv				
veraa	jjq	0180	kēnei	LOC.DEM4	other:g	other		g		
veraa	jjq	0181	kamam	1PL.EX	pro.1:dt	pro	1	dt		
veraa	jjq	0181	ē	DEM3	rn	rn				
veraa	jjq	0181	e	ART	ln	ln				
veraa	jjq	0181	raga	people	ln	ln				
veraa	jjq	0181	'i-'isi-k	NSG-brother-1SG	np.h:appos-pro.1:poss	np	h	appos-pro.1:poss		
veraa	jjq	0181	nē	DEM1	other	other				
veraa	jjq	0182	#		##ds	##ds				
veraa	jjq	0182	dir	3PL	pro.h:a	pro	h	a		
veraa	jjq	0182	=m	=TAM1	=lv	=lv				
veraa	jjq	0182	gal	lie	v:pred	v		pred		
veraa	jjq	0182	no	1SG	rv_pro.1:p	rv_pro	1	p		
veraa	jjq	0182	ma	hither	rv	rv				
veraa	jjq	0183	#		##ds	##ds				
veraa	jjq	0183	no	1SG	pro.1:s	pro	1	s		
veraa	jjq	0183	=m	=TAM1	=lv	=lv				
veraa	jjq	0183	rem	climb	v:pred	v		pred		
veraa	jjq	0183	a	LOC.SP	adp	adp				
veraa	jjq	0183	=n	=ART	=ln	=ln				
veraa	jjq	0183	woqe'enge	tree	np:g	np		g		
veraa	jjq	0183	anē	DEM1.A	rn	rn				
veraa	jjq	0183	#		##ds	##ds				
veraa	jjq	0183	kamam	1PL.EX	pro.1:s	pro	1	s		
veraa	jjq	0183	=ēm	=TAM1	=lv	=lv				
veraa	jjq	0183	sisidin̄	bird.catch	v:pred	v		pred		
veraa	jjq	0184	#		##ds	##ds				
veraa	jjq	0184	ba	but	other	other				
veraa	jjq	0184	dir	3PL	pro.h:s	pro	h	s		
veraa	jjq	0184	qē'	finish	rn	rn				
veraa	jjq	0184	man	PFV	lv	lv				
veraa	jjq	0184	vanvan	RED:go	v:pred	v		pred		
veraa	jjq	0185	#		##ds	##ds				
veraa	jjq	0185	so	?	other	other				
veraa	jjq	0185	no	1SG	pro.1:s	pro	1	s		
veraa	jjq	0185	=m	=TAM1	=lv	=lv				
veraa	jjq	0185	van	go	v:pred	v		pred		
veraa	jjq	0185	ma	hither	rv	rv				
veraa	jjq	0185	a	LOC.SP	adp	adp				
veraa	jjq	0185	=n	=ART	=ln	=ln				
veraa	jjq	0185	woqe'enge	tree	np:g	np		g		
veraa	jjq	0185	anē	DEM1.A	rn	rn				
veraa	jjq	0185	#		##ds	##ds				
veraa	jjq	0185	no	1SG	pro.1:s	pro	1	s		
veraa	jjq	0185	=m	=TAM1	=lv	=lv				
veraa	jjq	0185	rem	climb	v:pred	v		pred		
veraa	jjq	0185	kal	upwards	rv	rv				
veraa	jjq	0185	ma	hither	rv	rv				
veraa	jjq	0186	#		##	##				
veraa	jjq	0186	a	LOC.SP	adp	adp				
veraa	jjq	0186	=n	=ART	=ln	=ln				
veraa	jjq	0186	kēle-gi	behind-3SG	np:other	np		other		
veraa	jjq	0186	dir	3PL	pro.h:s	pro	h	s		
veraa	jjq	0186	=m	=TAM1	=lv	=lv				
veraa	jjq	0186	tēktēk	RED:speak	v:pred	v		pred		
veraa	jjq	0186	mē	DAT	adp	adp				
veraa	jjq	0186	=n	=ART	=ln	=ln				
veraa	jjq	0186	woqe'enge	woqe'enge	np:g	np		g		
veraa	jjq	0186	anē	DEM1.A	rn	rn				
veraa	jjq	0186	#		##	##				
veraa	jjq	0186	n	ART	ln	ln				
veraa	jjq	0186	woqe'enge	tree	np:dt_poss	np		dt_poss		
veraa	jjq	0186	anē	DEM1.A	rn	rn				
veraa	jjq	0186	di	3SG	pro:dt_poss	pro		dt_poss		
veraa	jjq	0186	=n	=ART	=ln	=ln				
veraa	jjq	0186	'irbē-gi	body-3SG	np:s-pro:poss	np		s-pro:poss		
veraa	jjq	0186	=m	=TAM1	=lv	=lv				
veraa	jjq	0186	luwo	big	v:pred	v		pred		
veraa	jjq	0187	#ds		##ds	##ds				
veraa	jjq	0187	no	1SG	pro.1:s	pro	1	s		
veraa	jjq	0187	mas	INABIL1	lv	lv				
veraa	jjq	0187	ga-gavra	RED-embrace	v:pred	v		pred		
veraa	jjq	0187	m̄as	INABIL2	rv	rv				
veraa	jjq	0187	#ds.cc:obl		##ds_cc:obl	##ds_cc		obl		
veraa	jjq	0187	'amēn	ASS	other	other				
veraa	jjq	0187	ga	STAT	lv	lv				
veraa	jjq	0187	'ēqēl	descend	vother:pred	vother		pred		
veraa	jjq	0188	#ds		##ds	##ds				
veraa	jjq	0188	bini-k	hand-1SG	np:s-pro.1:poss	np		s-pro.1:poss		
veraa	jjq	0188	=m	=TAM1	=lv	=lv				
veraa	jjq	0188	tiktik	RED:small	v:pred	v		pred		
veraa	jjq	0188	den	ABL	rv	rv				
veraa	jjq	0189	#		##ds	##ds				
veraa	jjq	0189	si	or	other	other				
veraa	jjq	0189	ZERO		0:s	0		s		
veraa	jjq	0189	=m	=TAM1	=lv	=lv				
veraa	jjq	0189	qōqō'	short	v:pred	v		pred		
veraa	jjq	0189	den	ABL	rv	rv				
veraa	jjq	0189	#		##ds	##ds				
veraa	jjq	0189	no	1SG	pro.1:s	pro	1	s		
veraa	jjq	0189	mas	INABIL1	lv	lv				
veraa	jjq	0189	'ēqēl	descend	v:pred	v		pred		
veraa	jjq	0189	kēl	back	rv	rv				
veraa	jjq	0189	m̄as	INABIL2	rv	rv				
veraa	jjq	0189	#		##ds	##ds				
veraa	jjq	0189	no	1SG	pro.1:s	pro	1	s		
veraa	jjq	0189	=m	=TAM1	=lv	=lv				
veraa	jjq	0189	sag	sit	v:pred	v		pred		
veraa	jjq	0189	ren̄	stuck	rv	rv				
veraa	jjq	0189	kēkē	on.top	rv	rv				
veraa	jjq	0189	anē	DEM1.A	other	other				
veraa	jjq	0190	#		##	##				
veraa	jjq	0190	womarawraw	spider	np.d:s	np	d	s		
veraa	jjq	0190	so	QUOT	other:pred	other		pred		
veraa	jjq	0190	#ds		##ds	##ds				
veraa	jjq	0190	'o	INTERJ	other	other				
veraa	jjq	0190	itok	good	v:pred	v		pred		
veraa	jjq	0190	#ds		##ds	##ds				
veraa	jjq	0190	ZERO		0.2:s	0	2	s		
veraa	jjq	0190	sag	sit	v:pred	v		pred		
veraa	jjq	0190	qe'i	for.a.moment	other	other				
veraa	jjq	0190	#ds		##ds	##ds				
veraa	jjq	0190	no	1SG	pro.1:a	pro	1	a		
veraa	jjq	0190	=k	=TAM2	=lv	=lv				
veraa	jjq	0190	..eh..	HES	nc	nc				
veraa	jjq	0190	le	transfer	v:pred	v		pred		
veraa	jjq	0190	sur	down	rv	rv				
veraa	jjq	0190	nikē	2SG	pro.2:p	pro	2	p		
veraa	jjq	0191	#		##	##				
veraa	jjq	0191	sōw	DISC	other	other				
veraa	jjq	0191	ēn	ART	ln	ln				
veraa	jjq	0191	marawa	spider	np.d:a	np	d	a		
veraa	jjq	0191	ne	TAM2:3SG	lv-pro.d:a	lv-pro	d	a		
veraa	jjq	0191	vir	yarn	v:pred	v		pred		
veraa	jjq	0191	ēn	ART	ln	ln				
veraa	jjq	0191	ga	rope	np:p	np		p		
veraa	jjq	0191	'ili-gi	egg-3SG	rn-pro.d:poss	rn-pro	d	poss		
veraa	jjq	0191	#		##	##				
veraa	jjq	0191	ZERO		0.d:s	0	d	s		
veraa	jjq	0191	ne	TAM2:3SG	lv-pro.d:s	lv-pro	d	s		
veraa	jjq	0191	van	go	v:pred	v		pred		
veraa	jjq	0191	kal	upwards	rv	rv				
veraa	jjq	0191	#		##	##				
veraa	jjq	0191	ZERO		0.d:s	0	d	s		
veraa	jjq	0191	ne	TAM2:3SG	lv-pro.d:s	lv-pro	d	s		
veraa	jjq	0191	'ēqēl	descend	v:pred	v		pred		
veraa	jjq	0191	#		##	##				
veraa	jjq	0191	ZERO		0.d:s	0	d	s		
veraa	jjq	0191	ne	TAM2:3SG	lv-pro.d:s	lv-pro	d	s		
veraa	jjq	0191	van	go	v:pred	v		pred		
veraa	jjq	0191	kal	upwards	rv	rv				
veraa	jjq	0191	#		##	##				
veraa	jjq	0191	ZERO		0.d:s	0	d	s		
veraa	jjq	0191	ne	TAM2:3SG	lv-pro.d:s	lv-pro	d	s		
veraa	jjq	0191	'ēqēl	descend	v:pred	v		pred		
veraa	jjq	0192	#		##	##				
veraa	jjq	0192	ZERO		0.d:s	0	d	s		
veraa	jjq	0192	ne	TAM2:3SG	lv-pro.d:s	lv-pro	d	s		
veraa	jjq	0192	van	go	v:pred	v		pred		
veraa	jjq	0192	kal	upwards	rv	rv				
veraa	jjq	0192	#		##	##				
veraa	jjq	0192	ZERO		0.d:s	0	d	s		
veraa	jjq	0192	ne	TAM2:3SG	lv-pro.d:s	lv-pro	d	s		
veraa	jjq	0192	'ēqēl	descend	v:pred	v		pred		
veraa	jjq	0193	#		##	##				
veraa	jjq	0193	ZERO		0.d:s	0	d	s		
veraa	jjq	0193	ne	TAM2:3SG	lv-pro.d:s	lv-pro	d	s		
veraa	jjq	0193	van	go	v:pred	v		pred		
veraa	jjq	0193	#		##	##				
veraa	jjq	0193	e	ART	ln	ln				
veraa	jjq	0193	Qo'	Qo'	np.h:s	np	h	s		
veraa	jjq	0193	ne	TAM2:3SG	lv-pro.h:s	lv-pro	h	s		
veraa	jjq	0193	dam	hang	v:pred	v		pred		
veraa	jjq	0193	'a-'aga	RED-follow	rv	rv				
veraa	jjq	0193	ZERO		0:p	0		p		
veraa	jjq	0194	#		##	##				
veraa	jjq	0194	womarawraw	spider	np.d:s	np	d	s		
veraa	jjq	0194	so	QUOT	other:pred	other		pred		
veraa	jjq	0194	#ds		##ds	##ds				
veraa	jjq	0194	itok	good	v:pred	v		pred		
veraa	jjq	0194	#nc		#nc	#nc				
veraa	jjq	0194	nik	2SG	x	x				
veraa	jjq	0194	ē		x	x				
veraa	jjq	0194	dam	hang	x	x				
veraa	jjq	0194	...	...	x	x				
veraa	jjq	0194	#ds		##ds	##ds				
veraa	jjq	0194	nik	2SG	pro.2:a	pro	2	a		
veraa	jjq	0194	ē	TAM2:2SG	lv-pro.2:a	lv-pro	2	a		
veraa	jjq	0194	lisir	move.along	v:pred	v		pred		
veraa	jjq	0194	qēl	down	rv	rv				
veraa	jjq	0194	ma	hither	rv	rv				
veraa	jjq	0194	=n	=ART	=ln	=ln				
veraa	jjq	0194	gaga	rope	np:p	np		p		
veraa	jjq	0194	ē	DEM3	rn	rn				
veraa	jjq	0194	#		##	##				
veraa	jjq	0194	ZERO		0.2:a	0	2	a		
veraa	jjq	0194	dam	hang	v:pred	v		pred		
veraa	jjq	0194	'a-'ag	RED-follow	rv	rv				
veraa	jjq	0194	ma	hither	rv	rv				
veraa	jjq	0194	=n	=ART	=ln	=ln				
veraa	jjq	0194	gaga	rope	np:p	np		p		
veraa	jjq	0194	anē	DEM1.A	rn	rn				
veraa	jjq	0195	#		##	##				
veraa	jjq	0195	maraw...	spider..	nc	nc				
veraa	jjq	0195	e	ART	ln	ln				
veraa	jjq	0195	Qo'	Qo'	np.h:a	np	h	a		
veraa	jjq	0195	ne	TAM2:3SG	lv-pro.h:a	lv-pro	h	a		
veraa	jjq	0195	dam	hang	v:pred	v		pred		
veraa	jjq	0195	lisir	move.along	rv	rv				
veraa	jjq	0195	ZERO		0:p	0		p		
veraa	jjq	0196	#		##	##				
veraa	jjq	0196	ZERO		0.h:s	0	h	s		
veraa	jjq	0196	dam	hang	v:pred	v		pred		
veraa	jjq	0196	'ēqēl	descend	rv	rv				
veraa	jjq	0196	'ēqēl	descend	nc	nc				
veraa	jjq	0196	'ēqēl	descend	nc	nc				
veraa	jjq	0196	#		##	##				
veraa	jjq	0196	ZERO		0.h:s	0	h	s		
veraa	jjq	0196	'ēqēl	descend	v:pred	v		pred		
veraa	jjq	0196	din̄	reach	rv	rv				
veraa	jjq	0196	suw	down	rv	rv				
veraa	jjq	0196	lē	LOC	adp	adp				
veraa	jjq	0196	=n	=ART	=ln	=ln				
veraa	jjq	0196	qe'an	ground	np:g	np		g		
veraa	jjq	0197	#		##	##				
veraa	jjq	0197	ZERO		0.h:s	0	h	s		
veraa	jjq	0197	ne	TAM2:3SG	lv-pro.h:s	lv-pro	h	s		
veraa	jjq	0197	van	go	v:pred	v		pred		
veraa	jjq	0197	din̄	reach	rv	rv				
veraa	jjq	0197	rōw	seawards	rv	rv				
veraa	jjq	0197	ma	hither	rv	rv				
veraa	jjq	0197	lē	LOC	adp	adp				
veraa	jjq	0197	=n	=ART	=ln	=ln				
veraa	jjq	0197	lōlō	inside	ln	ln				
veraa	jjq	0197	vunuō	village	np:g	np		g		
veraa	jjq	0198	#		##	##				
veraa	jjq	0198	ZERO		0.h:a	0	h	a		
veraa	jjq	0198	ne	TAM2:3SG	lv-pro.h:a	lv-pro	h	a		
veraa	jjq	0198	'ēn	see	v:pred	v		pred		
veraa	jjq	0198	ēn	ART	ln	ln				
veraa	jjq	0198	vēvē-gi	mother-3SG	np.h:p-pro.h:poss	np	h	p-pro.h:poss		
veraa	jjq	0198	#		##	##				
veraa	jjq	0198	ZERO		0.h:s	0	h	s		
veraa	jjq	0198	=s	=SIM	=lv	=lv				
veraa	jjq	0198	sag	sit	v:pred	v		pred		
veraa	jjq	0198	'i	DEL	other	other				
veraa	jjq	0199	#ds		##ds	##ds				
veraa	jjq	0199	ei	hey	other	other				
veraa	jjq	0199	ba	but	other	other				
veraa	jjq	0199	ote	mum	np:voc	np		voc		
veraa	jjq	0199	#ds		##ds	##ds				
veraa	jjq	0199	ba	but	other	other				
veraa	jjq	0199	e	PERS.ART	ln	ln				
veraa	jjq	0199	raga	people	np.h:pred	np	h	pred		
veraa	jjq	0199	anei	DEM4.A	rn	rn				
veraa	jjq	0200	#nc		#nc	#nc				
veraa	jjq	0200	so	QUOT	x	x				
veraa	jjq	0200	o	oh	x	x				
veraa	jjq	0200	dir	3PL	x	x				
veraa	jjq	0200	=m	=TAM1	x	x				
veraa	jjq	0200	le	transfer	x	x				
veraa	jjq	0200	=n	=ART	x	x				
veraa	jjq	0200	vēv...	mother	x	x				
veraa	jjq	0200	#ds		##ds	##ds				
veraa	jjq	0200	dir	3PL	pro.h:a	pro	h	a		
veraa	jjq	0200	=m	=TAM1	=lv	=lv				
veraa	jjq	0200	bol	steal	v:pred	v		pred		
veraa	jjq	0200	ēn	ART	ln	ln				
veraa	jjq	0200	gunu-m	spouse-2SG	np.h:p-pro.2:poss	np	h	p-pro.2:poss		
veraa	jjq	0200	#		##ds	##ds				
veraa	jjq	0200	dir	3PL	pro.h:a	pro	h	a		
veraa	jjq	0200	man	PFV	lv	lv				
veraa	jjq	0200	rōw	skip	v:pred	v		pred		
veraa	jjq	0200	'ō'	carry	rv	rv				
veraa	jjq	0200	ZERO		0.h:p	0	h	p		
veraa	jjq	0201	#ds		##ds	##ds				
veraa	jjq	0201	ba	but	other	other				
veraa	jjq	0201	dir	3PL	pro.h:s	pro	h	s		
veraa	jjq	0201	=m	=TAM1	=lv	=lv				
veraa	jjq	0201	van	go	v:pred	v		pred		
veraa	jjq	0201	a	LOC.SP	adp	adp				
veraa	jjq	0201	viē	where	other:g	other		g		
veraa	jjq	0202	#ds		##ds	##ds				
veraa	jjq	0202	o	oh	other	other				
veraa	jjq	0202	dir	3PL	pro.h:s	pro	h	s		
veraa	jjq	0202	=m	=TAM1	=lv	=lv				
veraa	jjq	0202	van	go	v:pred	v		pred		
veraa	jjq	0202	sir	for	adp	adp				
veraa	jjq	0202	ēn	ART	ln	ln				
veraa	jjq	0202	Lōkōno	Lōkōno	np:g	np		g		
veraa	jjq	0203	#nc		#nc	#nc				
veraa	jjq	0203	'o	oh	x	x				
veraa	jjq	0203	itok	good	x	x				
veraa	jjq	0203	ote	mum	x	x				
veraa	jjq	0204	#ds		##ds	##ds				
veraa	jjq	0204	sava	what	np:dt_p	np		dt_p		
veraa	jjq	0204	nik	2SG	pro.2:a	pro	2	a		
veraa	jjq	0204	me	FUT	ln	ln				
veraa	jjq	0204	da	do	v:pred	v		pred		
veraa	jjq	0204	ZERO		0:p	0		p		
veraa	jjq	0205	#ds		##ds	##ds				
veraa	jjq	0205	nik	2SG	pro.2:a	pro	2	a		
veraa	jjq	0205	ē	TAM2:2SG	lv-pro.2:a	lv-pro	2	a		
veraa	jjq	0205	nos	insert	v:pred	v		pred		
veraa	jjq	0205	no	1SG	pro.1:p	pro	1	p		
veraa	jjq	0205	lē	LOC	adp	adp				
veraa	jjq	0205	=n	=ART	=ln	=ln				
veraa	jjq	0205	wōwen̄	k.o.basket	np:g	np		g		
veraa	jjq	0206	#ds		##ds	##ds				
veraa	jjq	0206	wo	and	other	other				
veraa	jjq	0206	nik	2SG	pro.2:a	pro	2	a		
veraa	jjq	0206	ē	TAM2:2SG	lv-pro.2:a	lv-pro	2	a		
veraa	jjq	0206	le	transfer	v:pred	v		pred		
veraa	jjq	0206	=n	=ART	=ln	=ln				
veraa	jjq	0206	go-k	POSS.EAT-1SG	ln-pro.1:poss	ln-pro	1	poss		
veraa	jjq	0206	ēn	ART	ln	ln				
veraa	jjq	0206	va'al	banana	np:p	np		p		
veraa	jjq	0206	agēnē	DEM2.A	rn	rn				
veraa	jjq	0206	#ds		##ds	##ds				
veraa	jjq	0206	nik	2SG	pro.2:a	pro	2	a		
veraa	jjq	0206	ē	TAM2:2SG	lv-pro.h:a	lv-pro	h	a		
veraa	jjq	0206	nos	insert	v:pred	v		pred		
veraa	jjq	0206	ZERO		0:p	0		p		
veraa	jjq	0206	birin̄	with	adp	adp				
veraa	jjq	0206	no	1SG	pro.1:obl	pro	1	obl		
veraa	jjq	0207	#nc		#nc	#nc				
veraa	jjq	0207	so=n	CPL	x	x				
veraa	jjq	0207	=n	=ART	x	x				
veraa	jjq	0207	vēvē...	vēvē...	x	x				
veraa	jjq	0207	#ds		##ds	##ds				
veraa	jjq	0207	qē'	finish	other	other				
veraa	jjq	0207	nik	nik	pro.2:s	pro	2	s		
veraa	jjq	0207	ē	TAM2:2SG	lv-pro.2:s	lv-pro	2	s		
veraa	jjq	0207	'ēqēl	descend	v:pred	v		pred		
veraa	jjq	0207	#ds		##ds	##ds				
veraa	jjq	0207	du	1DL.IN	wpro.1:s	wpro	1	s		
veraa	jjq	0207	=k	=TAM2	=lv	=lv				
veraa	jjq	0207	'ēqēl	descend	v:pred	v		pred		
veraa	jjq	0207	suw	thither	rv	rv				
veraa	jjq	0207	a	LOC.SP	adp	adp				
veraa	jjq	0207	lo	seaside	other:g	other		g		
veraa	jjq	0208	#ds		##ds	##ds				
veraa	jjq	0208	du	1DL.IN	wpro.1:s	wpro	1	s		
veraa	jjq	0208	=k	=TAM2	=lv	=lv				
veraa	jjq	0208	van	go	v:pred	v		pred		
veraa	jjq	0208	rōw	down	rv	rv				
veraa	jjq	0208	#nc		#nc	#nc				
veraa	jjq	0208	nikm	nikm	x	x				
veraa	jjq	0208	...	...	x	x				
veraa	jjq	0208	#ds		##ds	##ds				
veraa	jjq	0208	nik	2SG	pro.2:a	pro	2	a		
veraa	jjq	0208	ē	TAM2:2SG	lv-pro.2:a	lv-pro	2	a		
veraa	jjq	0208	lukun	count	v:pred	v		pred		
veraa	jjq	0208	ēn	ART	ln	ln				
veraa	jjq	0208	naw	saltwater	np:p	np		p		
veraa	jjq	0209	#ds		##ds	##ds				
veraa	jjq	0209	naw	saltwater	np:dt_s	np		dt_s		
veraa	jjq	0209	di	3SG	pro.h:s	pro	h	s		
veraa	jjq	0209	=m	=TAM1	=lv	=lv				
veraa	jjq	0209	mēlē'	break	v:pred	v		pred		
veraa	jjq	0209	vag-'ōl	MULT-three	other	other				
veraa	jjq	0210	#ds		##ds	##ds				
veraa	jjq	0210	a	LOC.SP	adp	adp				
veraa	jjq	0210	=n	=ART	=ln	=ln				
veraa	jjq	0210	kēle-gi	behind-3SG	np:other	np		other		
veraa	jjq	0210	nik	2SG	pro.2:a	pro	2	a		
veraa	jjq	0210	ē	TAM2:2SG	lv-pro.2:a	lv-pro	2	a		
veraa	jjq	0210	'ev'ē	throw	v:pred	v		pred		
veraa	jjq	0210	no	1SG	pro.1:p	pro	1	p		
veraa	jjq	0211	#		##	##				
veraa	jjq	0211	so	??	other	other				
veraa	jjq	0211	=n	=ART	=ln	=ln				
veraa	jjq	0211	vēvē-gi	mother-3SG	np.h:s-pro.h:poss	np	h	s-pro.h:poss		
veraa	jjq	0211	=m	=TAM1	=lv	=lv				
veraa	jjq	0211	da	do	v:pred	v		pred		
veraa	jjq	0211	lisir	move.along	rv	rv				
veraa	jjq	0211	#		##	##				
veraa	jjq	0211	vēvē-gi	mother-3SG	np.h:dt_poss-pro.h:poss	np	h	dt_poss-pro.h:poss		
veraa	jjq	0211	=n	=ART	=ln	=ln				
veraa	jjq	0211	so-gi	name-3SG	np:s-pro.h:poss	np		s-pro.h:poss		
veraa	jjq	0211	e	PERS.ART	ln	ln				
veraa	jjq	0211	Rōlē	Rōlē	np:pred	np		pred		
veraa	jjq	0212	#		##	##				
veraa	jjq	0212	masō-gi	time-3SG	np:other	np		other		
veraa	jjq	0212	duru	3DL	pro.h:s	pro	h	s		
veraa	jjq	0212	=m	=TAM1	=lv	=lv				
veraa	jjq	0212	din̄	reach	v:pred	v		pred		
veraa	jjq	0212	rōw	seawards	rv	rv				
veraa	jjq	0213	#		##	##				
veraa	jjq	0213	ZERO		0.h:a	0	h	a		
veraa	jjq	0213	din̄	reach	v:pred	v		pred		
veraa	jjq	0213	ēn	ART	ln	ln				
veraa	jjq	0213	mē'ērsa	harbour	np:p	np		p		
veraa	jjq	0214	#		##	##				
veraa	jjq	0214	vēvē-gi	mother-3SG	np.h:a-pro.h:poss	np	h	a-pro.h:poss		
veraa	jjq	0214	ne	TAM2:3SG	lv-pro.h:a	lv-pro	h	a		
veraa	jjq	0214	lukun	count	v:pred	v		pred		
veraa	jjq	0214	ēn	ART	ln	ln				
veraa	jjq	0214	naw	saltwater	np:p	np		p		
veraa	jjq	0215	din̄	reach	adp	adp				
veraa	jjq	0215	ēn	ART	ln	ln				
veraa	jjq	0215	vō'ōl	three	np:other	np		other		
veraa	jjq	0215	#		##	##				
veraa	jjq	0215	a	LOC.SP	adp	adp				
veraa	jjq	0215	=n	=ART	=ln	=ln				
veraa	jjq	0215	kēle-gi	behind-3SG	np:other	np		other		
veraa	jjq	0215	di	3SG	pro.h:a	pro	h	a		
veraa	jjq	0215	ne	TAM2:3SG	lv-pro.h:a	lv-pro	h	a		
veraa	jjq	0215	'ev'ē	throw	v:pred	v		pred		
veraa	jjq	0215	sa	EMPH	other	other				
veraa	jjq	0215	=n	=ART	=ln	=ln				
veraa	jjq	0215	wōvin̄...	shell	nc	nc				
veraa	jjq	0215	nē	x	nc	nc				
veraa	jjq	0215	=n	=ART	nc	nc				
veraa	jjq	0215	wōwen̄	k.o.basket	np:p	np		p		
veraa	jjq	0215	ē	DEM3	rn	rn				
veraa	jjq	0216	#		##	##				
veraa	jjq	0216	be	but	other	other				
veraa	jjq	0216	Qo'	Qo'	np.h:s	np	h	s		
veraa	jjq	0216	man	PFV	lv	lv				
veraa	jjq	0216	kal	enter	v:pred	v		pred		
veraa	jjq	0216	lē	LOC	adp	adp				
veraa	jjq	0216	=n	=ART	=ln	=ln				
veraa	jjq	0216	lōlō-gi	inside-3SG	np:g	np		g		
veraa	jjq	0217	birin̄	with	adp	adp				
veraa	jjq	0217	ēn	ART	ln	ln				
veraa	jjq	0217	va'al	banana	np:obl	np		obl		
veraa	jjq	0217	ga	STAT	rn	rn				
veraa	jjq	0217	minē	ripe	rn	rn				
veraa	jjq	0218	#		##	##				
veraa	jjq	0218	ZERO		0.h:s	0	h	s		
veraa	jjq	0218	ne	TAM2:3SG	lv-pro.h:s	lv-pro	h	s		
veraa	jjq	0218	sal	float	v:pred	v		pred		
veraa	jjq	0218	luō	through	rv	rv				
veraa	jjq	0218	#		##	##				
veraa	jjq	0218	ZERO		0.h:s	0	h	s		
veraa	jjq	0218	ne	TAM2:3SG	lv-pro.h:s	lv-pro	h	s		
veraa	jjq	0218	van	go	v:pred	v		pred		
veraa	jjq	0218	#		##	##				
veraa	jjq	0218	ZERO		0.h:s	0	h	s		
veraa	jjq	0218	ne	TAM2:3SG	lv-pro.h:s	lv-pro	h	s		
veraa	jjq	0218	sal	float	v:pred	v		pred		
veraa	jjq	0218	sal	float	nc	nc				
veraa	jjq	0218	sal	float	nc	nc				
veraa	jjq	0218	sal	float	nc	nc				
veraa	jjq	0219	#		##	##				
veraa	jjq	0219	wo	and	other	other				
veraa	jjq	0219	e	PERS.ART	nc	nc				
veraa	jjq	0219	raga	people	nc	nc				
veraa	jjq	0219	rō...	X	nc	nc				
veraa	jjq	0219	e	PERS.ART	ln	ln				
veraa	jjq	0219	raga	people	ln	ln				
veraa	jjq	0219	'i-'isi-gi	NSG-brother-3SG	np.h:s-pro.h:poss	np	h	s-pro.h:poss		
veraa	jjq	0219	=k	=TAM2	=lv	=lv				
veraa	jjq	0219	su-suō	RED-paddle	v:pred	v		pred		
veraa	jjq	0220	#		##	##				
veraa	jjq	0220	dir	3PL	pro.h:s	pro	h	s		
veraa	jjq	0220	=k	=TAM2	=lv	=lv				
veraa	jjq	0220	suō	paddle	v:pred	v		pred		
veraa	jjq	0220	suō	paddle	nc	nc				
veraa	jjq	0220	#		##	##				
veraa	jjq	0220	ZERO		0.h:s	0	h	s		
veraa	jjq	0220	susu	RED:paddle	v:pred	v		pred		
veraa	jjq	0220	'i	DEL	other	other				
veraa	jjq	0221	#		##	##				
veraa	jjq	0221	dir	3PL	pro.h:s	pro	h	s		
veraa	jjq	0221	=k	=TAM2	=lv	=lv				
veraa	jjq	0221	'ēn	see	v:pred	v		pred		
veraa	jjq	0221	#cc		#cc	#cc				
veraa	jjq	0221	ēn	ART	ln	ln				
veraa	jjq	0221	vin	skin	np:s	np		s		
veraa	jjq	0221	va'al	banana	rn	rn				
veraa	jjq	0221	ne	TAM2:3SG	lv-pro:s	lv-pro		s		
veraa	jjq	0221	sal	float	v:pred	v		pred		
veraa	jjq	0221	ma	hither	rv	rv				
veraa	jjq	0222	#		##	##				
veraa	jjq	0222	e	PERS.ART	ln	ln				
veraa	jjq	0222	raga	people	np.h:s	np	h	s		
veraa	jjq	0222	so	QUOT	other:pred	other		pred		
veraa	jjq	0222	#ds		##ds	##ds				
veraa	jjq	0222	'ei	hey	other	other				
veraa	jjq	0222	#ds		##ds	##ds				
veraa	jjq	0222	vin	skin	np:pred	np		pred		
veraa	jjq	0222	va'al	banana	rn	rn				
veraa	jjq	0222	gēn	here	dem_pro:s	dem_pro		s		
veraa	jjq	0223	#		##	##				
veraa	jjq	0223	n	ART	ln	ln				
veraa	jjq	0223	gunu-gi	spouse-3SG	np.h:s-pro.h:poss	np	h	s-pro.h:poss		
veraa	jjq	0223	ne	TAM2:3SG	lv-pro.h:s	lv-pro	h	s		
veraa	jjq	0223	sag	sit	v:pred	v		pred		
veraa	jjq	0223	'i	DEL	other	other				
veraa	jjq	0223	#		##	##				
veraa	jjq	0223	ZERO		0.h:s	0	h	s		
veraa	jjq	0223	so	QUOT	other:pred	other		pred		
veraa	jjq	0224	#ds		##ds	##ds				
veraa	jjq	0224	vin	skin	np:s	np		s		
veraa	jjq	0224	va'al	banana	rn	rn				
veraa	jjq	0224	anē	DEM1	rn	rn				
veraa	jjq	0224	go-n	POSS.EAT-CS	np:pred	np		pred		
veraa	jjq	0224	e	PERS.ART	rn	rn				
veraa	jjq	0224	Qo'	Qo'	rn	rn				
veraa	jjq	0225	#		##	##				
veraa	jjq	0225	ZERO		0.h:s	0	h	s		
veraa	jjq	0225	so	QUOT	other:pred	other		pred		
veraa	jjq	0225	#ds		##ds	##ds				
veraa	jjq	0225	ei	hey	other	other				
veraa	jjq	0225	#ds		##ds	##ds				
veraa	jjq	0225	e	PERS.ART	ln	ln				
veraa	jjq	0225	Qo'	Qo'	np.h:dt_s	np	h	dt_s		
veraa	jjq	0225	e	PERS.ART	ln	ln				
veraa	jjq	0225	Qo'	Qo'	np.h:s	np	h	s		
veraa	jjq	0225	lu	through	other:pred	other		pred		
veraa	jjq	0225	ma	hither	rv	rv				
veraa	jjq	0225	a	LOC.SP	adp	adp				
veraa	jjq	0225	viē	where	other:l	other		l		
veraa	jjq	0225	#ds		##ds	##ds				
veraa	jjq	0225	Qo'	Qo'	np.h:s	np	h	s		
veraa	jjq	0225	=m	=TAM1	=lv	=lv				
veraa	jjq	0225	sag	sit	v:pred	v		pred		
veraa	jjq	0225	ren̄	stuck	rv	rv				
veraa	jjq	0225	kēkē	on.top	rv	rv				
veraa	jjq	0226	#ds.neg		##ds.neg	##ds.neg				
veraa	jjq	0226	di	3SG	pro.h:s	pro	h	s		
veraa	jjq	0226	mas	INABIL1	lv	lv				
veraa	jjq	0226	'isiw	dismount	v:pred	v		pred		
veraa	jjq	0226	m̄as	INABIL2	rv	rv				
veraa	jjq	0227	#		##	##				
veraa	jjq	0227	dir	3PL	pro.h:s	pro	h	s		
veraa	jjq	0227	=k	=TAM2	=lv	=lv				
veraa	jjq	0227	suō	paddle	v:pred	v		pred		
veraa	jjq	0227	#		##	##				
veraa	jjq	0227	dir	3PL	pro.h:s	pro	h	s		
veraa	jjq	0227	=k	=TAM2	=lv	=lv				
veraa	jjq	0227	suō	paddle	v:pred	v		pred		
veraa	jjq	0228	#		##	##				
veraa	jjq	0228	nei	now	other	other				
veraa	jjq	0228	e	PERS.ART	ln	ln				
veraa	jjq	0228	Qo'	Qo'	np.h:a	np	h	a		
veraa	jjq	0228	man	PFV	lv	lv				
veraa	jjq	0228	sal	float	v:pred	v		pred		
veraa	jjq	0228	gala	pass	rv	rv				
veraa	jjq	0228	dirē	3PL	pro.h:p	pro	h	p		
veraa	jjq	0228	#		##	##				
veraa	jjq	0228	ZERO		0.h:s	0	h	s		
veraa	jjq	0228	man	PFV	lv	lv				
veraa	jjq	0228	van	go	v:pred	v		pred		
veraa	jjq	0229	#		##	##				
veraa	jjq	0229	dir	3PL	pro.h:s	pro	h	s		
veraa	jjq	0229	=k	=TAM2	=lv	=lv				
veraa	jjq	0229	susu	RED:paddle	v:pred	v		pred		
veraa	jjq	0229	'i	DEL	other	other				
veraa	jjq	0229	anē	DEM1.A	other	other				
veraa	jjq	0229	#		##	##				
veraa	jjq	0229	misin	long.time	v:pred	v		pred		
veraa	jjq	0229	rōs	GEN.NEG2	rv	rv				
veraa	jjq	0229	#		#cc	#cc				
veraa	jjq	0229	dir	3PL	pro.h:a	pro	h	a		
veraa	jjq	0229	=k	=TAM2	=lv	=lv				
veraa	jjq	0229	'ēn	see	v:pred	v		pred		
veraa	jjq	0229	lik	more	rv	rv				
veraa	jjq	0229	ēn	ART	ln	ln				
veraa	jjq	0229	vin	skin	np:p	np		p		
veraa	jjq	0229	va'al	banana	rn	rn				
veraa	jjq	0230	#ds		##ds	##ds				
veraa	jjq	0230	'ei	hey	other	other				
veraa	jjq	0230	#ds		##ds	##ds				
veraa	jjq	0230	suwē	downwind	other:s	other		s		
veraa	jjq	0230	=n	=ART	=ln	=ln				
veraa	jjq	0230	vin	skin	np:pred	np		pred		
veraa	jjq	0230	va'al	banana	rn	rn				
veraa	jjq	0230	ē	DEM3?	rn	rn				
veraa	jjq	0230	#rc		rn_#rc	rn_#rc				
veraa	jjq	0230	ZERO		0:s	0		s		
veraa	jjq	0230	=s	=SIM	=lv	=lv				
veraa	jjq	0230	salsal	RED:float	v:pred	v		pred		
veraa	jjq	0230	lik	more	rv	rv				
veraa	jjq	0230	'i	DEL	other	other				
veraa	jjq	0230	nē	DEM1	other	other				
veraa	jjq	0231	#nc		#nc	#nc				
veraa	jjq	0231	e	'e	x	x				
veraa	jjq	0231	raga	people	x	x				
veraa	jjq	0231	'i-'isi-gi	NSG-spouse-3SG	x	x				
veraa	jjq	0231	nē	DEM1	x	x				
veraa	jjq	0231	so	QUOT	x	x				
veraa	jjq	0231	na..	na..	x	x				
veraa	jjq	0231	e	e	x	x				
veraa	jjq	0231	...	...	x	x				
veraa	jjq	0231	n	n	x	x				
veraa	jjq	0231	vēvē-gi	mother-3SG	x	x				
veraa	jjq	0231	ne	TAM2	x	x				
veraa	jjq	0231	...	...	x	x				
veraa	jjq	0231	#		##	##				
veraa	jjq	0231	n	ART	ln	ln				
veraa	jjq	0231	gunu-gi	spouse-3SG	np.h:s-pro.h:poss	np	h	s-pro.h:poss		
veraa	jjq	0231	ne	TAM2:3SG	lv-pro.h:s	lv-pro	h	s		
veraa	jjq	0231	sag	sit	v:pred	v		pred		
veraa	jjq	0231	'i	DEL	other	other				
veraa	jjq	0231	#		##	##				
veraa	jjq	0231	ZERO		0.h:s	0	h	s		
veraa	jjq	0231	so	QUOT	other:pred	other		pred		
veraa	jjq	0232	#		##	##				
veraa	jjq	0232	n	ART	ln	ln				
veraa	jjq	0232	vin	skin	np:s	np		s		
veraa	jjq	0232	va'al	banana	rn	rn				
veraa	jjq	0232	anē	DEM1.A	rn	rn				
veraa	jjq	0232	=n	=ART	=ln	=ln				
veraa	jjq	0232	go-n	POSS.EAT-3SG	np:pred	np		pred		
veraa	jjq	0232	e	PERS.ART	rn	rn				
veraa	jjq	0232	Qo'	Qo'	rn_np.h:poss	rn_np	h	poss		
veraa	jjq	0232	nē	DEM1	other	other				
veraa	jjq	0233	#		##	##				
veraa	jjq	0233	va'al	banana	np:s	np		s		
veraa	jjq	0233	ga	STAT	rn	rn				
veraa	jjq	0233	mine	ripe	rn	rn				
veraa	jjq	0233	lē 	LOC	adp	adp				
veraa	jjq	0233	=n	=ART	=ln	=ln				
veraa	jjq	0233	lōlō	inside	np:pred	np		pred		
veraa	jjq	0233	m̄o-maduō	POSS.HOUSE-1DL.EX	rn_np-pro.1:poss	rn_np-pro	1	poss		
veraa	jjq	0233	#		##	##				
veraa	jjq	0233	n	ART	ln	ln				
veraa	jjq	0233	va'al	banana	np:s	np		s		
veraa	jjq	0233	[#rc		rn_#rc	rn_#rc				
veraa	jjq	0233	a	REL	other	other				
veraa	jjq	0233	ka...	x	nc	nc				
veraa	jjq	0233	gidē	1PL.IN	pro.1:a	pro	1	a		
veraa	jjq	0233	=s	=SIM	=lv	=lv				
veraa	jjq	0233	'ēn'ēn	RED:see	v:pred	v		pred		
veraa	jjq	0233	ZERO		0:p	0		p		
veraa	jjq	0233	anē	DEM1.A	other	other				
veraa	jjq	0233			%	%				
veraa	jjq	0233	sa	EMPH	other	other				
veraa	jjq	0233	=n	=ART	=ln	=ln				
veraa	jjq	0233	vin	skin	np:pred	np		pred		
veraa	jjq	0233	va'al	banana	rn	rn				
veraa	jjq	0233	'alē	ASS	rn	rn				
veraa	jjq	0233	=n	=ART	=rn	=rn				
veraa	jjq	0233	lōlō	inside	rn	rn				
veraa	jjq	0233	m̄o-maduō	POSS.HOUSE-1DL.EX	rn_np-pro.1:poss	rn_np-pro	1	poss		
veraa	jjq	0234	#		##	##				
veraa	jjq	0234	dir	3PL	pro.h:s	pro	h	s		
veraa	jjq	0234	wo	QUOT	other:pred	other		pred		
veraa	jjq	0234	#		##ds.neg	##ds.neg				
veraa	jjq	0234	e	PERS.ART	ln	ln				
veraa	jjq	0234	Qo'	Qo'	np.h:s	np	h	s		
veraa	jjq	0234	mas	INABIL1	lv	lv				
veraa	jjq	0234	'isiw	dismount	v:pred	v		pred		
veraa	jjq	0234	m̄as	INABIL2	rv	rv				
veraa	jjq	0235	#		##ds	##ds				
veraa	jjq	0235	woqe'enge	tree	np:s	np		s		
veraa	jjq	0235	=m	=TAM1	=lv	=lv				
veraa	jjq	0235	rigē	swell	v:pred	v		pred		
veraa	jjq	0236	#		##ds	##ds				
veraa	jjq	0236	di	3SG	pro.h:s	pro	h	s		
veraa	jjq	0236	me	FUT	lv	lv				
veraa	jjq	0236	'an̄'an̄	RED:move.hand	v:pred	v		pred		
veraa	jjq	0236	lēge	in.vain	rv	rv				
veraa	jjq	0236	#		##ds.neg	##ds.neg				
veraa	jjq	0236	di	3SG	pro.h:s	pro	h	s		
veraa	jjq	0236	mas	INABIL1	lv	lv				
veraa	jjq	0236	'ēqēl	descend	v:pred	v		pred		
veraa	jjq	0236	m̄as	INABIL2	rv	rv				
veraa	jjq	0236	#		##ds	##ds				
veraa	jjq	0236	di	3SG	pro.h:s	pro	h	s		
veraa	jjq	0236	=m	=TAM1	=lv	=lv				
veraa	jjq	0236	sag	sit	v:pred	v		pred		
veraa	jjq	0236	ren̄	stuck	rv	rv				
veraa	jjq	0236	kēkē	on.top	rv	rv				
veraa	jjq	0237	#nc		#nc	#nc				
veraa	jjq	0237	'o	'o	x	x				
veraa	jjq	0237	nike	2SG=TAM2 	x	x				
veraa	jjq	0237	os?...	os?...	x	x				
veraa	jjq	0237	e	PERS.ART	x	x				
veraa	jjq	0237	Qo'	Qo'	x	x				
veraa	jjq	0237	ne	TAM2	x	x				
veraa	jjq	0237	...	...	x	x				
veraa	jjq	0237	#		##ds	##ds				
veraa	jjq	0237	e	PERS.ART	ln	ln				
veraa	jjq	0237	Qo'	Qo'	np.h:s	np	h	s		
veraa	jjq	0237	ne	TAM2:3SG	lv-pro.h:s	lv-pro	h	s		
veraa	jjq	0237	van	go	v:pred	v		pred		
veraa	jjq	0237	lu	through	rv	rv				
veraa	jjq	0237	ma	hither	rv	rv				
veraa	jjq	0237	a	LOC.SP	adp	adp				
veraa	jjq	0237	viē	where	other:obl	other		obl		
veraa	jjq	0238	#		##	##				
veraa	jjq	0238	qē'	finish	other	other				
veraa	jjq	0238	dir	3PL	pro.h:s	pro	h	s		
veraa	jjq	0238	=k	=TAM2	=lv	=lv				
veraa	jjq	0238	suō	paddle	v:pred	v		pred		
veraa	jjq	0238	#		##	##				
veraa	jjq	0238	dir	3PL	pro.h:s	pro	h	s		
veraa	jjq	0238	=k	=TAM2	=lv	=lv				
veraa	jjq	0238	suō	paddle	v:pred	v		pred		
veraa	jjq	0238	suō	paddle	nc	nc				
veraa	jjq	0238	suō	paddle	nc	nc				
veraa	jjq	0238	va-va-va-van	RED-RED-RED-go	other	other				
veraa	jjq	0239	#		##	##				
veraa	jjq	0239	dir	3PL	pro.h:a	pro	h	a		
veraa	jjq	0239	=k	=TAM2	=lv	=lv				
veraa	jjq	0239	'ēn	see	v:pred	v		pred		
veraa	jjq	0239	lik	more	rv	rv				
veraa	jjq	0239	ēn	ART	ln	ln				
veraa	jjq	0239	vin	skin	np:p	np		p		
veraa	jjq	0239	va'al	banana	rn	rn				
veraa	jjq	0240	#		##	##				
veraa	jjq	0240	ZERO		0.h:a	0	h	a		
veraa	jjq	0240	'ēn	see	v:pred	v		pred		
veraa	jjq	0240	lik	more	rv	rv				
veraa	jjq	0240	ēn	ART	ln	ln				
veraa	jjq	0240	vin	skin	np:p	np		p		
veraa	jjq	0240	va'al	banana	rn	rn				
veraa	jjq	0240	anē	DEM1.A	rn	rn				
veraa	jjq	0240	sa	EMPH	other	other				
veraa	jjq	0240	=n	=ART	=ln	=ln				
veraa	jjq	0240	qēqē	last	ln	ln				
veraa	jjq	0240	na	ORD	ln	ln				
veraa	jjq	0240	vin	skin	np:pred	np		pred		
veraa	jjq	0240	va'al	banana	rn	rn				
veraa	jjq	0240	ē	DEM3	rn	rn				
veraa	jjq	0241	#		##	##				
veraa	jjq	0241	dir	3PL	pro.h:a	pro	h	a		
veraa	jjq	0241	'ēn	see	v:pred	v		pred		
veraa	jjq	0241	vag'ōl	MULT-three	np:p	np		p		
veraa	jjq	0241	na-gi	ORD-3SG	rn	rn				
veraa	jjq	0242	#		##	##				
veraa	jjq	0242	n	ART	nc	nc				
veraa	jjq	0242	vēvē....	motherX	nc	nc				
veraa	jjq	0242	=n	=ART	=ln	=ln				
veraa	jjq	0242	gunu-gi	spouse-3SG	np.h:s-pro.h:poss	np	h	s-pro.h:poss		
veraa	jjq	0242	so	QUOT	other:pred	other		pred		
veraa	jjq	0242	#ds		##ds	##ds				
veraa	jjq	0242	=n	=ART	ln	ln				
veraa	jjq	0242	vin	skin	np:s	np		s		
veraa	jjq	0242	va'al	banana	rn	rn				
veraa	jjq	0242	anē	DEM1.A	rn	rn				
veraa	jjq	0242	=n	=ART	=ln	=ln				
veraa	jjq	0242	go-n	POSS.EAT-CS	np:pred	np		pred		
veraa	jjq	0242	e	PERS.ART	rn	rn				
veraa	jjq	0242	Qo'	Qo'	rn_np.h:poss	rn_np	h	poss		
veraa	jjq	0243	#		##	##				
veraa	jjq	0243	e	ART	ln	ln				
veraa	jjq	0243	raga	people	ln	ln				
veraa	jjq	0243	'i-'isi-gi	NSG-brother-3SG	np.h:s-pro.h:poss	np	h	s-pro.h:poss		
veraa	jjq	0243	so	QUOT	other:pred	other		pred		
veraa	jjq	0243	#ds		##ds.neg	##ds.neg				
veraa	jjq	0243	ZERO		0:s	0		s		
veraa	jjq	0243	go-n	POSS.EAT-CS	np:pred	np		pred		
veraa	jjq	0243	e	PERS.ART	rn	rn				
veraa	jjq	0243	Qo'	Qo'	rn_np.h:poss	rn_np	h	poss		
veraa	jjq	0243	rōs	GEN.NEG1	rn	rn				
veraa	jjq	0244	#		##	##				
veraa	jjq	0244	ba	but	other	other				
veraa	jjq	0244	misin	long.time	v:pred	v		pred		
veraa	jjq	0244	rōs	GEN.NEG1	rv	rv				
veraa	jjq	0244	#		#cc	#cc				
veraa	jjq	0244	dir	3PL	pro.h:s	pro	h	s		
veraa	jjq	0244	=ēm	=TAM1	=lv	=lv				
veraa	jjq	0244	din̄	reach	v:pred	v		pred		
veraa	jjq	0244	rek	also	rv	rv				
veraa	jjq	0244	...	...						
veraa	jjq	0244	lē	LOC	adp	adp				
veraa	jjq	0244	=n	=ART	=ln	=ln				
veraa	jjq	0244	mē'ērsa	harbour	np:g	np		g		
veraa	jjq	0244	'a	ASS.SP	rn	rn				
veraa	jjq	0244	Lōkōno	Lōkōno	rn	rn				
veraa	jjq	0245	#		##	##				
veraa	jjq	0245	dir	3PL	pro.h:s	pro	h	s		
veraa	jjq	0245	=k	=TAM2	=lv	=lv				
veraa	jjq	0245	susu	RED:paddle	v:pred	v		pred		
veraa	jjq	0245	sar	inland	rv	rv				
veraa	jjq	0245	ēn	ART	nc	nc				
veraa	jjq	0245	...	...						
veraa	jjq	0245	sir	for	adp	adp				
veraa	jjq	0245	ēn	ART	ln	ln				
veraa	jjq	0245	mē'ērsa	harbour	np:g	np		g		
veraa	jjq	0245	'a	ASS.SP	rn	rn				
veraa	jjq	0245	Lōkōno	Lōkōno	rn	rn				
veraa	jjq	0246	#		##	##				
veraa	jjq	0246	dir	3PL	pro.h:a	pro	h	a		
veraa	jjq	0246	=k	=TAM2	=lv	=lv				
veraa	jjq	0246	'ēn	see	v:pred	v		pred		
veraa	jjq	0246	sarē	inland	other	other				
veraa	jjq	0246	#rc:p		#rc:p	#rc		p		
veraa	jjq	0246	ZERO		0.h:s	0	h	s		
veraa	jjq	0246	=s	=SIM	=lv	=lv				
veraa	jjq	0246	'ir	stand	v:pred	v		pred		
veraa	jjq	0246	'i	DEL	other	other				
veraa	jjq	0246	#ds		##ds	##ds				
veraa	jjq	0246	'ei	hey	other	other				
veraa	jjq	0246	#ds		##ds	##ds				
veraa	jjq	0246	ZERO		0.2:s	0	2	s		
veraa	jjq	0246	'ēn	see	vother:pred	vother		pred		
veraa	jjq	0246	sar	inland	rv	rv				
veraa	jjq	0246	#		##ds	##ds				
veraa	jjq	0246	ēn	ART	ln	ln				
veraa	jjq	0246	'an̄sara	person	np.h:s	np	h	s		
veraa	jjq	0246	ne	NUM.ART	rn	rn				
veraa	jjq	0246	vōwal	NUM-one	rn	rn				
veraa	jjq	0246	sarē	in	other:pred	other		pred		
veraa	jjq	0246	nē	DEM1?	other	other				
veraa	jjq	0247	#		##ds	##ds				
veraa	jjq	0247	ZERO		0.h:s	0	h	s		
veraa	jjq	0247	=s	=SIM	=lv	=lv				
veraa	jjq	0247	van	go	v:pred	v		pred		
veraa	jjq	0247	kēlkēl	RED:back	rv	rv				
veraa	jjq	0247	'i	DEL	rv	rv				
veraa	jjq	0247	sar	in	rv	rv				
veraa	jjq	0247	lē 	LOC	adp	adp				
veraa	jjq	0247	=n	=ART	=ln	=ln				
veraa	jjq	0247	nērē	shoreline	np:l	np		l		
veraa	jjq	0247	ōn	sand	rn	rn				
veraa	jjq	0247	ē	DEM3	rn	rn				
veraa	jjq	0248	lē 	LOC	adp	adp				
veraa	jjq	0248	=n	=ART	=ln	=ln				
veraa	jjq	0248	mē'ērsa	harbour	np:dt_l	np		dt_l		
veraa	jjq	0248	nē	DEM1	other	other				
veraa	jjq	0249	#		##	##				
veraa	jjq	0249	wona	and	other	other				
veraa	jjq	0249	(eh 0.2)	HES	nc	nc				
veraa	jjq	0249	ēn	ART	ln	ln				
veraa	jjq	0249	gunu-n	spouse-CS	np.h:s	np	h	s		
veraa	jjq	0249	e	PERS.ART	rn	rn				
veraa	jjq	0249	Qo'	Qo'	rn_np.h:poss	rn_np	h	poss		
veraa	jjq	0249	so	QOUT	other:pred	other		pred		
veraa	jjq	0250	#ds		##ds	##ds				
veraa	jjq	0250	ZERO		0.h:s	0	h	s		
veraa	jjq	0250	e	PERS.ART	ln	ln				
veraa	jjq	0250	Qo'	Qo'	np.h:pred	np	h	pred		
veraa	jjq	0250	nē	DEM1	other	other				
veraa	jjq	0250	#ds		##ds	##ds				
veraa	jjq	0250	Qo'	Qo'	np.h:pred	np	h	pred		
veraa	jjq	0250	sa	EMPH?	rn	rn				
veraa	jjq	0250	#		##ds_rc:s	##ds_rc		s		
veraa	jjq	0250	ZERO		0.h:s	0	h	s		
veraa	jjq	0250	=s	=SIM	=lv	=lv				
veraa	jjq	0250	van	go	v:pred	v		pred		
veraa	jjq	0250	kēlkēl	RED:back	rv	rv				
veraa	jjq	0250	'i	DEL	other	other				
veraa	jjq	0250	anē	DEM1.A	other	other				
veraa	jjq	0250	#		##	##				
veraa	jjq	0250	e	PERS.ART	ln	ln				
veraa	jjq	0250	raga	people	np.h:s	np	h	s		
veraa	jjq	0250	anē	DEM1.A	rn	rn				
veraa	jjq	0250	so	QUOT	other:pred	other		pred		
veraa	jjq	0251	#ds		##ds	##ds				
veraa	jjq	0251	'e	INTERJ	other	other				
veraa	jjq	0251	e	PERS.ART	ln	ln				
veraa	jjq	0251	Qo'	Qo'	np.h:dt_s	np	h	dt_s		
veraa	jjq	0251	e	PERS.ARt	ln	ln				
veraa	jjq	0251	Qo'	Qo'	np.h:s	np	h	s		
veraa	jjq	0251	lu	through	other:pred	other		pred		
veraa	jjq	0251	ma	hither	rv	rv				
veraa	jjq	0251	a	LOC.SP	adp	adp				
veraa	jjq	0251	viē	where	other:obl	other		obl		
veraa	jjq	0252	#ds		##ds	##ds				
veraa	jjq	0252	Qo'	Qo'	np.h:s	np	h	s		
veraa	jjq	0252	=m	=TAM1	=lv	=lv				
veraa	jjq	0252	sag	sit	v:pred	v		pred		
veraa	jjq	0252	ren̄	stuck	rv	rv				
veraa	jjq	0252	kēkē	on.top	rv	rv				
veraa	jjq	0253	#		##	##				
veraa	jjq	0253	dir	3PL	pro.h:s	pro	h	s		
veraa	jjq	0253	=k	=TAM2	=lv	=lv				
veraa	jjq	0253	susu	RED:paddle	v:pred	v		pred		
veraa	jjq	0253	sar	inland	rv	rv				
veraa	jjq	0253	ma	hither	rv	rv				
veraa	jjq	0253	#		##	##				
veraa	jjq	0253	so	??	other	other				
veraa	jjq	0253	ZERO		0.h:s	0	h	s		
veraa	jjq	0253	=k	=TAM2	=lv	=lv				
veraa	jjq	0253	'ēn'ēn	RED:see	v:pred	v		pred		
veraa	jjq	0253	enteg	well	rv	rv				
veraa	jjq	0253	sir	for	adp	adp				
veraa	jjq	0253	ZERO		0:obl	0		obl		
veraa	jjq	0253	#		##	##				
veraa	jjq	0253	ZERO		0.h:s	0	h	s		
veraa	jjq	0253	so	QUOT	other:pred	other		pred		
veraa	jjq	0253	#ds		##ds	##ds				
veraa	jjq	0253	'o	INTERJ	other	other				
veraa	jjq	0253	ZERO		0:s	0		s		
veraa	jjq	0253	n	ART	ln	ln				
veraa	jjq	0253	'irōr	true	np:pred	np		pred		
veraa	jjq	0254	#ds		##ds	##ds				
veraa	jjq	0254	ZERO		0.h:s	0	h	s		
veraa	jjq	0254	e	PERS.ART	ln	ln				
veraa	jjq	0254	Qo'	Qo'	np.h:pred	np	h	pred		
veraa	jjq	0255	#nc		#nc	#nc				
veraa	jjq	0255	so	CPL	x	x				
veraa	jjq	0255	e	DISC	x	x				
veraa	jjq	0255	dir	3PL	x	x				
veraa	jjq	0255	=k	=TAM2	x	x				
veraa	jjq	0255	kal	upwards	x	x				
veraa	jjq	0255	sar	in	x	x				
veraa	jjq	0255	lē =n	LOC =ART	x	x				
veraa	jjq	0255	...	...	x	x				
veraa	jjq	0255	#		##	##				
veraa	jjq	0255	dir	3PL	pro.h:s	pro	h	s		
veraa	jjq	0255	=k	=TAM2	=lv	=lv				
veraa	jjq	0255	kal	enter	v:pred	v		pred		
veraa	jjq	0255	din̄	reach	rv	rv				
veraa	jjq	0255	sar	inland	rv	rv				
veraa	jjq	0255	lē 	LOC	adp	adp				
veraa	jjq	0255	=n	=ART	=ln	=ln				
veraa	jjq	0255	n̄ērē	shoreline	np:g	np		g		
veraa	jjq	0255	ōn	lie	rn	rn				
veraa	jjq	0256	#		##	##				
veraa	jjq	0256	dir	3PL	pro.h:a	pro	h	a		
veraa	jjq	0256	=k	=TAM2	=lv	=lv				
veraa	jjq	0256	'ēn	see	v:pred	v		pred		
veraa	jjq	0256	sar	inland	rv	rv				
veraa	jjq	0256	ma	hither	rv	rv				
veraa	jjq	0256	=n	=ART	=ln	=ln				
veraa	jjq	0256	sava	what	np:p	np		p		
veraa	jjq	0256	#		##	##				
veraa	jjq	0256	Qo'	Qo'	np.h:s	np	h	s		
veraa	jjq	0256	=s	=SIM	=lv	=lv				
veraa	jjq	0256	'ir	stand	v:pred	v		pred		
veraa	jjq	0256	'i	DEL	other	other				
veraa	jjq	0257	#		##	##				
veraa	jjq	0257	dir	3PL	pro.h:s	pro	h	s		
veraa	jjq	0257	=m	=TAM1	=lv	=lv				
veraa	jjq	0257	suō	paddle	v:pred	v		pred		
veraa	jjq	0257	kal	upwards	rv	rv				
veraa	jjq	0257	wal	once	rv	rv				
veraa	jjq	0257	din̄	reach	rv	rv				
veraa	jjq	0257	sar	inland	rv	rv				
veraa	jjq	0257	ma	hither	rv	rv				
veraa	jjq	0257	anē	DEM1.A	other	other				
veraa	jjq	0257	#		##	##				
veraa	jjq	0257	e	PERS.ART	ln	ln				
veraa	jjq	0257	Qo'	Qo'	np.h:a	np	h	a		
veraa	jjq	0257	ne	TAM2:3SG	lv-pro.h:a	lv-pro	h	a		
veraa	jjq	0257	lan̄	beat	nc	nc				
veraa	jjq	0257	wal	once	nc	nc				
veraa	jjq	0257	...	...						
veraa	jjq	0257	lan̄	beat	v:pred	v		pred		
veraa	jjq	0257	wōr	shatter	rv	rv				
veraa	jjq	0257	wal	once	rv	rv				
veraa	jjq	0257	ēn	ART	ln	ln				
veraa	jjq	0257	nak	canoe	np:p	np		p		
veraa	jjq	0257	#		##	##				
veraa	jjq	0257	ZERO		0.h:a	0	h	a		
veraa	jjq	0257	ne	TAM2:3SG	lv-pro.h:a	lv-pro	h	a		
veraa	jjq	0257	sag	sit	v:pred	v		pred		
veraa	jjq	0257	'avrōr	upside.down	rv	rv				
veraa	jjq	0257	wal	once	rv	rv				
veraa	jjq	0257	dir	3PL	pro.h:p	pro	h	p		
veraa	jjq	0257	kēnē	LOC.DEM1	other:l	other		l		
veraa	jjq	0258	#		##	##				
veraa	jjq	0258	wo	and	other	other				
veraa	jjq	0258	dir	3PL	pro.h:s	pro	h	s		
veraa	jjq	0258	=k	=TAM2	=lv	=lv				
veraa	jjq	0258	'ōg	stay	v:pred	v		pred		
veraa	jjq	0258	wal	once	rv	rv				
veraa	jjq	0258	'i	DEL	other	other				
veraa	jjq	0258	'ekēnē	LOC.DEM1	other:l	other		l		
veraa	jjq	0259	#		##	##				
veraa	jjq	0259	dir	3PL	pro.h:s	pro	h	s		
veraa	jjq	0259	=m	=TAM1	=lv	=lv				
veraa	jjq	0259	'ōg	stay	v:pred	v		pred		
veraa	jjq	0259	'ekēnē	LOC.DEM1	other:l	other		l		
veraa	jjq	0259	lē	LOC 	adp	adp				
veraa	jjq	0259	=n	=ART	=ln	=ln				
veraa	jjq	0259	lōlō	inside	ln	ln				
veraa	jjq	0259	vunu	village	np:l	np		l		
veraa	jjq	0259	'a	ASS.SP	rn	rn				
veraa	jjq	0259	Lokon	Lokon	rn	rn				
veraa	jjq	0259	anē	DEM1.A	rn	rn				
veraa	jjq	0260	#nc		#nc	#nc				
veraa	jjq	0260	lē	LOC	x	x				
veraa	jjq	0260	=n	=ART	x	x				
veraa	jjq	0260	mōnō	small	x	x				
veraa	jjq	0260	'ekē	place	x	x				
veraa	jjq	0260	anē	DEM1	x	x				
veraa	jjq	0260	dir	3PL	x	x				
veraa	jjq	0260	ga	STAT	x	x				
veraa	jjq	0260	ul	drag	x	x				
veraa	jjq	0260	...	...	x	x				
veraa	jjq	0260	o	INTERJ	x	x				
veraa	jjq	0260	qe'i	a.moment	x	x				
veraa	jjq	0260	...	...	x	x				
veraa	jjq	0260	n	ART	x	x				
veraa	jjq	0260	sok	scan	x	x				
veraa	jjq	0260	n	ART	x	x				
veraa	jjq	0260	qōn̄	night	x	x				
veraa	jjq	0260	...	...	x	x				
veraa	jjq	0260	n	ART	x	x				
veraa	jjq	0260	lō-k=m	inner-1sg=TAM1	x	x				
veraa	jjq	0260	qōn̄	night	x	x				
veraa	jjq	0260	sa=n	EMPH?=ART	x	x				
veraa	jjq	0260	so	QUOT	x	x				
veraa	jjq	0260	'ekē	place	x	x				
veraa	jjq	0260	anē	DEM1	x	x				
veraa	jjq	0261	#		##	##				
veraa	jjq	0261	ba	but	other	other				
veraa	jjq	0261	=n	=ART	=ln	=ln				
veraa	jjq	0261	so	name	np:dt_s	np		dt_s		
veraa	jjq	0261	'ekē	place	rn	rn				
veraa	jjq	0261	anē	DEM1.A	rn	rn				
veraa	jjq	0261	n	=ART	nc	nc				
veraa	jjq	0261	so	QUOT	nc	nc				
veraa	jjq	0261	mō...	fast	nc	nc				
veraa	jjq	0261	=n	=ART	=ln	=ln				
veraa	jjq	0261	so	name	np:s	np		s		
veraa	jjq	0261	vunuō	village	rn	rn				
veraa	jjq	0261	Lebot	Lebot	other:pred	other		pred		
veraa	jjq	0262	#nc		#nc	#nc				
veraa	jjq	0262	a	LOC.SP	x	x				
veraa	jjq	0262	Lebot	Lebot	x	x				
veraa	jjq	0262	'an?	LOC.SP=ART?	x	x				
veraa	jjq	0262	valgi	valgi	x	x				
veraa	jjq	0262	kēl	back	x	x				
veraa	jjq	0262	ma	hither	x	x				
veraa	jjq	0262	sir	for	x	x				
veraa	jjq	0262	gēdē	1PL.IN	x	x				
veraa	jjq	0262	kēl	back	x	x				
veraa	jjq	0262	ma	hither	x	x				
veraa	jjq	0262	sir	for	x	x				
veraa	jjq	0262	ēn	ART	x	x				
veraa	jjq	0262	gala	pass	x	x				
veraa	jjq	0263	#		##	##				
veraa	jjq	0263	ZERO		0:s	0		s		
veraa	jjq	0263	sa	EMPH	other	other				
veraa	jjq	0263	=n	=ART	=ln	=ln				
veraa	jjq	0263	vono-n	home-CS	np:pred	np		pred		
veraa	jjq	0263	e	PERS.ART	rn	rn				
veraa	jjq	0263	Q...	Q...	nc	nc				
veraa	jjq	0263	(eh)	(eh)	nc	nc				
veraa	jjq	0263	Tumeren	Tumeren	rn_np.d:poss	rn_np	d	poss		
veraa	jjq	0264	#		##	##				
veraa	jjq	0264	Tumeren	Tumeren	np.d:s	np	d	s		
veraa	jjq	0264	ga	STAT	lv	lv				
veraa	jjq	0264	'ōg'ōg	RED:stay	v:pred	v		pred		
veraa	jjq	0264	'ekēnē	LOC.DEM1	other:l	other		l		
veraa	jjq	0265	#		##	##				
veraa	jjq	0265	ZERO		0.d:s	0	d	s		
veraa	jjq	0265	'ama'	spirit	nc	nc				
veraa	jjq	0265	'an̄sar	person	np.h:pred	np	h	pred		
veraa	jjq	0265	luwo	big	rn	rn				
veraa	jjq	0265	nē	DEM1	other	other				
veraa	jjq	0265	#		##	##				
veraa	jjq	0265	ba	but	other	other				
veraa	jjq	0265	=n	=ART	nc	nc				
veraa	jjq	0265	so	CPL	other	other				
veraa	jjq	0265	...	...						
veraa	jjq	0265	di	reach	pro.d:s	pro	d	s		
veraa	jjq	0265	=n	=ART	=ln	=ln				
veraa	jjq	0265	'ama'	spirit	np.d:pred	np	d	pred		
veraa	jjq	0266	#		##neg	##neg				
veraa	jjq	0266	di	3SG	pro.d:s	pro	d	s		
veraa	jjq	0266	'an̄sar	person	np.h:pred	np	h	pred		
veraa	jjq	0266	ga	STAT	rn	rn				
veraa	jjq	0266	wē	good	rn	rn				
veraa	jjq	0266	rōs	GEN.NEG1	rn	rn				
veraa	jjq	0267	#		##	##				
veraa	jjq	0267	di	3SG	pro.d:s	pro	d	s		
veraa	jjq	0267	ga	STAT	lv	lv				
veraa	jjq	0267	'ōg'ōg	RED:stay	v:pred	v		pred		
veraa	jjq	0267	kēnē	LOC.DEM1	other:l	other		l		
veraa	jjq	0267	birin̄	with	adp	adp				
veraa	jjq	0267	ēn	ART	ln	ln				
veraa	jjq	0267	gunu-gi	spouse-3SG	np.d:obl-pro.d:poss	np	d	obl-pro.d:poss		
veraa	jjq	0268	#		##	##				
veraa	jjq	0268	wo	and	other	other				
veraa	jjq	0268	di	3SG	pro.d:a	pro	d	a		
veraa	jjq	0268	ga	STAT	lv	lv				
veraa	jjq	0268	van̄an	feed	v:pred	v		pred		
veraa	jjq	0268	ēn	ART	ln	ln				
veraa	jjq	0268	qō	pig	np:p	np		p		
veraa	jjq	0268	#		##	##				
veraa	jjq	0268	Tumeren	Tumeren	np.d:s	np	d	s		
veraa	jjq	0268	ē	DEM3	rn	rn				
veraa	jjq	0268	ga	STAT	lv	lv				
veraa	jjq	0268	'ōg	stay	v:pred	v		pred		
veraa	jjq	0268	sa	EMPH	other	other				
veraa	jjq	0268	kēnē	LOC.DEM1	other:l	other		l		
veraa	jjq	0269	#		##	##				
veraa	jjq	0269	qiri	today	other	other				
veraa	jjq	0269	anē	DEM1.A	rn	rn				
veraa	jjq	0269	dir	3PL	pro.h:s	pro	h	s		
veraa	jjq	0269	=m	=TAM1	=lv	=lv				
veraa	jjq	0269	suō	paddle	v:pred	v		pred		
veraa	jjq	0269	kal	upwards	rv	rv				
veraa	jjq	0269	sar	inland	rv	rv				
veraa	jjq	0269	...	...						
veraa	jjq	0269	#		##	##				
veraa	jjq	0269	dir	3PL	pro.h:s	pro	h	s		
veraa	jjq	0269	=m	=TAM1	=lv	=lv				
veraa	jjq	0269	van	go	v:pred	v		pred		
veraa	jjq	0269	kal	upwards	rv	rv				
veraa	jjq	0269	sar	inland	rv	rv				
veraa	jjq	0269	ma	hither	rv	rv				
veraa	jjq	0270	#		##	##				
veraa	jjq	0270	Tumeren	Tumeren	np.d:a	np	d	a		
veraa	jjq	0270	ne	TAM2:3SG	lv-pro.d:a	lv-pro	d	a		
veraa	jjq	0270	'ēn	see	v:pred	v		pred		
veraa	jjq	0270	dirē	3PL	pro.h:p	pro	h	p		
veraa	jjq	0271	'o	hey	nc	nc				
veraa	jjq	0272	#		##	##				
veraa	jjq	0272	di	3SG	pro.d:s	pro	d	s		
veraa	jjq	0272	=m	=TAM1	=lv	=lv				
veraa	jjq	0272	malaklak	cheer	v:pred	v		pred		
veraa	jjq	0272	wal	once	rv	rv				
veraa	jjq	0272	sir	for	adp	adp				
veraa	jjq	0272	dirē	3PL	pro.h:obl	pro	h	obl		
veraa	jjq	0272	#ds		##ds	##ds				
veraa	jjq	0272	'o	hey	other	other				
veraa	jjq	0272	ZERO		0.2:s	0	2	s		
veraa	jjq	0272	'erē	PL	other	other				
veraa	jjq	0272	van	go	vother:pred	vother		pred		
veraa	jjq	0272	ma	hither	rv	rv				
veraa	jjq	0272	#		##	##				
veraa	jjq	0272	ZERO		0.2:s	0	2	s		
veraa	jjq	0272	'erē	PL	other	other				
veraa	jjq	0272	van	go	vother:pred	vother		pred		
veraa	jjq	0272	ma	hither	rv	rv				
veraa	jjq	0273	#		##	##				
veraa	jjq	0273	ZERO		0.2:s	0	2	s		
veraa	jjq	0273	van	go	vother:pred	vother		pred		
veraa	jjq	0273	ma	hither	rv	rv				
veraa	jjq	0273	#		##ds	##ds				
veraa	jjq	0273	gidē	1PL.IN	pro.1:s	pro	1	s		
veraa	jjq	0273	me	FUT	lv	lv				
veraa	jjq	0273	'ōg	stay	v:pred	v		pred		
veraa	jjq	0273	kēgēn	LOC.DEM2	other:l	other		l		
veraa	jjq	0274	#		##	##				
veraa	jjq	0274	ZERO		0.d:a	0	d	a		
veraa	jjq	0274	van	go	v:pred	v		pred		
veraa	jjq	0274	mom	put	rv	rv				
veraa	jjq	0274	dir	3PL	pro.h:p	pro	h	p		
veraa	jjq	0274	lē	LOC	adp	adp				
veraa	jjq	0274	=n	=ART	=ln	=ln				
veraa	jjq	0274	gamal	men's.house 	np:g	np		g		
veraa	jjq	0275	#		##ds	##ds				
veraa	jjq	0275	kimi	2PL	pro.2:s	pro	2	s		
veraa	jjq	0275	me	FUT	lv	lv				
veraa	jjq	0275	'ōg	stay	v:pred	v		pred		
veraa	jjq	0275	sa	EMPH	other	other				
veraa	jjq	0275	kēnē	LOC.DEM2	other:l	other		l		
veraa	jjq	0275	#ds		##ds	##ds				
veraa	jjq	0275	'o	hey	other	other				
veraa	jjq	0275	ga	STAT	lv	lv				
veraa	jjq	0275	itok	good	v:pred	v		pred		
veraa	jjq	0276	#ds		##ds	##ds				
veraa	jjq	0276	'o	hey	other	other				
veraa	jjq	0276	ga	STAT	lv	lv				
veraa	jjq	0276	itok	good	v:pred	v		pred		
veraa	jjq	0276	wal	once	rv	rv				
veraa	jjq	0276	#ds.cc:s		##ds_cc:s	##ds_cc		s		
veraa	jjq	0276	kimi	2PL	pro.2:s	pro	2	s		
veraa	jjq	0276	=m	=TAM1	=lv	=lv				
veraa	jjq	0276	van	go	v:pred	v		pred		
veraa	jjq	0276	ma	hither	rv	rv				
veraa	jjq	0276	#ds		##ds	##ds				
veraa	jjq	0276	kimi	2PL	pro.2:s	pro	2	s		
veraa	jjq	0276	=m	=TAM1	=lv	=lv				
veraa	jjq	0276	van	go	v:pred	v		pred		
veraa	jjq	0276	ma	hither	rv	rv				
veraa	jjq	0276	den	ABL	adp	adp				
veraa	jjq	0276	a	LOC.SP	adp	adp				
veraa	jjq	0276	viē	where	other:obl	other		obl		
veraa	jjq	0276	#ds		##ds	##ds				
veraa	jjq	0276	'o	INTERJ	other	other				
veraa	jjq	0276	kamam	1PL.EX:TAM1	pro.1:s	pro	1	s		
veraa	jjq	0276	van	go	v:pred	v		pred		
veraa	jjq	0276	ma	hither	rv	rv				
veraa	jjq	0276	den	ABL	adp	adp				
veraa	jjq	0276	a	LOC.SP	adp	adp				
veraa	jjq	0276	Vunu	Vunu	np:obl	np		obl		
veraa	jjq	0276	Lava	Lava	rn	rn				
veraa	jjq	0277	#ds		##ds	##ds				
veraa	jjq	0277	nikē	2SG	pro.2:s	pro	2	s		
veraa	jjq	0277	e	PERS.ART	ln	ln				
veraa	jjq	0277	sē	who	np.h:pred	np	h	pred		
veraa	jjq	0277	#ds		##ds	##ds				
veraa	jjq	0277	no	1SG	pro.1:dt_s	pro	1	dt_s		
veraa	jjq	0277	no	1SG	pro.1:s	pro	1	s		
veraa	jjq	0277	e	PERS.ART	ln	ln				
veraa	jjq	0277	Qo'	Qo'	np.h:pred	np	h	pred		
veraa	jjq	0277	#ds		##ds	##ds				
veraa	jjq	0277	enei	now	other	other				
veraa	jjq	0277	e	PERS.ART	ln	ln				
veraa	jjq	0277	raga	people	ln	ln				
veraa	jjq	0277	'i-'isi-k	brother	np.h:pred	np	h	pred		
veraa	jjq	0277	gēn	DEM	other:s	other		s		
veraa	jjq	0277	#ds		##ds	##ds				
veraa	jjq	0277	wo	and	other	other				
veraa	jjq	0277	=n	=ART	=ln	=ln				
veraa	jjq	0277	gunu-k	spouse-1SG	np.h:pred-pro.1:poss	np	h	pred-pro.1:poss		
veraa	jjq	0277	gēn	DEM2	other:s	other		s		
veraa	jjq	0278	#ds		##ds	##ds				
veraa	jjq	0278	'o	INTERJ	other	other				
veraa	jjq	0278	ga	STAT	lv	lv				
veraa	jjq	0278	itok	good	v:pred	v		pred		
veraa	jjq	0278	#ds		##ds	##ds				
veraa	jjq	0278	kimi	2PL	pro.2:s	pro	2	s		
veraa	jjq	0278	me	FUT	lv	lv				
veraa	jjq	0278	mi'ir	sleep	v:pred	v		pred		
veraa	jjq	0278	sa	EMPH	other	other				
veraa	jjq	0278	kēnē	LOC.DEM1	other:l	other		l		
veraa	jjq	0279	#		##	##				
veraa	jjq	0279	lē	LOC	adp	adp				
veraa	jjq	0279	=n	=ART	=ln	=ln				
veraa	jjq	0279	lōlō	inside	ln	ln				
veraa	jjq	0279	ge	THING	np.h:other	np	h	other		
veraa	jjq	0279	anē	DEM1.A	rn	rn				
veraa	jjq	0279	ēn	ART	ln	ln				
veraa	jjq	0279	wōlil	albino?	np.h:pred	np	h	pred		
veraa	jjq	0279	ne	NUM.ART	rn	rn				
veraa	jjq	0279	vōwal	one	rn	rn				
veraa	jjq	0280	#		##	##				
veraa	jjq	0280	sow	DISC	other	other				
veraa	jjq	0280	ēn	ēn	ln	ln				
veraa	jjq	0280	'an̄sara	person	np.h:s	np	h	s		
veraa	jjq	0280	ne	NUM.ART	rn	rn				
veraa	jjq	0280	vōwal	one	rn	rn				
veraa	jjq	0280	ga	STAT	nc	nc				
veraa	jjq	0280	...	...						
veraa	jjq	0280	lē	LOC	rn	rn				
veraa	jjq	0280	=n	=ART	=rn	=rn				
veraa	jjq	0280	lōlō-gi	inside-3SG	rn-pro.h:poss	rn-pro	h	poss		
veraa	jjq	0280	ga	STAT	lv	lv				
veraa	jjq	0280	kōrkōr	dark	v:pred	v		pred		
veraa	jjq	0281	#		##	##				
veraa	jjq	0281	so-gi	name-3SG	np:s-pro.h:poss	np		s-pro.h:poss		
veraa	jjq	0281	e	PERS.ART	ln	ln				
veraa	jjq	0281	Wōqōn̄qōn̄	Wōqōn̄qōn̄	np.h:pred	np	h	pred		
veraa	jjq	0282	#		##	##				
veraa	jjq	0282	Wōqōn̄qōn̄	Wōqōn̄qōn̄	np.h:dt_s	np	h	dt_s		
veraa	jjq	0282	di	reach	pro.h:s	pro	h	s		
veraa	jjq	0282	=n	=ART	nc	nc				
veraa	jjq	0282	...	...						
veraa	jjq	0282	n	ART	ln	ln				
veraa	jjq	0282	'agar	luck	np:pred	np		pred		
veraa	jjq	0282	se'	bad	rn	rn				
veraa	jjq	0282	#		##	##				
veraa	jjq	0282	n	ART	ln	ln				
veraa	jjq	0282	lō-gi	inner-3SG	np:s-pro.h:poss	np		s-pro.h:poss		
veraa	jjq	0282	ga	STAT	lv	lv				
veraa	jjq	0282	qōn̄qōn̄	RED:night	v:pred	v		pred		
veraa	jjq	0282	#		##	##				
veraa	jjq	0282	di	3SG	pro.h:a	pro	h	a		
veraa	jjq	0282	ga	STAT	lv	lv				
veraa	jjq	0282	'aram	inform	v:pred	v		pred		
veraa	jjq	0282	lu	through	rv	rv				
veraa	jjq	0282	dirē	3PL	pro.h:p	pro	h	p		
veraa	jjq	0283	#		##	##				
veraa	jjq	0283	so	?	other	other				
veraa	jjq	0283	dir	3PL	pro.h:s	pro	h	s		
veraa	jjq	0283	=m	=TAM1	=lv	=lv				
veraa	jjq	0283	'ōg	stay	v:pred	v		pred		
veraa	jjq	0283	'ekēnē	LOC.DEM1	other:l	other		l		
veraa	jjq	0283	#		##	##				
veraa	jjq	0283	ZERO		0.h:s	0	h	s		
veraa	jjq	0283	'ōg'ōg	RED:stay	v:pred	v		pred		
veraa	jjq	0283	'ekēnē	LOC.DEM1	other:l	other		l		
veraa	jjq	0283	va-van	RED-go	other	other				
veraa	jjq	0284	#		##	##				
veraa	jjq	0284	'ekē	place	np:s	np		s		
veraa	jjq	0284	=m	=TAM1	=lv	=lv				
veraa	jjq	0284	qōn̄	night	v:pred	v		pred		
veraa	jjq	0284	#		##	##				
veraa	jjq	0284	si	or	other	other				
veraa	jjq	0284	=n	=ART	=ln	=ln				
veraa	jjq	0284	'ekē	place	np:s	np		s		
veraa	jjq	0284	=m	=TAM1	=lv	=lv				
veraa	jjq	0284	revrev	evening	v:pred	v		pred		
veraa	jjq	0285	#		##	##				
veraa	jjq	0285	'ama'	spirit	np.d:s	np	d	s		
veraa	jjq	0285	ē	DEM3	rn	rn				
veraa	jjq	0285	van	go	v:pred	v		pred		
veraa	jjq	0285	ma	hither	rv	rv				
veraa	jjq	0285	#		##	##				
veraa	jjq	0285	dir	3PL	pro.h:s	pro	h	s		
veraa	jjq	0285	=k	=TAM2	=lv	=lv				
veraa	jjq	0285	gengen	RED:eat	v:pred	v		pred		
veraa	jjq	0285	qē'	finish	rv	rv				
veraa	jjq	0286	#		##	##				
veraa	jjq	0286	ZERO		0.d:s	0	d	s		
veraa	jjq	0286	so	QUOT	other:pred	other		pred		
veraa	jjq	0286	#ds		##ds	##ds				
veraa	jjq	0286	=n	=ART	=ln	=ln				
veraa	jjq	0286	bo-mi	POSS.BED-2PL	np:s-pro.2:poss	np		s-pro.2:poss		
veraa	jjq	0286	sa	EMPH	other	other				
veraa	jjq	0286	gēnē	DEM2.?	other:pred	other		pred		
veraa	jjq	0287	#ds		##ds	##ds				
veraa	jjq	0287	kimi	2PL	pro.2:s	pro	2	s		
veraa	jjq	0287	me	FUT	lv	lv				
veraa	jjq	0287	mi'ir	sleep	v:pred	v		pred		
veraa	jjq	0287	sa	EMPH	other	other				
veraa	jjq	0287	kēnē	LOC.DEM2	other:l	other		l		
veraa	jjq	0288	#		##	##				
veraa	jjq	0288	ZERO		0.h:s	0	h	s		
veraa	jjq	0288	so	QUOT	other:pred	other		pred		
veraa	jjq	0288	#ds		##ds	##ds				
veraa	jjq	0288	'o	INTERJ	other	other				
veraa	jjq	0288	gitag	not.exist 	other:pred	other		pred		
veraa	jjq	0288	#		##ds	##ds				
veraa	jjq	0288	ga	STAT	lv	lv				
veraa	jjq	0288	itok	good	v:pred	v		pred		
veraa	jjq	0289	#		##	##				
veraa	jjq	0289	ZERO		0.d:a	0	d	a		
veraa	jjq	0289	mo-mom	RED-put	v:pred	v		pred		
veraa	jjq	0289	qē'	finish	rv	rv				
veraa	jjq	0289	suw	thither	rv	rv				
veraa	jjq	0289	ēn	ART	ln	ln				
veraa	jjq	0289	bo-re	POSS.BED-3PL	np:p	np		p		
veraa	jjq	0290	#nc		#nc	#nc				
veraa	jjq	0290	'ekē	place	x	x				
veraa	jjq	0290	di	3SG	x	x				
veraa	jjq	0290	...	...						
veraa	jjq	0290	di=m	3SG=TAM1	x	x				
veraa	jjq	0290	...	...						
veraa	jjq	0290	'ekē=m	place=TAM1	x	x				
veraa	jjq	0290	milin̄...	?	x	x				
veraa	jjq	0290	wē	??	x	x				
veraa	jjq	0290	#		##	##				
veraa	jjq	0290	so	CPL	other	other				
veraa	jjq	0290	=n	=ART	=ln	=ln				
veraa	jjq	0290	'ekē	place	np:s	np		s		
veraa	jjq	0290	=m	=TAM1	=lv	=lv				
veraa	jjq	0290	qōn̄	night	v:pred	v		pred		
veraa	jjq	0290	lu-luwo	RED-big	rv	rv				
veraa	jjq	0291	#		##	##				
veraa	jjq	0291	Qo'	Qo'	np.h:a	np	h	a		
veraa	jjq	0291	ne	TAM2:3SG	lv-pro.h:a	lv-pro	h	a		
veraa	jjq	0291	da	do	v:pred	v		pred		
veraa	jjq	0291	dirē	3PL	pro.h:p	pro	h	p		
veraa	jjq	0291	#		##	##				
veraa	jjq	0291	dir	3PL	pro.h:s	pro	h	s		
veraa	jjq	0291	=k	=TAM2	=lv	=lv				
veraa	jjq	0291	van	go	v:pred	v		pred		
veraa	jjq	0291	#		##	##				
veraa	jjq	0291	ē	CC	other	other				
veraa	jjq	0291	ZERO		0.h:s	0	h	s		
veraa	jjq	0291	=k	=TAM2	=lv	=lv				
veraa	jjq	0291	mi'ir	sleep	v:pred	v		pred		
veraa	jjq	0291	lē	LOC	adp	adp				
veraa	jjq	0291	=n	=ART	=ln	=ln				
veraa	jjq	0291	qan̄ris	oven	np:l	np		l		
veraa	jjq	0291	#		##	##				
veraa	jjq	0291	ZERO		0.h:a	0	h	a		
veraa	jjq	0291	ne	TAM2:3SG	lv-pro.h:a	lv-pro	h	a		
veraa	jjq	0291	nos	insert	v:pred	v		pred		
veraa	jjq	0291	e	PERS.ART	ln	ln				
veraa	jjq	0291	raga	people	ln	ln				
veraa	jjq	0291	'i-'isi-gi	NSG-brother-3SG	np.h:p	np	h	p		
veraa	jjq	0291	ZERO		0:g	0		g		
veraa	jjq	0291	#		##	##				
veraa	jjq	0291	dir	3PL	pro.h:s	pro	h	s		
veraa	jjq	0291	lē	LOC	adp	adp				
veraa	jjq	0291	=n	=ART	=ln	=ln				
veraa	jjq	0291	qan̄ris	oven	np:predl	np		predl		
veraa	jjq	0292	#		##	##				
veraa	jjq	0292	dir	3PL	pro.h:dt_s	pro	h	dt_s		
veraa	jjq	0292	qē'	finish	rn	rn				
veraa	jjq	0292	wal	once	rn	rn				
veraa	jjq	0292	birin̄	with	rn	rn				
veraa	jjq	0292	e	PERS.ART	rn	rn				
veraa	jjq	0292	Qo'	Qo'	rn	rn				
veraa	jjq	0292	dir	3PL	pro.h:s	pro	h	s		
veraa	jjq	0292	=k	=TAM2	=lv	=lv				
veraa	jjq	0292	van	go	v:pred	v		pred		
veraa	jjq	0292	lē 	LOC	adp	adp				
veraa	jjq	0292	=n	=ART	=ln	=ln				
veraa	jjq	0292	lōlō	inside	ln	ln				
veraa	jjq	0292	qan̄ris	oven	np:g	np		g		
veraa	jjq	0292	#		##	##				
veraa	jjq	0292	dir	3PL	pro.h:s	pro	h	s		
veraa	jjq	0292	=m	=TAM1	=lv	=lv				
veraa	jjq	0292	mi'ir	sleep	v:pred	v		pred		
veraa	jjq	0293	#		##	##				
veraa	jjq	0293	'ama'	spirit	np.d:s	np	d	s		
veraa	jjq	0293	ē	DEM3	rn	rn				
veraa	jjq	0293	=m	=TAM1	=lv	=lv				
veraa	jjq	0293	'ō-'ōgo	RED-stay	v:pred	v		pred		
veraa	jjq	0293	(eh)	HES	nc	nc				
veraa	jjq	0293	#ds		##ds	##ds				
veraa	jjq	0293	o	INTERJ	other	other				
veraa	jjq	0293	nei	now	other	other				
veraa	jjq	0293	e	PERS.ART	ln	ln				
veraa	jjq	0293	raga	people	np.h:s	np	h	s		
veraa	jjq	0293	man	PFV	lv	lv				
veraa	jjq	0293	mi-mi'ir	RED-sleep	v:pred	v		pred		
veraa	jjq	0293	qēlēn̄	get.lost	rv	rv				
veraa	jjq	0293	qē'	finish	rv	rv				
veraa	jjq	0293	wal	once	rv	rv				
veraa	jjq	0294	#ds		##ds	##ds				
veraa	jjq	0294	qe'i	a.moment	other:pred	other		pred		
veraa	jjq	0294	#		##ds	##ds				
veraa	jjq	0294	no	1SG	pro.1:s	pro	1	s		
veraa	jjq	0294	=k	=TAM2	=lv	=lv				
veraa	jjq	0294	van	go	v:pred	v		pred		
veraa	jjq	0294	#		##ds	##ds				
veraa	jjq	0294	no	1SG	pro.1:a	pro	1	a		
veraa	jjq	0294	=k	=TAM2	=lv	=lv				
veraa	jjq	0294	'eno	try	v:pred	v		pred		
veraa	jjq	0294	'ēn	see	rv	rv				
veraa	jjq	0294	dirē	3PL	pro.h:p	pro	h	p		
veraa	jjq	0295	#		##	##				
veraa	jjq	0295	di	3SG	pro.h:s	pro	h	s		
veraa	jjq	0295	=s	=SIM	=lv	=lv				
veraa	jjq	0295	van	go	v:pred	v		pred		
veraa	jjq	0295	ma	hither	rv	rv				
veraa	jjq	0295	#		##neg	##neg				
veraa	jjq	0295	di	3SG	pro.h:s	pro	h	s		
veraa	jjq	0295	van	go	v:pred	v		pred		
veraa	jjq	0295	rōs	GEN.NEG2	rv	rv				
veraa	jjq	0295	ma	hither	rv	rv				
veraa	jjq	0295	lē 	LOC	adp	adp				
veraa	jjq	0295	=n	=ART	=ln	=ln				
veraa	jjq	0295	dōdōmia	thought	np:other	np		other		
veraa	jjq	0295	ga	STAT	rn	rn				
veraa	jjq	0295	wē	good	rn	rn				
veraa	jjq	0296	#		##	##				
veraa	jjq	0296	di	3SG	pro.h:s	pro	h	s		
veraa	jjq	0296	=m	=TAM1	=lv	=lv				
veraa	jjq	0296	van	go	v:pred	v		pred		
veraa	jjq	0296	ma	hither	rv	rv				
veraa	jjq	0296	sir	for	adp	adp				
veraa	jjq	0296	#		#cc:obl	#cc		obl		
veraa	jjq	0296	'amēn	ASS	other	other				
veraa	jjq	0296	di	3SG	pro.h:a	pro	h	a		
veraa	jjq	0296	ne	TAM2:3SG	lv-pro.d:a	lv-pro	d	a		
veraa	jjq	0296	kur	devour	v:pred	v		pred		
veraa	jjq	0296	sa	EMPH	other	other				
veraa	jjq	0296	e	PERS.ART	ln	ln				
veraa	jjq	0296	raga	people	np.h:p	np	h	p		
veraa	jjq	0296	ē	DEM3	rn	rn				
veraa	jjq	0297	#		##	##				
veraa	jjq	0297	ba	but	other	other				
veraa	jjq	0297	di	3SG	pro.h:s	pro	h	s		
veraa	jjq	0297	=m	=TAM1	=lv	=lv				
veraa	jjq	0297	van	go	v:pred	v		pred		
veraa	jjq	0297	din̄	reach	rv	rv				
veraa	jjq	0297	ma	hither	rv	rv				
veraa	jjq	0297	lē 	LOC 	adp	adp				
veraa	jjq	0297	=n	=ART	=ln	=ln				
veraa	jjq	0297	lōlō	inside	ln	ln				
veraa	jjq	0297	im̄ē	house	np:g	np		g		
veraa	jjq	0297	#		##	##				
veraa	jjq	0297	di	3SG	pro.h:s	pro	h	s		
veraa	jjq	0297	ne	TAM2:3SG	lv-pro.d:s	lv-pro	d	s		
veraa	jjq	0297	kal	enter	v:pred	v		pred		
veraa	jjq	0297	ba'a	into	rv	rv				
veraa	jjq	0297	sar	in	rv	rv				
veraa	jjq	0297	ZERO		0:g	0		g		
veraa	jjq	0298	#		##	##				
veraa	jjq	0298	di	3SG	pro.h:a	pro	h	a		
veraa	jjq	0298	ne	TAM2:3SG	lv-pro.d:a	lv-pro	d	a		
veraa	jjq	0298	sik	search	v:pred	v		pred		
veraa	jjq	0298	dirē	3PL	pro.h:p	pro	h	p		
veraa	jjq	0298	#ds		##ds	##ds				
veraa	jjq	0298	'ei	hey	other	other				
veraa	jjq	0298	ba	but	other	other				
veraa	jjq	0298	e	PERS.ART	ln	ln				
veraa	jjq	0298	raga	people	np.h:s	np	h	s		
veraa	jjq	0298	anē	DEM1.A	rn	rn				
veraa	jjq	0298	ne	?	lv	lv				
veraa	jjq	0298	gitag	not.exist 	other:pred	other		pred		
veraa	jjq	0298	sa	EMPH	other	other				
veraa	jjq	0298	kēnē	LOC.DEM1	other:l	other		l		
veraa	jjq	0298	#ds		##ds	##ds				
veraa	jjq	0298	dir	3PL	pro.h:s	pro	h	s		
veraa	jjq	0298	=m	=TAM1	=lv	=lv				
veraa	jjq	0298	mi'ir	sleep	v:pred	v		pred		
veraa	jjq	0298	kiviē	where	other:l	other		l		
veraa	jjq	0299	#		##	##				
veraa	jjq	0299	ZERO		0.d:a	0	d	a		
veraa	jjq	0299	si-sik	RED-search	v:pred	v		pred		
veraa	jjq	0299	dirē	3PL	pro.h:p	pro	h	p		
veraa	jjq	0299	ne	TAM2:3SG	nc	nc				
veraa	jjq	0299	...	...						
veraa	jjq	0299	#		##	##				
veraa	jjq	0299	ZERO		0.d:a	0	d	a		
veraa	jjq	0299	siksik	RED:search	v:pred	v		pred		
veraa	jjq	0299	lēge	in.vain	rv	rv				
veraa	jjq	0299	ZERO		0.h:p	0	h	p		
veraa	jjq	0299	#		##	##				
veraa	jjq	0299	ZERO		0.d:s	0	d	s		
veraa	jjq	0299	ne	TAM2:3SG	lv-pro.d:s	lv-pro	d	s		
veraa	jjq	0299	kalu	exit	v:pred	v		pred		
veraa	jjq	0299	kēl	back	rv	rv				
veraa	jjq	0300	#		##	##				
veraa	jjq	0300	di	3SG	pro.h:s	pro	h	s		
veraa	jjq	0300	=m	=TAM1	=lv	=lv				
veraa	jjq	0300	mulo	go	v:pred	v		pred		
veraa	jjq	0300	#		##	##				
veraa	jjq	0300	ZERO		0.d:s	0	d	s		
veraa	jjq	0300	mul	go	v:pred	v		pred		
veraa	jjq	0300	kēl	back	rv	rv				
veraa	jjq	0300	lē	LOC	adp	adp				
veraa	jjq	0300	=n	=ART	nc	nc				
veraa	jjq	0300	gamal	men's.house	nc	nc				
veraa	jjq	0300	...	...						
veraa	jjq	0300	lē	LOC	lē	lē				
veraa	jjq	0300	=n	=ART	=ln	=ln				
veraa	jjq	0300	'ew'i	other	ln	ln				
veraa	jjq	0300	gamal	men's.house	np:g	np		g		
veraa	jjq	0300	mu-gi	POSS.GEN-3SG	rn-pro.d:poss	rn-pro	d	poss		
veraa	jjq	0301	#		##	##				
veraa	jjq	0301	ZERO		0.d:s	0	d	s		
veraa	jjq	0301	ne	TAM2:3SG	lv-pro.d:s	lv-pro	d	s		
veraa	jjq	0301	mi'ir	sleep	v:pred	v		pred		
veraa	jjq	0302	#		##	##				
veraa	jjq	0302	'ekē	place	np:s	np		s		
veraa	jjq	0302	ne	TAM2:3SG	lv-pro:s	lv-pro		s		
veraa	jjq	0302	ma'ava	morning	v:pred	v		pred		
veraa	jjq	0303	#		##	##				
veraa	jjq	0303	di	3SG	pro.d:s	pro	d	s		
veraa	jjq	0303	ne	TAM2:3SG	lv-pro.d:s	lv-pro	d	s		
veraa	jjq	0303	kēl	back	v:pred	v		pred		
veraa	jjq	0303	ma	hither	rv	rv				
veraa	jjq	0304	#		##	##				
veraa	jjq	0304	di	3SG	pro.d:s	pro	d	s		
veraa	jjq	0304	ne	TAM2:3SG	lv-pro.d:s	lv-pro	d	s		
veraa	jjq	0304	kēl	back	v:pred	v		pred		
veraa	jjq	0304	ma	hither	rv	rv				
veraa	jjq	0305	#ds		##ds	##ds				
veraa	jjq	0305	'ei	INTERJ	other	other				
veraa	jjq	0305	Qo'	Qo'	np.h:voc	np	h	voc		
veraa	jjq	0306	no	1SG	pro.1:s	pro	1	s		
veraa	jjq	0306	=m	=TAM1	=lv	=lv				
veraa	jjq	0306	van	go	v:pred	v		pred		
veraa	jjq	0306	ma	hither	rv	rv				
veraa	jjq	0306	lē	LOC	adp	adp				
veraa	jjq	0306	=n	=ART	=ln	=ln				
veraa	jjq	0306	revrev	evening	np:other	np		other		
veraa	jjq	0306	#nc		#nc	#nc				
veraa	jjq	0306	ba	but	x	x				
veraa	jjq	0306	kimim	2TL=TAM1	x	x				
veraa	jjq	0306	...	...						
veraa	jjq	0306	#ds		##ds	##ds				
veraa	jjq	0306	no	1SG	pro.1:s	pro	1	s		
veraa	jjq	0306	=m	=TAM1	=lv	=lv				
veraa	jjq	0306	van	go	v:pred	v		pred		
veraa	jjq	0306	ma	hither	rv	rv				
veraa	jjq	0306	lē	LOC	adp	adp				
veraa	jjq	0306	=n	=ART	=ln	=ln				
veraa	jjq	0306	revrev	evening	np:other	np		other		
veraa	jjq	0306	#ds		##ds	##ds				
veraa	jjq	0306	so	PROSP	other	other				
veraa	jjq	0306	gidē	1PL.IN	pro.1:s	pro	1	s		
veraa	jjq	0306	=k	=TAM2	=lv	=lv				
veraa	jjq	0306	ka-kaka	RED-converse	v:pred	v		pred		
veraa	jjq	0306	#ds		##ds	##ds				
veraa	jjq	0306	ba	but	other	other				
veraa	jjq	0306	kimi	2PL	pro.2:s	pro	2	s		
veraa	jjq	0306	=m	=TAM1	=lv	=lv				
veraa	jjq	0306	'ōg	stay	v:pred	v		pred		
veraa	jjq	0306	'i	DEL	rv	rv				
veraa	jjq	0306	a	LOC.SP	adp	adp				
veraa	jjq	0306	viē	where	other:l	other		l		
veraa	jjq	0307	#		##	##				
veraa	jjq	0307	ZERO		0.h:s	0	h	s		
veraa	jjq	0307	so	QUOT	other	other				
veraa	jjq	0307	#ds		##ds	##ds				
veraa	jjq	0307	'o	INTERJ	other	other				
veraa	jjq	0307	kamam	1PL.EX:TAM1	pro.1:s	pro	1	s		
veraa	jjq	0307	mi'ir	sleep	v:pred	v		pred		
veraa	jjq	0307	wal	once	rv	rv				
veraa	jjq	0307	'i	DEL	rv	rv				
veraa	jjq	0307	sa	EMPH	other	other				
veraa	jjq	0307	kēnei	LOC.DEM4	other:l	other		l		
veraa	jjq	0308	#		#nc	#nc				
veraa	jjq	0308	nē	DEM1	x	x				
veraa	jjq	0308	e	PERS.ART	x	x				
veraa	jjq	0308	Qo'	Qo'	x	x				
veraa	jjq	0308	#		##	##				
veraa	jjq	0308	nē	DEM1	dem_pro:s	dem_pro		s		
veraa	jjq	0308	=n	=ART	=ln	=ln				
veraa	jjq	0308	tēktēk	RED:speak	np:pred	np		pred		
veraa	jjq	0308	mu-n	POSS.GEN-CS	rn	rn				
veraa	jjq	0308	e	PERS.ART	rn	rn				
veraa	jjq	0308	Qo'	Qo'	rn_np.h:poss	rn_np	h	poss		
veraa	jjq	0309	#		##	##				
veraa	jjq	0309	ba	but	other	other				
veraa	jjq	0309	taga...	taga...	nc	nc				
veraa	jjq	0309	Tagar	Tagar	np.h:s	np	h	s		
veraa	jjq	0309	lōlqōn̄	dark.minded	rn	rn				
veraa	jjq	0309	ē	DEM3	rn	rn				
veraa	jjq	0309	=s	=SIM	=lv	=lv				
veraa	jjq	0309	sag	sit	v:pred	v		pred		
veraa	jjq	0309	'i	DEL	other	other				
veraa	jjq	0310	#		##	##				
veraa	jjq	0310	di	3SG	pro.h:s_ds	pro	h	s_ds		
veraa	jjq	0310	ne	TAM2:3SG	lv-pro.h:s_ds	lv-pro	h	s_ds		
veraa	jjq	0310	tēk	speak	v:pred	v		pred		
veraa	jjq	0310	so	QUOT	other	other				
veraa	jjq	0310	#ds		##ds	##ds				
veraa	jjq	0310	'ooo	no	other	other				
veraa	jjq	0310	kamam	1PL.EX:TAM1	pro.1:s	pro	1	s		
veraa	jjq	0310	mi'ir	sleep	v:pred	v		pred		
veraa	jjq	0310	lē 	LOC	adp	adp				
veraa	jjq	0310	=n	=ART	=ln	=ln				
veraa	jjq	0310	qan̄ris	oven	np:l	np		l		
veraa	jjq	0311	#		##	##				
veraa	jjq	0311	di	3SG	pro.h:a	pro	h	a		
veraa	jjq	0311	ne	TAM2:3SG	lv-pro.h:a	lv-pro	h	a		
veraa	jjq	0311	'aram	inform	v:pred	v		pred		
veraa	jjq	0311	lu	through	rv	rv				
veraa	jjq	0311	dirē	3PL	pro.h:p	pro	h	p		
veraa	jjq	0311	#nc		#nc	#nc				
veraa	jjq	0311	'e kē	oh.dear	x	x				
veraa	jjq	0312	#		##	##				
veraa	jjq	0312	ba	but	other	other				
veraa	jjq	0312	nēn	ART	ln	ln				
veraa	jjq	0312	mar...	mar...	nc	nc				
veraa	jjq	0312	'ama'	spirit	np.d:s_ds	np	d	s_ds		
veraa	jjq	0312	ē	DEM3	rn	rn				
veraa	jjq	0312	ne	TAM2:3SG	lv-pro.d:s_ds	lv-pro	d	s_ds		
veraa	jjq	0312	lama'i	know	v:pred	v		pred		
veraa	jjq	0312	so	QUOT	other	other				
veraa	jjq	0312	#ds		##ds	##ds				
veraa	jjq	0312	o	INTERJ	other	other				
veraa	jjq	0312	qiri	today	other	other				
veraa	jjq	0312	dir	3PL	pro.h:s	pro	h	s		
veraa	jjq	0312	me	FUT	lv	lv				
veraa	jjq	0312	mi'ir	sleep	v:pred	v		pred		
veraa	jjq	0312	lik	more	rv	rv				
veraa	jjq	0312	lē	LOC	adp	adp				
veraa	jjq	0312	=n	=ART	=ln	=ln				
veraa	jjq	0312	qan̄ris	oven	np:l	np		l		
veraa	jjq	0313	#ds		##ds	##ds				
veraa	jjq	0313	no	1SG	pro.1:s	pro	1	s		
veraa	jjq	0313	=m	=TAM1	=lv	=lv				
veraa	jjq	0313	kēl	back	v:pred	v		pred		
veraa	jjq	0313	ma	hither	rv	rv				
veraa	jjq	0313	qiri	today	other	other				
veraa	jjq	0314	#ds		##ds	##ds				
veraa	jjq	0314	dir	3PL	pro.h:s	pro	h	s		
veraa	jjq	0314	wo	and	other	other				
veraa	jjq	0314	gitag	not.exist 	other:pred	other		pred		
veraa	jjq	0314	lē 	LOC	adp	adp				
veraa	jjq	0314	=n	=ART	=ln	=ln				
veraa	jjq	0314	bo-re	POSS.BED-3PL	np:l	np		l		
veraa	jjq	0314	ē	DEM3	rn	rn				
veraa	jjq	0315	#ds		##ds	##ds				
veraa	jjq	0315	dir	3PL	pro.h:s	pro	h	s		
veraa	jjq	0315	lē	LOC	adp	adp				
veraa	jjq	0315	=n	=ART	=ln	=ln				
veraa	jjq	0315	qan̄ris	oven	np:predl	np		predl		
veraa	jjq	0315	#ds		##ds	##ds				
veraa	jjq	0315	no	1SG	pro.1:a	pro	1	a		
veraa	jjq	0315	me	FUT	lv	lv				
veraa	jjq	0315	vus	kill	v:pred	v		pred		
veraa	jjq	0315	dirē	3PL	pro.h:p	pro	h	p		
veraa	jjq	0315	nē	DEM1	other	other				
veraa	jjq	0316	#		##	##				
veraa	jjq	0316	dir	3PL	pro.h:s	pro	h	s		
veraa	jjq	0316	=m	=TAM1	=lv	=lv				
veraa	jjq	0316	'ōg	stay	v:pred	v		pred		
veraa	jjq	0316	asenē	MAN.DEM1.A	other	other				
veraa	jjq	0316	va-va-va-van	RED-RED-RED-go	other	other				
veraa	jjq	0316	#		##	##				
veraa	jjq	0316	ne	TAM2:3SG	lv-pro:s	lv-pro		s		
veraa	jjq	0316	revrev	evening	v:pred	v		pred		
veraa	jjq	0317	#		##	##				
veraa	jjq	0317	dir	3PL	pro.h:s	pro	h	s		
veraa	jjq	0317	=k	=TAM2	=lv	=lv				
veraa	jjq	0317	gengen	RED-eat	v:pred	v		pred		
veraa	jjq	0317	qē'	finish	rv	rv				
veraa	jjq	0318	#		##	##				
veraa	jjq	0318	Tumeren	Tumeren	np.d:s_ds	np	d	s_ds		
veraa	jjq	0318	ne	TAM2:3SG	lv-pro.d:s_ds	lv-pro	d	s_ds		
veraa	jjq	0318	tēk	speak	v:pred	v		pred		
veraa	jjq	0318	mē	DAT	adp	adp				
veraa	jjq	0318	dirē	3PL	pro.h:g	pro	h	g		
veraa	jjq	0319	#ds		##ds	##ds				
veraa	jjq	0319	no	1SG	pro.1:s	pro	1	s		
veraa	jjq	0319	=k	=TAM2	=lv	=lv				
veraa	jjq	0319	van	go	v:pred	v		pred		
veraa	jjq	0319	kal	upwards	rv	rv				
veraa	jjq	0319	kēl	back	rv	rv				
veraa	jjq	0320	#ds		##ds	##ds				
veraa	jjq	0320	no	1SG	pro.1:s	pro	1	s		
veraa	jjq	0320	=k	=TAM2	=lv	=lv				
veraa	jjq	0320	van	go	v:pred	v		pred		
veraa	jjq	0320	sar	inland	rv	rv				
veraa	jjq	0320	#ds		##ds	##ds				
veraa	jjq	0320	no	1SG	pro.1:s	pro	1	s		
veraa	jjq	0320	=k	=TAM2	=lv	=lv				
veraa	jjq	0320	'ōg'ōg	RED:stay	v:pred	v		pred		
veraa	jjq	0320	'i	DEL	rv	rv				
veraa	jjq	0320	#ds		##ds	##ds				
veraa	jjq	0320	no	1SG	pro.1:s	pro	1	s		
veraa	jjq	0320	=k	=TAM2	=lv	=lv				
veraa	jjq	0320	kēl	back	v:pred	v		pred		
veraa	jjq	0320	ma	hither	rv	rv				
veraa	jjq	0321	#ds		##ds	##ds				
veraa	jjq	0321	gidē	1PL.IN	pro.1:s	pro	1	s		
veraa	jjq	0321	=k	=TAM2	=lv	=lv				
veraa	jjq	0321	ka-kaka	RED-story	v:pred	v		pred		
veraa	jjq	0321	lik	more	other	other				
veraa	jjq	0322	#		##ds	##ds				
veraa	jjq	0322	'o	INTERJ	other	other				
veraa	jjq	0322	gitag	not.exist 	other:pred	other		pred		
veraa	jjq	0322	#		##ds	##ds				
veraa	jjq	0322	ga	STAT	lv	lv				
veraa	jjq	0322	itok	good	v:pred	v		pred		
veraa	jjq	0323	#		##	##				
veraa	jjq	0323	nē	DEM1	dem_pro:s	dem_pro		s		
veraa	jjq	0323	tēktēk	RED:speak	np:pred	np		pred		
veraa	jjq	0323	mu-n	POSS.GEN-CS	rn	rn				
veraa	jjq	0323	e	PERS.ART	rn	rn				
veraa	jjq	0323	Qo'	Qo'	rn_np.h:poss	rn_np	h	poss		
veraa	jjq	0323	nē	DEM1	other	other				
veraa	jjq	0324	#		##	##				
veraa	jjq	0324	di	3SG	pro.d:s	pro	d	s		
veraa	jjq	0324	=m	=TAM1	=lv	=lv				
veraa	jjq	0324	van	go	v:pred	v		pred		
veraa	jjq	0324	kēl	back	rv	rv				
veraa	jjq	0324	rōw	downhill	rv	rv				
veraa	jjq	0324	#		##	##				
veraa	jjq	0324	ZERO		0.d:s	0	d	s		
veraa	jjq	0324	van	go	nc	nc				
veraa	jjq	0324	ne	TAM2:3SG	lv-pro.d:s	lv-pro	d	s		
veraa	jjq	0324	van	go	v:pred	v		pred		
veraa	jjq	0324	anē	DEM1.A	other	other				
veraa	jjq	0324	#		##	##				
veraa	jjq	0324	ZERO		0.d:s	0	d	s		
veraa	jjq	0324	ne	TAM2:3SG	lv-pro.d:s	lv-pro	d	s		
veraa	jjq	0324	ōn	lie	v:pred	v		pred		
veraa	jjq	0324	sur	down	rv	rv				
veraa	jjq	0325	#		##	##				
veraa	jjq	0325	ZERO		0.d:s	0	d	s		
veraa	jjq	0325	ne	TAM2:3SG	lv-pro.d:s	lv-pro	d	s		
veraa	jjq	0325	mi'ir	sleep	v:pred	v		pred		
veraa	jjq	0325	#		##	##				
veraa	jjq	0325	ZERO		0.d:a	0	d	a		
veraa	jjq	0325	mi'ir	sleep	v:pred	v		pred		
veraa	jjq	0325	gal	lie	rv	rv				
veraa	jjq	0325	sa	EMPH	other	other				
veraa	jjq	0325	e	PERS.ART	ln	ln				
veraa	jjq	0325	raga	people	np.h:p	np	h	p		
veraa	jjq	0325	anē	DEM1	rn	rn				
veraa	jjq	0326	#		##	##				
veraa	jjq	0326	wo	and	other	other				
veraa	jjq	0326	e	PERS.ART	ln	ln				
veraa	jjq	0326	Qo'	Qo'	np.h:s_ds	np	h	s_ds		
veraa	jjq	0326	ne	TAM2:3SG	lv-pro.h:s_ds	lv-pro	h	s_ds		
veraa	jjq	0326	tēk	speak	v:pred	v		pred		
veraa	jjq	0326	mē	DAT	adp	adp				
veraa	jjq	0326	e	PERS.ART	ln	ln				
veraa	jjq	0326	raga	people	ln	ln				
veraa	jjq	0326	nō-gi	POSS.DOM-3SG 	np.h:g-pro.h:poss	np	h	g-pro.h:poss		
veraa	jjq	0327	#ds		##ds	##ds				
veraa	jjq	0327	'ei	INTERJ	other	other				
veraa	jjq	0327	gidē	1PL.IN	pro.1:s	pro	1	s		
veraa	jjq	0327	mas	PROH1	lv	lv				
veraa	jjq	0327	mi'ir	sleep	v:pred	v		pred		
veraa	jjq	0327	rōs	PROH2	rv	rv				
veraa	jjq	0327	lē 	LOC	adp	adp				
veraa	jjq	0327	=n	=ART	=ln	=ln				
veraa	jjq	0327	qan̄ris	oven	np:l	np		l		
veraa	jjq	0328	#ds		##ds	##ds				
veraa	jjq	0328	enei	now	other	other				
veraa	jjq	0328	gidē	1PL.IN	pro.1:s	pro	1	s		
veraa	jjq	0328	me	FUT	lv	lv				
veraa	jjq	0328	mul	go	v:pred	v		pred		
veraa	jjq	0328	kal	upwards	rv	rv				
veraa	jjq	0328	sagēn	up	other:g	other		g		
veraa	jjq	0329	#		##	##				
veraa	jjq	0329	dir	3PL	pro.h:s	pro	h	s		
veraa	jjq	0329	=k	=TAM2	=lv	=lv				
veraa	jjq	0329	mul	go	v:pred	v		pred		
veraa	jjq	0329	kal	upwards	rv	rv				
veraa	jjq	0329	sar	in	rv	rv				
veraa	jjq	0329	ma	hither	rv	rv				
veraa	jjq	0329	a	LOC.SP	adp	adp				
veraa	jjq	0329	=n	=ART	nc	nc				
veraa	jjq	0329	ēn	ART	nc	nc				
veraa	jjq	0329	...	...						
veraa	jjq	0329	n	ART	ln	ln				
veraa	jjq	0329	woruqruqō	struts	np:g	np		g		
veraa	jjq	0330	woruqruq	struts	np:dt_g	np		dt_g		
veraa	jjq	0330	'alē	ASS	rn	rn				
veraa	jjq	0330	=n	=ART	rn	rn				
veraa	jjq	0330	nim̄ē	house	rn_np	rn_np				
veraa	jjq	0331	#		##	##				
veraa	jjq	0331	Qo'	Qo'	np.h:a	np	h	a		
veraa	jjq	0331	ne	TAM2:3SG	lv-pro.h:a	lv-pro	h	a		
veraa	jjq	0331	din̄	flick	v:pred	v		pred		
veraa	jjq	0331	wōr	shatter	rv	rv				
veraa	jjq	0331	ēn	ART	ln	ln				
veraa	jjq	0331	wio	bamboo	np:p	np		p		
veraa	jjq	0331	#		##	##				
veraa	jjq	0331	dir	3PL	pro.h:s	pro	h	s		
veraa	jjq	0331	=k	=TAM2	=lv	=lv				
veraa	jjq	0331	kal	enter	v:pred	v		pred		
veraa	jjq	0331	lē 	LOC	adp	adp				
veraa	jjq	0331	=n	=ART	=ln	=ln				
veraa	jjq	0331	lōlō-gi	inside-3SG	np:g-pro:poss	np		g-pro:poss		
veraa	jjq	0332	#		##	##				
veraa	jjq	0332	dir	3PL	pro.h:s	pro	h	s		
veraa	jjq	0332	=k	=TAM2	=lv	=lv				
veraa	jjq	0332	kal	enter	v:pred	v		pred		
veraa	jjq	0332	lē 	LOC	adp	adp				
veraa	jjq	0332	=n	=ART	=ln	=ln				
veraa	jjq	0332	lōlō-gi	inside-3SG	np:g-pro:poss	np		g-pro:poss		
veraa	jjq	0332	#		##	##				
veraa	jjq	0332	dir	3PL	pro.h:s	pro	h	s		
veraa	jjq	0332	=m	=TAM1	=lv	=lv				
veraa	jjq	0332	mi'ir	sleep	v:pred	v		pred		
veraa	jjq	0333	#		##	##				
veraa	jjq	0333	'ama'	spirit	np.d:s	np	d	s		
veraa	jjq	0333	ē	DEM3	rn	rn				
veraa	jjq	0333	=m	=TAM1	=lv	=lv				
veraa	jjq	0333	'ō-'ōgo	RED-stay	v:pred	v		pred		
veraa	jjq	0333	#		##	##				
veraa	jjq	0333	ZERO		0.d:s	0	d	s		
veraa	jjq	0333	so	QUOT	other:pred	other		pred		
veraa	jjq	0333	#ds		##ds	##ds				
veraa	jjq	0333	enei	now	other	other				
veraa	jjq	0333	e	PERS.ART	ln	ln				
veraa	jjq	0333	raga	people	np.h:s	np	h	s		
veraa	jjq	0333	man	PFV	lv	lv				
veraa	jjq	0333	mi-mi'ir	RED-sleep	v:pred	v		pred		
veraa	jjq	0334	#		##	##				
veraa	jjq	0334	e	DISC	other	other				
veraa	jjq	0334	di	3SG	pro.d:s	pro	d	s		
veraa	jjq	0334	ne	TAM2:3SG	lv-pro.d:s	lv-pro	d	s		
veraa	jjq	0334	kēl	back	v:pred	v		pred		
veraa	jjq	0334	ma	hither	rv	rv				
veraa	jjq	0334	Tumeren	Tumeren	np.d:dt_s	np	d	dt_s		
veraa	jjq	0334	nē	DEM1	other	other				
veraa	jjq	0335	#		##	##				
veraa	jjq	0335	ZERO		0.d:s	0	d	s		
veraa	jjq	0335	kēl	back	v:pred	v		pred		
veraa	jjq	0335	ma	hither	rv	rv				
veraa	jjq	0335	#		##	##				
veraa	jjq	0335	ZERO		0.d:s	0	d	s		
veraa	jjq	0335	van	go	v:pred	v		pred		
veraa	jjq	0335	ma	hither	rv	rv				
veraa	jjq	0335	#		##	##				
veraa	jjq	0335	ZERO		0.d:s	0	d	s		
veraa	jjq	0335	van	go	v:pred	v		pred		
veraa	jjq	0335	ma	hither	rv	rv				
veraa	jjq	0335	#		##	##				
veraa	jjq	0335	ZERO		0.d:a	0	d	a		
veraa	jjq	0335	van	go	v:pred	v		pred		
veraa	jjq	0335	din̄	reach	rv	rv				
veraa	jjq	0335	ma	hither	rv	rv				
veraa	jjq	0335	=n	=ART	=ln	=ln				
veraa	jjq	0335	lōlō	inside	ln	ln				
veraa	jjq	0335	im̄ē	house	np:p	np		p		
veraa	jjq	0336	#		##	##				
veraa	jjq	0336	ZERO		0.d:s	0	d	s		
veraa	jjq	0336	rōn̄	hear	v:pred	v		pred		
veraa	jjq	0336	so	QUOT	other	other				
veraa	jjq	0336	#ds		##ds	##ds				
veraa	jjq	0336	e	PERS.ART	ln	ln				
veraa	jjq	0336	raga	people	np.h:s	np	h	s		
veraa	jjq	0336	anē	DEM1.A	rn	rn				
veraa	jjq	0336	ga	STAT	lv	lv				
veraa	jjq	0336	n̄ō-n̄ōdo	RED-snore	v:pred	v		pred		
veraa	jjq	0337	#ds		##ds.neg	##ds.neg				
veraa	jjq	0337	o	INTERJ	other	other				
veraa	jjq	0337	e	PERS.ART	ln	ln				
veraa	jjq	0337	raga	people	np.h:s	np	h	s		
veraa	jjq	0337	anē	DEM1.A	rn	rn				
veraa	jjq	0337	gitag	not.exist 	other:pred	other		pred		
veraa	jjq	0337	'ekēgēn	LOC.DEM2	other:l	other		l		
veraa	jjq	0338	#ds		##ds	##ds				
veraa	jjq	0338	dir	3PL	pro.h:s	pro	h	s		
veraa	jjq	0338	ne	?	other	other				
veraa	jjq	0338	gitag	not.exist 	other:pred	other		pred		
veraa	jjq	0338	lē 	LOC	adp	adp				
veraa	jjq	0338	=n	=ART	=ln	=ln				
veraa	jjq	0338	bo-re	POSS.BED-3PL	np:l-pro.h:poss	np		l-pro.h:poss		
veraa	jjq	0339	#ds		##ds	##ds				
veraa	jjq	0339	dir	3PL	pro.h:s	pro	h	s		
veraa	jjq	0339	lē 	LOC	adp	adp				
veraa	jjq	0339	=n	=ART	=ln	=ln				
veraa	jjq	0339	qan̄ris	oven	np:l	np		l		
veraa	jjq	0339	nē	DEM1	other	other				
veraa	jjq	0340	#		##	##				
veraa	jjq	0340	ZERO		0.d:s	0	d	s		
veraa	jjq	0340	rōw	skip	v:pred	v		pred		
veraa	jjq	0340	suwo	thither	other:g	other		g		
veraa	jjq	0340	#		##	##				
veraa	jjq	0340	ZERO		0.d:a	0	d	a		
veraa	jjq	0340	'an̄	hand.move	v:pred	v		pred		
veraa	jjq	0340	siksik	RED:search	rv	rv				
veraa	jjq	0340	dir	3PL	pro.h:p	pro	h	p		
veraa	jjq	0340	#		##	##				
veraa	jjq	0340	ZERO		0.d:a	0	d	a		
veraa	jjq	0340	'an̄	hand.move	v:pred	v		pred		
veraa	jjq	0340	siksik	RED:search	rv	rv				
veraa	jjq	0340	dirē	3PL	pro.h:p	pro	h	p		
veraa	jjq	0341	#		##	##				
veraa	jjq	0341	ZERO		0.d:a	0	d	a		
veraa	jjq	0341	sēs	root	v:pred	v		pred		
veraa	jjq	0341	'a-'ag	RED-follow	rv	rv				
veraa	jjq	0341	vir?	??	nc	nc				
veraa	jjq	0341	ēn	ART	ln	ln				
veraa	jjq	0341	qan̄ris	oven	np:p	np		p		
veraa	jjq	0341	anē	DEM1.A	rn	rn				
veraa	jjq	0341	#		##	##				
veraa	jjq	0341	ZERO		0.d:a	0	d	a		
veraa	jjq	0341	sēs	root	v:pred	v		pred		
veraa	jjq	0341	'av'avrō	?	rv	rv				
veraa	jjq	0341	=n	=ART	=ln	=ln				
veraa	jjq	0341	qan̄ris	oven	np:p	np		p		
veraa	jjq	0341	anē	DEM1.A	rn	rn				
veraa	jjq	0341	va-va-va-van	RED-RED-RED-go	other	other				
veraa	jjq	0342	#		##	##				
veraa	jjq	0342	ZERO		0.d:a	0	d	a		
veraa	jjq	0342	sēs	root	v:pred	v		pred		
veraa	jjq	0342	siksik	RED:search	rv	rv				
veraa	jjq	0342	dirē	3PL	pro.h:p	pro	h	p		
veraa	jjq	0342	vavan	RED-go	other	other				
veraa	jjq	0342	n...	n...	nc	nc				
veraa	jjq	0342	#		##	##				
veraa	jjq	0342	ZERO		0.d:a	0	d	a		
veraa	jjq	0342	siksik	RED:search	v:pred	v		pred		
veraa	jjq	0342	lēge	in.vain	rv	rv				
veraa	jjq	0342	ZERO		0.h:p	0	h	p		
veraa	jjq	0343	#		##	##				
veraa	jjq	0343	wo	and	other	other				
veraa	jjq	0343	ZERO		0.d:s	0	d	s		
veraa	jjq	0343	ne	TAM2:3SG	lv-pro.d:s	lv-pro	d	s		
veraa	jjq	0343	mulō	go	v:pred	v		pred		
veraa	jjq	0344	#		##	##				
veraa	jjq	0344	ZERO		0.d:a	0	d	a		
veraa	jjq	0344	mul	go	v:pred	v		pred		
veraa	jjq	0344	din̄	reach	rv	rv				
veraa	jjq	0344	kēl	back	rv	rv				
veraa	jjq	0344	ēn	ART	ln	ln				
veraa	jjq	0344	gamal	men's.house 	np:p	np		p		
veraa	jjq	0344	mu-gi	POSS.GEN-3SG	rn-pro.d:poss	rn-pro	d	poss		
veraa	jjq	0344	#		##	##				
veraa	jjq	0344	ZERO		0.d:s	0	d	s		
veraa	jjq	0344	ne	TAM2:3SG	lv-pro.d:s	lv-pro	d	s		
veraa	jjq	0344	mi'ir	sleep	v:pred	v		pred		
veraa	jjq	0345	#		##	##				
veraa	jjq	0345	lē 	LOC	adp	adp				
veraa	jjq	0345	=n	=ART	=ln	=ln				
veraa	jjq	0345	ma'av	morning	np:dt	np		dt		
veraa	jjq	0345	wal	once	rn	rn				
veraa	jjq	0345	va'i	still	rn	rn				
veraa	jjq	0345	nē	DEM1	other	other				
veraa	jjq	0345	e	PERS.ART	ln	ln				
veraa	jjq	0345	Qo'	Qo'	np.h:s	np	h	s		
veraa	jjq	0345	dirē	3PL	pro.h:appos	pro	h	appos		
veraa	jjq	0345	man	PFV	lv	lv				
veraa	jjq	0345	'ēqēl	descend	v:pred	v		pred		
veraa	jjq	0346	#		##	##				
veraa	jjq	0346	ZERO		0.h:s	0	h	s		
veraa	jjq	0346	man	PFV	lv	lv				
veraa	jjq	0346	kalu	exit	v:pred	v		pred		
veraa	jjq	0346	den	ABL	adp	adp				
veraa	jjq	0346	ēn	ART	ln	ln				
veraa	jjq	0346	wio	bamboo	np:obl	np		obl		
veraa	jjq	0346	#		##	##				
veraa	jjq	0346	dir	3PL	pro.h:s	pro	h	s		
veraa	jjq	0346	man	PFV	lv	lv				
veraa	jjq	0346	'ēqēl	descend	v:pred	v		pred		
veraa	jjq	0346	m̄as	INBAL?	nc	nc				
veraa	jjq	0346	#		##	##				
veraa	jjq	0346	ZERO		0.h:s	0	h	s		
veraa	jjq	0346	ver-'ōg	RCP-stay	v:pred	v		pred		
veraa	jjq	0346	'i	DEL	rv	rv				
veraa	jjq	0346	lē 	LOC	adp	adp				
veraa	jjq	0346	=n	=ART	=ln	=ln				
veraa	jjq	0346	lō..	x	nc	nc				
veraa	jjq	0346	lōlō	inside	ln	ln				
veraa	jjq	0346	im̄ē	house	np:l	np		l		
veraa	jjq	0347	#		##	##				
veraa	jjq	0347	misin	long.time	v:pred	v		pred		
veraa	jjq	0347	rōs	GEN.NEG2	rv	rv				
veraa	jjq	0347	#		#cc	#cc				
veraa	jjq	0347	e	PERS.ART	ln	ln				
veraa	jjq	0347	Tumeren	Tumeren	np.d:s	np	d	s		
veraa	jjq	0347	ne	TAM2:3SG	lv-pro.d:s	lv-pro	d	s		
veraa	jjq	0347	kēl	back	v:pred	v		pred		
veraa	jjq	0347	ma	hither	rv	rv				
veraa	jjq	0348	#		##	##				
veraa	jjq	0348	ZERO		0.d:s	0	d	s		
veraa	jjq	0348	kēl	back	v:pred	v		pred		
veraa	jjq	0348	ma	hither	rv	rv				
veraa	jjq	0348	lē	LOC	adp	adp				
veraa	jjq	0348	=n	=ART	=ln	=ln				
veraa	jjq	0348	lōlō	inside	ln	ln				
veraa	jjq	0348	im̄ē	house	np:g	np		g		
veraa	jjq	0349	#ds		##ds	##ds				
veraa	jjq	0349	ei	INTERJ	other	other				
veraa	jjq	0349	ma'av	morning	np:pred	np		pred		
veraa	jjq	0349	ga	STAT	rn	rn				
veraa	jjq	0349	wē	good	rn	rn				
veraa	jjq	0349	kimi	2TL	pro.2:voc	pro	2	voc		
veraa	jjq	0349	bulsal	friend	np.2:voc	np	2	voc		
veraa	jjq	0349	#ds		##ds	##ds				
veraa	jjq	0349	ma'av	morning	np:pred	np		pred		
veraa	jjq	0349	ga	STAT	rn	rn				
veraa	jjq	0349	wiē	good	rn	rn				
veraa	jjq	0350	#ds		##ds	##ds				
veraa	jjq	0350	'ei	INTERJ	other	other				
veraa	jjq	0350	ba	but	other	other				
veraa	jjq	0350	no	1SG	pro.1:s	pro	1	s		
veraa	jjq	0350	=m	=TAM1	=lv	=lv				
veraa	jjq	0350	van	go	v:pred	v		pred		
veraa	jjq	0350	ma	hither	rv	rv				
veraa	jjq	0350	nonoro	yesterday	other	other				
veraa	jjq	0350	lē 	LOC	adp	adp				
veraa	jjq	0350	=n	=ART	=ln	=ln				
veraa	jjq	0350	revrev	evening	np:other	np		other		
veraa	jjq	0350	#ds		##ds	##ds				
veraa	jjq	0350	kimi	2PL	pro.2:s	pro	2	s		
veraa	jjq	0350	=m	=TAM1	=lv	=lv				
veraa	jjq	0350	'ōg	stay	v:pred	v		pred		
veraa	jjq	0350	'i	DEL	rv	rv				
veraa	jjq	0350	a	LOC.SP	adp	adp				
veraa	jjq	0350	viē	where	other:l	other		l		
veraa	jjq	0351	#		##	##				
veraa	jjq	0351	ZERO		0.h:s	0	h	s		
veraa	jjq	0351	so	QUOT	other:pred	other		pred		
veraa	jjq	0351	#ds		##ds	##ds				
veraa	jjq	0351	kamam	1PL.EX:TAM1	pro.1:s	pro	1	s		
veraa	jjq	0351	mi'ir	sleep	v:pred	v		pred		
veraa	jjq	0351	wal	once	other	other				
veraa	jjq	0351	sa	EMPH	other	other				
veraa	jjq	0351	kēnei	LOC.DEM4	other:l	other		l		
veraa	jjq	0352	#ds		##ds	##ds				
veraa	jjq	0352	'ei	INTERJ	other	other				
veraa	jjq	0352	ba	but	other	other				
veraa	jjq	0352	no	1SG	pro.1:s	pro	1	s		
veraa	jjq	0352	=m	=TAM1	=lv	=lv				
veraa	jjq	0352	van	go	v:pred	v		pred		
veraa	jjq	0352	ma	hither	rv	rv				
veraa	jjq	0352	#		##	##				
veraa	jjq	0352	kimi	2PL	pro.2:s	pro	2	s		
veraa	jjq	0352	ne	??	other	other				
veraa	jjq	0352	gitag	not.exist 	other:pred	other		pred		
veraa	jjq	0352	lē	LOC	adp	adp				
veraa	jjq	0352	=n	=ART	=ln	=ln				
veraa	jjq	0352	bo-mi	POSS.BED-2PL	np:l-pro.2:poss	np		l-pro.2:poss		
veraa	jjq	0352	#ds		##ds	##ds				
veraa	jjq	0352	no	1SG	pro.1:s	pro	1	s		
veraa	jjq	0352	=m	=TAM1	=lv	=lv				
veraa	jjq	0352	van	go	v:pred	v		pred		
veraa	jjq	0352	lē 	LOC	adp	adp				
veraa	jjq	0352	=n	=ART	=ln	=ln				
veraa	jjq	0352	qan̄ris	oven	np:g	np		g		
veraa	jjq	0352	[#ds.rc		rn_#ds_rc	rn_#ds_rc				
veraa	jjq	0352	a	REL	other	other				
veraa	jjq	0352	kimi	2PL	pro.2:s	pro	2	s		
veraa	jjq	0352	=m	=TAM1	=lv	=lv				
veraa	jjq	0352	mi'ir	sleep	v:pred	v		pred		
veraa	jjq	0352	bēne	PRO.OBL	other:l	other		l		
veraa	jjq	0352	#ds		##ds.neg	##ds.neg				
veraa	jjq	0352	kimi	2PL	pro.2:s	pro	2	s		
veraa	jjq	0352	gitag	not.exist 	other:pred	other		pred		
veraa	jjq	0352	ZERO		0:l	0		l		
veraa	jjq	0353	#		##	##				
veraa	jjq	0353	Tagarlōlqōn̄	Tagarlōlqōn̄	np.h:s	np	h	s		
veraa	jjq	0353	ne	TAM2:3SG	lv-pro.d:s	lv-pro	d	s		
veraa	jjq	0353	sag	sit	v:pred	v		pred		
veraa	jjq	0353	'i	DEL	rv	rv				
veraa	jjq	0353	#		##	##				
veraa	jjq	0353	ZERO		0.h:s	0	h	s		
veraa	jjq	0353	so	QUOT	other:pred	other		pred		
veraa	jjq	0354	#ds		##ds	##ds				
veraa	jjq	0354	kamam	1PL.EX:TAM1	pro.1:s	pro	1	s		
veraa	jjq	0354	mi'ir	sleep	v:pred	v		pred		
veraa	jjq	0354	sa	EMPH	other	other				
veraa	jjq	0354	gēnē	DEM2	other:l	other		l		
veraa	jjq	0354	lē 	LOC	adp	adp				
veraa	jjq	0354	=n	=ART	=ln	=ln				
veraa	jjq	0354	wio	bamboo	np:dt_l	np		dt_l		
veraa	jjq	0355	#ds		##ds	##ds				
veraa	jjq	0355	kamam	1PL.EX:TAM1	pro.1:s	pro	1	s		
veraa	jjq	0355	mi'ir	sleep	v:pred	v		pred		
veraa	jjq	0355	a	LOC.SP	adp	adp				
veraa	jjq	0355	=n	=ART	=ln	=ln				
veraa	jjq	0355	wōruqruqō	struts	np:l	np		l		
veraa	jjq	0356	#		##	##				
veraa	jjq	0356	e	PERS.ART	ln	ln				
veraa	jjq	0356	Qo'	Qo'	np.h:s	np	h	s		
veraa	jjq	0356	so	QUOT	other:pred	other		pred		
veraa	jjq	0356	#ds		##ds	##ds				
veraa	jjq	0356	'ekē	oh.dear	other:pred	other		pred		
veraa	jjq	0357	#ds		##ds	##ds				
veraa	jjq	0357	kamam	1PL.EX	pro.1:s	pro	1	s		
veraa	jjq	0357	me	FUT	lv	lv				
veraa	jjq	0357	mi'ir	sleep	v:pred	v		pred		
veraa	jjq	0357	qiri	today	other	other				
veraa	jjq	0357	kiviē	where	other:l	other		l		
veraa	jjq	0357	lik	more	other	other				
veraa	jjq	0358	#		##	##				
veraa	jjq	0358	ba	but	other	other				
veraa	jjq	0358	e	PERS.ART	ln	ln				
veraa	jjq	0358	Qo'	Qo'	np.h:dt_s	np	h	dt_s		
veraa	jjq	0358	di	3SG	pro.h:s	pro	h	s		
veraa	jjq	0358	ga	STAT	lv	lv				
veraa	jjq	0358	lama'i	know	v:pred	v		pred		
veraa	jjq	0358	#		#cc	#cc				
veraa	jjq	0358	a	LOC.SP	adp	adp				
veraa	jjq	0358	vie	where	other:l	other		l		
veraa	jjq	0358	rekso	like	other	other				
veraa	jjq	0358	dir	3PL	pro.h:s	pro	h	s		
veraa	jjq	0358	me	FUT	lv	lv				
veraa	jjq	0358	mi'ir	sleep	v:pred	v		pred		
veraa	jjq	0358	#		##	##				
veraa	jjq	0358	ba	but	other	other				
veraa	jjq	0358	e	PERS.ART	ln	ln				
veraa	jjq	0358	raga	people	ln	ln				
veraa	jjq	0358	'i-'isi-gi	NSG-brother-3SG	np.h:s	np	h	s		
veraa	jjq	0358	so	QUOT	other:pred	other		pred		
veraa	jjq	0359	#ds		##ds	##ds				
veraa	jjq	0359	e	PERS.ART	ln	ln				
veraa	jjq	0359	ge	THING	np.h:a	np	h	a		
veraa	jjq	0359	anē	DEM1.A	rn	rn				
veraa	jjq	0359	ne	TAM2:3SG	lv-pro.h:a	lv-pro	h	a		
veraa	jjq	0359	'aram	tell	v:pred	v		pred		
veraa	jjq	0359	gidē	1PL.IN	pro.1:p	pro	1	p		
veraa	jjq	0359	#ds		##ds	##ds				
veraa	jjq	0359	ba	but	other	other				
veraa	jjq	0359	me	FUT	lv	lv				
veraa	jjq	0359	da	do	v:pred	v		pred		
veraa	jjq	0359	bēn	PRO.OBL	other	other				
veraa	jjq	0359	siviē	how	other	other				
veraa	jjq	0359	nē	DEM1	other	other				
veraa	jjq	0360	#nc		#nc	#nc				
veraa	jjq	0360	'ekē=m	place=TAM1	x	x				
veraa	jjq	0360	qō...	??	x	x				
veraa	jjq	0360	#		##	##				
veraa	jjq	0360	dir	3PL	pro.h:s	pro	h	s		
veraa	jjq	0360	=m	=TAM1	=lv	=lv				
veraa	jjq	0360	'ōg	stay	v:pred	v		pred		
veraa	jjq	0360	asēnē	MAN.DEM1.A	other	other				
veraa	jjq	0360	va-va-van	RED-RED-go	other	other				
veraa	jjq	0360	#		##	##				
veraa	jjq	0360	revrev	evening	other:pred	other		pred		
veraa	jjq	0361	#		##	##				
veraa	jjq	0361	Tumeren	Tumeren	np.d:s	np	d	s		
veraa	jjq	0361	ne	TAM2:3SG	lv-pro.d:s	lv-pro	d	s		
veraa	jjq	0361	rōw	skip	v:pred	v		pred		
veraa	jjq	0361	lu	through	rv	rv				
veraa	jjq	0361	kēl	back	rv	rv				
veraa	jjq	0361	ma	hither	rv	rv				
veraa	jjq	0361	mē	DAT	adp	adp				
veraa	jjq	0361	dirē	3PL	pro.h:g	pro	h	g		
veraa	jjq	0361	#		##	##				
veraa	jjq	0361	dir	3PL	pro.h:s	pro	h	s		
veraa	jjq	0361	=k	=TAM2	=lv	=lv				
veraa	jjq	0361	gengen	RED-eat	v:pred	v		pred		
veraa	jjq	0362	#		##	##				
veraa	jjq	0362	dir	3PL	pro.h:s	pro	h	s		
veraa	jjq	0362	=m	=TAM1	=lv	=lv				
veraa	jjq	0362	gengen	RED:eat	v:pred	v		pred		
veraa	jjq	0362	qē'	finish	rv	rv				
veraa	jjq	0363	#		##	##				
veraa	jjq	0363	di	3SG	pro.h:s_ds	pro	h	s_ds		
veraa	jjq	0363	ne	TAM2:3SG	lv-pro.h:s_ds	lv-pro	h	s_ds		
veraa	jjq	0363	tēk	speak	v:pred	v		pred		
veraa	jjq	0363	kēl	back	rv	rv				
veraa	jjq	0363	mē-n	DAT-CS	adp	adp				
veraa	jjq	0363	e	PERS.ART	ln	ln				
veraa	jjq	0363	Qo'	Qo'	np.h:g	np	h	g		
veraa	jjq	0363	so	QUOT	other	other				
veraa	jjq	0364	#ds		##ds	##ds				
veraa	jjq	0364	o	INTERJ	other	other				
veraa	jjq	0364	no	1SG	pro.1:s	pro	1	s		
veraa	jjq	0364	me	FUT	lv	lv				
veraa	jjq	0364	kēl	back	v:pred	v		pred		
veraa	jjq	0364	ma	hither	rv	rv				
veraa	jjq	0364	qiri	today	other	other				
veraa	jjq	0365	#ds		##ds	##ds				
veraa	jjq	0365	no	1SG	pro.1:s	pro	1	s		
veraa	jjq	0365	me	FUT	lv	lv				
veraa	jjq	0365	kēl	back	v:pred	v		pred		
veraa	jjq	0365	ma	hither	rv	rv				
veraa	jjq	0365	qiri	today	other	other				
veraa	jjq	0365	#ds		##ds	##ds				
veraa	jjq	0365	wo	and	other	other				
veraa	jjq	0365	du	1DL.IN	wpro.1:s	wpro	1	s		
veraa	jjq	0365	=k	=TAM2	=lv	=lv				
veraa	jjq	0365	ka-kaka	RED-talk	v:pred	v		pred		
veraa	jjq	0366	#		##	##				
veraa	jjq	0366	nei	now	other	other				
veraa	jjq	0366	=n	=ART	nc	nc				
veraa	jjq	0366	maran	daylight	nc	nc				
veraa	jjq	0366	...	...						
veraa	jjq	0366	n	ART	ln	ln				
veraa	jjq	0366	qōn̄	night	np:s	np		s		
veraa	jjq	0366	vō-ruō	NUM-two	rn	rn				
veraa	jjq	0366	man	PFV	lv	lv				
veraa	jjq	0366	van	go	v:pred	v		pred		
veraa	jjq	0366	den	ABL	rv	rv				
veraa	jjq	0367	#nc		#nc	#nc				
veraa	jjq	0367	lē	LOC =ART	x	x				
veraa	jjq	0367	=n		x	x				
veraa	jjq	0367	qōn̄	night	x	x				
veraa	jjq	0367	vō-'ōl	CARD-three	x	x				
veraa	jjq	0367	na-gi	ORD-3SG	x	x				
veraa	jjq	0367	va'anē	now	x	x				
veraa	jjq	0368	#		##	##				
veraa	jjq	0368	qōn̄	night	np:s	np		s		
veraa	jjq	0368	vō-'ōl	NUM-three	rn	rn				
veraa	jjq	0368	na-gi	ORD-3SG	rn	rn				
veraa	jjq	0368	anē	DEM1.A	rn	rn				
veraa	jjq	0368	rekso	like	rekso	rekso				
veraa	jjq	0368	=n	=ART	=ln	=ln				
veraa	jjq	0368	qēqē	last	np:pred	np		pred		
veraa	jjq	0368	na	ORD	rn	rn				
veraa	jjq	0368	qōn̄	night	rn	rn				
veraa	jjq	0368	#cc		#cc:obl	#cc		obl		
veraa	jjq	0368	'amē	ASS	other	other				
veraa	jjq	0368	dir	3PL	pro.h:s	pro	h	s		
veraa	jjq	0368	=k	=TAM2	=lv	=lv				
veraa	jjq	0368	'ōg	stay	v:pred	v		pred		
veraa	jjq	0368	a	LOC.SP	adp	adp				
veraa	jjq	0368	Lōkōno	Lōkōno	np:l	np		l		
veraa	jjq	0369	#		##	##				
veraa	jjq	0369	dōdōmia	thought	np:s	np		s		
veraa	jjq	0369	mu-n	POSS.GEN-CS	rn	rn				
veraa	jjq	0369	e	PERS.ART	rn	rn				
veraa	jjq	0369	Qo'	Qo'	rn_np.h:poss	rn_np	h	poss		
veraa	jjq	0369	#cc:pred		#cc:pred	#cc		pred		
veraa	jjq	0369	di	3SG	pro.h:s	pro	h	s		
veraa	jjq	0369	ga	STAT	lv	lv				
veraa	jjq	0369	mōrōs	want	v:pred	v		pred		
veraa	jjq	0369	#		#cc	#cc				
veraa	jjq	0369	so	CPL	other	other				
veraa	jjq	0369	di=m	3SG=TAM1	nc	nc				
veraa	jjq	0369	...	...						
veraa	jjq	0369	dir	3PL	pro.h:s	pro	h	s		
veraa	jjq	0369	=m	=TAM1	=lv	=lv				
veraa	jjq	0369	mulō	go	v:pred	v		pred		
veraa	jjq	0370	#nc		#nc	#nc				
veraa	jjq	0370	le	transfer???	x	x				
veraa	jjq	0370	asēnē	like.this	x	x				
veraa	jjq	0370	van	go	x	x				
veraa	jjq	0370	#		##	##				
veraa	jjq	0370	n	ART	ln	ln				
veraa	jjq	0370	masō-gi	time	np:other	np		other		
veraa	jjq	0370	'ekē	place	np:s	np		s		
veraa	jjq	0370	=m	=TAM1	=lv	=lv				
veraa	jjq	0370	revrev	evening	v:pred	v		pred		
veraa	jjq	0371	#		##	##				
veraa	jjq	0371	dir	3PL	pro.h:s	pro	h	s		
veraa	jjq	0371	=m	=TAM1	=lv	=lv				
veraa	jjq	0371	gengen	RED:eat	v:pred	v		pred		
veraa	jjq	0371	qē'	finish	rv	rv				
veraa	jjq	0372	#		##	##				
veraa	jjq	0372	Tumeren	Tumeren	np.h:s	np	h	s		
veraa	jjq	0372	so	QUOT	other:pred	other		pred		
veraa	jjq	0373	#ds		##ds	##ds				
veraa	jjq	0373	itok	good	v:pred	v		pred		
veraa	jjq	0373	#nc		#nc	#nc				
veraa	jjq	0373	ba	but	x	x				
veraa	jjq	0373	qōn̄	night	x	x				
veraa	jjq	0373	ga	STAT	x	x				
veraa	jjq	0373	wē	good	x	x				
veraa	jjq	0373	kimi	2PL	x	x				
veraa	jjq	0373	#		##	##				
veraa	jjq	0373	ZERO		0.d:s	0	d	s		
veraa	jjq	0373	so	QUOT	other:pred	other		pred		
veraa	jjq	0373	#ds		##ds	##ds				
veraa	jjq	0373	qōn̄	night	np:pred	np		pred		
veraa	jjq	0373	ga	STAT	rn	rn				
veraa	jjq	0373	wiē	good	rn	rn				
veraa	jjq	0374	#ds		##ds	##ds				
veraa	jjq	0374	ba	but	other	other				
veraa	jjq	0374	no	1SG	pro.1:s	pro	1	s		
veraa	jjq	0374	=k	=TAM2	=lv	=lv				
veraa	jjq	0374	van	go	v:pred	v		pred		
veraa	jjq	0374	#ds		##ds	##ds				
veraa	jjq	0374	ba	but	other	other				
veraa	jjq	0374	no	1SG	pro.1:s	pro	1	s		
veraa	jjq	0374	me	FUT	lv	lv				
veraa	jjq	0374	kēl	back	v:pred	v		pred		
veraa	jjq	0374	ma	hither	rv	rv				
veraa	jjq	0374	#ds		##ds	##ds				
veraa	jjq	0374	no	1SG	pro.1:s	pro	1	s		
veraa	jjq	0374	me	FUT	lv	lv				
veraa	jjq	0374	kēl	back	v:pred	v		pred		
veraa	jjq	0374	ma	hither	rv	rv				
veraa	jjq	0374	#ds		##ds	##ds				
veraa	jjq	0374	gidē	1PL.IN	pro.1:s	pro	1	s		
veraa	jjq	0374	=k	=TAM2	=lv	=lv				
veraa	jjq	0374	(eh)	HES	nc	nc				
veraa	jjq	0374	ka-kaka	RED-story	v:pred	v		pred		
veraa	jjq	0375	#		##	##				
veraa	jjq	0375	ZERO		0.h:s	0	h	s		
veraa	jjq	0375	so	QUOT	other:pred	other		pred		
veraa	jjq	0375	#ds		##ds	##ds				
veraa	jjq	0375	o	INTERJ	other	other				
veraa	jjq	0375	gitag	not.exist 	other:pred	other		pred		
veraa	jjq	0375	#		##ds	##ds				
veraa	jjq	0375	ga	STAT	lv	lv				
veraa	jjq	0375	itok	good	v:pred	v		pred		
veraa	jjq	0376	#		##	##				
veraa	jjq	0376	dir k	3PL=TAM1	nc	nc				
veraa	jjq	0376	...	...						
veraa	jjq	0376	Tumeren	Tumeren	np.d:s	np	d	s		
veraa	jjq	0376	ne	TAM2:3SG	lv-pro.d:s	lv-pro	d	s		
veraa	jjq	0376	kalu	exit	v:pred	v		pred		
veraa	jjq	0376	#		##	##				
veraa	jjq	0376	ZERO		0.d:s	0	d	s		
veraa	jjq	0376	ne	TAM2:3SG	lv-pro.d:s	lv-pro	d	s		
veraa	jjq	0376	mulō	go	v:pred	v		pred		
veraa	jjq	0377	#		##	##				
veraa	jjq	0377	dir	3PL	pro.h:s	pro	h	s		
veraa	jjq	0377	sagsag	RED:sit	v:pred	v		pred		
veraa	jjq	0377	'i	DEL	other	other				
veraa	jjq	0377	anē	DEM1.A	other	other				
veraa	jjq	0378	#		##	##				
veraa	jjq	0378	sōwē	DISC	other	other				
veraa	jjq	0378	e	PERS.ART	ln	ln				
veraa	jjq	0378	Qo'	Qo'	np.h:s	np	h	s		
veraa	jjq	0378	so	QUOT	other:pred	other		pred		
veraa	jjq	0379	#		##ds	##ds				
veraa	jjq	0379	sava	what	np:dt_p	np		dt_p		
veraa	jjq	0379	nom	1SG=TAM1	nc	nc				
veraa	jjq	0379	...	...						
veraa	jjq	0379	gēdē	1PL.IN	nc	nc				
veraa	jjq	0379	me	FUT	nc	nc				
veraa	jjq	0379	...	...						
veraa	jjq	0379	no	1SG	pro.1:a	pro	1	a		
veraa	jjq	0379	me	FUT	lv	lv				
veraa	jjq	0379	da	do	v:pred	v		pred		
veraa	jjq	0379	ZERO		0:p	0		p		
veraa	jjq	0379	enei	now	other	other				
veraa	jjq	0380	#		##	##				
veraa	jjq	0380	e	CC	other	other				
veraa	jjq	0380	di	3SG	pro.h:s	pro	h	s		
veraa	jjq	0380	ne	TAM2:3SG	lv-pro.h:s	lv-pro	h	s		
veraa	jjq	0380	van	go	v:pred	v		pred		
veraa	jjq	0380	ma	hither	rv	rv				
veraa	jjq	0380	a	LOC.SP	adp	adp				
veraa	jjq	0380	=n	=ART	=ln	=ln				
veraa	jjq	0380	wōqa'ag	post	np:g	np		g		
veraa	jjq	0380	vō-wal	NUM-one	rn	rn				
veraa	jjq	0380	esēgēn	MAN.DEM2.E	rn	rn				
veraa	jjq	0381	#		##	##				
veraa	jjq	0381	ZERO		0.h:a	0	h	a		
veraa	jjq	0381	ne	TAM2:3SG	lv-pro.h:a	lv-pro	h	a		
veraa	jjq	0381	din̄	flick	v:pred	v		pred		
veraa	jjq	0381	wōro	shatter	rv	rv				
veraa	jjq	0381	ZERO		0:p	0		p		
veraa	jjq	0382	#		##	##				
veraa	jjq	0382	ZERO		0.h:a	0	h	a		
veraa	jjq	0382	ne	TAM2:3SG	lv-pro.h:a	lv-pro	h	a		
veraa	jjq	0382	din̄	flick	v:pred	v		pred		
veraa	jjq	0382	wōr	shatter	rv	rv				
veraa	jjq	0382	ēn	ART	ln	ln				
veraa	jjq	0382	wōqa'ag	post	np:p	np		p		
veraa	jjq	0382	agēnē	DEM2.A	rn	rn				
veraa	jjq	0383	#		##	##				
veraa	jjq	0383	di	3SG	pro.h:s_ds	pro	h	s_ds		
veraa	jjq	0383	ne	TAM2:3SG	lv-pro.h:s_ds	lv-pro	h	s_ds		
veraa	jjq	0383	tēk	speak	v:pred	v		pred		
veraa	jjq	0383	mē-n	DAT-CS	adp	adp				
veraa	jjq	0383	e	PERS.ART	ln	ln				
veraa	jjq	0383	raga	people	ln	ln				
veraa	jjq	0383	nō-gi	POSS.DOM-3SG	np.h:g-pro.h:poss	np	h	g-pro.h:poss		
veraa	jjq	0383	so	QUOT	other	other				
veraa	jjq	0384	#ds		#nc	#nc				
veraa	jjq	0384	ZERO		x	x				
veraa	jjq	0384	'erē	PL	x	x				
veraa	jjq	0384	ma	hither	x	x				
veraa	jjq	0384	#ds		##ds	##ds				
veraa	jjq	0384	ZERO		0.2:s	0	2	s		
veraa	jjq	0384	'erē	PL	other	other				
veraa	jjq	0384	kal	enter	vother:pred	vother		pred		
veraa	jjq	0384	ba-ba'a	RED-into	rv	rv				
veraa	jjq	0384	ZERO		0:g	0		g		
veraa	jjq	0385	#		##	##				
veraa	jjq	0385	dir	3PL	pro.h:s	pro	h	s		
veraa	jjq	0385	=m	=TAM1	=lv	=lv				
veraa	jjq	0385	kal	enter	v:pred	v		pred		
veraa	jjq	0385	kal	enter	rv	rv				
veraa	jjq	0385	kal	enter	rv	rv				
veraa	jjq	0385	#		##	##				
veraa	jjq	0385	ZERO		0.h:s	0	h	s		
veraa	jjq	0385	kal	enter	v:pred	v		pred		
veraa	jjq	0385	ba-ba'a	RED-into	rv	rv				
veraa	jjq	0385	qē'	finish	rv	rv				
veraa	jjq	0385	sar	in	rv	rv				
veraa	jjq	0385	ZERO		0:g	0		g		
veraa	jjq	0386	#		##	##				
veraa	jjq	0386	qē'	finish	other	other				
veraa	jjq	0386	di	3SG	pro.h:a	pro	h	a		
veraa	jjq	0386	ne	TAM2:3SG	lv-pro.h:a	lv-pro	h	a		
veraa	jjq	0386	din̄	flick	v:pred	v		pred		
veraa	jjq	0386	ZERO		0:p	0		p		
veraa	jjq	0386	#		##	##				
veraa	jjq	0386	di	3SG	pro.h:	pro	h			
veraa	jjq	0386	ne	TAM2:3SG	lv-pro.h:s	lv-pro	h	s		
veraa	jjq	0386	kal	enter	v:pred	v		pred		
veraa	jjq	0386	ba'a	into	rv	rv				
veraa	jjq	0386	ZERO		0:g	0		g		
veraa	jjq	0386	#		##	##				
veraa	jjq	0386	wo	and	other	other				
veraa	jjq	0386	di	3SG	pro.h:a	pro	h	a		
veraa	jjq	0386	ne	TAM2:3SG	lv-pro.h:a	lv-pro	h	a		
veraa	jjq	0386	din̄	flick	v:pred	v		pred		
veraa	jjq	0386	ēn	ART	ln	ln				
veraa	jjq	0386	woqe'enge	wood	np:p	np		p		
veraa	jjq	0386	#		##	##				
veraa	jjq	0386	ZERO		0:s	0		s		
veraa	jjq	0386	ne	TAM2:3SG	lv-pro:s	lv-pro		s		
veraa	jjq	0386	bur	shut	v:pred	v		pred		
veraa	jjq	0387	#		##	##				
veraa	jjq	0387	wo	and	other	other				
veraa	jjq	0387	dir	3PL	pro.h:s	pro	h	s		
veraa	jjq	0387	=k	=TAM2	=lv	=lv				
veraa	jjq	0387	mi'ir	sleep	v:pred	v		pred		
veraa	jjq	0387	lē	LOC	adp	adp				
veraa	jjq	0387	=n	=ART	nc	nc				
veraa	jjq	0387	...	...						
veraa	jjq	0387	n	ART	ln	ln				
veraa	jjq	0387	woqa'ag	post	np:l	np		l		
veraa	jjq	0387	'alē	ASS	rn	rn				
veraa	jjq	0387	=n	=ART	rn	rn				
veraa	jjq	0387	...ēnēn	ART	nc	nc				
veraa	jjq	0387	nim̄ē	house	rn	rn				
veraa	jjq	0387	anē	DEM1.A	rn	rn				
veraa	jjq	0388	#		##	##				
veraa	jjq	0388	dir	3PL	pro.h:s	pro	h	s		
veraa	jjq	0388	=m	=TAM1	=lv	=lv				
veraa	jjq	0388	mi'ir	sleep	v:pred	v		pred		
veraa	jjq	0388	mi'ir	sleep	nc	nc				
veraa	jjq	0388	vavan	RED-go	other	other				
veraa	jjq	0388	#		##	##				
veraa	jjq	0388	n	ART	ln	ln				
veraa	jjq	0388	'ekē	place	np:s	np		s		
veraa	jjq	0388	ne	TAM2:3SG	lv-pro:s	lv-pro		s		
veraa	jjq	0388	maran	daylight	v:pred	v		pred		
veraa	jjq	0389	#		##	##				
veraa	jjq	0389	Tumeren	Tumeren	np.d:s	np	d	s		
veraa	jjq	0389	ne	TAM2:3SG	lv-pro.d:s	lv-pro	d	s		
veraa	jjq	0389	kēl	back	v:pred	v		pred		
veraa	jjq	0389	ma	hither	rv	rv				
veraa	jjq	0390	#		##	##				
veraa	jjq	0390	lē 	LOC	adp	adp				
veraa	jjq	0390	=n	=ART	=ln	=ln				
veraa	jjq	0390	ma'av	morning	np:other	np		other		
veraa	jjq	0390	wal	once	rn	rn				
veraa	jjq	0390	va'i	still	rn	rn				
veraa	jjq	0390	di	3SG	pro.d:s	pro	d	s		
veraa	jjq	0390	ne	TAM2:3SG	lv-pro.d:s	lv-pro	d	s		
veraa	jjq	0390	rōw	skip	v:pred	v		pred		
veraa	jjq	0390	lu	through	rv	rv				
veraa	jjq	0390	ma	hither	rv	rv				
veraa	jjq	0391	#ds		##ds	##ds				
veraa	jjq	0391	ma'av	morning	np:pred	np		pred		
veraa	jjq	0391	ga	STAT	rn	rn				
veraa	jjq	0391	wi	good	rn	rn				
veraa	jjq	0391	(eh)	HES	(eh)	(eh)				
veraa	jjq	0391	bulsal	friend	np.h:voc	np	h	voc		
veraa	jjq	0392	#nc		#nc	#nc				
veraa	jjq	0392	oi	INTERJ	x	x				
veraa	jjq	0393	#ds		##ds	##ds				
veraa	jjq	0393	'ei	INTERJ	other	other				
veraa	jjq	0393	ba	but	other	other				
veraa	jjq	0393	no	1SG	pro.1:s	pro	1	s		
veraa	jjq	0393	=m	=TAM1	=lv	=lv				
veraa	jjq	0393	van	go	v:pred	v		pred		
veraa	jjq	0393	ma	hither	rv	rv				
veraa	jjq	0393	lē	LOC	adp	adp				
veraa	jjq	0393	=n	=ART	=ln	=ln				
veraa	jjq	0393	qōn̄	night	np:other	np		other		
veraa	jjq	0393	#ds		##ds	##ds				
veraa	jjq	0393	kimi	2PL	pro.2:s	pro	2	s		
veraa	jjq	0393	=m	=TAM1	=lv	=lv				
veraa	jjq	0393	'ōg	stay	v:pred	v		pred		
veraa	jjq	0393	'i	DEL	rv	rv				
veraa	jjq	0393	kiviē	where	other:l	other		l		
veraa	jjq	0394	#ds		##ds	##ds				
veraa	jjq	0394	kamam	1PL.EX:TAM1	pro.1:s	pro	1	s		
veraa	jjq	0394	mi'ir	sleep	v:pred	v		pred		
veraa	jjq	0394	wal	once	other	other				
veraa	jjq	0394	sa	EMPH	other	other				
veraa	jjq	0394	kēnei	LOC.DEM4	other:l	other		l		
veraa	jjq	0395	#		##	##				
veraa	jjq	0395	Qo'	Qo'	np.h:s_ds	np	h	s_ds		
veraa	jjq	0395	ne	TAM2:3SG	lv-pro.h:s_ds	lv-pro	h	s_ds		
veraa	jjq	0395	'aram	tell	nc	nc				
veraa	jjq	0395	mē	DAT	nc	nc				
veraa	jjq	0395	dirē	3PL	nc	nc				
veraa	jjq	0395	...	...						
veraa	jjq	0395	'aram	tell	v:pred	v		pred		
veraa	jjq	0395	mē	DAT	adp	adp				
veraa	jjq	0395	diē	3SG	pro.d:g	pro	d	g		
veraa	jjq	0395	so	QUOT	other	other				
veraa	jjq	0396	#ds		##ds.neg	##ds.neg				
veraa	jjq	0396	kamam	1PL.EX	pro.1:s	pro	1	s		
veraa	jjq	0396	e	GEN.NEG1	lv	lv				
veraa	jjq	0396	mi-mi'ir	RED-sleep	v:pred	v		pred		
veraa	jjq	0396	rōs	GEN.NEG2	rv	rv				
veraa	jjq	0396	a	LOC.SP	adp	adp				
veraa	jjq	0396	viē	where	other:l	other		l		
veraa	jjq	0396	#ds		##ds	##ds				
veraa	jjq	0396	kamam	1PL.EX:TAM1	pro.1:s	pro	1	s		
veraa	jjq	0396	mi'ir	sleep	v:pred	v		pred		
veraa	jjq	0396	wal	once	other	other				
veraa	jjq	0396	sa	EMPH	other	other				
veraa	jjq	0396	kēnei	LOC.DEM4	other:l	other		l		
veraa	jjq	0397	#ds		##ds	##ds				
veraa	jjq	0397	kamam	1PL.EX:TAM1	pro.1:s	pro	1	s		
veraa	jjq	0397	mi'ir	sleep	v:pred	v		pred		
veraa	jjq	0397	sa	EMPH	other	other				
veraa	jjq	0397	lē 	LOC	adp	adp				
veraa	jjq	0397	=n	=ART	=ln	=ln				
veraa	jjq	0397	'ōnō	place	np:l	np		l		
veraa	jjq	0397	mi-mi'ir	RED-sleep	rn	rn				
veraa	jjq	0397	nō-mam	POSS.DOM-1PL.EX	rn-pro.1:poss	rn-pro	1	poss		
veraa	jjq	0397	anē	DEM1.A	rn	rn				
veraa	jjq	0398	#		##	##				
veraa	jjq	0398	(eh)	HES	nc	nc				
veraa	jjq	0398	Tagarlōlqōn̄	Tagarlōlqōn̄	np.h:s	np	h	s		
veraa	jjq	0398	ne	TAM2:3SG	lv-pro.h:s	lv-pro	h	s		
veraa	jjq	0398	sag	sit	v:pred	v		pred		
veraa	jjq	0398	'i	DEL	rv	rv				
veraa	jjq	0398	#		##	##				
veraa	jjq	0398	ZERO		0.h:s	0	h	s		
veraa	jjq	0398	so	QUOT	other:pred	other		pred		
veraa	jjq	0399	#ds.neg		##ds.neg	##ds.neg				
veraa	jjq	0399	'oōo	no	other	other				
veraa	jjq	0399	kamam	1PL.EX	pro.1:s	pro	1	s		
veraa	jjq	0399	mi-mi'ir	RED-sleep	v:pred	v		pred		
veraa	jjq	0399	rōs	GEN.NEG2	rv	rv				
veraa	jjq	0399	kēnē	LOC.DEM1	other:l	other		l		
veraa	jjq	0399	#ds		##ds	##ds				
veraa	jjq	0399	kamam	1PL.EX:TAM1	pro.1:s	pro	1	s		
veraa	jjq	0399	mi-mi'ir	RED-sleep	v:pred	v		pred		
veraa	jjq	0399	sa	EMPH	other	other				
veraa	jjq	0399	lē	LOC	adp	adp				
veraa	jjq	0399	=n	=ART	=ln	=ln				
veraa	jjq	0399	woqa'aga	post	np:l	np		l		
veraa	jjq	0399	#ds.rc		rn_#ds_rc	rn_#ds_rc				
veraa	jjq	0399	ZERO		0:s	0		s		
veraa	jjq	0399	=s	=SIM	=lv	=lv				
veraa	jjq	0399	'ir	stand	v:pred	v		pred		
veraa	jjq	0399	'i	DEL	rv]	rv]				
veraa	jjq	0399	anē	DEM1.A	rn	rn				
veraa	jjq	0400	#		#nc	#nc				
veraa	jjq	0400	lē 	LOC =ART	x	x				
veraa	jjq	0400	=n		x	x				
veraa	jjq	0400	wal	once	x	x				
veraa	jjq	0400	wōr	broken	x	x				
veraa	jjq	0400	ēn	ART	x	x				
veraa	jjq	0400	nōqō	nōqō	x	x				
veraa	jjq	0400	im̄ē	?	x	x				
veraa	jjq	0400	anē	this	x	x				
veraa	jjq	0400	#		##ds	##ds				
veraa	jjq	0400	wōqa'ag	post	np:dt_l	np		dt_l		
veraa	jjq	0400	qi'iē	head	rn	rn				
veraa	jjq	0400	anē	DEM1.A	rn	rn				
veraa	jjq	0400	kamam	1PL.EX:TAM1	pro.1:s	pro	1	s		
veraa	jjq	0400	mi'ir	sleep	v:pred	v		pred		
veraa	jjq	0400	wal	once	other	other				
veraa	jjq	0400	sa	EMPH	other	other				
veraa	jjq	0400	kēnē	LOC.DEM1	other:l	other		l		
veraa	jjq	0401	#ds		##ds	##ds				
veraa	jjq	0401	'ekē	oh.dear	other	other				
veraa	jjq	0401	e	PERS.ART	ln	ln				
veraa	jjq	0401	raga	people	np.h:dt_p	np	h	dt_p		
veraa	jjq	0401	anē	DEM1.A	rn	rn				
veraa	jjq	0401	no	1SG	pro.1:a	pro	1	a		
veraa	jjq	0401	me	FUT	lv	lv				
veraa	jjq	0401	vus	kill	v:pred	v		pred		
veraa	jjq	0401	dir	3PL	pro.h:p	pro	h	p		
veraa	jjq	0401	siviē	how	other	other				
veraa	jjq	0402	#ds		##ds	##ds				
veraa	jjq	0402	no	1SG	pro.1:s	pro	1	s		
veraa	jjq	0402	=k	=TAM2	=lv	=lv				
veraa	jjq	0402	van	go	v:pred	v		pred		
veraa	jjq	0402	'ekēgēn	LOC.DEM2	other:g	other		g		
veraa	jjq	0402	#nc		#nc	#nc				
veraa	jjq	0402	nēn	nēn	x	x				
veraa	jjq	0402	dōdōmia	thought	x	x				
veraa	jjq	0402	mu	POSS.GEN	x	x				
veraa	jjq	0402	'ama'	spirit	x	x				
veraa	jjq	0403	#ds		##ds	##ds				
veraa	jjq	0403	no	1SG	pro.1:s	pro	1	s		
veraa	jjq	0403	=k	=TAM2	lv	lv				
veraa	jjq	0403	van	go	v:pred	v		pred		
veraa	jjq	0403	kēgēn	LOC.DEM2	other:g	other		g		
veraa	jjq	0403	#ds		##ds.neg	##ds.neg				
veraa	jjq	0403	dir	3PL	pro.h:s	pro	h	s		
veraa	jjq	0403	gitag	not.exist 	other:pred	other		pred		
veraa	jjq	0403	ZERO		0:l	0		l		
veraa	jjq	0403	#ds		##ds	##ds				
veraa	jjq	0403	no	1SG	pro.1:s	pro	1	s		
veraa	jjq	0403	=k	=TAM2	=lv	=lv				
veraa	jjq	0403	van	go	v:pred	v		pred		
veraa	jjq	0403	ma	hither	rv	rv				
veraa	jjq	0403	lē	LOC	adp	adp				
veraa	jjq	0403	=n	=ART	=ln	=ln				
veraa	jjq	0403	qan̄ris	oven	np:g	np		g		
veraa	jjq	0403	#		##	##				
veraa	jjq	0403	ZERO		0.h:s	0	h	s		
veraa	jjq	0403	gitag	not.exist 	other:pred	other		pred		
veraa	jjq	0403	ZERO		0:l	0		l		
veraa	jjq	0404	#ds		##ds	##ds				
veraa	jjq	0404	no	1SG	pro.1:s	pro	1	s		
veraa	jjq	0404	=k	=TAM2	=lv	=lv				
veraa	jjq	0404	gis	hold	v:pred	v		pred		
veraa	jjq	0404	a	LOC.SP	adp	adp				
veraa	jjq	0404	=n	=ART	=ln	=ln				
veraa	jjq	0404	'erē	PL	ln	ln				
veraa	jjq	0404	wio	bamboo	np:obl	np		obl		
veraa	jjq	0404	#ds		##ds	##ds				
veraa	jjq	0404	no	1SG	pro.1:a	pro	1	a		
veraa	jjq	0404	=k	=TAM2	=lv	=lv				
veraa	jjq	0404	ses	root	v:pred	v		pred		
veraa	jjq	0404	'ev-'ev'ē	RED-throw.out	rv	rv				
veraa	jjq	0404	qē	finish	rv	rv				
veraa	jjq	0404	=n	=ART	=ln	=ln				
veraa	jjq	0404	nim̄ē	house	np:p	np		p		
veraa	jjq	0404	#		##	##				
veraa	jjq	0404	ZERO		0.h:s	0	h	s		
veraa	jjq	0404	ne	?	other	other				
veraa	jjq	0404	gitag	not.exist 	other:pred	other		pred		
veraa	jjq	0405	#nc		#nc	#nc				
veraa	jjq	0405	no	1SG=TAM2	x	x				
veraa	jjq	0405	=k		x	x				
veraa	jjq	0405	van	go	x	x				
veraa	jjq	0405	'a	LOC.SP=ART	x	x				
veraa	jjq	0405	=n		x	x				
veraa	jjq	0405	wō...	wō...	x	x				
veraa	jjq	0405	n...no	n...1SG	x	x				
veraa	jjq	0405	...	...						
veraa	jjq	0405	#ds.neg		##ds.neg	##ds.neg				
veraa	jjq	0405	no	1SG	pro.1:a	pro	1	a		
veraa	jjq	0405	soksok	RED:scan	v:pred	v		pred		
veraa	jjq	0405	sier	realise	rv	rv				
veraa	jjq	0405	rōs	GEN.NEG2	rv	rv				
veraa	jjq	0405	dirē	3PL	pro.h:p	pro	h	p		
veraa	jjq	0406	#ds		##ds	##ds				
veraa	jjq	0406	o	INTERJ	other	other				
veraa	jjq	0406	wo	and	other	other				
veraa	jjq	0406	kimi	2PL	pro.2:s	pro	2	s		
veraa	jjq	0406	wo	and	other	other				
veraa	jjq	0406	=m	=TAM1	=lv	=lv				
veraa	jjq	0406	mi'ir	sleep	v:pred	v		pred		
veraa	jjq	0406	wal	once	other	other				
veraa	jjq	0406	lē 	LOC	adp	adp				
veraa	jjq	0406	=n	=ART	=ln	=ln				
veraa	jjq	0406	woqa'ag	post	np:l	np		l		
veraa	jjq	0406	qi'iē	head	rn	rn				
veraa	jjq	0407	#ds		##ds	##ds				
veraa	jjq	0407	itok	good	v:pred	v		pred		
veraa	jjq	0408	#nc		#nc	#nc				
veraa	jjq	0408	rekso	like	other	other				
veraa	jjq	0408	=n	=ART	=ln	=ln				
veraa	jjq	0408	dōdōmia	thought	np:pred	np		pred		
veraa	jjq	0408	mu	POSS.GEN	rn	rn				
veraa	jjq	0408	'ama'	spirit	rn_np.d:poss	rn_np	d	poss		
veraa	jjq	0408	nē	DEM1	dem_pro:s	dem_pro		s		
veraa	jjq	0408	#		##	##				
veraa	jjq	0408	di	3SG	pro.d:s	pro	d	s		
veraa	jjq	0408	ne	TAM2:3SG	lv-pro.d:s	lv-pro	d	s		
veraa	jjq	0408	dō-dōm	RED-thought	v:pred	v		pred		
veraa	jjq	0408	rō-rōn̄	RED-feel	rv	rv				
veraa	jjq	0408	wuva	only	other	other				
veraa	jjq	0408	#		##	##				
veraa	jjq	0408	ba	but	other	other				
veraa	jjq	0408	di	3SG	pro.d:a	pro	d	a		
veraa	jjq	0408	e	NEG.GEN1	lv	lv				
veraa	jjq	0408	tēktēk	RED:speak	nc	nc				
veraa	jjq	0408	rōs	GEN.NEG2	nc	nc				
veraa	jjq	0408	mē-n	DAT-CS	nc	nc				
veraa	jjq	0408	e	PERS.ART	nc	nc				
veraa	jjq	0408	...	...						
veraa	jjq	0408	'aram	tell	v:pred	v		pred		
veraa	jjq	0408	rōs	GEN.NEG2	rv	rv				
veraa	jjq	0408	ēn	ART	ln	ln				
veraa	jjq	0408	dōdōmia	thought	np:p	np		p		
veraa	jjq	0408	mu-gi	POSS.GEN-3SG	rn-pro.d:poss	rn-pro	d	poss		
veraa	jjq	0408	mē-n	DAT-CS	adp	adp				
veraa	jjq	0408	e	PERS.ART	ln	ln				
veraa	jjq	0408	raga	people	np.h:g	np	h	g		
veraa	jjq	0408	ē	DEM3	rn	rn				
veraa	jjq	0408	#		##	##				
veraa	jjq	0408	di	3SG	pro.h:a	pro	h	a		
veraa	jjq	0408	ga	STAT	lv	lv				
veraa	jjq	0408	gis	hold	v:pred	v		pred		
veraa	jjq	0408	rō-rōn̄	RED-feel	rv	rv				
veraa	jjq	0408	ZERO		0:p	0		p		
veraa	jjq	0408	#		##	##				
veraa	jjq	0408	ba	but	other	other				
veraa	jjq	0408	Qo'	Qo'	np.h:dt_a	np	h	dt_a		
veraa	jjq	0408	di	3SG	pro.h:a	pro	h	a		
veraa	jjq	0408	ga	STAT	lv	lv				
veraa	jjq	0408	galgal	RED:lie	v:pred	v		pred		
veraa	jjq	0408	diē	3SG	pro.d:p	pro	d	p		
veraa	jjq	0409	#		##	##				
veraa	jjq	0409	Qo'	Qo'	np.h:dt_a	np	h	dt_a		
veraa	jjq	0409	di	3SG	pro.h:a	pro	h	a		
veraa	jjq	0409	ga	STAT	lv	lv				
veraa	jjq	0409	galgal	RED:lie	v:pred	v		pred		
veraa	jjq	0409	di	3SG	pro.d:p	pro	d	p		
veraa	jjq	0409	so	QUOT	other	other				
veraa	jjq	0410	#ds		##ds	##ds				
veraa	jjq	0410	e	PERS.ART	ln	ln				
veraa	jjq	0410	ge	THING	np.d:s	np	d	s		
veraa	jjq	0410	anē	DEM1.A	rn	rn				
veraa	jjq	0410	=s	=SIM	=lv	=lv				
veraa	jjq	0410	dada	RED:do	v:pred	v		pred		
veraa	jjq	0410	mē	DAT	adp	adp				
veraa	jjq	0410	kamam	1PL.EX	pro.1:obl	pro	1	obl		
veraa	jjq	0410	#ds		##ds	##ds				
veraa	jjq	0410	ē	CC	other	other				
veraa	jjq	0410	di	3SG	pro.d:a	pro	d	a		
veraa	jjq	0410	ne	TAM2:3SG	lv-pro.d:a	lv-pro	d	a		
veraa	jjq	0410	du-durug	RED-betray	v:pred	v		pred		
veraa	jjq	0410	kamam	1PL.EX	pro.1:p	pro	1	p		
veraa	jjq	0410	#ds		##ds	##ds				
veraa	jjq	0410	di	3SG	pro.d:a	pro	d	a		
veraa	jjq	0410	ga	STAT	lv	lv				
veraa	jjq	0410	mōrōs	want	v:pred	v		pred		
veraa	jjq	0410	vus	kill	rv	rv				
veraa	jjq	0410	kamam	1PL.EX	pro.1:p	pro	1	p		
veraa	jjq	0411	#ds		##ds	##ds				
veraa	jjq	0411	ba	but	other	other				
veraa	jjq	0411	ga	STAT	lv	lv				
veraa	jjq	0411	itok	good	v:pred	v		pred		
veraa	jjq	0412	#ds		#nc	#nc				
veraa	jjq	0412	si	or	other	other				
veraa	jjq	0412	wo	and	other	other				
veraa	jjq	0412	nikē	2SG	pro.2:dt	pro	2	dt		
veraa	jjq	0412	wo	and	other	other				
veraa	jjq	0412	nik	2SG	pro.2:a	pro	2	a		
veraa	jjq	0412	=s	=SIM	=lv	=lv				
veraa	jjq	0412	vus	kill	v:pred	v		pred		
veraa	jjq	0412	kamam	1PL.EX	pro.1:p	pro	1	p		
veraa	jjq	0412	#ds		##ds.neg	##ds.neg				
veraa	jjq	0412	ba	but	other	other				
veraa	jjq	0412	si	or	other	other				
veraa	jjq	0412	e	PER.ART	ln	ln				
veraa	jjq	0412	no	1SG	pro.1:dt	pro	1	dt		
veraa	jjq	0412	nik	2SG	pro.2:a	pro	2	a		
veraa	jjq	0412	mas	INABIL1	lv	lv				
veraa	jjq	0412	vus	kill	v:pred	v		pred		
veraa	jjq	0412	m̄as	INABIL2	rv	rv				
veraa	jjq	0412	kamam	1PL.EX	pro.1:p	pro	1	p		
veraa	jjq	0413	#		##	##				
veraa	jjq	0413	nē	DEM	dem_pro:s	dem_pro		s		
veraa	jjq	0413	=n	=ART	=ln	=ln				
veraa	jjq	0413	qōn̄	night	np:pred	np		pred		
veraa	jjq	0413	ne	NUM.ART	rn	rn				
veraa	jjq	0413	vō-'ōl	NUM-three	rn	rn				
veraa	jjq	0413	va'agēn	TEMP.DEM2	other	other				
veraa	jjq	0414	#		##	##				
veraa	jjq	0414	ZERO		0:s	0		s		
veraa	jjq	0414	qēqē	last	np:pred	np		pred		
veraa	jjq	0414	na	ORD	rn	rn				
veraa	jjq	0414	qōn̄	night	rn	rn				
veraa	jjq	0415	#		##	##				
veraa	jjq	0415	ZERO		0:s	0		s		
veraa	jjq	0415	qēqē	RED-finish	np:pred	np		pred		
veraa	jjq	0415	na	ORD	rn	rn				
veraa	jjq	0415	qōn̄	night	rn	rn				
veraa	jjq	0415	#rc		rn_#rc	rn_#rc				
veraa	jjq	0415	dir	3PL	pro.h:s	pro	h	s		
veraa	jjq	0415	=m	=TAM1	=lv	=lv				
veraa	jjq	0415	mi'ir	sleep	v:pred	v		pred		
veraa	jjq	0415	bēne	PRO.OBL	other:obl	other		obl		
veraa	jjq	0416	#		##	##				
veraa	jjq	0416	'ekē	place	np:s	np		s		
veraa	jjq	0416	=m	=TAM1	=lv	=lv				
veraa	jjq	0416	ma'ava	morning	v:pred	v		pred		
veraa	jjq	0417	#		##	##				
veraa	jjq	0417	masō-gi	time-3SG	np:other	np		other		
veraa	jjq	0417	Tumeren	Tumeren	np.d:dt_s	np	d	dt_s		
veraa	jjq	0417	di	3SG	pro.d:s	pro	d	s		
veraa	jjq	0417	=m	=TAM1	=lv	=lv				
veraa	jjq	0417	rōw	skip	v:pred	v		pred		
veraa	jjq	0417	kēl	back	rv	rv				
veraa	jjq	0417	lik	more	rv	rv				
veraa	jjq	0417	ma	hither	rv	rv				
veraa	jjq	0417	mē	DAT	adp	adp				
veraa	jjq	0417	dirē	3PL	pro.h:g	pro	h	g		
veraa	jjq	0418	#		##	##				
veraa	jjq	0418	nei	now	other	other				
veraa	jjq	0418	dir	3PL	pro.h:s	pro	h	s		
veraa	jjq	0418	=m	=TAM1	=lv	=lv				
veraa	jjq	0418	kalu	exit	v:pred	v		pred		
veraa	jjq	0418	den	ABL	adp	adp				
veraa	jjq	0418	ēn	ART	ln	ln				
veraa	jjq	0418	wō'il	tree.sp	np:obl	np		obl		
veraa	jjq	0418	wō'il	tree.sp	np:dt_obl	np		dt_obl		
veraa	jjq	0418	varvar	RED:tread	rn	rn				
veraa	jjq	0418	'a	ASS.SP	rn	rn				
veraa	jjq	0418	=n	=ART	rn	rn				
veraa	jjq	0418	qē	end	rn	rn				
veraa	jjq	0418	im̄ē	house	rn	rn				
veraa	jjq	0419	#		##	##				
veraa	jjq	0419	dir	3PL	pro.h:s	pro	h	s		
veraa	jjq	0419	=m	=TAM1	=lv	=lv				
veraa	jjq	0419	'isiw	dismount	v:pred	v		pred		
veraa	jjq	0419	ma	hither	rv	rv				
veraa	jjq	0419	#		##	##				
veraa	jjq	0419	dir	3PL	pro.h:s	pro	h	s		
veraa	jjq	0419	=k	=TAM2	=lv	=lv				
veraa	jjq	0419	sag	sit	v:pred	v		pred		
veraa	jjq	0419	'i	DEL	rv	rv				
veraa	jjq	0420	#		##	##				
veraa	jjq	0420	masō-gi	time-3SG	np:other	np		other		
veraa	jjq	0420	e	PERS.ART	ln	ln				
veraa	jjq	0420	Tumeren	Tumeren	np.d:dt_s	np	d	dt_s		
veraa	jjq	0420	di	3SG	pro.d:s	pro	d	s		
veraa	jjq	0420	=m	=TAM1	=lv	=lv				
veraa	jjq	0420	kēl	back	v:pred	v		pred		
veraa	jjq	0420	ma	hither	rv	rv				
veraa	jjq	0420	#		##	##				
veraa	jjq	0420	di	3SG	pro.h:a	pro	h	a		
veraa	jjq	0420	=m	=TAM1	=lv	=lv				
veraa	jjq	0420	'ēn	see	v:pred	v		pred		
veraa	jjq	0420	kēl	back	rv	rv				
veraa	jjq	0420	dirē	3PL	pro.h:p	pro	h	p		
veraa	jjq	0421	#ds		##ds	##ds				
veraa	jjq	0421	'ei	INTERJ	other	other				
veraa	jjq	0421	kimi	2PL	pro.2:s	pro	2	s		
veraa	jjq	0421	=m	=TAM1	=lv	=lv				
veraa	jjq	0421	mi'ir	sleep	v:pred	v		pred		
veraa	jjq	0421	kiviē	where	other:l	other		l		
veraa	jjq	0421	lē 	LOC	adp	adp				
veraa	jjq	0421	=n	=ART	=ln	=ln				
veraa	jjq	0421	qōn̄	night	np:other	np		other		
veraa	jjq	0422	#ds		##ds	##ds				
veraa	jjq	0422	kamam	1PL.EX:TAM1	pro.1:s	pro	1	s		
veraa	jjq	0422	mi'ir	sleep	v:pred	v		pred		
veraa	jjq	0422	wal	once	other	other				
veraa	jjq	0422	sa	EMPH	other	other				
veraa	jjq	0422	kēnei	LOC.DEM4	other:l	other		l		
veraa	jjq	0423	#ds		##ds	##ds				
veraa	jjq	0423	kamam	1PL.EX:TAM1	pro.1:s	pro	1	s		
veraa	jjq	0423	mul	go	v:pred	v		pred		
veraa	jjq	0423	lik	more	rv	rv				
veraa	jjq	0423	'i	DEL	rv	rv				
veraa	jjq	0423	a	LOC.SP	adp	adp				
veraa	jjq	0423	viē	where	other:g	other		g		
veraa	jjq	0424	#ds		##ds	##ds				
veraa	jjq	0424	kamam	1PL.EX	pro.1:dt_poss	pro	1	dt_poss		
veraa	jjq	0424	ne	?	other	other				
veraa	jjq	0424	gitag	not.exist 	other:pred	other		pred		
veraa	jjq	0424	ēn	ART	ln	ln				
veraa	jjq	0424	m̄o-mam	POSS.HOUSE-1PL.EX	np:s-pro.1:poss	np		s-pro.1:poss		
veraa	jjq	0424	#ds		##ds_cc	##ds_cc				
veraa	jjq	0424	so	CPL	other	other				
veraa	jjq	0424	kamam	1PL.EX:TAM1	pro.1:s	pro	1	s		
veraa	jjq	0424	mul	go	v:pred	v		pred		
veraa	jjq	0424	kēkē	on.top	rv	rv				
veraa	jjq	0424	sisiē	different	rv	rv				
veraa	jjq	0425	#ds		##ds	##ds				
veraa	jjq	0425	kamam	1PL.EX	pro.1:s	pro	1	s		
veraa	jjq	0425	ga	STAT	lv	lv				
veraa	jjq	0425	mi'ir	sleep	v:pred	v		pred		
veraa	jjq	0425	wal	once	other	other				
veraa	jjq	0425	sa	EMPH	other	other				
veraa	jjq	0425	lē	LOC	adp	adp				
veraa	jjq	0425	=n	=ART	=ln	=ln				
veraa	jjq	0425	nim̄ē	house	np:l	np		l		
veraa	jjq	0425	anē	DEM1.A	rn	rn				
veraa	jjq	0426	#ds		##ds	##ds				
veraa	jjq	0426	ba	but	other	other				
veraa	jjq	0426	no	1SG	pro.1:s	pro	1	s		
veraa	jjq	0426	=m	=TAM1	=lv	=lv				
veraa	jjq	0426	van	go	v:pred	v		pred		
veraa	jjq	0426	ma	hither	rv	rv				
veraa	jjq	0426	lē	LOC	adp	adp				
veraa	jjq	0426	=n	=ART	=ln	=ln				
veraa	jjq	0426	qōn̄	night	np:other	np		other		
veraa	jjq	0426	#ds		##ds.neg	##ds.neg				
veraa	jjq	0426	no	1SG	pro.1:a	pro	1	a		
veraa	jjq	0426	sok	scan	v:pred	v		pred		
veraa	jjq	0426	sier	realise	rv	rv				
veraa	jjq	0426	rōs	GEN.NEG2	rv	rv				
veraa	jjq	0426	kimi	2PL	pro.2:p	pro	2	p		
veraa	jjq	0426	#ds		##ds	##ds				
veraa	jjq	0426	no	1SG	pro.1:s	pro	1	s		
veraa	jjq	0426	=m	=TAM1	=lv	=lv				
veraa	jjq	0426	van	go	v:pred	v		pred		
veraa	jjq	0427	#ds		##ds	##ds				
veraa	jjq	0427	no	1SG	pro.1:a	pro	1	a		
veraa	jjq	0427	=m	=TAM1	=lv	=lv				
veraa	jjq	0427	ses	root	v:pred	v		pred		
veraa	jjq	0427	ēn	ART	ln	ln				
veraa	jjq	0427	qan̄ris	oven	np:p	np		p		
veraa	jjq	0427	#ds		##ds	##ds				
veraa	jjq	0427	no	1SG	pro.1:s	pro	1	s		
veraa	jjq	0427	=m	=TAM1	=lv	=lv				
veraa	jjq	0427	van	go	v:pred	v		pred		
veraa	jjq	0427	lē 	LOC	adp	adp				
veraa	jjq	0427	=n	=ART	=ln	=ln				
veraa	jjq	0427	wōruqruqō	struts	np:g	np		g		
veraa	jjq	0427	#ds		##ds	##ds				
veraa	jjq	0427	no	1SG	pro.1:s	pro	1	s		
veraa	jjq	0427	=m	=TAM1	=lv	=lv				
veraa	jjq	0427	van	go	v:pred	v		pred		
veraa	jjq	0427	a	LOC.SP	adp	adp				
veraa	jjq	0427	=n	=ART	=ln	=ln				
veraa	jjq	0427	wōqa'ag	post	np:g	np		g		
veraa	jjq	0427	qi'iē	head	rn	rn				
veraa	jjq	0427	#ds		##ds.neg	##ds.neg				
veraa	jjq	0427	no	1SG	pro.1:a	pro	1	a		
veraa	jjq	0427	'ēn	see	v:pred	v		pred		
veraa	jjq	0427	qē'	finish	rv	rv				
veraa	jjq	0427	rōs	GEN.NEG3	rv	rv				
veraa	jjq	0427	kimi	2PL	pro.2:p	pro	2	p		
veraa	jjq	0428	#		##	##				
veraa	jjq	0428	wo	and	other	other				
veraa	jjq	0428	e	PERS.ART	ln	ln				
veraa	jjq	0428	Tagarlōlqōn̄	Tagarlōlqōn̄	np.h:s	np	h	s		
veraa	jjq	0428	m	TAM1	lv	lv				
veraa	jjq	0428	sag	sit	v:pred	v		pred		
veraa	jjq	0428	'i	DEL	rv	rv				
veraa	jjq	0428	#		##	##				
veraa	jjq	0428	ZERO		0.h:s	0	h	s		
veraa	jjq	0428	so	QUOT	other:pred	other		pred		
veraa	jjq	0428	#ds		##ds	##ds				
veraa	jjq	0428	'o	INTERJ	other	other				
veraa	jjq	0428	kamam	1PL.EX:TAM1	pro.1:s	pro	1	s		
veraa	jjq	0428	mi'ir	sleep	v:pred	v		pred		
veraa	jjq	0428	sag	up	rv	rv				
veraa	jjq	0428	a	LOC.SP	adp	adp				
veraa	jjq	0428	=n	=ART	=ln	=ln				
veraa	jjq	0428	qē	end	np:l	np		l		
veraa	jjq	0428	im̄ē	house	rn	rn				
veraa	jjq	0428	a	LOC.SP	adp	adp				
veraa	jjq	0428	=n	=ART	=ln	=ln				
veraa	jjq	0428	wō'il	k.o.tree	np:l	np		l		
veraa	jjq	0428	varvar	RED:tread	rn	rn				
veraa	jjq	0428	a	LOC.SP	adp	adp				
veraa	jjq	0428	sagēnē	up.here	other:l	other		l		
veraa	jjq	0429	#		##	##				
veraa	jjq	0429	sōw	DISC	other	other				
veraa	jjq	0429	va'anē	now	other	other				
veraa	jjq	0429	...	...						
veraa	jjq	0429	qē'	finish	other	other				
veraa	jjq	0429	duru	3DL	pro.h:s	pro	h	s		
veraa	jjq	0429	=k	=TAM2	=lv	=lv				
veraa	jjq	0429	qē'ēg	begin	v:pred	v		pred		
veraa	jjq	0429	ver-isē	RCP-fight	rv	rv				
veraa	jjq	0429	va'anē	TEMP.DEM1	other	other				
veraa	jjq	0430	#		##	##				
veraa	jjq	0430	duru	3DL	pro.h:s	pro	h	s		
veraa	jjq	0430	=m	=TAM1	=lv	=lv				
veraa	jjq	0430	qē'ēg	begin	v:pred	v		pred		
veraa	jjq	0430	ver-isē	RCP-fight	rv	rv				
veraa	jjq	0430	#		##	##				
veraa	jjq	0430	ZERO		0.d:s	0	d	s		
veraa	jjq	0430	so	QUOT	other:pred	other		pred		
veraa	jjq	0430	#ds		##ds	##ds				
veraa	jjq	0430	itok	good	v:pred	v		pred		
veraa	jjq	0431	#ds		##ds	##ds				
veraa	jjq	0431	ZERO		pro.1:s	pro	1	s		
veraa	jjq	0431	wo	and	other	other				
veraa	jjq	0431	=m	=TAM1	=lv	=lv				
veraa	jjq	0431	dada	RED:do	v:pred	v		pred		
veraa	jjq	0431	lēg	in.vain	rv	rv				
veraa	jjq	0431	qē'	finish	rv	rv				
veraa	jjq	0431	sir	for	adp	adp				
veraa	jjq	0431	kimi	2PL	pro.2:obl	pro	2	obl		
veraa	jjq	0432	#		##	##				
veraa	jjq	0432	ba	but	other	other				
veraa	jjq	0432	rōw	seawards	other	other				
veraa	jjq	0432	lē 	LOC	adp	adp				
veraa	jjq	0432	=n	=ART	=ln	=ln				
veraa	jjq	0432	mē'ērsa	harbour	np:other	np		other		
veraa	jjq	0432	[#rc		rn_#rc	rn_#rc				
veraa	jjq	0432	a	REL	other	other				
veraa	jjq	0432	dir	3PL	pro.h:s	pro	h	s		
veraa	jjq	0432	=m	=TAM1	=lv	=lv				
veraa	jjq	0432	rō...m	??	nc	nc				
veraa	jjq	0432	van	go	v:pred	v		pred		
veraa	jjq	0432	kal	upwards	rv	rv				
veraa	jjq	0432	ma	hither	rv	rv				
veraa	jjq	0432	bēne	PRO.OBL	other:l	other		l		
veraa	jjq	0432			%	%				
veraa	jjq	0433	Qo'	Qo'	np.h:a	np	h	a		
veraa	jjq	0433	=m	=TAM1	=lv	=lv				
veraa	jjq	0433	riv	plant	v:pred	v		pred		
veraa	jjq	0433	ēn	ART	ln	ln				
veraa	jjq	0433	woqe'enge	tree	np:p	np		p		
veraa	jjq	0433	ne	NUM.ART	rn	rn				
veraa	jjq	0433	vō-ruō	NUM-two	rn	rn				
veraa	jjq	0433	varvara	tree.sp	np:dt_p	np		dt_p		
veraa	jjq	0433	wo	and	rn	rn				
veraa	jjq	0433	=n	=ART	=rn	=rn				
veraa	jjq	0433	ner	seaoak	rn_np	rn_np				
veraa	jjq	0434	#		##	##				
veraa	jjq	0434	ZERO		0:s	0		s		
veraa	jjq	0434	ga	STAT	lv	lv				
veraa	jjq	0434	'ir	stand	v:pred	v		pred		
veraa	jjq	0434	lē 	LOC	adp	adp				
veraa	jjq	0434	=n	=ART	=ln	=ln				
veraa	jjq	0434	mē'ēsa'ala...	road	nc	nc				
veraa	jjq	0434	mē'ērsa	harbour	np:l	np		l		
veraa	jjq	0435	[#rc		rn_#rc	rn_#rc				
veraa	jjq	0435	a	LOC.SP	adp	adp				
veraa	jjq	0435	viē	where	other:predl	other		predl		
veraa	jjq	0435	=n	=ART	=ln	=ln				
veraa	jjq	0435	nak	canoe	np:s	np		s		
veraa	jjq	0435	[#rc		rn_#rc	rn_#rc				
veraa	jjq	0435	a	REL	other	other				
veraa	jjq	0435	dir	3PL	pro.h:s	pro	h	s		
veraa	jjq	0435	=m	=TAM1	=lv	=lv				
veraa	jjq	0435	su	paddle	v:pred	v		pred		
veraa	jjq	0435	kal	upwards	rv	rv				
veraa	jjq	0435	wal	once	rv	rv				
veraa	jjq	0435	bēne	PRO.OBL	other:obl	other		obl		
veraa	jjq	0435	lē 	LOC	adp	adp				
veraa	jjq	0435	=n	=ART	=ln	=ln				
veraa	jjq	0435	mē'ērsa	harbour	np:g	np		g		
veraa	jjq	0435	anē	DEM1.A	rn	rn				
veraa	jjq	0436	#		##	##				
veraa	jjq	0436	Qo'	Qo'	np.h:s_ds	np	h	s_ds		
veraa	jjq	0436	ne	TAM2:3SG	lv-pro.h:s_ds	lv-pro	h	s_ds		
veraa	jjq	0436	tēk	speak	v:pred	v		pred		
veraa	jjq	0436	mē-n	DAT-CS	adp	adp				
veraa	jjq	0436	e	PERS.ART	ln	ln				
veraa	jjq	0436	raga	people	ln	ln				
veraa	jjq	0436	nō-gi	POSS.DOM-3SG 	np.h:g-pro.h:poss	np	h	g-pro.h:poss		
veraa	jjq	0437	#ds		##ds	##ds				
veraa	jjq	0437	kimi	2PL	pro.2:s	pro	2	s		
veraa	jjq	0437	=m	=TAM1	=lv	=lv				
veraa	jjq	0437	ka-kalraka	get.up	v:pred	v		pred		
veraa	jjq	0437	lē =n	LOC =ART	nc	nc				
veraa	jjq	0437	...	...						
veraa	jjq	0437	#ds		##ds	##ds				
veraa	jjq	0437	kamadu	1DL.EX	pro.1:s	pro	1	s		
veraa	jjq	0437	me	FUT	lv	lv				
veraa	jjq	0437	ver-is	RCP-fight	v:pred	v		pred		
veraa	jjq	0437	sa	EMPH	other	other				
veraa	jjq	0437	enei	now	other	other				
veraa	jjq	0438	#ds		##ds	##ds				
veraa	jjq	0438	ba	but	other	other				
veraa	jjq	0438	=n	=ART	=ln	=ln				
veraa	jjq	0438	masō-gi	time-3SG	np:other	np		other		
veraa	jjq	0438	kamadu	1DL.EX	pro.1:s	pro	1	s		
veraa	jjq	0438	=m	=TAM1	=lv	=lv				
veraa	jjq	0438	qē'ēg	begin	v:pred	v		pred		
veraa	jjq	0438	ver-isē	RCP-fight	rv	rv				
veraa	jjq	0439	#ds		##ds	##ds				
veraa	jjq	0439	kimi	2PL	pro.2:dt_s	pro	2	dt_s		
veraa	jjq	0439	birin̄	with	rn	rn				
veraa	jjq	0439	ēn	ART	rn	rn				
veraa	jjq	0439	gunu-k	spouse-1SG	rn_np.h-pro.1:poss	rn_np	h-pro.1	poss		
veraa	jjq	0439	kimi	2PL	pro.2:s	pro	2	s		
veraa	jjq	0439	'erē	PL	other:voc	other		voc		
veraa	jjq	0439	vrig	rush	vother:pred	vother		pred		
veraa	jjq	0439	qēl	down	rv	rv				
veraa	jjq	0439	wal	once	rv	rv				
veraa	jjq	0439	rōw	seawards	rv	rv				
veraa	jjq	0439	a	LOC.SP	adp	adp				
veraa	jjq	0439	lo	sea	other:g	other		g		
veraa	jjq	0439	#ds		##ds	##ds				
veraa	jjq	0439	kimi	2PL	pro.2:a	pro	2	a		
veraa	jjq	0439	'erē	PL	other:voc	other		voc		
veraa	jjq	0439	'ēn	see	vother:pred	vother		pred		
veraa	jjq	0439	ēn	ART	ln	ln				
veraa	jjq	0439	woqe'enge	tree	np:p	np		p		
veraa	jjq	0439	ne	NUM.ART	rn	rn				
veraa	jjq	0439	vō-ru	NUM-two	rn	rn				
veraa	jjq	0439	#		#rc	#rc				
veraa	jjq	0439	a	REL	other	other				
veraa	jjq	0439	ZERO		0:s	0		s		
veraa	jjq	0439	=s	=SIM	=lv	=lv				
veraa	jjq	0439	'ir	stand	v:pred	v		pred		
veraa	jjq	0439	'i	DEL	rv	rv				
veraa	jjq	0439			%	%				
veraa	jjq	0439	anē	DEM1.A	rn	rn				
veraa	jjq	0440	#		##	##				
veraa	jjq	0440	ZERO		0.2:s	0	2	s		
veraa	jjq	0440	'erē	PL	other	other				
veraa	jjq	0440	vidir	jump.up	vother:pred	vother		pred		
veraa	jjq	0440	a	LOC.SP	adp	adp				
veraa	jjq	0440	=n	=ART	=ln	=ln				
veraa	jjq	0440	ner	seaoak	np:g	np		g		
veraa	jjq	0440	#ds		##ds	##ds				
veraa	jjq	0440	ZERO		0.2:a	0	2	a		
veraa	jjq	0440	'erē	PL	other	other				
veraa	jjq	0440	rem	climb	vother:pred	vother		pred		
veraa	jjq	0440	ZERO		0:p	0		p		
veraa	jjq	0441	#		##	##				
veraa	jjq	0441	duru	3DL	pro.h:s	pro	h	s		
veraa	jjq	0441	=k	=TAM2	=lv	=lv				
veraa	jjq	0441	ver-isē	RCP-fight	v:pred	v		pred		
veraa	jjq	0441	ver-isē	RCP-fight	nc	nc				
veraa	jjq	0441	ver-isē	RCP-fight	nc	nc				
veraa	jjq	0442	#		##	##				
veraa	jjq	0442	'erē	PL	ln	ln				
veraa	jjq	0442	m̄ōm̄ōglēge	thing	np:dt	np		dt		
veraa	jjq	0442	mu-n	POSS.GEN-CS	rn	rn				
veraa	jjq	0442	e	PERS.ART	rn	rn				
veraa	jjq	0442	Tumeren	Tumeren	rn_np.d:poss	rn_np	d	poss		
veraa	jjq	0443	Tumeren	Tumeren	np.d:a	np	d	a		
veraa	jjq	0443	ne	TAM2:3SG	lv-pro.d:a	lv-pro	d	a		
veraa	jjq	0443	vus	hit	v:pred	v		pred		
veraa	jjq	0443	se-se'	RED-bad	rv	rv				
veraa	jjq	0443	qē	finish	rv	rv				
veraa	jjq	0443	=n	=ART	=ln	=ln				
veraa	jjq	0443	'ibiē	platter	np:p	np		p		
veraa	jjq	0444	#		##	##				
veraa	jjq	0444	di	3SG	pro.h:s	pro	h	s		
veraa	jjq	0444	ne	TAM2:3SG	lv-pro.h:s	lv-pro	h	s		
veraa	jjq	0444	kal	enter	v:pred	v		pred		
veraa	jjq	0444	lē 	LOC	adp	adp				
veraa	jjq	0444	=n	=ART	=ln	=ln				
veraa	jjq	0444	lōlō	inside	ln	ln				
veraa	jjq	0444	qō	pig	np:g	np		g		
veraa	jjq	0444	#		##	##				
veraa	jjq	0444	e	PERS.ART	ln	ln				
veraa	jjq	0445	Tumeren	Tumeren	np.d:a	np	d	a		
veraa	jjq	0445	ne	TAM2:3SG	lv-pro.d:a	lv-pro	d	a		
veraa	jjq	0445	vus	kill	v:pred	v		pred		
veraa	jjq	0445	ZERO		0:p	0		p		
veraa	jjq	0445	#		##	##				
veraa	jjq	0445	ZERO		0.h:s	0	h	s		
veraa	jjq	0445	ne	TAM2:3SG	lv-pro.h:s	lv-pro	h	s		
veraa	jjq	0445	van	go	v:pred	v		pred		
veraa	jjq	0445	a	LOC.SP	adp	adp				
veraa	jjq	0445	=n	=ART	=ln	=ln				
veraa	jjq	0445	sav	what	np:g	np		g		
veraa	jjq	0445	nē	DEM1	nc	nc				
veraa	jjq	0445	=n	=ART	=ln	=ln				
veraa	jjq	0445	'ibiē	platter	np:dt_g	np		dt_g		
veraa	jjq	0445	luwo	big	rn	rn				
veraa	jjq	0445	senē	MAN.DEM1	rn	rn				
veraa	jjq	0446	#		##	##				
veraa	jjq	0446	Tumeren	Tumeren	np.d:a	np	d	a		
veraa	jjq	0446	ne	TAM2:3SG	nc	nc				
veraa	jjq	0446	w...	w...	nc	nc				
veraa	jjq	0446	ne	TAM2:3SG	lv-pro.d:a	lv-pro	d	a		
veraa	jjq	0446	lan̄	beat	v:pred	v		pred		
veraa	jjq	0446	wōrwōr	RED-shatter	rv	rv				
veraa	jjq	0446	ēn	ART	ln	ln				
veraa	jjq	0446	'ibiē	platter	np:p	np		p		
veraa	jjq	0447	#		##	##				
veraa	jjq	0447	di	3SG	pro.h:a	pro	h	a		
veraa	jjq	0447	=m	=TAM1	=lv	=lv				
veraa	jjq	0447	durug	betray	v:pred	v		pred		
veraa	jjq	0447	kēlkēl	RED:back	rv	rv				
veraa	jjq	0447	e	PERS.ART	ln	ln				
veraa	jjq	0447	Tumeren	Tumeren	np.d:p	np	d	p		
veraa	jjq	0447	#		##	##				
veraa	jjq	0447	van	go	v:pred	v		pred		
veraa	jjq	0447	asenē	MAN.DEM1.A	other	other				
veraa	jjq	0447	vanvan	RED:go	other	other				
veraa	jjq	0447	#		##	##				
veraa	jjq	0447	wo	and	other	other				
veraa	jjq	0447	e	PERS.ART	ln	ln				
veraa	jjq	0447	raga	people	ln	ln				
veraa	jjq	0447	nō-gi	POSS.DOM-3SG	np.h:s	np	h	s		
veraa	jjq	0447	=k	=TAM2	=lv	=lv				
veraa	jjq	0447	remrem	RED:climb	v:pred	v		pred		
veraa	jjq	0448	#		##	##				
veraa	jjq	0448	ZERO		0.h:s	0	h	s		
veraa	jjq	0448	=k	=TAM2	=lv	=lv				
veraa	jjq	0448	remrem	RED:climb	v:pred	v		pred		
veraa	jjq	0448	sa	EMPH	other	other				
veraa	jjq	0448	a	LOC.SP	adp	adp				
veraa	jjq	0448	=n	=ART	=ln	=ln				
veraa	jjq	0448	ner	seaoak	np:g	np		g		
veraa	jjq	0448	ē	DEM3	rn	rn				
veraa	jjq	0449	#		##	##				
veraa	jjq	0449	dir	3PL	pro.h:s	pro	h	s		
veraa	jjq	0449	=m	=TAM1	=lv	=lv				
veraa	jjq	0449	rem	climb	v:pred	v		pred		
veraa	jjq	0449	asenē	MAN.DEM1.A	other	other				
veraa	jjq	0449	vavan	RED-go	other	other				
veraa	jjq	0449	gaidin̄	until	adp	adp				
veraa	jjq	0449	qēqē	last	np:other	np		other		
veraa	jjq	0449	na	ORD	rn	rn				
veraa	jjq	0449	ver-is	RCP-fight	rn	rn				
veraa	jjq	0449	nō-ruō	POSS.DOM-3DL	rn	rn				
veraa	jjq	0449	#cc		#cc	#cc				
veraa	jjq	0449	'amēn	ASS	other	other				
veraa	jjq	0449	e	PERS.ART	ln	ln				
veraa	jjq	0449	Qo'	Qo'	np.h:s	np	h	s		
veraa	jjq	0449	nē	DEM1	rn	rn				
veraa	jjq	0449	ne	TAM2:3SG	lv-pro.h:s	lv-pro	h	s		
veraa	jjq	0449	rōw	skip	v:pred	v		pred		
veraa	jjq	0449	lu	through	rv	rv				
veraa	jjq	0449	den	ABL	adp	adp				
veraa	jjq	0449	e	PERS.ART	ln	ln				
veraa	jjq	0449	Tumeren	Tumeren	np.d:obl	np	d	obl		
veraa	jjq	0450	#		##	##				
veraa	jjq	0450	Tumeren	Tumeren	np.d:s	np	d	s		
veraa	jjq	0450	so	QUOT	other:pred	other		pred		
veraa	jjq	0450	#ds		##ds	##ds				
veraa	jjq	0450	suqo'	<spell>	other:pred	other		pred		
veraa	jjq	0451	#ds		##ds	##ds				
veraa	jjq	0451	no	1SG	pro.1:s	pro	1	s		
veraa	jjq	0451	a	LOC.SP	adp	adp				
veraa	jjq	0451	=n	=ART	=ln	=ln				
veraa	jjq	0451	ner	seaoak	np:pred	np		pred		
veraa	jjq	0452	#		##	##				
veraa	jjq	0452	masō-gi	time-3SG	np:other	np		other		
veraa	jjq	0452	di	3SG	pro.h:a	pro	h	a		
veraa	jjq	0452	=m	=TAM1	=lv	=lv				
veraa	jjq	0452	tēk	speak	v:pred	v		pred		
veraa	jjq	0452	ēn	ART	ln	ln				
veraa	jjq	0452	tēktēk	RED:speak	np:p	np		p		
veraa	jjq	0452	anē	DEM1.A	rn	rn				
veraa	jjq	0452	vag-wal	MULT-one	other	other				
veraa	jjq	0452	wal	once	other	other				
veraa	jjq	0453	#		##	##				
veraa	jjq	0453	dir	3PL	pro.h:a	pro	h	a		
veraa	jjq	0453	=m	=TAM1	=lv	=lv				
veraa	jjq	0453	vrig	rush	v:pred	v		pred		
veraa	jjq	0453	din̄	reach	rv	rv				
veraa	jjq	0453	ma	hither	rv	rv				
veraa	jjq	0453	=n	=ART	=ln	=ln				
veraa	jjq	0453	qan̄	side	np:p	np		p		
veraa	jjq	0453	ner	seaoak	rn	rn				
veraa	jjq	0453	asegēnē	MAN.DEM2.A	other	other				
veraa	jjq	0454	#		##	##				
veraa	jjq	0454	n	ART	ln	ln				
veraa	jjq	0454	'ama'	spirit	np.d:s	np	d	s		
veraa	jjq	0454	so	PROSP	other	other				
veraa	jjq	0454	ne	TAM2:3SG	lv-pro.d:s	lv-pro	d	s		
veraa	jjq	0454	da	do	v:pred	v		pred		
veraa	jjq	0454	#		#cc	#cc				
veraa	jjq	0454	so	CPL	other	other				
veraa	jjq	0454	ZERO		0.d:a	0	d	a		
veraa	jjq	0454	ne	TAM2:3SG	lv-pro.d:a	lv-pro	d	a		
veraa	jjq	0454	lan̄	beat	v:pred	v		pred		
veraa	jjq	0454	m̄as	ABIL2	rv	rv				
veraa	jjq	0454	di	3SG	pro.h:p	pro	h	p		
veraa	jjq	0454	#nc		#nc	#nc				
veraa	jjq	0454	ba	but	x	x				
veraa	jjq	0454	e	PERS.ART	x	x				
veraa	jjq	0454	Qo'	Qo'	x	x				
veraa	jjq	0454	nēs	??	x	x				
veraa	jjq	0454	va'a	already	x	x				
veraa	jjq	0454	sagē	upwind	x	x				
veraa	jjq	0455	#		##	##				
veraa	jjq	0455	ZERO		0.d:s	0	d	s		
veraa	jjq	0455	so	QUOT	other:pred	other		pred		
veraa	jjq	0455	#ds		##ds	##ds				
veraa	jjq	0455	'o	INTERJ	other	other				
veraa	jjq	0455	ba	but	other	other				
veraa	jjq	0455	itok	good	v:pred	v		pred		
veraa	jjq	0455	#ds		##ds	##ds				
veraa	jjq	0455	no	1SG	pro.1:a	pro	1	a		
veraa	jjq	0455	me	FUT	lv	lv				
veraa	jjq	0455	rem	climb	v:pred	v		pred		
veraa	jjq	0455	lisir	along	rv	rv				
veraa	jjq	0455	kimi	2PL	pro.2:p	pro	2	p		
veraa	jjq	0456	#		##	##				
veraa	jjq	0456	dir	3PL	pro.h:s	pro	h	s		
veraa	jjq	0456	=m	=TAM1	=lv	=lv				
veraa	jjq	0456	rem	climb	v:pred	v		pred		
veraa	jjq	0456	#nc		#nc	#nc				
veraa	jjq	0456	rem	climb	x	x				
veraa	jjq	0456	rem	climb	x	x				
veraa	jjq	0456	rem	climb	x	x				
veraa	jjq	0456	rem	climb	x	x				
veraa	jjq	0457	#nc		#nc	#nc				
veraa	jjq	0457	e	CC	x	x				
veraa	jjq	0457	wo	and	x	x				
veraa	jjq	0457	Qo'	Qo'	x	x				
veraa	jjq	0457	ne	TAM2	x	x				
veraa	jjq	0457	vetren̄	send	x	x				
veraa	jjq	0457	so	CPL	x	x				
veraa	jjq	0458	#		##	##				
veraa	jjq	0458	(eh)	HES	nc	nc				
veraa	jjq	0458	e	PERS.ART	ln	ln				
veraa	jjq	0458	Qo'	Qo'	np.h:s	np	h	s		
veraa	jjq	0458	ē	DEM3	rn	rn				
veraa	jjq	0458	ne	TAM2:3SG	lv-pro.h:s	lv-pro	h	s		
veraa	jjq	0458	rōn̄	feel	v:pred	v		pred		
veraa	jjq	0458	#cc		#cc	#cc				
veraa	jjq	0458	so	CPL	other	other				
veraa	jjq	0458	mas	INABIL1	lv	lv				
veraa	jjq	0458	misin	long.time	v:pred	v		pred		
veraa	jjq	0458	#cc		#cc	#cc				
veraa	jjq	0458	'ama'	spirit	np.d:a	np	d	a		
veraa	jjq	0458	ne	TAM2:3SG	lv-pro.d:a	lv-pro	d	a		
veraa	jjq	0458	din̄	reach	v:pred	v		pred		
veraa	jjq	0458	dirē	3PL	pro.h:p	pro	h	p		
veraa	jjq	0459	#		##	##				
veraa	jjq	0459	so	QUOT	other	other				
veraa	jjq	0459	di	3SG	pro.h:a	pro	h	a		
veraa	jjq	0459	ne	TAM2:3SG	lv-pro.h:a	lv-pro	h	a		
veraa	jjq	0459	sor	empty	v:pred	v		pred		
veraa	jjq	0459	vē'ē	out	rv	rv				
veraa	jjq	0459	=n	=ART	=ln	=ln				
veraa	jjq	0459	magala	ants	np:p	np		p		
veraa	jjq	0460	#		##	##				
veraa	jjq	0460	magal	ants	np:a	np		a		
veraa	jjq	0460	ne	TAM2:3SG	lv-pro:a	lv-pro		a		
veraa	jjq	0460	da	do	v:pred	v		pred		
veraa	jjq	0460	di	3SG	pro.d:p	pro	d	p		
veraa	jjq	0460	#		##	##				
veraa	jjq	0460	wo	and	other	other				
veraa	jjq	0460	di	3SG	pro.d:s	pro	d	s		
veraa	jjq	0460	ne	TAM2:3SG	lv-pro.d:s	lv-pro	d	s		
veraa	jjq	0460	sisraw	slide.down	v:pred	v		pred		
veraa	jjq	0460	#		##	##				
veraa	jjq	0460	ZERO		0.d:a	0	d	a		
veraa	jjq	0460	ne	TAM2:3SG	lv-pro.d:a	lv-pro	d	a		
veraa	jjq	0460	din̄	reach	v:pred	v		pred		
veraa	jjq	0460	kēl	back	rv	rv				
veraa	jjq	0460	wal	once	rv	rv				
veraa	jjq	0460	suw	down	rv	rv				
veraa	jjq	0460	ēn	ART	ln	ln				
veraa	jjq	0460	qe'an	ground	np:p	np		p		
veraa	jjq	0461	#		##	##				
veraa	jjq	0461	wo	and	other	other				
veraa	jjq	0461	e	PERS.ART	ln	ln				
veraa	jjq	0461	Qo'	Qo'	np.h:s	np	h	s		
veraa	jjq	0461	dirē	3PL	pro.h:appos	pro	h	appos		
veraa	jjq	0461	=k	=TAM2	lv	lv				
veraa	jjq	0461	remrem	RED:climb	v:pred	v		pred		
veraa	jjq	0461	#		##	##				
veraa	jjq	0461	wo	and	other	other				
veraa	jjq	0461	=n	=ART	=ln	=ln				
veraa	jjq	0461	naw	saltwater	nc	nc				
veraa	jjq	0461	...	...						
veraa	jjq	0461	n	ART	nc	nc				
veraa	jjq	0461	ner	seaoak	np:dt_g	np		dt_g		
veraa	jjq	0461	ē	DEM3	rn	rn				
veraa	jjq	0461	di=ne	3SG=TAM2	nc	nc				
veraa	jjq	0461	...	...						
veraa	jjq	0461	Qo'	Qo'	np.h:s	np	h	s		
veraa	jjq	0461	ne	TAM2:3SG	lv-pro.h:s	lv-pro	h	s		
veraa	jjq	0461	tēktēk	RED:speak	v:pred	v		pred		
veraa	jjq	0461	mē	DAT	adp	adp				
veraa	jjq	0461	di	3SG	pro:g	pro		g		
veraa	jjq	0461	so	QUOT	other	other				
veraa	jjq	0461	#ds		##ds	##ds				
veraa	jjq	0461	nō-k	POSS.DOM-1SG	ln	ln				
veraa	jjq	0461	ēn	ART	ln	ln				
veraa	jjq	0461	ner	seaoak	np:voc	np		voc		
veraa	jjq	0461	nik	2SG	pro.2:s	pro	2	s		
veraa	jjq	0461	ē	TAM2:2SG	lv-pro.2:s	lv-pro	2	s		
veraa	jjq	0461	malaw	large	v:pred	v		pred		
veraa	jjq	0461	#ds		##ds	##ds				
veraa	jjq	0461	ZERO		0.2:s	0	2	s		
veraa	jjq	0461	ē	TAM2:2SG	lv-pro.2:s	lv-pro	2	s		
veraa	jjq	0461	malaw	large	v:pred	v		pred		
veraa	jjq	0462	#nc		#nc	#nc				
veraa	jjq	0462	nō-k	1SG-1SG	x	x				
veraa	jjq	0462	ēn	ART	x	x				
veraa	jjq	0462	ner	seaoak	x	x				
veraa	jjq	0462	nike	2SG=TAM2 	x	x				
veraa	jjq	0462	malaw	grow	x	x				
veraa	jjq	0462	ē	CC	x	x				
veraa	jjq	0462	nike	2SG=TAM2 	x	x				
veraa	jjq	0462	malaw	grow	x	x				
veraa	jjq	0463	#		##	##				
veraa	jjq	0463	n	ART	ln	ln				
veraa	jjq	0463	ner	seaoak	np:s	np		s		
veraa	jjq	0463	ne	TAM2:3SG	lv-pro:s	lv-pro		s		
veraa	jjq	0463	ba-barava	RED-long	v:pred	v		pred		
veraa	jjq	0464	#		##	##				
veraa	jjq	0464	n	ART	ln	ln				
veraa	jjq	0464	ner	seaoak	np:s	np		s		
veraa	jjq	0464	ne	TAM2:3SG	lv-pro:s	lv-pro		s		
veraa	jjq	0464	barav	long	v:pred	v		pred		
veraa	jjq	0464	#		##	##				
veraa	jjq	0464	so	CPL	other	other				
veraa	jjq	0464	e	PERS.ART	ln	ln				
veraa	jjq	0464	raga	people	ln	ln				
veraa	jjq	0464	nō-gi	POSS.DOM-3SG	np.h:a-pro.h:poss	np	h	a-pro.h:poss		
veraa	jjq	0464	=k	=TAM2	=lv	=lv				
veraa	jjq	0464	remrem	RED:climb	v:pred	v		pred		
veraa	jjq	0464	'a-'aga	RED-follow	rv	rv				
veraa	jjq	0464	ZERO		0:p	0		p		
veraa	jjq	0464	birin̄	with	adp	adp				
veraa	jjq	0464	wal	once	other	other				
veraa	jjq	0464	e	PERS.ART	ln	ln				
veraa	jjq	0464	Qo'	Qo'	np.h:obl	np	h	obl		
veraa	jjq	0464	qēqē	last	np:dt_obl	np		dt_obl		
veraa	jjq	0464	na	ORD	rn	rn				
veraa	jjq	0464	'an̄sar	person	rn	rn				
veraa	jjq	0464	nō-re	POSS.DOM-3PL	rn-pro.h:poss	rn-pro	h	poss		
veraa	jjq	0465	#		##	##				
veraa	jjq	0465	'ama'	spirit	np.d:s	np	d	s		
veraa	jjq	0465	ē	DEM3	rn	rn				
veraa	jjq	0465	ne	TAM2:3SG	lv-pro.d:s	lv-pro	d	s		
veraa	jjq	0465	vrig	rush	v:pred	v		pred		
veraa	jjq	0465	lik	more	other	other				
veraa	jjq	0465	...	...						
veraa	jjq	0465	#		##	##				
veraa	jjq	0465	ZERO		0.d:a	0	d	a		
veraa	jjq	0465	ne	TAM2:3SG	lv-pro.d:a	lv-pro	d	a		
veraa	jjq	0465	rem	climb	v:pred	v		pred		
veraa	jjq	0465	'a'-ag	RED-follow	rv	rv				
veraa	jjq	0465	dirē	3PL	pro.h:p	pro	h	p		
veraa	jjq	0465	#		##	##				
veraa	jjq	0465	ZERO		0.d:s	0	d	s		
veraa	jjq	0465	ne	TAM2:3SG	lv-pro.d:s	lv-pro	d	s		
veraa	jjq	0465	remrem	RED:climb	v:pred	v		pred		
veraa	jjq	0465	din̄	reach	rv	rv				
veraa	jjq	0465	ma	hither	rv	rv				
veraa	jjq	0465	#		##	##				
veraa	jjq	0465	ZERO		0.d:a	0	d	a		
veraa	jjq	0465	so	PROSP	other	other				
veraa	jjq	0465	ne	TAM2:3SG	lv-pro.d:a	lv-pro	d	a		
veraa	jjq	0465	din̄	reach	v:pred	v		pred		
veraa	jjq	0465	dirē	3PL	pro.h:p	pro	h	p		
veraa	jjq	0465	#		##	##				
veraa	jjq	0465	wo	and	other	other				
veraa	jjq	0465	di...	3SG...	nc	nc				
veraa	jjq	0465	Qo'	Qo'	np.h:a	np	h	a		
veraa	jjq	0465	ne	TAM2:3SG	lv-pro.h:a	lv-pro	h	a		
veraa	jjq	0465	vetren̄	send	v:pred	v		pred		
veraa	jjq	0465	ēn	ART	ln	ln				
veraa	jjq	0465	magal	ant	np:p	np		p		
veraa	jjq	0465	'i'in	hot	rn	rn				
veraa	jjq	0466	#		##	##				
veraa	jjq	0466	magal	ant	np:a	np		a		
veraa	jjq	0466	'i'in	hot	rn	rn				
veraa	jjq	0466	ne	TAM2:3SG	lv-pro:a	lv-pro		a		
veraa	jjq	0466	sak	grab	v:pred	v		pred		
veraa	jjq	0466	di	3SG	pro.h:p	pro	h	p		
veraa	jjq	0466	#		##	##				
veraa	jjq	0466	wo	and	other	other				
veraa	jjq	0466	di	3SG	pro.d:s	pro	d	s		
veraa	jjq	0466	ne	TAM2:3SG	lv-pro.d:s	lv-pro	d	s		
veraa	jjq	0466	sisraw	slide.down	v:pred	v		pred		
veraa	jjq	0466	anē	DEM1.A	other	other				
veraa	jjq	0466	vavan	RED-go	other	other				
veraa	jjq	0466	#		##	##				
veraa	jjq	0466	ZERO		0.d:a	0	d	a		
veraa	jjq	0466	ne	TAM2:3SG	lv-pro.d:a	lv-pro	d	a		
veraa	jjq	0466	din̄	reach	v:pred	v		pred		
veraa	jjq	0466	kēl	back	rv	rv				
veraa	jjq	0466	wal	once	rv	rv				
veraa	jjq	0466	ēn	ART	ln	ln				
veraa	jjq	0466	qe'an	ground	np:p	np		p		
veraa	jjq	0467	#		##	##				
veraa	jjq	0467	sow	DISC	other	other				
veraa	jjq	0467	e	PERS.ART	ln	ln				
veraa	jjq	0467	Tume...	Tume...	nc	nc				
veraa	jjq	0467	Tumeren	Tumeren	np.d:s	np	d	s		
veraa	jjq	0467	wo	QUOT	other:pred	other		pred		
veraa	jjq	0467	#ds		##ds	##ds				
veraa	jjq	0467	nik	2SG	pro.2:s	pro	2	s		
veraa	jjq	0467	wo	and	other	other				
veraa	jjq	0467	=m	=TAM1	=lv	=lv				
veraa	jjq	0467	dada	RED:do	v:pred	v		pred		
veraa	jjq	0467	#ds		##ds	##ds				
veraa	jjq	0467	no	1SG	pro.1:a	pro	1	a		
veraa	jjq	0467	me	FUT	lv	lv				
veraa	jjq	0467	kur	devour	v:pred	v		pred		
veraa	jjq	0467	sor	empty	rv	rv				
veraa	jjq	0467	kimi	2PL	pro.2:p	pro	2	p		
veraa	jjq	0467	qiri	today	other	other				
veraa	jjq	0467	#		##	##				
veraa	jjq	0467	e	PERS.ART	ln	ln				
veraa	jjq	0467	raga	people	np.h:s	np	h	s		
veraa	jjq	0467	ga	STAT	lv	lv				
veraa	jjq	0467	sag	sit	v:pred	v		pred		
veraa	jjq	0467	a	LOC.SP	adp	adp				
veraa	jjq	0467	=n	=ART	=ln	=ln				
veraa	jjq	0467	woqe'enge	tree	np:l	np		l		
veraa	jjq	0467	anē	DEM1.A	rn	rn				
veraa	jjq	0468	#		##	##				
veraa	jjq	0468	di	3SG	pro.h:a	pro	h	a		
veraa	jjq	0468	=m	=TAM1	=lv	=lv				
veraa	jjq	0468	le	transfer	v:pred	v		pred		
veraa	jjq	0468	dir	3PL	pro.h:p	pro	h	p		
veraa	jjq	0468	asenē	MAN.DEM1.A	other	other				
veraa	jjq	0468	#		##	##				
veraa	jjq	0468	dir	3PL	pro.h:s	pro	h	s		
veraa	jjq	0468	=m	=TAM1	=lv	=lv				
veraa	jjq	0468	van	go	v:pred	v		pred		
veraa	jjq	0468	va-va-va-van	RED-RED-RED-go	other	other				
veraa	jjq	0469	#		##	##				
veraa	jjq	0469	di	3SG=TAM1	nc	nc				
veraa	jjq	0469	ne		nc	nc				
veraa	jjq	0469	te...	te...	nc	nc				
veraa	jjq	0469	e	PERS.ART	ln	ln				
veraa	jjq	0469	Qo'	Qo'	np.h:s_ds	np	h	s_ds		
veraa	jjq	0469	ne	TAM2:3SG	lv-pro.h:s_ds	lv-pro	h	s_ds		
veraa	jjq	0469	tēk	speak	v:pred	v		pred		
veraa	jjq	0469	mē	DAT	adp	adp				
veraa	jjq	0469	di	3SG	pro.h:g	pro	h	g		
veraa	jjq	0469	so	QUOT	other	other				
veraa	jjq	0469	#ds		##ds	##ds				
veraa	jjq	0469	n	ART	ln	ln				
veraa	jjq	0469	nō-k	POSS.DOM-1SG	ln-pro.1:poss	ln-pro	1	poss		
veraa	jjq	0469	ēn	ART	ln	ln				
veraa	jjq	0469	ner	seaoak	np:voc	np		voc		
veraa	jjq	0469	nik	2SG	pro.2:s	pro	2	s		
veraa	jjq	0469	ē	TAM2:2SG	lv-pro.2:s	lv-pro	2	s		
veraa	jjq	0469	ōn	lie	v:pred	v		pred		
veraa	jjq	0469	bar-bara	RED-long	rv	rv				
veraa	jjq	0470	#		##	##				
veraa	jjq	0470	e	DISC	other	other				
veraa	jjq	0470	nō-gi	POSS.DOM-3SG	ln-pro.h:poss	ln-pro	h	poss		
veraa	jjq	0470	=n	=ART	=ln	=ln				
veraa	jjq	0470	ner	seaoak	np:s	np		s		
veraa	jjq	0470	ne	TAM2:3SG	lv-pro:s	lv-pro		s		
veraa	jjq	0470	ōn	lie	v:pred	v		pred		
veraa	jjq	0470	bar-bara	RED-long	rv	rv				
veraa	jjq	0471	#		##	##				
veraa	jjq	0471	di	3SG	pro.h:s	pro	h	s		
veraa	jjq	0471	=m	=TAM1	=lv	=lv				
veraa	jjq	0471	ōn	lie	v:pred	v		pred		
veraa	jjq	0471	bar-barav	RED-long	rv	rv				
veraa	jjq	0471	asenē	MAN.DEM1.A	other	other				
veraa	jjq	0471	#		##	##				
veraa	jjq	0471	ZERO		0:s	0		s		
veraa	jjq	0471	ōn	lie	v:pred	v		pred		
veraa	jjq	0471	bar-bar	RED-long	rv	rv				
veraa	jjq	0471	kēl	back	rv	rv				
veraa	jjq	0471	wal	once	rv	rv				
veraa	jjq	0471	ma	hither	rv	rv				
veraa	jjq	0471	a	LOC.SP	adp	adp				
veraa	jjq	0471	Vunu Lava	Vanua Lava	np:g	np		g		
veraa	jjq	0472	#		##	##				
veraa	jjq	0472	e	PERS.ART	ln	ln				
veraa	jjq	0472	raga	people	ln	ln				
veraa	jjq	0472	nō-gi	POSS.DOM-3SG	np.h:s-pro.h:poss	np	h	s-pro.h:poss		
veraa	jjq	0472	=k	=TAM2	lv	lv				
veraa	jjq	0472	'isiwē	dismount	v:pred	v		pred		
veraa	jjq	0473	#		##	##				
veraa	jjq	0473	n	ART	ln	ln				
veraa	jjq	0473	m̄ōa	first	ln	ln				
veraa	jjq	0473	'isi-gi	younger.same.sex.sibl-3SG	np.h:s	np	h	s		
veraa	jjq	0473	=m	=TAM1	=lv	=lv				
veraa	jjq	0473	rōw	skip	v:pred	v		pred		
veraa	jjq	0473	qēl	down	rv	rv				
veraa	jjq	0473	qē'	finish	rv	rv				
veraa	jjq	0473	#nc		#nc	#nc				
veraa	jjq	0473	'ew'i	other	x	x				
veraa	jjq	0473	qē'	then	x	x				
veraa	jjq	0473	e	PERS.ART	x	x				
veraa	jjq	0473	ge	??	x	x				
veraa	jjq	0473	'ew'i	other	x	x				
veraa	jjq	0474	#		##	##				
veraa	jjq	0474	dir	3PL	pro.h:s	pro	h	s		
veraa	jjq	0474	=m	=TAM1	=lv	=lv				
veraa	jjq	0474	'ēqēl	descend	v:pred	v		pred		
veraa	jjq	0474	#nc		#nc	#nc				
veraa	jjq	0474	'ēqēl	descend	x	x				
veraa	jjq	0474	'ēqēl	descend	x	x				
veraa	jjq	0474	'ēqēl	descend	x	x				
veraa	jjq	0475	#		##	##				
veraa	jjq	0475	Qo'	Qo'	np.h:s	np	h	s		
veraa	jjq	0475	=n	=ART	=ln	=ln				
veraa	jjq	0475	qēqē	last	np:pred	np		pred		
veraa	jjq	0475	na-gi	ORD-3SG	rn-pro.h:poss	rn-pro	h	poss		
veraa	jjq	0476	#		##	##				
veraa	jjq	0476	sōw	DISC	other	other				
veraa	jjq	0476	'ama'	spirit	np.d:a	np	d	a		
veraa	jjq	0476	ēnē	DEM3-DEM1??	nc	nc				
veraa	jjq	0476	ne	TAM2:3SG	lv-pro.d:a	lv-pro	d	a		
veraa	jjq	0476	lisir	along	v:pred	v		pred		
veraa	jjq	0476	m̄og	constantly	rv	rv				
veraa	jjq	0476	'i	DEL	rv	rv				
veraa	jjq	0476	dir	3PL	rv_pro.h:p	rv_pro	h	p		
veraa	jjq	0476	ma	hither	rv	rv				
veraa	jjq	0477	#		##	##				
veraa	jjq	0477	ZERO		0.d:s	0	d	s		
veraa	jjq	0477	vavan	RED-go	v:pred	v		pred		
veraa	jjq	0477	ma	hither	rv	rv				
veraa	jjq	0477	#		##	##				
veraa	jjq	0477	wo	and	other	other				
veraa	jjq	0477	Qo'	Qo'	np.h:dt_s	np	h	dt_s		
veraa	jjq	0477	di	3SG	pro.h:s	pro	h	s		
veraa	jjq	0477	=m	=TAM1	=lv	=lv				
veraa	jjq	0477	rōw	skip	v:pred	v		pred		
veraa	jjq	0477	'ēqēl	descend	rv	rv				
veraa	jjq	0477	suw	thither	rv	rv				
veraa	jjq	0477	lē 	LOC	adp	adp				
veraa	jjq	0477	=n	=ART	=ln	=ln				
veraa	jjq	0477	qe'an	ground	np:g	np		g		
veraa	jjq	0477	esenei	MAN.DEM4.E	nc	nc				
veraa	jjq	0478	#		##	##				
veraa	jjq	0478	wo	and	other	other				
veraa	jjq	0478	ZERO		0.h:a	0	h	a		
veraa	jjq	0478	ne	TAM2:3SG	lv-pro.h:a	lv-pro	h	a		
veraa	jjq	0478	gis	hold	v:pred	v		pred		
veraa	jjq	0478	ren̄	stuck	rv	rv				
veraa	jjq	0478	ēn	ART	ln	ln				
veraa	jjq	0478	n̄ōl	top	np:p	np		p		
veraa	jjq	0478	ner	seaoak	rn	rn				
veraa	jjq	0478	segēn	MAN.DEM2	other	other				
veraa	jjq	0479	#		##	##				
veraa	jjq	0479	nei	now	other	other				
veraa	jjq	0479	ne	TAM2:3SG	lv-pro:s	lv-pro		s		
veraa	jjq	0479	vanvan	RED:go	v:pred	v		pred		
veraa	jjq	0479	ma	hither	rv	rv				
veraa	jjq	0479	lē	LOC	adp	adp				
veraa	jjq	0479	=n	=ART	=ln	=ln				
veraa	jjq	0479	lam̄si	end	np:g	np		g		
veraa	jjq	0479	ka-kaka	RED-story	rn	rn				
veraa	jjq	0479	va'anē	TEMP.DEM1	other	other				
veraa	jjq	0480	#		##	##				
veraa	jjq	0480	masō-gi	time-3SG	np:other	np		other		
veraa	jjq	0480	di	3SG	pro.h:a	pro	h	a		
veraa	jjq	0480	=m	=TAM1	=lv	=lv				
veraa	jjq	0480	gis	hold	v:pred	v		pred		
veraa	jjq	0480	vagra	tight	rv	rv				
veraa	jjq	0480	=n	=ART	=ln	=ln				
veraa	jjq	0480	n̄ōl	top	np:p	np		p		
veraa	jjq	0480	ner	seaoak	rn	rn				
veraa	jjq	0480	esegēn	MAN.DEM2.E	other	other				
veraa	jjq	0481	#		##	##				
veraa	jjq	0481	'ama'	spirit	np.d:s	np	d	s		
veraa	jjq	0481	ē	DEM3	rn	rn				
veraa	jjq	0481	=m	=TAM1	=lv	=lv				
veraa	jjq	0481	rem	climb	v:pred	v		pred		
veraa	jjq	0481	ma	hither	rv	rv				
veraa	jjq	0481	#		##	##				
veraa	jjq	0481	ZERO		0.d:s	0	d	s		
veraa	jjq	0481	=m	=TAM1	=lv	=lv				
veraa	jjq	0481	rem	climb	v:pred	v		pred		
veraa	jjq	0481	ma	hither	rv	rv				
veraa	jjq	0481	#		##	##				
veraa	jjq	0481	ZERO		0.d:a	0	d	a		
veraa	jjq	0481	=m	=TAM1	=lv	=lv				
veraa	jjq	0481	'isiw...	climb.down	nc	nc				
veraa	jjq	0481	van	go	v:pred	v		pred		
veraa	jjq	0481	'a-'ag	RED-follow	rv	rv				
veraa	jjq	0481	ma	hither	rv	rv				
veraa	jjq	0481	ZERO		0:p	0		p		
veraa	jjq	0481	#		##	##				
veraa	jjq	0481	ZERO		0.d:s	0	d	s		
veraa	jjq	0481	van	go	v:pred	v		pred		
veraa	jjq	0481	ma	hither	rv	rv				
veraa	jjq	0481	#nc		#nc	#nc				
veraa	jjq	0481	va-va-van	RED-RED-go	x	x				
veraa	jjq	0481	ma	hither	x	x				
veraa	jjq	0481	#		##	##				
veraa	jjq	0481	wo	and	other	other				
veraa	jjq	0481	XX	nc	XX	XX				
veraa	jjq	0481	ne	TAM2:3SG	lv-pro:s	lv-pro		s		
veraa	jjq	0481	da	do	v:pred	v		pred		
veraa	jjq	0481	#		##	##				
veraa	jjq	0481	so	CPL	other	other				
veraa	jjq	0481	ZERO		0.d:s	0	d	s		
veraa	jjq	0481	ne	TAM2:3SG	lv-pro.d:s	lv-pro	d	s		
veraa	jjq	0481	vidir	jump.up	v:pred	v		pred		
veraa	jjq	0481	suw	thither	rv	rv				
veraa	jjq	0481	#		##	##				
veraa	jjq	0481	wo	and	other	other				
veraa	jjq	0481	Qo'	Qo'	np.h:a	np	h	a		
veraa	jjq	0481	ne	TAM2:3SG	lv-pro.h:a	lv-pro	h	a		
veraa	jjq	0481	'an̄	hand.move	v:pred	v		pred		
veraa	jjq	0481	vē'ē	off	rv	rv				
veraa	jjq	0481	=n	=ART	=ln	=ln				
veraa	jjq	0481	n̄ōl	top	np:p	np		p		
veraa	jjq	0481	ner	seaoak	rn_np:poss	rn_np		poss		
veraa	jjq	0482	#		##	##				
veraa	jjq	0482	lē	LOC	adp	adp				
veraa	jjq	0482	=n	=ART	=ln	=ln				
veraa	jjq	0482	masō-gi	time-3SG	np:other	np		other		
veraa	jjq	0482	=n	=ART	=ln	=ln				
veraa	jjq	0482	n̄ōl	top	np:dt_s	np		dt_s		
veraa	jjq	0482	ner	seaoak	rn_np:poss	rn_np		poss		
veraa	jjq	0482	di	3SG	pro.h:s	pro	h	s		
veraa	jjq	0482	=m	=TAM1	=lv	=lv				
veraa	jjq	0482	van	go	v:pred	v		pred		
veraa	jjq	0482	kal	upwards	rv	rv				
veraa	jjq	0482	kēl	back	rv	rv				
veraa	jjq	0482	asegēnē	MAN.DEM2.A	other	other				
veraa	jjq	0483	#		##	##				
veraa	jjq	0483	ZERO		0:a	0		a		
veraa	jjq	0483	lan̄m	slap	v:pred	v		pred		
veraa	jjq	0483	wōr	shatter	rv	rv				
veraa	jjq	0483	ēn	ART	ln	ln				
veraa	jjq	0483	'ama'	spirit	np.d:p	np	d	p		
veraa	jjq	0483	ē	DEM3	rn	rn				
veraa	jjq	0484	#nc		#nc	#nc				
veraa	jjq	0484	'avalgi=m	flipside=TAM1	x	x				
veraa	jjq	0484	...	...						
veraa	jjq	0484	ba	but	x	x				
veraa	jjq	0484	...	...						
veraa	jjq	0484	ē	CC	x	x				
veraa	jjq	0484	lama'i	know	x	x				
veraa	jjq	0484	rōs	GEN.NEG1	x	x				
veraa	jjq	0484	so=n	CPL=ART	x	x				
veraa	jjq	0484	'ama=m	spirit=TAM1	x	x				
veraa	jjq	0484	m̄es	?	x	x				
veraa	jjq	0484	kēl	back	x	x				
veraa	jjq	0484	kivie	where	x	x				
veraa	jjq	0485	ka-kaka	RED-story	x	x				
veraa	jjq	0485	mu-n	POSS.GEN-CS	x	x				
veraa	jjq	0485	e	PERS.ART	x	x				
veraa	jjq	0485	Qo'	Qo'	x	x				
veraa	jjq	0485	di=m	3SG=TAM1	x	x				
veraa	jjq	0485	din̄	reach	x	x				
veraa	jjq	0485	'ekēnē	LOC.DEM1	x	x				
